ASSET_NAME,TYPE,AMENITIES,Latitude,Longitude
MCNICOLL PARK,Park,"Basketball Court, Outdoor Ping Pong/Table Tennis, Playground, Sports Field, Tennis Court",43.7986097905353,-79.3532864284025
KNOTT PARK,Park,"Playground, Sports Field",43.7977040318531,-79.2916174006982
CYNTHIA LAI PARK,Park,"Basketball Court, Playground",43.7933472032765,-79.2335250203116
CUDMORE CREEK PARK,Park,Playground,43.7052739241272,-79.3851583446806
SHEPPARD EAST PARK,Park,"Outdoor Ping Pong/Table Tennis, Playground",43.7634431473978,-79.3964102564702
MAJOR ABBAS ALI PARK,Park,"Sports Field, Tennis Court",43.8048478247522,-79.2306931511991
BURROWS HALL PARK,Park,"Ball Diamond, Playground",43.793387794776,-79.2265009937002
SKYMARK PARK,Park,"Playground, Sports Field",43.7945873260475,-79.3558724693465
KING'S MILL PARK,Park,Dog Off-Leash Area,43.6461317886788,-79.4941073061776
TRAYMORE PARK,Park,"Outdoor Fitness Equipment, Playground",43.6483596365898,-79.4885424140218
CLIFFWOOD PARK,Park,"Ball Diamond, Pickleball Court, Playground, Sports Field, Tennis Court",43.8084161084248,-79.3550893936359
SANWOOD PARK,Park,"Basketball Court, Playground",43.8178297841523,-79.3102249187518
DR. DANIEL HILL PARK,Park,Playground,43.7493687891733,-79.327815630709
POINT ROUGE TRAIL PARK,Park,,43.8259580784185,-79.2201142249083
YORKWOODS PARK,Park,Playground,43.7514256192613,-79.5143635515435
PORT ROYAL PARK,Park,"Ball Diamond, Playground, Sports Field",43.8177961118992,-79.2876178729155
FRANK STOLLERY PARKETTE,Park,,43.6727145725911,-79.3882877861279
WELLESLEY - MAGILL PARK,Park,,43.6674809095383,-79.3758771511096
JAMES CANNING GARDENS,Park,Playground,43.6663595834543,-79.384167698471
JOSEPH SHEARD PARKETTE,Park,,43.6603584746907,-79.3818404879138
THE DOCTORS' PARKETTE,Park,,43.6574656563513,-79.4039874754161
DAVID A. BALFOUR PARK,Park,"Playground, Washroom",43.6856767409949,-79.3866196708111
ALLANHURST PARK,Park,Playground,43.6785434265223,-79.5255353777249
TALL PINES PARK,Park,"Basketball Court, Outdoor Ping Pong/Table Tennis, Playground",43.7985526890942,-79.1512875068463
ZOOVIEW PARK,Park,Playground,43.8090418332012,-79.1728510341279
BRIMLEY WOODS,Park,"Outdoor Fitness Equipment, Playground",43.8086650520845,-79.2767177855943
REMBERTO NAVIA SPORT FIELDS,Park,"Cricket Pitch Field, Sports Field",43.7591846118107,-79.5247821346061
MOSSGROVE PARK,Park,"Ball Diamond, Outdoor Fitness Equipment, Playground",43.7532770289854,-79.3646478555996
GRANDRAVINE PARK,Park,"Ball Diamond, Basketball Court, Outdoor Ping Pong/Table Tennis, Playground, Sports Field, Tennis Court",43.7519255965011,-79.4913156667407
NIGHTSTAR PARK,Park,Playground,43.824203761991,-79.2295361901142
NEVILLE PARK BLVD RAVINE,Park,,43.6783291161887,-79.2832826478435
MCCAUL - ORDE PARKETTE,Park,,43.6576878598497,-79.3925055205934
GRACE - COLLEGE PARKETTE,Park,,43.6546351095536,-79.4153688661445
KNOTWOOD PARK,Park,,43.8264391753292,-79.2273294735886
FLEMINGDON PARK,Park,"Ball Diamond, Basketball Court, Cricket Pitch Field, Outdoor Dry Pad, Outdoor Track, Playground, Sports Field",43.713913749563,-79.3305495831237
OLD SHEPPARD PARK,Park,"Outdoor Fitness Equipment, Playground",43.778178092447,-79.333403075224
OLIVE SQUARE PARK,Park,,43.7793760920945,-79.415040302833
LISSOM PARK,Park,Playground,43.7854665766235,-79.4418706593334
HARRYETTA GARDENS,Park,Playground,43.7816408373742,-79.4514824231484
MILLIKEN PARK,Park,"Outdoor Fitness Equipment, Picnic Site, Playground, Washroom",43.8294804392024,-79.2704940612272
G. ROSS LORD PARK,Park,"Cricket Pitch Field, Dog Off-Leash Area, Firepit, Picnic Site, Sports Field, Washroom",43.777937108103,-79.4618420556588
RUSTIC PARK,Park,"Outdoor Ping Pong/Table Tennis, Playground",43.7132813581571,-79.5044312368611
DON VALLEY BRICK WORKS,Park,"Dog Off-Leash Area, Washroom",43.6876651974829,-79.3659567636892
BRIDLETOWNE PARK,Park,"Playground, Sports Field",43.8003369853389,-79.3129769663396
CREEKSIDE PARK,Park,,43.8026703341213,-79.3965395340589
WEDGEWOOD PARK - NORTH YORK,Park,"Basketball Court, Pickleball Court, Playground, Tennis Court",43.7905113052772,-79.4063113776072
FAIRGLEN PARK,Park,Sports Field,43.7878910006331,-79.3262344989948
MANOR COMMUNITY GREEN,Park,,43.7047154558581,-79.3878944365309
ECHO VALLEY PARK,Park,,43.6524329909717,-79.5434724377719
ROYWOOD PARK,Park,"Basketball Court, Playground, Sports Field, Tennis Court",43.7645460317229,-79.3207956490873
PANORAMA PARK,Park,,43.7458818419809,-79.5796865265103
SYLVAN PARK - GATE GULLY,Park,,43.7284600783499,-79.2155967941888
OAKDALE VILLAGE PARK,Park,Playground,43.7295096975512,-79.5199764101026
SENATOR MARIAN MALONEY PARK,Park,Playground,43.6207879982904,-79.5210522606464
ETHENNONNHAWAHSTIHNEN PARK,Park,"Firepit, Playground, Sports Field, Washroom",43.7675350341834,-79.3735202085598
85 KEEWATIN AVE PARK,Park,,43.7129107148313,-79.3958794219755
ADAMS PARK,Park,"Ball Diamond, Picnic Site, Playground, Sports Field, Washroom",43.7921701980876,-79.145772929822
NEWTON PARKETTE,Park,,43.7988931022248,-79.3956772903788
WOODGROVE RAVINE PARK,Park,,43.7663322990193,-79.1691798681388
BIRCHCLIFF WOODS,Park,,43.6979600939604,-79.2625970554978
WOBURN PARK - NORTH YORK,Park,"Basketball Court, Dog Off-Leash Area, Playground",43.7227933583244,-79.427407277354
VIOLA DESMOND PARK,Park,"Ball Diamond, Basketball Court, Playground, Sports Field",43.8129161094847,-79.2185152736321
"SHAWN ""BLU"" ROSE PARK",Park,"Ball Diamond, Playground",43.8120715400616,-79.209711646995
HORSELEY HILL PARK,Park,"Ball Diamond, Playground, Sports Field",43.8107822742711,-79.2295348025861
L'AMOREAUX SPORTS COMPLEX,Park,"Ball Diamond, Picnic Site, Playground, Sports Field, Washroom",43.80473868812,-79.3063522586656
BRIDLEWOOD PARK,Park,"Ball Diamond, Playground, Tennis Court, Washroom",43.7829182576505,-79.3162401587612
SOUTH STANLEY PARK EXTENSION,Park,,43.6407319942449,-79.4090022824434
JOLLY MILLER PARK,Park,,43.7418789814899,-79.4051810423249
ELMCREST PARK,Park,,43.6443837474672,-79.5817095064902
NEILSON PARK - ETOBICOKE,Park,"Ball Diamond, Playground",43.6305843029349,-79.5674165190204
HARDING PARKETTE,Park,,43.6897787400441,-79.2624014168036
ATRIA NORTH PARK,Park,"Outdoor Fitness Equipment, Playground",43.7744318645315,-79.3290394647516
FANFARE PARK,Park,Playground,43.7918486967307,-79.1395462016122
WARDEN PARK,Park,"Ball Diamond, Outdoor Fitness Equipment",43.8048553565575,-79.3183334505613
MCLEVIN WOODS PARK,Park,,43.8077828964946,-79.2223641099687
HUNTSMILL PARK,Park,"Ball Diamond, Playground, Sports Field",43.8087933994868,-79.3287110490754
TANIS CRES WOODLOT,Park,,43.7864081894704,-79.1634551435144
HAVENDALE PARK,Park,"Ball Diamond, Playground",43.7932861435493,-79.2883214964123
BAYCREST PARK,Park,"Ball Diamond, Outdoor Dry Pad, Pickleball Court, Playground, Sports Field, Tennis Court",43.727177355758,-79.4453131539706
BRAMBER WOODS PARK,Park,Playground,43.7887900137478,-79.1668274853819
HILLSBOROUGH PARK,Park,Playground,43.7814699105735,-79.2488484562814
CAMPBELL AVENUE PARK,Park,"Basketball Court, Pickleball Court, Playground, Sports Field, Washroom",43.6635937418593,-79.4483012619283
SEASONS PARK,Park,"Ball Diamond, Basketball Court, Playground",43.830757719908,-79.2315458282338
TELFER PARK,Park,"Basketball Court, Playground",43.8075414553068,-79.2263406065073
LITTLES ROAD PARK,Park,"Cricket Pitch Field, Playground, Sports Field",43.8165727766699,-79.2057709473742
CHESTER LE PARK,Park,"Playground, Sports Field",43.7997502855521,-79.3313387833228
NORTH AGINCOURT PARK,Park,Sports Field,43.7967442202224,-79.2744512608674
PORT UNION WATERFRONT PARK,Park,,43.7790330064123,-79.1309152998662
ROCKFORD PARK,Park,"Basketball Court, Outdoor Dry Pad, Playground, Tennis Court",43.7864470424947,-79.4539758998359
ROUGE NEIGHBOURHOOD PARK,Park,,43.802257177452,-79.179420773407
KING GEORGES - KEELE PARKETTE,Park,,43.6960597222336,-79.4753823399146
JACK EVELYN WIGGINS PARK,Park,Playground,43.7679966957683,-79.4963015534383
CENTENNIAL PARK - SCARBOROUGH,Park,Playground,43.7856784289311,-79.1484293498635
DENISON PARK,Park,"Ball Diamond, Outdoor Fitness Equipment, Playground, Washroom",43.6939789153466,-79.5117517436348
LIVINGSTONE PARK,Park,Playground,43.6912173250629,-79.3537680168639
HILLINGDON - WOODROW PARKETTE,Park,,43.682702651673,-79.3204821732071
SERGEANT RYAN RUSSELL PARKETTE,Park,Playground,43.6774682882394,-79.3981158114417
CUMMER PARKETTE,Park,,43.8014062384492,-79.3716391116023
LEE CENTRE PARK,Park,Playground,43.7810139282241,-79.2465965054541
YORKDALE PARK,Park,,43.7241128519837,-79.4483626400626
VALLEYFIELD PARK,Park,"Pickleball Court, Washroom",43.6947118434588,-79.5334381166616
MIMICO WATERFRONT PARK,Park,Playground,43.6109983099511,-79.4870564766836
ANETA CIRCLE PARKETTE,Park,Playground,43.7947681878077,-79.404336591132
MUIRLANDS PARK,Park,"Ball Diamond, Playground, Sports Field",43.8228757918161,-79.2686963839904
L'AMOREAUX NORTH PARK,Park,"Ball Diamond, Basketball Court, Dog Off-Leash Area, Sports Field, Washroom",43.8128853417102,-79.3069867837326
VALECREST PARK,Park,,43.6725494719194,-79.5204407906591
BOWAN COURT PARKETTE,Park,Playground,43.79565068056,-79.3925018862142
PINTO PARK,Park,"Ball Diamond, Playground",43.7909042043045,-79.3396981401966
GIDEON PARKETTE,Park,,43.7968098184165,-79.3624732159649
60 BROADWAY AVE PARK,Park,,43.710394752491,-79.3957695659249
SANTA CHIARA PARKETTE - ANNE MARIE D'AMICO SQUARE,Park,,43.678652966986,-79.4412107607539
LION'S GATE PARK,Park,,43.6809092920668,-79.5419292936092
IROQUOIS PARK,Park,"Ball Diamond, Playground, Tennis Court, Washroom",43.8037477117149,-79.2673200754292
BRIARCREST PARK,Park,Playground,43.6662882463759,-79.5819186376963
COLLINGSBROOK PARKETTE,Park,,43.7918130744378,-79.3178851018276
NORTH BRIDLEWOOD PARK,Park,"Ball Diamond, Playground",43.7910155821024,-79.3197014092593
WIDDICOMBE HILL PARK,Park,,43.6791470064874,-79.5495324429832
SHALLMAR PARKETTE,Park,,43.7038332051353,-79.4238051800001
PICASSO PARK,Park,,43.8019076031862,-79.1791296193011
BERNER TRAIL PARK,Park,Playground,43.8010734461624,-79.2234917611425
SAWLEY BANSTOCK GREENBELT,Park,,43.7888071314701,-79.3839216956038
LAREDO PARK,Park,,43.7859192044002,-79.3967552570978
ANCONA PARK,Park,"Ball Diamond, Playground",43.7764426155268,-79.4382038139653
SCARLETT HEIGHTS PARK,Park,Playground,43.6827443098667,-79.5120150163838
MORRISH PARKETTE,Park,,43.7821844861884,-79.1707583432367
TOTTENHAM PARKETTE,Park,,43.7309282051197,-79.3542430842371
GREEN MEADOWS PARK - NORTH YORK,Park,,43.7872055644979,-79.3660534863784
KING/QUEEN TRIANGLE,Park,,43.6572832299407,-79.3559645564358
RIVERSIDE COMMON PARK,Park,,43.6582072399673,-79.3516596784655
CANDLEBROOK CRESCENT PARK,Park,,43.8028671716099,-79.3246494741105
HORSHAM PARKETTE,Park,,43.7725314926267,-79.4227947444059
MAPLEHURST PARK,Park,Playground,43.7656733187647,-79.3981058325133
ELLERSLIE PARK,Park,Playground,43.7652146101867,-79.4396031736281
STEPHEN LEACOCK PARK,Park,"Ball Diamond, Basketball Court, Outdoor Dry Pad, Playground, Tennis Court",43.7872164778617,-79.3024857076659
HUBBARD PARK,Park,,43.6655278787344,-79.3538755640365
GUSTAV PARKETTE,Park,,43.7888709217913,-79.3960493490991
MOORE PARK,Park,"Playground, Sports Field, Tennis Court",43.7915790231191,-79.4353438289312
GOULDING PARK,Park,"Ball Diamond, Outdoor Ping Pong/Table Tennis, Playground, Tennis Court",43.7908731505349,-79.4223942088165
CENTRE PARK,Park,"Ball Diamond, Playground",43.7913820390814,-79.4168647795626
CANADIAN UKRAINIAN MEMORIAL PARK,Park,,43.6891708145266,-79.5117074634001
EAST TORONTO ATHLETIC FIELD,Park,"Ball Diamond, Playground",43.6852968202218,-79.2991504699113
ROXBOROUGH PARKETTE,Park,,43.6812975249899,-79.3819178497764
ALEX MURRAY PARKETTE,Park,,43.6782737469446,-79.3827547579692
WOODLANDS PARK,Park,,43.8470530551239,-79.19693681528
GODSTONE PARK,Park,"Outdoor Fitness Equipment, Outdoor Ping Pong/Table Tennis, Playground, Sports Field",43.7844881292785,-79.3481163366767
FESTIVAL PARK,Park,,43.7885841749236,-79.4593900900522
WEST ROUGE PARK,Park,"Playground, Sports Field, Tennis Court",43.7915901875863,-79.1254637345302
DONALDA PARK,Park,Outdoor Fitness Equipment,43.7903638067895,-79.2838292404843
BROOKS ROAD PARK,Park,Playground,43.791563107545,-79.2066271838061
SNIDER PARKETTE,Park,"Outdoor Fitness Equipment, Outdoor Ping Pong/Table Tennis, Playground",43.7165281141485,-79.4009646076474
BRANDON AVENUE PARKETTE,Park,,43.6705678156069,-79.4404259877006
GOLDHAWK PARK,Park,"Ball Diamond, Basketball Court, Playground, Sports Field",43.8232306968931,-79.2796712289286
AUDRELANE PARK,Park,"Outdoor Fitness Equipment, Playground, Sports Field",43.8224368225821,-79.2887351543544
HOPTREE PARK,Park,,43.8224116292847,-79.2201526741987
CASWELL PARK,Park,Playground,43.7963083384364,-79.4023920558479
CHARTLAND PARK,Park,Playground,43.7989211628499,-79.2801763550765
CUMMER PARK,Park,"Ball Diamond, Basketball Court, Pickleball Court, Playground, Skateboarding, Tennis Court",43.7996349160362,-79.3718071438594
CY TOWNSEND PARK,Park,Playground,43.6893995017415,-79.4352780072927
ST. ALBAN'S SQUARE,Park,,43.6686030879348,-79.4105230715069
MAPLE LEAF FOREVER PARK,Park,Playground,43.6630188811142,-79.3278557015274
IVAN FORREST GARDENS,Park,Picnic Site,43.6722458638538,-79.2926936683765
GORD AND IRENE RISK PARK,Park,Playground,43.7473668614658,-79.567036692812
YONGE BOULEVARD PARKETTE,Park,,43.7340888632129,-79.4048434886053
MEMORIAL GARDENS PARK,Park,,43.6912492756939,-79.3279247306623
LORING - WYLE PARKETTE,Park,,43.6906962691617,-79.3831759205187
LOGAN GREEN FIELD,Park,,43.6788766290789,-79.3493277023173
WEST LODGE PARK,Park,"Basketball Court, Playground, Skateboarding",43.6461035010024,-79.4379893570739
BEARE HILL PARK,Park,,43.8264719597787,-79.162430149732
NAIRN PARK,Park,"Outdoor Ping Pong/Table Tennis, Playground",43.684098770908,-79.4512605065141
WINCHESTER PARK,Park,Ball Diamond,43.66567119508,-79.3717946225942
BROADACRES PARK,Park,"Ball Diamond, Playground",43.647047542766,-79.5692599593572
OSLER PLAYGROUND,Park,"Dog Off-Leash Area, Playground",43.6460341700338,-79.4222447266431
BIRCHVIEW BOULEVARD PARKETTE,Park,,43.6474943351106,-79.5153046429738
EDWARDS GARDENS,Park,Washroom,43.7332304851634,-79.3602091741865
DUNDAS - ST.CLARENS PARKETTE,Park,Playground,43.6497946011204,-79.4387582291774
KINGSWAY GATE PARKETTE,Park,,43.650123136552,-79.4997929784968
CARSBROOKE PARK,Park,Playground,43.6471724579858,-79.5767397828366
GEARY AVENUE PARKETTE,Park,Playground,43.6707625474775,-79.4317435753571
OAK STREET PARKETTE,Park,,43.6612135061352,-79.3650834877019
REGENT PARK BOULEVARD PARK,Park,,43.6597723576708,-79.3613767297993
SCARBOROUGH VILLAGE PARK,Park,"Ball Diamond, Playground, Sports Field, Washroom",43.7466004543831,-79.2129735464339
MAIDAVALE PARK,Park,"Ball Diamond, Playground",43.7330608402981,-79.2778211629024
SERENA GUNDY PARK,Park,"Picnic Site, Washroom",43.7186413080202,-79.3565959775629
STRATHBURN PARK,Park,"Ball Diamond, Outdoor Dry Pad, Pickleball Court, Playground, Tennis Court",43.7221408612384,-79.5327912234411
GAMBLE PLAYGROUND,Park,Playground,43.6911086139533,-79.3470192775811
FINCH - HUMBERLINE SPORTSFIELDS,Park,Sports Field,43.7334092855006,-79.616675823199
GREENBELT PARK,Park,Playground,43.7305092156199,-79.3341671135273
SMYTHE PARK,Park,"Ball Diamond, Picnic Site, Playground, Washroom",43.6745950041596,-79.499501160714
ZORRA PARK,Park,Dog Off-Leash Area,43.6204079498153,-79.5220549442761
AMESBURY PARK,Park,"Ball Diamond, Basketball Court, Outdoor Dry Pad, Pickleball Court, Playground, Sports Field, Tennis Court",43.7061864960735,-79.4834224926156
CHARLES SAURIOL CONSERVATION AREA,Park,"Outdoor Fitness Equipment, Playground",43.7140923134576,-79.3220418644622
PHIL GIVENS PARK,Park,Playground,43.7191672971642,-79.4208601838189
VILLAGE OF YORKVILLE PARK,Park,,43.6699698590959,-79.3918046096295
BRISTOL AVENUE PARKETTE WEST,Park,Playground,43.6705808906291,-79.4387998452995
JAMES GARDENS,Park,Washroom,43.67074361962,-79.5152961398092
KNIGHTSWOOD RD PARK,Park,,43.7396696539249,-79.3908871798528
HORTON PARK,Park,"Playground, Sports Field",43.7363652560111,-79.2428008797477
BEN NOBLEMAN PARK,Park,Playground,43.698473108678,-79.4352115755479
FOUR OAKS GATE PARK,Park,Playground,43.6968399375026,-79.3375619545613
CASTLEFIELD PARKETTE,Park,,43.7065176581847,-79.4242294874234
MILLSTONE PARKETTE,Park,,43.7386177315777,-79.4007175408464
BEATY AVENUE PARKETTE,Park,Playground,43.6384074261191,-79.4410883826551
DUFFERIN - KING PARK,Park,Playground,43.637976069311,-79.4275067408404
JOSEPH WORKMAN PARK,Park,Playground,43.6419809673351,-79.4171416016806
20 CASTLEFIELD AVE PARK,Park,"Basketball Court, Pickleball Court",43.7119116356127,-79.4007127701497
LAKEVIEW AVENUE PARKETTE,Park,,43.6495995325778,-79.4229135488179
CHRISTIE PITS PARK,Park,"Ball Diamond, Basketball Court, Firepit, Outdoor Ping Pong/Table Tennis, Pickleball Court, Picnic Site, Playground, Skateboarding, Sports Field, Washroom",43.6646698181675,-79.4207936079461
BRISTOL AVENUE PARKETTE EAST,Park,,43.6705050425206,-79.4376782178605
PRINCESS MARGARET PARK,Park,Playground,43.6665760523808,-79.5432077129239
HIDEAWAY PARK,Park,"Dog Off-Leash Area, Outdoor Dry Pad, Playground",43.664705490514,-79.3379559868594
HARTFIELD COURT PARKETTE,Park,,43.6673897157149,-79.5236394925598
SIMCOE PARK,Park,,43.6447416909588,-79.3868440327855
THOMPSON STREET PARKETTE,Park,Dog Off-Leash Area,43.6592997621551,-79.3506172603787
NORTHEND PARKETTE,Park,,43.70669182829,-79.5326002146941
WINCOTT PARK,Park,"Outdoor Ping Pong/Table Tennis, Playground",43.6928146971395,-79.5513850692935
SENATOR PETER BOSA PARKETTE,Park,,43.694422490823,-79.4453560037414
MOORE PARK RAVINE,Park,,43.6913025287848,-79.3723791039557
GREEN HILLS PARK,Park,,43.6947769071944,-79.479011194583
BATHURST QUAY COMMON,Park,,43.6346634822841,-79.3964490027904
CLIFF LUMSDON PARK,Park,,43.5951691707448,-79.5014703846029
TORONTO MUSIC GARDEN,Park,,43.6369633806304,-79.3942170960435
GREENFIELD PARK,Park,"Outdoor Fitness Equipment, Playground",43.6386079364056,-79.5449291283973
RIVERSIDE DRIVE PARKETTE,Park,,43.6380643873947,-79.4766058699907
RANLEIGH PARK,Park,Outdoor Fitness Equipment,43.7285212945419,-79.4000653136605
DAVID PECAUT SQUARE,Park,,43.6462319593113,-79.3880527039295
JOLLY WAY PARK,Park,"Outdoor Fitness Equipment, Playground",43.7657334477713,-79.2782849841374
GREENWOOD PARK,Park,"Ball Diamond, Dog Off-Leash Area, Firepit, Outdoor Dry Pad, Outdoor Fitness Equipment, Outdoor Ping Pong/Table Tennis, Pickleball Court, Picnic Site, Playground, Sports Field, Washroom",43.6688907552528,-79.3286087969836
ETIENNE BRULE PARK,Park,"Firepit, Picnic Site, Washroom",43.652696065282,-79.4913646528996
ARLINGTON PARKETTE,Park,Playground,43.6914432653416,-79.4334146867407
MAGWOOD PARK,Park,"Ball Diamond, Basketball Court, Playground",43.6574809794854,-79.4974882250038
GRAFTON AVENUE PARK,Park,,43.6394743640942,-79.4460196176447
FLORA VOISEY PARK,Park,Playground,43.62123229033,-79.4847984685059
EVERGREEN GARDENS PARK,Park,Playground,43.69608274633,-79.3725490018276
COLUMBUS PARKETTE,Park,Playground,43.6509559895304,-79.4460214346792
MARKET LANE PARK,Park,,43.649751099758,-79.3724104650962
TORONTO SCULPTURE GARDEN,Park,,43.6498364266827,-79.3736612956797
MERRILL PARK,Park,Playground,43.7034200934368,-79.5060978764317
KIMBARK - COLDSTREAM RAVINE,Park,,43.7174160817301,-79.4163181123267
HOLMES PARK,Park,Playground,43.7778208973346,-79.4134188263077
MAIN SEWAGE TREATMENT PLAYGROUND,Park,"Ball Diamond, Basketball Court, Outdoor Dry Pad, Pickleball Court, Sports Field",43.663475781928,-79.3176511841085
KENASTON PARK,Park,,43.7670660612967,-79.3855958782746
VILLAGE GREEN PARK,Park,"Basketball Court, Playground, Sports Field",43.735380457832,-79.5636439368433
LANGHOLM PARK,Park,Playground,43.735644526742,-79.488843115081
GUILD PARK AND GARDENS,Park,Washroom,43.7465778090197,-79.1918974132225
DONNYBROOK PARK,Park,Playground,43.6531548196053,-79.5207004271259
JACKSON PARKETTE,Park,,43.6531372064345,-79.5111066888333
WIGMORE PARK,Park,"Ball Diamond, Playground",43.7305127297612,-79.3133905165899
DOWNSVIEW PARK AND LAWN BOWLING GREENS,Park,,43.7190723144671,-79.5125734946005
PARLIAMENT SQUARE PARK,Park,Sports Field,43.650014659321,-79.3627661947663
LINKWOOD LANE PARK,Park,"Dog Off-Leash Area, Playground, Sports Field",43.7147997918181,-79.3240286429073
PARKDALE AMPHITHEATRE,Park,,43.6423708416688,-79.4291627826753
MONSIGNOR FRASER COLLEGE PARK,Park,,43.6666189801274,-79.4134842482422
34 HANNA AVENUE PARK,Park,,43.6382319256394,-79.4197219524482
BUDAPEST PARK,Park,"Beach, Outdoor Fitness Equipment, Playground, Washroom",43.6368580787462,-79.4493275020452
CLOSE AVENUE PARKETTE,Park,Playground,43.6370908434496,-79.4349850322132
DAVENPORT VILLAGE PARK,Park,Playground,43.6693344928687,-79.4495415879971
JOSEPH BANNON PARK,Park,"Playground, Sports Field",43.7324129746878,-79.5347783133348
BLOORDALE PARK NORTH,Park,Playground,43.6402627042008,-79.575352078324
BLOORDALE PARK SOUTH,Park,"Playground, Tennis Court",43.6367217859226,-79.570250305953
ORDNANCE PARK,Park,,43.6395047697051,-79.4079630866501
LAKE CRESCENT ROAD END PARKETTE,Park,,43.6074276523409,-79.4881465570028
CLOUD GARDENS,Park,,43.6511843140751,-79.3797165089155
KENNEDY - MARGDON PARKETTE,Park,"Outdoor Fitness Equipment, Playground",43.6523231740481,-79.4733408555681
EAST MALL PARK,Park,"Playground, Tennis Court",43.6424081722153,-79.5573117614495
DUPONT-SHAW PARKETTE,Park,Outdoor Fitness Equipment,43.670390296208,-79.4284587256223
MASSEY HARRIS PARK,Park,,43.6414414740336,-79.4133351339896
HILLSDALE AVENUE PARK,Park,,43.7041601048466,-79.396703272605
LOVE PARK,Park,Dog Off-Leash Area,43.6406938196058,-79.3798155002312
JOSEPH TOUGH PARK,Park,,43.6747128251075,-79.3978367133261
COLONEL SAMUEL SMITH PARK,Park,"Dog Off-Leash Area, Outdoor Track, Playground",43.5932049049272,-79.5135835086796
RING ROAD LINEAR PARK,Park,,43.7700867332933,-79.4108165909455
BANBURY PARK,Park,"Pickleball Court, Playground, Tennis Court",43.7427740008615,-79.3698734945276
CAROLINE HUEBNER PARKETTE,Park,Playground,43.6648646617641,-79.3451053993281
SEATON PARK,Park,,43.6659016673499,-79.4105764971305
ROUNDHOUSE PARK,Park,Playground,43.6410757356875,-79.3853958821948
KENWAY PARK,Park,Playground,43.643703907415,-79.5260762299615
IRENE AVENUE PARKETTE,Park,Playground,43.6628779256558,-79.4239545902415
DOUGLAS B. FORD PARK,Park,Playground,43.6927426934588,-79.529690096872
EARLSCOURT PARK,Park,"Ball Diamond, Basketball Court, Dog Off-Leash Area, Outdoor Fitness Equipment, Outdoor Track, Pickleball Court, Picnic Site, Playground, Sports Field, Tennis Court, Washroom",43.6736233946801,-79.4515037424062
DE GRASSI ST PARKETTE,Park,Playground,43.6630640200863,-79.3467983106305
WOBURN PARK - SCARBOROUGH,Park,"Basketball Court, Outdoor Dry Pad",43.7814853929352,-79.2276560142691
GATEWAY GREENBELT,Park,,43.7096585332703,-79.331765283238
OATES PARK,Park,"Playground, Sports Field",43.7042623800705,-79.2742630893229
OLD FOREST HILL PARKETTE,Park,,43.6968215161912,-79.4129445053387
OAK STREET PARK,Park,"Basketball Court, Playground",43.6621592729149,-79.3581281752521
HURON STREET PLAYGROUND,Park,"Dog Off-Leash Area, Playground",43.6693203101149,-79.4018533126061
GECO PARK,Park,Playground,43.7182774827769,-79.2790603437528
ADELAIDE PLACE PARKETTE,Park,,43.6450009615612,-79.4018051802759
JIM MCPHERSON PARK,Park,"Playground, Sports Field",43.7123787388774,-79.2962235644292
CHATER COURT PARK,Park,Playground,43.7141502185912,-79.4361043062276
PARKVIEW GARDENS,Park,,43.7049579937148,-79.3149130560146
REGENT PARK,Park,"Dog Off-Leash Area, Playground, Washroom",43.6610116986645,-79.3622254607085
JAY MACPHERSON GREEN,Park,,43.6773383600411,-79.3972574340624
MEMORIAL PARK - NORTH YORK,Park,"Ball Diamond, Outdoor Track, Sports Field",43.7048827041394,-79.4210004628326
RIVERDALE PARK WEST,Park,"Ball Diamond, Dog Off-Leash Area, Picnic Site, Washroom",43.6664382199104,-79.3596806778075
ST. PATRICKS SQUARE,Park,,43.6506929777232,-79.3906531989819
COURTHOUSE SQUARE PARK,Park,,43.6504672936036,-79.3754637853063
167 ARMOUR BLVD PARKETTE,Park,Playground,43.7428997742968,-79.430948853427
RIDGE PARK,Park,"Playground, Sports Field",43.7215156130855,-79.492419296362
DON MILLS TRAIL,Park,,43.7478115812327,-79.3523465794418
BELLAMY PARK,Park,Playground,43.740291034689,-79.2285798957222
MONTGOMERY SQUARE PARK,Park,,43.709325060508,-79.3991210589084
BESSBOROUGH PARKETTE,Park,,43.7117905983591,-79.3745552086688
JOSHUA GLOVER PARK,Park,"Outdoor Fitness Equipment, Playground",43.6606760680814,-79.513176783851
MANOR PARK,Park,,43.7686643291242,-79.3593537836493
NEIL MCLELLAN PARK,Park,Playground,43.6514988017246,-79.4771619698206
PAPERBIRCH WALKWAY,Park,,43.7349022800591,-79.3499138432309
THISTLETOWN PARK,Park,,43.7363129081321,-79.5681486701243
LOUIS MARCH PARK,Park,"Dog Off-Leash Area, Playground",43.6583271874547,-79.3587483418457
MOOREGATE PARK,Park,Playground,43.7408322203292,-79.2687074230911
DERRYDOWNS PARK,Park,"Firepit, Washroom",43.7524915808451,-79.5096107189353
MOCCASIN TRAIL PARK,Park,,43.733579804838,-79.3333004322015
OURLAND PARK,Park,"Ball Diamond, Basketball Court, Pickleball Court, Playground, Sports Field, Tennis Court, Washroom",43.6155517022453,-79.5086950991317
QUEENS AVENUE PARKETTE,Park,Playground,43.6164537825713,-79.4930675353182
KITCHENER PARK,Park,"Ball Diamond, Playground",43.7319541606001,-79.2536125516899
ANCASTER PARK,Park,"Ball Diamond, Pickleball Court, Playground, Sports Field, Tennis Court",43.7334252400042,-79.4655052248818
CHAMPLAIN PARKETTE,Park,"Pickleball Court, Playground, Tennis Court",43.732136406352,-79.4442690567298
MARY HARKER PARK,Park,"Outdoor Fitness Equipment, Playground",43.7314676342756,-79.5931882852377
CHELTENHAM PARK,Park,"Ball Diamond, Sports Field",43.726670275902,-79.3851806167146
WARRENDER PARK,Park,Playground,43.6749888995735,-79.5545199656564
HAROLD TOWN PARK,Park,,43.6727475605113,-79.3862594297245
TRINITY BELLWOODS PARK,Park,"Ball Diamond, Dog Off-Leash Area, Outdoor Dry Pad, Pickleball Court, Picnic Site, Playground, Tennis Court, Washroom",43.6477934807445,-79.4143036014255
RANDY PADMORE PARK,Park,Playground,43.6498107694948,-79.4008462036923
BAIRD PARK,Park,"Dog Off-Leash Area, Outdoor Ping Pong/Table Tennis, Playground, Washroom",43.6623786400876,-79.4625930041058
CORONATION PARK - YORK,Park,"Ball Diamond, Basketball Court, Outdoor Dry Pad, Outdoor Fitness Equipment, Outdoor Ping Pong/Table Tennis, Playground",43.6909914601207,-79.4797720302363
MCCORMICK PARK,Park,"Ball Diamond, Basketball Court, Playground",43.6470735079123,-79.4335388866023
JOSHUA CRONKWRIGHT PARKETTE,Park,"Outdoor Ping Pong/Table Tennis, Playground",43.7037496636093,-79.2973621164619
DUNCAN C. LITTLE PARK,Park,,43.7042591233798,-79.3202987340848
LUCY TOT LOT,Park,Playground,43.6908304267293,-79.2855844799808
KENWORTHY PARK,Park,Playground,43.6905908588076,-79.2832846477916
GLEDHILL PARK,Park,Playground,43.6908497979157,-79.3099123132192
EGLINTON - GILBERT PARKETTE,Park,,43.69216709418,-79.4637194901539
RIDGEWOOD PARKETTE,Park,,43.691654376312,-79.421518669892
TADDLE CREEK PARK,Park,Playground,43.6699320683738,-79.3987477828188
RENNIE PARK,Park,"Picnic Site, Playground, Tennis Court, Washroom",43.6425865328304,-79.4722491877486
CRONIN PARK,Park,Playground,43.6460044128236,-79.5565992820288
LANGDALE COURT GREENBELT,Park,,43.7548316778786,-79.5127265565669
CORONATION PARK - ETOBICOKE,Park,Playground,43.6162587424663,-79.4996288094317
LESLIE LOOKOUT PARK,Park,Beach,43.6535538856845,-79.324611800663
MERRILL BRIDGE ROAD PARK,Park,Dog Off-Leash Area,43.6812204131129,-79.3149435901168
BENNETT PARK,Park,,43.6537567151802,-79.4675075038464
OLD MILL SITE PARK,Park,Tennis Court,43.6508546926695,-79.4902386936819
GARLAND PARK,Park,,43.7321900785619,-79.5830341550627
MAPLE CLAIRE PARK,Park,Playground,43.6726461439766,-79.4728846143561
PRINCE EDWARD VIADUCT PARKETTE,Park,,43.6743197207964,-79.3681185336327
CHURCHILL HEIGHTS PARK,Park,"Ball Diamond, Playground",43.7714792770319,-79.2247713097379
FAIRHAVEN PARK,Park,"Basketball Court, Outdoor Fitness Equipment, Playground, Washroom",43.7025559094826,-79.5461473234562
TERRY FOX PARK,Park,"Cricket Pitch Field, Playground, Sports Field",43.8144359587902,-79.3200138428714
CARSTOWE ROAD LANDS,Park,,43.6869688106841,-79.3756893656122
GAFFNEY PARK,Park,"Outdoor Fitness Equipment, Playground",43.6723899939411,-79.484536312705
PAGE PARKETTE,Park,Playground,43.7831407405563,-79.383119524949
LORD ROBERTS WOODS,Park,Playground,43.7414675443455,-79.2654565450205
DENSGROVE PARK,Park,"Ball Diamond, Playground",43.7657245999525,-79.2219062413251
DIEPPE PARK,Park,"Ball Diamond, Outdoor Dry Pad, Outdoor Ping Pong/Table Tennis, Pickleball Court, Playground, Sports Field, Washroom",43.6916121309212,-79.3354590832969
OLD MILL PARKETTE,Park,,43.6510249992794,-79.4925178705916
LAMBTON - KINGSWAY PARK,Park,"Ball Diamond, Pickleball Court, Playground, Tennis Court, Washroom",43.6575825548119,-79.5078062966722
INGLEWOOD HEIGHTS PARK,Park,Playground,43.7783435389683,-79.2915819863933
LANYARD PARK,Park,"Ball Diamond, Basketball Court, Outdoor Fitness Equipment, Pickleball Court, Playground, Tennis Court",43.74751580091,-79.5486740558148
SHERWOOD PARK,Park,"Ball Diamond, Dog Off-Leash Area, Picnic Site, Playground, Washroom",43.7167635895482,-79.3866747010043
TAM O'SHANTER GOLF COURSE,Park,Washroom,43.78905785857,-79.2961239451421
HTO PARK,Park,Beach,43.6378080329241,-79.3881724413573
MABERLEY PARKETTE,Park,Playground,43.7848052594087,-79.1290826024387
ALLENBURY PARK,Park,"Outdoor Fitness Equipment, Outdoor Ping Pong/Table Tennis, Playground",43.7801904233137,-79.3435071267502
EVERETT PARK,Park,,43.6956225103042,-79.3103800491227
BENJAMIN BOAKE GREENBELT,Park,,43.743942986351,-79.4963731468492
ERINGATE PARK,Park,"Ball Diamond, Playground, Washroom",43.6626271193157,-79.5808998991253
BLYTHWOOD RAVINE PARK,Park,,43.7190288078329,-79.3959900185391
HABITANT PARK,Park,,43.7469930159435,-79.5389899896772
JEANETTE PARK,Park,Playground,43.7240906607217,-79.2468879338598
YORK STADIUM,Park,Sports Field,43.6806864414168,-79.4795671754612
KINGSVIEW PARK,Park,"Outdoor Dry Pad, Pickleball Court, Playground, Tennis Court",43.6991667361521,-79.5543427177554
BIRKDALE RAVINE,Park,"Outdoor Fitness Equipment, Playground",43.7616772651132,-79.2612641571841
VICTORIA PARK - EGLINTON PARKETTE,Park,,43.7242881384833,-79.3016045270384
RUNNYMEDE PARK,Park,"Ball Diamond, Playground, Sports Field, Tennis Court",43.6682913614552,-79.4785521308344
COLLEGE PARK,Park,"Playground, Washroom",43.6596505698671,-79.3838045517429
HARWOOD PARK,Park,"Ball Diamond, Playground",43.6765692251956,-79.4771628194177
IRMA BURMAN GREENBELT PARK,Park,,43.8024117635654,-79.1601920076556
ALEXANDER MUIR MEMORIAL GARDENS,Park,,43.7211193487989,-79.4003865927108
SENTINEL PARK,Park,"Ball Diamond, Outdoor Dry Pad, Pickleball Court, Playground, Tennis Court, Washroom",43.7552003461125,-79.4985517188061
PINEWAY PARK,Park,Playground,43.7957178737102,-79.3756988903871
LAMBTON WOODS,Park,,43.6645839942699,-79.5140616961856
WINDFIELDS PARK,Park,,43.7425529857255,-79.375655659679
MALVERN PARK,Park,"Ball Diamond, Outdoor Dry Pad, Pickleball Court, Sports Field, Tennis Court, Washroom",43.8091940949041,-79.2171753206629
SIX POINTS PARK,Park,Playground,43.6396493454587,-79.5359065620747
KILGOUR PARKETTE,Park,,43.7164725773114,-79.3776871497608
DONORA PARK,Park,Playground,43.6998962511987,-79.2958184454463
ISABELLA VALANCY CRAWFORD PARK,Park,,43.64346639034,-79.3888117730631
BIRCHCREST PARK,Park,Playground,43.798649406494,-79.3217911974963
DEAN PARK,Park,"Ball Diamond, Playground, Sports Field",43.8012296250759,-79.1708445015416
REGENT PARK - ETOBICOKE,Park,,43.6817795652948,-79.4692869389882
CRAIGTON COURT TOT LOT,Park,Playground,43.7280211089426,-79.3012905193673
ST. JAMES TOWN WEST PARK,Park,Playground,43.6707107045291,-79.3756209057091
FRANKLIN PARK,Park,Playground,43.7552751357744,-79.4167507012537
CLOVERDALE PARK,Park,"Outdoor Fitness Equipment, Pickleball Court, Playground, Tennis Court",43.6338484582862,-79.5445523626801
HILLDOWNTREE PARKETTE,Park,,43.6602685893688,-79.5261787925754
BELLBURY PARK,Park,"Basketball Court, Outdoor Fitness Equipment, Outdoor Ping Pong/Table Tennis, Playground, Tennis Court, Washroom",43.7836678749099,-79.361302549172
TOPCLIFF PARK,Park,Playground,43.7557442113218,-79.5090239541926
MILTON BERGER PARK,Park,Playground,43.7330277079687,-79.4477362257678
STANLEY PARK ,Park,"Ball Diamond, Tennis Court",43.7419026903184,-79.5154063673252
NOBLE PARK,Park,"Ball Diamond, Basketball Court, Playground",43.6772297481904,-79.5012384961313
ROBERT BATEMAN PARKETTE,Park,,43.70145207672,-79.4147641133471
PINETREE PARK,Park,,43.7992940462504,-79.2340376132575
WHITE HAVEN PARK,Park,"Playground, Sports Field",43.7864689499606,-79.249763921773
TRUMPETER PARK,Park,,43.8072752306539,-79.1842110843139
175 THE POND ROAD PARK,Park,Ball Diamond,43.768974019928,-79.5067654297043
MOURNING DOVE PARK,Park,,43.8159575973189,-79.2248314680634
CHATSWORTH RAVINE,Park,,43.7206740900688,-79.4066756658513
HILLCREST PARK,Park,"Basketball Court, Dog Off-Leash Area, Outdoor Ping Pong/Table Tennis, Picnic Site, Playground, Tennis Court, Washroom",43.6759841969762,-79.4245259371429
OLYMPIC PARK,Park,,43.6427582841858,-79.3849326193171
BURNETT PARK,Park,,43.7599468962657,-79.432896531417
BREADALBANE PARK,Park,Dog Off-Leash Area,43.6638463286909,-79.3860028936044
DALRYMPLE PARK,Park,Playground,43.6789986003898,-79.4918372097563
BELL MANOR PARK,Park,Playground,43.6374793846013,-79.4923733779417
JIMMIE SIMPSON PARK,Park,"Ball Diamond, Basketball Court, Outdoor Dry Pad, Pickleball Court, Picnic Site, Playground, Sports Field, Tennis Court",43.6611735030375,-79.3447424177788
ALLAN GARDENS,Park,"Dog Off-Leash Area, Playground, Washroom",43.6618889949501,-79.3743323229422
BROADWAY AVENUE PARKETTE,Park,Playground,43.7114556184741,-79.3906387359476
DR. LILLIAN MCGREGOR PARK,Park,Playground,43.6641050735844,-79.3856258226403
CHAPMAN VALLEY PARK,Park,,43.6901484501822,-79.518873659699
PAUL KANE HOUSE PARKETTE,Park,,43.6657593609103,-79.3822077759743
ISLINGTON PARK,Park,Playground,43.7521823040435,-79.5690832508792
DORIS - NORTON PARK,Park,,43.7728396622132,-79.4125082146361
CONACHER PARK,Park,"Basketball Court, Outdoor Ping Pong/Table Tennis, Playground",43.7953012747537,-79.39807250273
FENNIMORE PARK,Park,"Ball Diamond, Playground",43.7456473278095,-79.5222973459818
MAPLE LEAF PARK,Park,"Ball Diamond, Basketball Court, Outdoor Fitness Equipment, Pickleball Court, Picnic Site, Playground, Tennis Court",43.7158024734685,-79.4934534865598
FAIRBANK MEMORIAL PARK,Park,"Ball Diamond, Basketball Court, Playground",43.6918448284323,-79.4477474522899
BOB HUNTER PARK,Park,"Ball Diamond, Dog Off-Leash Area",43.8004272308465,-79.1617142432747
ST. LUCIE PARK,Park,"Ball Diamond, Outdoor Fitness Equipment, Playground",43.7429693901279,-79.5428219110572
SISKEN TRAIL PARK,Park,Playground,43.8238561402348,-79.2185468359212
TRETHEWEY PARK EAST,Park,Playground,43.6964106506128,-79.486015167755
BEATY BOULEVARD PARKETTE,Park,,43.6382455512104,-79.4458133156066
ELIZABETH SIMCOE PARK,Park,"Playground, Sports Field, Tennis Court",43.739442831856,-79.2047485283955
HARVEST MOON PARK,Park,Playground,43.820982423122,-79.2092471498902
DEEKSHILL PARK,Park,,43.7664349874926,-79.1817695601707
TREVERTON PARK,Park,"Ball Diamond, Playground",43.7353136097232,-79.2677003343459
VESTA PARKETTE,Park,,43.6928955825511,-79.416635762898
MISTY HILLS PARK,Park,,43.8197203595949,-79.2158486585033
RUDDINGTON PARK,Park,"Outdoor Fitness Equipment, Playground, Tennis Court",43.7922885533047,-79.3892434200688
NEWGATE PARKETTE,Park,,43.7054300364353,-79.4379882025877
KENNEDY PARKETTE,Park,,43.8009487688573,-79.2958534915972
NEILSON PARK - SCARBOROUGH,Park,"Ball Diamond, Picnic Site, Playground, Skateboarding, Washroom",43.8135424498568,-79.2241518463904
SUNNYSIDE PARK,Park,"Beach, Picnic Site, Playground, Washroom",43.6375305774915,-79.4561092675306
MICHAEL POWER PARK,Park,Playground,43.6452823896747,-79.5310408897024
PELHAM AVENUE PLAYGROUND,Park,Playground,43.6683892321022,-79.4555608439005
GWENDOLYN MACEWEN PARKETTE,Park,,43.6686864812821,-79.4062610705423
REDBANK GREENBELT,Park,,43.7027816818672,-79.4834180956778
PINERY PARK,Park,,43.8082775764781,-79.2266873251981
HENRIETTA PARK,Park,Playground,43.6709745236182,-79.4808886867104
ORIOLE PARK - NORTH YORK,Park,"Ball Diamond, Playground, Tennis Court",43.7814908874303,-79.3510068720322
BLYTHDALE GREENBELT,Park,,43.7195664217876,-79.3843866743665
LINUS PARK,Park,"Playground, Sports Field",43.7886768109863,-79.3580375183937
BLANTYRE PARK,Park,"Ball Diamond, Picnic Site, Playground, Washroom",43.6830542875333,-79.2806428556746
BIRUNTHAN PARK,Park,"Basketball Court, Playground, Sports Field",43.8227342725767,-79.2255792804417
O'SHEA WALKWAY,Park,,43.7855134693699,-79.3541504400716
GEORGE CHATER PARKETTE,Park,,43.6509048054381,-79.4799131992429
GLEN PARK,Park,"Pickleball Court, Playground, Tennis Court",43.6508232826992,-79.5528803272222
BERCZY PARK,Park,,43.6480528779511,-79.375234190496
STAINES PARKETTE,Park,,43.8266846135766,-79.2220003931103
ANNIVERSARY PARK,Park,,43.6621037303964,-79.3674304896286
MALVERN WOODS,Park,Playground,43.8020888124355,-79.203518053536
ROYAL ROUGE TOT LOT,Park,Playground,43.8006661517343,-79.1466717071366
BLACKFRIAR PARK,Park,"Outdoor Fitness Equipment, Playground",43.694969071014,-79.5623742431236
ST. PHILLIPS ROAD PARKETTE,Park,,43.7000693063311,-79.5346902460412
FERGY BROWN PARK,Park,"Cricket Pitch Field, Washroom",43.6867736154231,-79.4973018106942
JOHN TABOR PARK,Park,"Ball Diamond, Sports Field",43.8058473571394,-79.2053712561929
REID MANOR PARK,Park,,43.6372178083439,-79.5051383761027
SNOWHILL PARK,Park,"Ball Diamond, Playground",43.7807374394861,-79.2631792351588
CORKTOWN COMMON,Park,"Playground, Sports Field, Washroom",43.654418402689,-79.3524612223528
CULLEN BRYANT PARK,Park,Playground,43.7004845171173,-79.3281830206633
THE ELMS PARK,Park,Playground,43.7196259015857,-79.5541450958593
UPPER ROUGE TRAIL PARK,Park,,43.8109536474042,-79.1855293386343
BONSPIEL PARK,Park,Playground,43.7916154076116,-79.1979039889356
BLACK CREEK SITE WEST,Park,,43.6754280500313,-79.4920042610625
SENECA HILL PARK,Park,"Playground, Sports Field, Tennis Court",43.7915047394902,-79.3517317131937
HUMBER BAY PROMENADE PARK,Park,,43.6186472443347,-79.4830472688375
EAST DON PARKLAND,Park,,43.787180660395,-79.3751505593801
RON WATSON PARK,Park,"Ball Diamond, Playground, Sports Field",43.7859917756285,-79.2960499786865
FAIRFIELD PARK,Park,Playground,43.6388778608929,-79.5196092739186
WILLESDEN PARK,Park,Playground,43.7941818981735,-79.3627993176405
MASSEYGROVE PARK,Park,"Basketball Court, Playground, Sports Field",43.7350044713691,-79.5871852979597
DUBRAY PARKETTE,Park,,43.7297547306757,-79.4782088404816
UPWOOD GREENBELT,Park,Playground,43.7061220142856,-79.4993961135255
BERRY ROAD PARK,Park,,43.6341189270698,-79.5014404996225
LOCHLEVEN PARK,Park,"Ball Diamond, Playground",43.7398532401817,-79.2215659896218
BEAUMONDE HEIGHTS PARK,Park,"Ball Diamond, Pickleball Court, Playground, Tennis Court",43.739501519699,-79.5724790482677
MAXOME PARK,Park,Playground,43.7877405718398,-79.3993938301102
PARK LAWN PARK,Park,"Ball Diamond, Pickleball Court, Playground, Sports Field, Tennis Court",43.6372818000982,-79.4946850679518
DRUMSNAB PARKETTE,Park,,43.6749462123112,-79.3676274966966
CLAIRLEA PARK,Park,"Outdoor Dry Pad, Pickleball Court, Playground, Sports Field, Tennis Court",43.7142966640977,-79.2876779290248
QUEEN'S PARK,Park,,43.6646172891636,-79.3923588952023
LAUGHLIN PARK,Park,"Outdoor Ping Pong/Table Tennis, Playground",43.6928213423716,-79.4364450021458
GLEN EDYTH DRIVE PARKETTE,Park,Playground,43.6786556054784,-79.4045915473557
BETHUNE PARK,Park,"Basketball Court, Playground",43.7435687359414,-79.2098666858774
LAVERY TRAIL PARK,Park,,43.7970615558501,-79.1632554181717
BEVERLY GLEN PARK,Park,"Ball Diamond, Playground, Sports Field",43.7983224879613,-79.3249612391724
ELM PARK - YORK,Park,Playground,43.7063327575616,-79.5162655962847
TAYLOR CREEK PARK,Park,"Firepit, Picnic Site, Washroom",43.6998842885054,-79.3105665780394
MARYLAND PARK,Park,"Playground, Tennis Court, Washroom",43.691845197535,-79.2952013420182
FRANKEL - LAMBERT PARK,Park,"Basketball Court, Outdoor Ping Pong/Table Tennis, Playground",43.6721621870241,-79.4244532700926
WALTER SAUNDERS MEMORIAL PARK,Park,"Basketball Court, Outdoor Fitness Equipment, Playground",43.6997395310475,-79.44777760595
IONVIEW PARK,Park,Playground,43.7390837454766,-79.275283139122
ELLISON PARK,Park,,43.7488387897477,-79.4422406039357
MATTY ECKLER PLAYGROUND,Park,"Outdoor Ping Pong/Table Tennis, Playground",43.667985915458,-79.3388322863323
GLEN LONG PARK,Park,Playground,43.7087472215643,-79.4557934172329
NORTH BENDALE PARK,Park,"Ball Diamond, Playground, Tennis Court",43.7697082616759,-79.2447949919632
MEGAN PARK,Park,Playground,43.7743530122858,-79.1732917369943
WEST TORONTO RAILPATH,Park,,43.6593660040801,-79.4519418977372
ACACIA PARK,Park,Playground,43.7199197708483,-79.5412051211802
HIGHVIEW PARK,Park,"Ball Diamond, Outdoor Fitness Equipment, Sports Field, Washroom",43.7026764543495,-79.2579386551214
SIR ADAM BECK PARK,Park,"Pickleball Court, Tennis Court, Washroom",43.6021214131556,-79.5475491027023
CANMORE PARK,Park,"Ball Diamond, Sports Field",43.7930835243075,-79.1772788261465
LES ANTHONY PARKETTE,Park,,43.6914488166855,-79.3229385273971
BESTVIEW PARK,Park,"Ball Diamond, Pickleball Court, Playground, Tennis Court",43.8025870792,-79.3836115734185
HOBART PARK,Park,"Ball Diamond, Playground",43.7892251324529,-79.3485761519183
SANDOWN PARK,Park,"Playground, Sports Field",43.7100020867203,-79.253350742804
SHEPTON WAY PARK,Park,Playground,43.8162183416016,-79.3056699315592
COXWELL RAVINE PARK,Park,"Dog Off-Leash Area, Picnic Site",43.698998547211,-79.3339120351956
HUMMINGBIRD PARK,Park,Playground,43.8279584890092,-79.2360651487481
EDGELEY PARK,Park,"Basketball Court, Outdoor Ping Pong/Table Tennis, Playground",43.7653927434246,-79.5182483409935
NORTH KIPLING PARK,Park,"Basketball Court, Playground",43.7521664904311,-79.5847567877476
MILNER PARKETTE,Park,,43.6722577071701,-79.3835935956195
HUMBERWOOD PARK,Park,Ball Diamond,43.7284972447305,-79.6196668718173
OLD ORCHARD PARK,Park,Playground,43.7307187884486,-79.421904322176
HUMBERLINE PARK,Park,"Basketball Court, Playground, Washroom",43.7309671381707,-79.6153240310977
WALLACE EMERSON PARK,Park,"Basketball Court, Outdoor Dry Pad, Playground, Sports Field",43.666780233638,-79.4405096759813
BURNHAMILL PARK,Park,Playground,43.6420850027459,-79.5856343913265
LAMPORT STADIUM PARK,Park,"Outdoor Ping Pong/Table Tennis, Playground",43.6387692569017,-79.4231847608823
CRESTHAVEN PARK,Park,"Playground, Tennis Court",43.7989881435492,-79.3632595733539
MARTINGROVE GARDENS PARK,Park,"Ball Diamond, Outdoor Dry Pad, Pickleball Court, Playground, Tennis Court",43.6891656137498,-79.563336836914
ORCHARD PARK,Park,"Firepit, Outdoor Ping Pong/Table Tennis, Picnic Site, Playground",43.6687247965392,-79.3141379322677
MCDAIRMID WOODS PARK,Park,"Pickleball Court, Playground, Sports Field, Tennis Court",43.7798555604823,-79.2676081437394
CONFEDERATION PARK,Park,"Basketball Court, Dog Off-Leash Area, Outdoor Dry Pad, Outdoor Fitness Equipment, Playground, Tennis Court",43.7739195595103,-79.2361470739595
ALBION GARDENS PARK,Park,"Pickleball Court, Playground, Tennis Court",43.7396441801143,-79.5589172142972
KIWANIS PARKETTE,Park,,43.6970637682828,-79.349664763892
MARILYN BELL PARK,Park,Disc Golf,43.6307757059226,-79.4301797006989
SEVERN CREEK PARK,Park,,43.6755819577691,-79.3864744427698
STANLEY PARK SOUTH - TORONTO,Park,"Ball Diamond, Dog Off-Leash Area, Outdoor Ping Pong/Table Tennis, Pickleball Court, Tennis Court, Washroom",43.6419107696079,-79.4089348232241
BENNINGTON HEIGHTS PARK,Park,"Ball Diamond, Pickleball Court, Playground, Tennis Court, Washroom",43.6950046633792,-79.3695658692435
EDGE PARK,Park,"Playground, Sports Field",43.7174828269775,-79.298195811959
HIGHLAND CREEK COMMUNITY PARK,Park,"Ball Diamond, Playground",43.7899080365667,-79.1796830448663
TALWOOD PARK,Park,Playground,43.7400608380583,-79.3556606283411
LEONARD LINTON PARK,Park,"Basketball Court, Playground, Skateboarding",43.7134383110989,-79.3540705472968
LESLIE GROVE PARK,Park,"Outdoor Ping Pong/Table Tennis, Playground, Washroom",43.6631596645465,-79.3335585857727
HTO PARK WEST,Park,,43.6374682825923,-79.3902225629547
WOODSWORTH PARKETTE,Park,,43.7652782555088,-79.3658512359462
ANSON PARK,Park,Ball Diamond,43.7271943247313,-79.2398445088303
MACGREGOR PLAYGROUND,Park,"Ball Diamond, Basketball Court, Playground, Washroom",43.6531646200621,-79.4421095776537
WENDERLY PARK,Park,"Ball Diamond, Playground",43.71169511994,-79.4464700199142
EXBURY PARK,Park,Playground,43.7304371521223,-79.504198887901
MASON ROAD PARK,Park,,43.7367353484378,-79.224991874129
GLENVIEW PARKETTE,Park,,43.7203399450791,-79.40407623642
SADDLETREE PARK,Park,"Basketball Court, Playground",43.8049007005986,-79.3774388258683
HIGHFIELD PARK,Park,Playground,43.7443639148968,-79.5892004391701
HUMEWOOD PARK,Park,Playground,43.6836982099568,-79.4261437677493
HOWARD TALBOT PARK,Park,"Ball Diamond, Pickleball Court, Playground, Sports Field, Tennis Court, Washroom",43.7106035019732,-79.3737533734198
ART EGGLETON PARK,Park,"Outdoor Ping Pong/Table Tennis, Playground",43.6593169513403,-79.4183591667403
VAN HORNE PARK,Park,"Basketball Court, Outdoor Fitness Equipment, Playground, Sports Field",43.7868715462289,-79.3374084183638
AVRO PARK,Park,,43.7365499679745,-79.462030974216
WELLESWORTH PARK,Park,"Ball Diamond, Playground, Sports Field, Washroom",43.6566143866502,-79.5743029490384
50 QUEENS QUAY EAST PARK,Park,"Dog Off-Leash Area, Outdoor Dry Pad, Pickleball Court",43.6432446311398,-79.3724974412338
FOREST HILL ROAD PARK,Park,Playground,43.6978490161659,-79.4068615626064
CAMBORNE PARKETTE,Park,,43.733474438311,-79.4977190985373
BOULTON DRIVE PARKETTE,Park,,43.6777565745698,-79.4032665706957
ST. STEVENS COURT PARKETTE,Park,,43.6640649486465,-79.5200446285393
MONCUR PLAYGROUND,Park,"Ball Diamond, Outdoor Dry Pad, Playground",43.6711095978645,-79.3176072897374
BROOKWELL PARK,Park,"Basketball Court, Playground",43.7458853711176,-79.4899670435411
BEECHGROVE PARK,Park,Playground,43.7691671426268,-79.1607166398653
BLUEHAVEN PARK,Park,"Outdoor Fitness Equipment, Playground, Sports Field",43.7452866152309,-79.5555452287284
TRUE DAVIDSON PARK,Park,,43.6921154691148,-79.3302113871142
COLONIAL PARK,Park,Playground,43.7384866237453,-79.2325356750278
BATHURST - WILSON PARKETTE,Park,,43.7370362991699,-79.4332215323722
YORK MILLS VALLEY PARK,Park,"Playground, Tennis Court",43.7393437778261,-79.4047893185991
TURNBERRY NORTH PARK,Park,Playground,43.6792546449655,-79.4668768474068
LEYTON TOT LOT,Park,Playground,43.6987051301587,-79.2807906259358
ALEX MARCHETTI PARK,Park,Playground,43.695358858445,-79.5410305475924
REGAN PARK,Park,Playground,43.8067704724962,-79.1802056919339
SUNNYSIDE BIKE PARK,Park,,43.6369601064325,-79.4645980412859
SCOTIA PARKETTE,Park,,43.6949939278194,-79.2719658425565
CHERRY BEACH SPORTS FIELDS,Park,"Playground, Sports Field, Washroom",43.6407670756302,-79.3415309519688
WITHROW PARK,Park,"Ball Diamond, Basketball Court, Dog Off-Leash Area, Firepit, Outdoor Dry Pad, Outdoor Fitness Equipment, Outdoor Ping Pong/Table Tennis, Pickleball Court, Picnic Site, Playground, Sports Field, Tennis Court, Washroom",43.6744320621775,-79.3469330563353
GRACEFIELD PARK,Park,Playground,43.7080609664026,-79.4913346961255
FLORENCE GELL PARK,Park,Playground,43.6619455882482,-79.4981658015625
REKAI FAMILY PARKETTE,Park,,43.6719765076263,-79.3698722667743
JOEL WEEKS PARK,Park,"Basketball Court, Playground",43.6595379309538,-79.3527837670335
ROBERT LEEK MEMORIAL PARK,Park,Playground,43.737893026378,-79.4670012625496
SOUTHERN LINEAR PARK,Park,,43.6393817410865,-79.3911442880518
ROYCROFT PARK LANDS,Park,,43.6806764724766,-79.4052515716239
PANTRY PARK,Park,"Outdoor Track, Sports Field, Washroom",43.6672721136088,-79.3019986014243
LESCON PARK,Park,Playground,43.7799137415747,-79.3594346416342
LARRY SEFTON PARK,Park,,43.6543992712825,-79.383661904441
LINKWOOD LANE PARKETTE,Park,,43.7187680292429,-79.3274580529626
120 QUEENS QUAY E PARK,Park,,43.6443162145864,-79.3689450613581
EARL BALES PARK,Park,"Dog Off-Leash Area, Firepit, Picnic Site, Playground, Washroom",43.7526488527384,-79.4311230903258
DOUGLAS PARK,Park,Playground,43.6120162505921,-79.5369887325881
BISSET PARK,Park,,43.6089287376159,-79.5545434216875
LAURA ELLIS PARK,Park,,43.7919216538262,-79.1511175856088
ALDERWOOD MEMORIAL PARK,Park,Playground,43.6054642578905,-79.544369853664
SORAUREN AVENUE PARK,Park,"Ball Diamond, Dog Off-Leash Area, Sports Field, Tennis Court",43.6486487316384,-79.4430674797808
RIVERDALE PARK EAST,Park,"Ball Diamond, Dog Off-Leash Area, Outdoor Dry Pad, Outdoor Fitness Equipment, Outdoor Ping Pong/Table Tennis, Outdoor Track, Pickleball Court, Picnic Site, Playground, Sports Field, Tennis Court, Washroom",43.6700504650072,-79.3557408645383
MALLORY GREEN,Park,,43.695592180044,-79.3671916156233
MACPHERSON AVENUE PARKETTE,Park,,43.6778239568988,-79.3985708415817
JEFF SLOAN PLAYGROUND,Park,Playground,43.6705322685674,-79.3099260641846
WHITEHALL PARKETTE,Park,,43.684329850699,-79.3833210556184
LEN FORD PARK,Park,,43.5882542752267,-79.5332350286288
THIRTY EIGHTH STREET PARK,Park,Playground,43.5881987423261,-79.5373830942276
UNDERPASS PARK,Park,"Basketball Court, Picnic Site, Playground, Skateboarding",43.6557647312161,-79.354806376871
MEASUREMENT PARK,Park,,43.6663532013004,-79.3125964610178
ELMBROOK PARK,Park,Playground,43.6605139533021,-79.5844371817406
WHITNEY PARK,Park,,43.6836864603582,-79.373119274136
MARKET GARDEN MEWS,Park,Playground,43.623114420146,-79.5130232808925
CALEDONIA PARK,Park,"Ball Diamond, Cricket Pitch Field, Sports Field, Washroom",43.7137563346191,-79.4649273999112
CHARLOTTETOWN PARK,Park,"Ball Diamond, Playground, Sports Field, Tennis Court",43.7816672765337,-79.140237815241
SPRING GARDEN PARK,Park,,43.6415759118456,-79.5139289853215
SOUTH HUMBER PARK,Park,,43.6358395342805,-79.4811386368156
THE GORE,Park,,43.6358228733839,-79.4076858481386
BETTY SUTHERLAND TRAIL PARK,Park,,43.7645427725753,-79.3517897389954
SHAWNEE PARK,Park,"Outdoor Fitness Equipment, Pickleball Court, Playground, Tennis Court",43.7970431590274,-79.3383512389528
QUEENSWAY PARK,Park,"Ball Diamond, Outdoor Ping Pong/Table Tennis, Pickleball Court, Playground, Tennis Court, Washroom",43.6269955474737,-79.5070536653193
OPERA PLACE,Park,,43.6633634350351,-79.3854997418564
BLEECKER PARKETTE,Park,,43.6662472994058,-79.372875404205
BIG BEAR PARK,Park,,43.719862996058,-79.343315411959
DRAPER PARK,Park,,43.6424625916446,-79.3976375933058
METROGATE PARK,Park,Playground,43.7787361029948,-79.2822145748034
GLENGARRY PARK,Park,Playground,43.7233327525336,-79.4134004408511
NATAL PARK,Park,Playground,43.7133715220626,-79.2558507457632
STARRY PARK,Park,Playground,43.835171206689,-79.2287524016125
PRESCOTT PARKETTE,Park,,43.6753486052929,-79.457663747594
MACKLIN HANCOCK PARK,Park,,43.737530362567,-79.3428510809374
JOYCE PARK,Park,"Outdoor Ping Pong/Table Tennis, Playground",43.7090789720474,-79.4672977705763
HUMBER BAY PARK WEST,Park,"Dog Off-Leash Area, Washroom",43.6151025356318,-79.4789996145603
SCARLETT WOODS GOLF COURSE,Park,"Disc Golf, Washroom",43.6822645523467,-79.5040013683761
DON VALLEY GOLF COURSE,Park,Washroom,43.7488693112541,-79.4106655850656
FAIRMEADOW PARKETTE,Park,,43.7558225681989,-79.3980190052228
HUMBER SHEPPARD PARK,Park,"Playground, Sports Field",43.733157482333,-79.5412531129618
MCKENZIE PARKETTE,Park,,43.7720334661205,-79.4114014160763
TRIPLE CROWN PARKETTE,Park,Sports Field,43.7254264980964,-79.6002935236738
BEACHES PARK,Park,"Beach, Outdoor Fitness Equipment, Picnic Site, Playground, Tennis Court, Washroom",43.6661298769119,-79.298509100303
CHRIST THE KING PARK,Park,Playground,43.6519398697613,-79.5750003115039
ST. MARY STREET PARKETTE,Park,,43.6678738816482,-79.3869042521417
FROST PARK,Park,Playground,43.7136838312331,-79.5668323126489
WICKSON TRAIL PARK,Park,"Ball Diamond, Playground, Sports Field",43.8046818924434,-79.2150516035371
PELLATT PARKETTE,Park,Playground,43.7128301306701,-79.5296735672757
BLUE RIDGE PARK,Park,,43.7746163201242,-79.3753416685858
FARMCREST PARKETTE,Park,,43.7708658331624,-79.3205580518176
TERRAVIEW PARK,Park,"Playground, Sports Field",43.7662731167083,-79.3115841663272
YORK MILLS PARK,Park,,43.742002577538,-79.404521873039
66 DOUGLAS CRESCENT PARKETTE,Park,,43.6921335737627,-79.3664695648997
GRATTAN PARK,Park,Playground,43.7063608073136,-79.5220545566045
AMES PARK,Park,Playground,43.7513602013568,-79.3668358200152
R.V. BURGESS PARK,Park,Playground,43.7037972915949,-79.3437435948281
SYD COLE PARK,Park,Playground,43.5956471404689,-79.533884421172
MARIE CURTIS PARK,Park,"Beach, Dog Off-Leash Area, Outdoor Fitness Equipment, Picnic Site, Playground, Washroom",43.5857045220141,-79.5438584714419
ELLESMERE RESERVOIR PARK,Park,"Cricket Pitch Field, Sports Field",43.7850970394402,-79.201895648833
TORONTO ISLANDS - HANLAN'S POINT PARK,Park,"Beach, Firepit, Picnic Site, Playground, Washroom",43.6149791876122,-79.3905882164772
TORONTO ISLANDS - CENTRE ISLAND PARK,Park,"Beach, Disc Golf, Firepit, Picnic Site, Playground, Washroom",43.6179900019989,-79.3723108377758
BEACH SKATEPARK,Park,Skateboarding,43.6624915939956,-79.3162293894278
THE POCKET,Park,Dog Off-Leash Area,43.6771277853819,-79.3340006357405
TORONTO ISLANDS - SNAKE ISLAND,Park,"Firepit, Picnic Site",43.6241391618803,-79.3641820380973
BRENDWIN CIRCLE PARKETTE,Park,,43.6789334507962,-79.5015474880352
BOB ACTON PARK,Park,Playground,43.6865966358982,-79.2929057663657
CHARLES STREET PARKETTE,Park,,43.6695843186376,-79.3811672970832
SPADINA QUAY WETLANDS,Park,,43.6371955231427,-79.3922571734136
HAGUE PARK,Park,,43.7540187445647,-79.2390191949984
DALESFORD PARK,Park,Playground,43.6259567944505,-79.4919818498848
TWELFTH STREET PARKETTE,Park,,43.5941885738279,-79.508574303166
GLENELLEN PARKETTE,Park,,43.640619013426,-79.4954482404427
SIR WINSTON CHURCHILL PARK,Park,"Dog Off-Leash Area, Playground, Sports Field, Tennis Court, Washroom",43.6828812987665,-79.4088607437294
CLOSE - SPRINGHURST PARKETTE,Park,,43.6352425434581,-79.4342437656878
STADIUM ROAD PARK,Park,Outdoor Fitness Equipment,43.6329369363629,-79.3996190509894
LAWTON PARKETTE,Park,,43.6917248606851,-79.3954903638162
WESTMOUNT PARK,Park,"Pickleball Court, Playground, Tennis Court, Washroom",43.6873056609434,-79.5188097180316
DENFIELD PARK,Park,,43.679544105249,-79.5526805499162
SPENCER - COWAN PARKETTE,Park,Playground,43.6363747819927,-79.4307073234081
TORONTO ISLANDS - WARD'S ISLAND PARK,Park,"Ball Diamond, Beach, Outdoor Dry Pad, Outdoor Ping Pong/Table Tennis, Pickleball Court, Picnic Site, Playground, Washroom",43.6296021226557,-79.3550233695717
SAUNDERS CRESCENT PARKETTE,Park,,43.6278498068013,-79.5035748579206
TORONTO ISLANDS - ISLAND PARK,Park,"Firepit, Picnic Site, Playground, Washroom",43.6218941297834,-79.3786163897636
HOLLEY PARK,Park,Playground,43.7060576899883,-79.5304746753511
MANCHESTER PARK,Park,"Pickleball Court, Playground, Tennis Court",43.6207067808175,-79.4900508638045
ALAN - OXFORD PARKETTE,Park,Playground,43.6211491271434,-79.5057725926793
ALEXANDER PARK,Park,Playground,43.6187956744513,-79.4883459350755
OAKRIDGE PARK,Park,"Outdoor Ping Pong/Table Tennis, Playground, Sports Field",43.6924072058538,-79.2787846217701
CORONATION PARK - TORONTO,Park,"Ball Diamond, Dog Off-Leash Area, Picnic Site, Washroom",43.6342514587092,-79.4054199944684
QUEEN'S GREENBELT,Park,,43.7123320084484,-79.4847479374923
KINSDALE PARK,Park,Playground,43.6355148567463,-79.4889256076992
LAKESHORE BOULEVARD PARKLANDS,Park,"Outdoor Fitness Equipment, Pickleball Court, Tennis Court",43.6332873745905,-79.4381047046275
SPRINGHURST PARKETTE,Park,,43.6336382406859,-79.4327366292966
SILVERHILL PARK,Park,Playground,43.6337686119062,-79.5505764949525
NORSEMAN HEIGHTS PARK,Park,"Ball Diamond, Playground",43.6330990470019,-79.5154206313918
S.A.D.R.A. PARK,Park,"Outdoor Dry Pad, Outdoor Fitness Equipment, Playground",43.6756247658856,-79.4622098101068
LAMBTON PARK,Park,Playground,43.6635931673754,-79.5073952089595
EDITHVALE PARK,Park,"Ball Diamond, Basketball Court, Firepit, Outdoor Fitness Equipment, Outdoor Ping Pong/Table Tennis, Playground, Sports Field",43.7762151972104,-79.4249370380723
BAMBURGH PARK,Park,"Playground, Sports Field",43.8148292939685,-79.3286609683714
CATHEDRAL BLUFFS PARK,Park,,43.7172178477744,-79.2280560294714
QUEENSLAND PARK,Park,Playground,43.6260561758214,-79.5222978018115
FARQUHARSON PARK,Park,"Cricket Pitch Field, Playground",43.7853129951758,-79.2636324297534
DEAN PARK WALKWAY,Park,,43.8039966710061,-79.1740400386379
MELBOURNE AVENUE PARKETTE,Park,Playground,43.6401581844116,-79.4285374052026
LIBERTY VILLAGE PARK,Park,Playground,43.6388321574339,-79.4147270196541
SNOWELLEN AVENUE PARKETTE,Park,,43.6297071664056,-79.5596852466414
BICKFORD PARK,Park,"Ball Diamond, Dog Off-Leash Area, Washroom",43.6610585338884,-79.4187666474327
KNOB HILL PARK,Park,"Basketball Court, Outdoor Dry Pad, Picnic Site, Playground, Washroom",43.7436757395073,-79.2501306012778
CLYDESDALE PARK,Park,"Ball Diamond, Outdoor Fitness Equipment, Playground, Tennis Court",43.7832230867214,-79.3294248276078
TORONTO INUKSHUK PARK,Park,,43.6323354035042,-79.4094759535808
PORTAGE GARDENS PARK,Park,Playground,43.6906392031189,-79.5087092885675
CLARENCE SQUARE PARK,Park,Dog Off-Leash Area,43.6441538927643,-79.3936607240882
HARBOUR SQUARE PARK LANDS,Park,Washroom,43.6402429497281,-79.3761886384267
BENNER PARK,Park,Playground,43.7068902699135,-79.4403256037396
FINCH - ISLINGTON PARK,Park,,43.7447563618756,-79.5700172842646
ALEXMUIR PARK,Park,"Playground, Sports Field",43.8092861528775,-79.2829779694172
TORONTO ISLANDS - OLYMPIC ISLAND PARK,Park,"Firepit, Picnic Site, Playground, Washroom",43.6225357610824,-79.3745494830169
SCARLETT BRIDGE PARKETTE,Park,,43.6787829590702,-79.5068829825627
ROSEMOUNT GARDENS PARKETTE,Park,Playground,43.7067738347365,-79.527590313357
WELLESLEY PARK,Park,"Outdoor Dry Pad, Pickleball Court, Playground",43.6696021046027,-79.3622018071814
WILLIAMSON PARK RAVINE,Park,,43.6780549678585,-79.3173566254804
MCCOWAN DISTRICT PARK,Park,"Pickleball Court, Playground, Sports Field, Washroom",43.7336751987932,-79.2370934326324
MARIE BALDWIN PARK,Park,,43.6697564919132,-79.4973763315236
BERESFORD PARK,Park,"Dog Off-Leash Area, Playground",43.656320286447,-79.4795806587992
GLENLAKE SQUARE,Park,,43.656130553158,-79.4741017805923
MCCLEARY PARK,Park,"Ball Diamond, Washroom",43.6528737473406,-79.3402808501798
HILLSIDE PARK,Park,Playground,43.6088516176427,-79.5000657555987
DOUGLAS GREENBELT,Park,,43.7236767675545,-79.4144114950408
SEELEY GREENBELT,Park,,43.7419075391366,-79.4915541253171
STONEHOUSE PARK,Park,"Outdoor Fitness Equipment, Playground",43.6801232700891,-79.564956601127
NORWOOD PARK,Park,"Dog Off-Leash Area, Outdoor Ping Pong/Table Tennis, Playground, Tennis Court, Washroom",43.6823093441983,-79.3037543039004
WINCHESTER SQUARE PARK,Park,,43.6642756036877,-79.3712685967136
TURPIN AVENUE PARK,Park,Playground,43.7231090084911,-79.5552700867076
MALTA PARK,Park,"Outdoor Ping Pong/Table Tennis, Playground",43.665309686135,-79.4755856033498
GLEBE MANOR SQUARE,Park,,43.7015096213435,-79.3918530946151
HARDING PARK,Park,"Ball Diamond, Playground",43.6995729366282,-79.4984767449704
MADELAINE PARK,Park,Playground,43.6929115524891,-79.285306270216
GLEN AGAR PARK,Park,Playground,43.6621286381339,-79.5563835463937
FELSTEAD AVENUE PLAYGROUND,Park,"Playground, Sports Field, Washroom",43.6793731424188,-79.329443206184
DUPLEX PARKETTE,Park,,43.7213288613974,-79.4031193213782
CRAIGLEIGH GARDENS,Park,Dog Off-Leash Area,43.6778783058973,-79.3718008805138
EAST LYNN PARK,Park,"Outdoor Ping Pong/Table Tennis, Picnic Site, Playground",43.6842069731016,-79.3153709885043
PARMA PARK,Park,Basketball Court,43.7178659480496,-79.3021453559689
LYNNDALE PARKETTE,Park,Picnic Site,43.6826694954114,-79.2755585767698
STEWART A. MCGREGOR PARKETTE,Park,,43.7402149216943,-79.4103165297789
GILTSPUR PARK,Park,"Ball Diamond, Playground",43.7360134115293,-79.5077085612934
ASTERFIELD - PLUMROSE BLVD PARKETTE,Park,,43.7747084593978,-79.1747910364994
BALLYCONNOR PARK,Park,Playground,43.7999421455498,-79.386286144525
SEVEN OAKS PARK,Park,"Ball Diamond, Basketball Court, Playground, Tennis Court, Washroom",43.7882509492851,-79.2105842714658
CRAWFORD - JONES MEMORIAL PARK,Park,,43.7097104733642,-79.5384320623904
MILES ROAD END PARKETTE,Park,,43.6086393163985,-79.487306290529
HEART PARK,Park,,43.7183954184291,-79.4148920788023
KNIGHTS OF COLUMBUS PARK,Park,Playground,43.7641633823054,-79.566195856461
HAMPSHIRE HEIGHTS PARK,Park,,43.6557836833223,-79.5503777611688
FERRAND DRIVE PARK,Park,Playground,43.7198904875729,-79.3328202494585
REDGRAVE PARK,Park,Playground,43.6827461077697,-79.5714449713043
BAYVIEW ARENA PARK,Park,Dog Off-Leash Area,43.7879710212377,-79.3938918998237
DAVID CAPLAN PARK,Park,Playground,43.7740949914793,-79.3321702405569
CORTLEIGH PARKETTE,Park,Playground,43.7098464476963,-79.4255352910116
GARNIER PARK,Park,,43.8013249109258,-79.3941329046159
LORA HILL PARK,Park,"Pickleball Court, Playground, Tennis Court",43.6383335743152,-79.5148294589457
SECORD PARK,Park,Playground,43.6933496237814,-79.3006004090879
WYNFORD PARK ,Park,Playground,43.7285506343361,-79.3286545074525
J.T. WATSON PARKETTE,Park,Playground,43.7015009628446,-79.4507125098432
ORPHAN'S GREEN,Park,Dog Off-Leash Area,43.6547967018755,-79.3618914753787
INDIAN LINE PARK,Park,"Basketball Court, Pickleball Court, Playground, Tennis Court",43.7249686519113,-79.6224617886124
HILLMOUNT PARKETTE,Park,Playground,43.7061293038533,-79.4517073038583
KENNEDY - LAWRENCE PARKETTE,Park,,43.7481066632559,-79.2735980644711
ST. ANDREWS PARK - NORTH YORK,Park,,43.7522871043568,-79.3871473220669
CURRAN HALL RAVINE PARK,Park,,43.7664771988333,-79.2119309120183
MAUGHAN CRESCENT PARKETTE,Park,,43.6694236769778,-79.3158448822801
DEMPSEY PARK,Park,Playground,43.7700405017306,-79.4177519081555
PRINGDALE RAVINE,Park,,43.7453549147813,-79.2431100574126
DON PANOS PARKETTE,Park,,43.6752152610217,-79.4567059494346
SUPERIOR PARK,Park,,43.6145237699737,-79.4866611870632
EGLINTON RAVINE PARK,Park,,43.7295611097014,-79.2718363777179
LUSTED PARK,Park,Playground,43.7622228212507,-79.2322282453243
CARSCADDEN GREENBELT,Park,,43.7650470532857,-79.4435841790108
CEDARGROVE PARK,Park,"Playground, Sports Field",43.7490055593258,-79.2306292124208
WEST DON PARKLAND,Park,Firepit,43.7692901749482,-79.4517278617518
JAYE ROBINSON PARK,Park,"Outdoor Fitness Equipment, Playground",43.7230901709431,-79.4009448125384
NESBITT PARK,Park,"Outdoor Ping Pong/Table Tennis, Playground",43.6931191238218,-79.3668540653302
CRESCENTWOOD PARK,Park,,43.6855520063162,-79.266167107165
LAWREN HARRIS PARK,Park,,43.6733194814186,-79.3850841725678
NORTHERN LINEAR PARK,Park,,43.6412411836557,-79.3947012998174
KIRKDENE PARK,Park,Playground,43.795220926232,-79.138318914537
BISHOP PARK,Park,Playground,43.7817460247976,-79.4124998615425
SENECA VILLAGE PARK,Park,,43.7939247735758,-79.351515193292
SILVERSTONE PARK,Park,Playground,43.7522102861865,-79.5920809679987
SUNFIELD PARK,Park,,43.7433999125633,-79.4917862261988
ROSETTA MCCLAIN GARDENS,Park,Washroom,43.6966050316631,-79.255344308575
BENDALE PARK,Park,,43.7568964322214,-79.244471951364
DUNCAIRN PARK,Park,Playground,43.7391173229474,-79.352887308884
HAVENBROOK PARK,Park,"Ball Diamond, Playground, Tennis Court",43.7677120851192,-79.3566291501695
CORVETTE PARK,Park,"Ball Diamond, Playground, Washroom",43.7271783413286,-79.2597910726882
MAXWELL PARK,Park,,43.762134210786,-79.4482910265283
LONGWOOD PARK,Park,Playground,43.748254125509,-79.362559282199
STAFFORD PARK,Park,Playground,43.7715201912197,-79.438987837516
EGLINTON PARK,Park,"Ball Diamond, Dog Off-Leash Area, Pickleball Court, Picnic Site, Playground, Sports Field, Tennis Court, Washroom",43.707455343197,-79.4053288312595
SANDY BRUCE PARK,Park,"Dog Off-Leash Area, Playground",43.6976689553449,-79.3707314212306
HINDER AREA,Park,"Picnic Site, Washroom",43.7600463925049,-79.4363698010708
PORT UNION COMMUNITY RECREATION CENTRE PARK,Park,"Basketball Court, Outdoor Dry Pad, Skateboarding",43.7798338043484,-79.1400772440666
PALACE PIER PARK,Park,,43.6322810744654,-79.4736896393124
PHIN PARK,Park,"Basketball Court, Outdoor Ping Pong/Table Tennis, Playground",43.6779744486004,-79.3362657140271
GLENDORA PARK,Park,"Ball Diamond, Pickleball Court, Playground, Tennis Court",43.761528171259,-79.3999245338755
WINDERMERE AVENUE PARKETTE,Park,,43.640941977524,-79.4743914233161
ORMSKIRK PARK,Park,Playground,43.6408376477634,-79.4755245932434
PRICEFIELD ROAD PLAYGROUND,Park,"Basketball Court, Playground",43.6814867861325,-79.3887552755597
GIBSON PARK,Park,,43.7690869938313,-79.415232252995
SILVIO COLELLA PARK,Park,Playground,43.7387386342729,-79.5214939552639
EASTVIEW PARK,Park,Playground,43.7602873582828,-79.190018013259
ROYAL CREST PARK,Park,"Playground, Sports Field, Tennis Court, Washroom",43.752791320237,-79.6052923457683
BIRCH PARK,Park,"Ball Diamond, Pickleball Court, Playground, Tennis Court",43.5916807554031,-79.5274185791342
STUART GREENBELT,Park,,43.7538474108402,-79.4152318493953
KEW GARDENS,Park,"Ball Diamond, Basketball Court, Dog Off-Leash Area, Outdoor Dry Pad, Pickleball Court, Picnic Site, Playground, Washroom",43.6681698404802,-79.2983359277853
MCCOWAN PARK,Park,"Dog Off-Leash Area, Playground",43.7474266704939,-79.2394486319165
HUNTERS GLEN PARK,Park,Playground,43.7474442518046,-79.2595323885968
SMITHFIELD PARK,Park,"Ball Diamond, Basketball Court, Outdoor Dry Pad, Outdoor Fitness Equipment, Playground, Skateboarding, Washroom",43.7473680463062,-79.5953493031208
SILVERVIEW PARK,Park,"Ball Diamond, Playground",43.7851460598066,-79.4114524609276
WALLACE C. SWANEK PARK,Park,"Ball Diamond, Playground",43.7090245562805,-79.5225013381382
WEST HILL PARK,Park,"Ball Diamond, Playground",43.7702518540667,-79.1956035888395
ALBERT CAMPBELL SQUARE,Park,"Dog Off-Leash Area, Playground",43.7731118690215,-79.2565320652787
WANITA PARK,Park,"Playground, Sports Field",43.7774997986355,-79.1544653594934
DENTONIA PARK GOLF COURSE,Park,"Disc Golf, Washroom",43.6979331300064,-79.2889959262464
TOTTS TOT LOT,Park,"Ball Diamond, Playground",43.7132597605931,-79.234224124753
MOOREVALE PARK,Park,"Ball Diamond, Outdoor Ping Pong/Table Tennis, Playground, Tennis Court, Washroom",43.6935039685621,-79.3822524686726
BROADVIEW SUBWAY STATION PARKETTE,Park,,43.677241751716,-79.3584074468928
WILLOWDALE PARK,Park,"Playground, Tennis Court, Washroom",43.7663856057162,-79.4072790733352
KIRKWOOD PARK,Park,"Pickleball Court, Playground, Tennis Court",43.7556139522765,-79.3616754458851
ERNIE LUSTIG - RAINBOW PARK,Park,Playground,43.7203080329806,-79.4835900569593
CEDAR RIDGE PARK,Park,"Ball Diamond, Washroom",43.7575607498561,-79.207561569719
DAN IANNUZZI PARK,Park,Playground,43.7667612686708,-79.5063157299663
READING SPROUTS GARDEN,Park,,43.7399300001189,-79.5103924442135
DON RUSSELL MEMORIAL PARK,Park,"Ball Diamond, Dog Off-Leash Area, Outdoor Track, Playground",43.601880049251,-79.5216833651378
FIELDWAY PARKETTE,Park,,43.6401750264246,-79.5288849845026
JEAN AUGUSTINE PARK,Park,,43.6283096568103,-79.4772404318518
WOODBINE PARK,Park,"Disc Golf, Playground, Sports Field, Washroom",43.6644454345437,-79.3127852131806
KEELE RESERVOIR,Park,"Cricket Pitch Field, Sports Field",43.7795272574007,-79.4921263738518
CONNORVALE PARK,Park,"Ball Diamond, Playground, Washroom",43.6098373031652,-79.528790533259
LONG BRANCH PARK,Park,Playground,43.5884583202618,-79.5298761000794
AVALON PARKETTE,Park,,43.6924725401332,-79.2635348900535
YORK MILLS GARDENS,Park,,43.7546628759353,-79.3851368200694
MARBLE HILL PARKETTE,Park,Playground,43.6874906323607,-79.4506489377488
FOUNTAINHEAD PARK,Park,"Outdoor Ping Pong/Table Tennis, Playground, Tennis Court",43.7619604876258,-79.4989775716806
JESSE KETCHUM PARK,Park,,43.6726095822203,-79.3910399762213
REGENT PARK ATHLETIC GROUNDS,Park,"Basketball Court, Outdoor Dry Pad, Outdoor Ping Pong/Table Tennis, Outdoor Track, Pickleball Court, Sports Field, Washroom",43.6593498877993,-79.3591084609905
ROSETHORN PARK,Park,"Playground, Tennis Court",43.6584426494198,-79.5391261055636
LOGAN AVENUE PARKETTE,Park,,43.6786200538968,-79.3505606801007
MATT COHEN PARK,Park,,43.6662996488019,-79.4032967999521
SACKVILLE PLAYGROUND,Park,Playground,43.654606962967,-79.3606680619286
LEAVENWORTH PARKETTE,Park,,43.6342970802947,-79.5616749139857
DOWNSVIEW MEMORIAL PARKETTE,Park,,43.727157797196,-79.481393220381
JANELLAN RAVINE PARK,Park,,43.7683012984091,-79.1546802973874
PRINCESS ANNE PARK,Park,"Playground, Tennis Court",43.6732653507874,-79.5397461861723
AVONDALE PARK,Park,Playground,43.7573068807052,-79.407662981392
KAY GARDNER BELTLINE PARK,Park,,43.6857976464721,-79.3676435527298
FIRVALLEY WOODS,Park,,43.7046981922972,-79.2788946876566
FRED HAMILTON PLAYGROUND,Park,"Outdoor Fitness Equipment, Outdoor Ping Pong/Table Tennis, Picnic Site, Playground, Washroom",43.6529646429939,-79.420232876058
ED AND ANNE MIRVISH PARKETTE,Park,,43.6665784805937,-79.4115170774746
ALBERT CROSLAND PARK,Park,"Basketball Court, Playground",43.6408899592621,-79.4401489378015
MONTCLAIR AVENUE PARKETTE,Park,,43.6879159266925,-79.4122658105947
ISLINGTON HEIGHTS PARK,Park,,43.659084557573,-79.5329143462146
BOBBIE ROSENFELD PARK,Park,,43.6415847668896,-79.3872459451228
LITTLE YORK PARKETTE,Park,,43.6855419788342,-79.3010286020962
EGLINTON FLATS,Park,"Pickleball Court, Playground, Sports Field, Tennis Court, Washroom",43.6849623759822,-79.4993864277001
GLENN GOULD PARK,Park,Playground,43.6868023529286,-79.4021474550583
WESTWAY PARK,Park,"Ball Diamond, Playground, Tennis Court, Washroom",43.6877692742751,-79.5415217546097
LEDBURY PARK,Park,Washroom,43.7273960080346,-79.4251589559548
DUNDAS - WATKINSON PARKETTE,Park,Playground,43.6652924194185,-79.4606117073815
ROBERT HICKS PARK,Park,Playground,43.7723803366189,-79.4533236543732
BAYHAMPTON PARKETTE,Park,Playground,43.7683793028644,-79.4576102351454
DON MILLS LOCAL PARK,Park,Playground,43.7322832908552,-79.3452355680189
REGENTS PARK,Park,"Playground, Sports Field",43.7067762814152,-79.2912513238342
PRINCESS STREET PARK,Park,,43.648202063451,-79.3660133150147
WILLARD GARDENS PARKETTE,Park,Playground,43.6477804764173,-79.4811223932572
JEFF HEALEY PARK,Park,"Ball Diamond, Pickleball Court, Playground, Tennis Court",43.6302407004926,-79.4949226189368
SEVILLE AVENUE PARKETTE,Park,,43.6320300665103,-79.5606922278384
DUNDAS PARKETTE,Park,,43.6634121149239,-79.3480083465553
HILLHURST PARKETTE,Park,,43.7091298205798,-79.4271553955238
MEMORIAL PARK - YORK,Park,,43.69948009374,-79.5205156554376
ROXTON ROAD PARKETTE,Park,,43.6506896739578,-79.4195752962198
THACKERAY PARK,Park,Cricket Pitch Field,43.7629032400004,-79.5859469156202
BRIAR HILL - CHAPLIN PARK,Park,,43.7084377079288,-79.42598446103
WESTON VILLAGE PARKETTE,Park,,43.7096653490922,-79.5278113368265
SILVER CREEK PARK,Park,"Ball Diamond, Outdoor Fitness Equipment, Playground, Tennis Court, Washroom",43.6827011188454,-79.5434038311754
CARLAW AVENUE PARKETTE,Park,Playground,43.6792990934975,-79.3469806626057
WYCHWOOD BARNS PARK,Park,"Dog Off-Leash Area, Outdoor Ping Pong/Table Tennis, Picnic Site, Playground",43.6797030716251,-79.4236963301444
MARLBOROUGH PLACE PARKETTE,Park,,43.6793043689045,-79.3944270033659
WINDWOOD PARK,Park,Playground,43.7320922700189,-79.6059450679951
DELAHAYE PARKETTE,Park,,43.7332135591432,-79.4405924337315
WILKET CREEK PARK,Park,"Firepit, Picnic Site, Washroom",43.7214487588314,-79.3513446219149
MURISON PARK,Park,"Ball Diamond, Playground, Sports Field",43.7980161069515,-79.2051409799867
WOODCLIFF GREENBELT,Park,,43.7402842343935,-79.3350839058438
WOODROW PARK,Park,Playground,43.7058414456357,-79.2629899590126
LAWREN HARRIS SQUARE,Park,,43.6549563498529,-79.3541864540851
MONTAGUE PARKETTE,Park,,43.6637235012621,-79.3753821262897
THOROGOOD GARDENS,Park,,43.6633568579785,-79.3495752139319
RAYMORE PARK,Park,"Ball Diamond, Dog Off-Leash Area, Playground",43.6953083087977,-79.5145529602621
WIMBLETON ROAD SOUTH PARKETTE,Park,,43.6607534099911,-79.5241801617706
SUSAN TIBALDI PARKETTE,Park,Playground,43.6595745817629,-79.4395705542456
SAULTER STREET PARKETTE,Park,,43.657739332271,-79.3464786140831
HALBERT PARK,Park,"Ball Diamond, Playground, Sports Field, Washroom",43.728828337408,-79.2313080790699
BAYVIEW PARKETTE,Park,,43.7667596956808,-79.3884905886796
GOLF CLUB PARKETTE,Park,Playground,43.6890843255322,-79.2769833938452
TRUDELLE STREET PARK,Park,Basketball Court,43.7394848479853,-79.2420754689163
GLEN RAVINE PARK,Park,"Outdoor Fitness Equipment, Sports Field",43.7380863172688,-79.2558446104324
WARNER PARK,Park,Playground,43.7245210536483,-79.3061947558515
ELWARD - MANSION PARKETTE,Park,,43.6911275474704,-79.2809917222434
BROOKFIELD PARKETTE,Park,,43.7409608273782,-79.4007871050892
DOWNSVIEW DELLS PARK,Park,"Firepit, Picnic Site, Washroom",43.7365994040218,-79.4982635714345
WILSON HEIGHTS PARK,Park,,43.7412397674427,-79.4511126441609
LITHUANIA PARK,Park,"Ball Diamond, Playground, Sports Field, Washroom",43.6587479549091,-79.4630029009203
PERTH AVENUE PARKETTE,Park,Basketball Court,43.6587793087855,-79.4499983529266
LEASIDE PARK,Park,"Ball Diamond, Outdoor Ping Pong/Table Tennis, Playground, Sports Field, Tennis Court, Washroom",43.702196292248,-79.3500980657578
MALLABY PARK,Park,,43.7059241734327,-79.5327552211603
OLYMPIA PARK,Park,,43.7041444108952,-79.4900854279754
HIGH LEVEL PUMPING STATION AND PARK,Park,"Outdoor Ping Pong/Table Tennis, Playground",43.6776566663569,-79.4019324568645
ERWIN KRICKHAHN PARK,Park,Playground,43.6593362749005,-79.4461702838584
DUNFIELD PARK,Park,Playground,43.7052847555408,-79.3943348155858
CHESTNUT HILLS PARK,Park,Playground,43.6555350692396,-79.5275140539898
LITTLE TRINITY CHURCH LANDS,Park,Playground,43.6529734889692,-79.3621321278792
BELLEVUE SQUARE PARK,Park,"Outdoor Fitness Equipment, Playground, Washroom",43.653508875721,-79.4023274975012
RITCHIE AVENUE PARKETTE,Park,"Outdoor Ping Pong/Table Tennis, Playground",43.653854431413,-79.4489914547303
GRANGE PARK,Park,"Dog Off-Leash Area, Playground, Washroom",43.652445846292,-79.3922149631286
JUNE ROWLANDS PARK,Park,"Ball Diamond, Outdoor Ping Pong/Table Tennis, Picnic Site, Playground, Tennis Court, Washroom",43.7006938928845,-79.3885304517246
KEELESDALE PARK,Park,Sports Field,43.6867768684201,-79.4800118522546
STEPHENSON PARK,Park,"Ball Diamond, Firepit, Outdoor Ping Pong/Table Tennis, Pickleball Court, Playground",43.6859834485914,-79.303631745989
REAN DRIVE PARKETTE,Park,,43.7674849774213,-79.3837418357773
CLIFFSIDE RAVINE,Park,,43.7038679671255,-79.2480235697637
WELLS HILL PARK,Park,"Outdoor Ping Pong/Table Tennis, Picnic Site, Playground, Washroom",43.6828958148488,-79.4163936823354
WILDWOOD CRESCENT PLAYGROUND,Park,"Dog Off-Leash Area, Playground",43.6811561694631,-79.3128748628637
OAKDALE PARK,Park,"Basketball Court, Outdoor Fitness Equipment, Outdoor Ping Pong/Table Tennis, Playground",43.7481008099483,-79.5133103790947
BARTLETT PARKETTE,Park,Outdoor Dry Pad,43.6703515818405,-79.436344115297
HURON - WASHINGTON PARKETTE,Park,Playground,43.6662280743833,-79.4015094078356
ETOBICOKE VALLEY PARK,Park,"Ball Diamond, Playground, Washroom",43.5981888200441,-79.5531854227864
JONATHAN ASHBRIDGE PARK,Park,"Pickleball Court, Playground, Tennis Court, Washroom",43.6646987524104,-79.3199305761713
DELMA PARK,Park,Playground,43.6030674404724,-79.551868219011
JORDON CARTER MEMORIAL PARK,Park,Skateboarding,43.6025420765678,-79.5079355541655
MICHAEL FELDMAN PARKETTE,Park,Playground,43.7546527024597,-79.4599835904821
BAYVIEW - YORK MILLS PARKETTE,Park,,43.7491856979214,-79.383728413092
UPPER JUNCTION PARK,Park,Playground,43.6746118142848,-79.4690457016514
SUNNYLEA PARK,Park,"Pickleball Court, Playground, Tennis Court",43.6415571078008,-79.5016309489152
MASARYK PARK,Park,"Outdoor Ping Pong/Table Tennis, Playground",43.6403042642431,-79.4331286548139
COE HILL DRIVE PARKETTE,Park,,43.641253154244,-79.4741477110276
BARKDENE PARK,Park,,43.7168510549657,-79.2341277221283
DIANA PARK,Park,"Outdoor Fitness Equipment, Playground",43.7413188592237,-79.4891035896719
MUIR PARK,Park,"Ball Diamond, Playground",43.7349086298725,-79.2287656880328
MUNICIPAL PARK,Park,Playground,43.5931219966708,-79.5423204527078
COXWELL AVENUE PLAYGROUND,Park,Playground,43.6773563703843,-79.3215477147239
TRETHEWEY PARK WEST,Park,"Basketball Court, Outdoor Ping Pong/Table Tennis, Playground, Sports Field",43.6967810342362,-79.4978753800819
CONSTABLE PERCY CUMMINS PARKETTE,Park,,43.6717788951576,-79.4613989687844
GATEWAY PARK,Park,,43.6393331052003,-79.4119174331757
SMITHWOOD PARK,Park,Playground,43.6408874593971,-79.5507058668245
PETER STREET BASIN PARK,Park,,43.6383857879936,-79.3893766944125
NORTH PARK,Park,"Playground, Tennis Court",43.719197465826,-79.4724049793869
SPENVALLEY PARK,Park,"Ball Diamond, Playground, Sports Field",43.744393624159,-79.506297398619
WESTVIEW GREENBELT,Park,,43.7012449454493,-79.487926785598
LESSARD PARK,Park,"Ball Diamond, Outdoor Ping Pong/Table Tennis, Playground, Washroom",43.6538959684212,-79.4899828916472
INGLEWOOD PARKETTE,Park,,43.6891458587266,-79.3875836667173
FUNDY BAY PARK,Park,"Ball Diamond, Playground, Skateboarding, Sports Field",43.8108758842568,-79.3182768447105
BERT ROBINSON PARK,Park,"Basketball Court, Playground, Sports Field",43.6878430796668,-79.4613375630626
TORONTO METROPOLITAN UNIVERSITY SQUARE,Park,,43.6574752237641,-79.3796807057292
LILLIAN H. SMITH PARK,Park,,43.6576979804625,-79.3982729658787
NORTH YORK ROSE GARDEN,Park,,43.7695008765449,-79.4133949691214
LAKESHORE VILLAGE PARK,Park,"Basketball Court, Playground",43.6008994463664,-79.5100323410491
SAND BEACH ROAD PARKETTE,Park,,43.6014254930978,-79.4969198505271
PRINCE OF WALES PARK,Park,"Playground, Tennis Court, Washroom",43.5988411334612,-79.4987828561015
LABURNHAM PARK,Park,"Pickleball Court, Playground, Tennis Court",43.6001318055955,-79.5280276819765
WESTWOOD PARK,Park,Playground,43.6866855150126,-79.3523828916077
TODMORDEN MILLS PARK,Park,,43.6840478114793,-79.3593671970371
BALMY BEACH PARK,Park,"Beach, Dog Off-Leash Area, Outdoor Fitness Equipment, Outdoor Ping Pong/Table Tennis, Playground, Washroom",43.6696108401094,-79.2873606010502
HANEY PARK,Park,,43.674115861695,-79.4953859345353
PAUL MARTEL PARK,Park,,43.6675506714251,-79.4032532389092
JUNE CALLWOOD PARK,Park,Playground,43.6366157961616,-79.4039705836451
DUFFERIN GROVE PARK,Park,"Basketball Court, Firepit, Outdoor Ping Pong/Table Tennis, Pickleball Court, Picnic Site, Playground, Skateboarding, Sports Field, Washroom",43.6562981599803,-79.4324881937625
JULIUS DEUTSCH PARK,Park,"Outdoor Fitness Equipment, Playground",43.6566774701107,-79.3971259539963
BRIGHT STREET PLAYGROUND,Park,Playground,43.6562031570915,-79.3597205432931
CHELSEA AVENUE PLAYGROUND,Park,Playground,43.6573752811392,-79.4557474611854
RICHVIEW PARK,Park,"Ball Diamond, Playground, Sports Field",43.6771675484394,-79.5615651442059
GRAND AVENUE PARK,Park,"Dog Off-Leash Area, Outdoor Track, Sports Field",43.6226040954292,-79.4906688539086
RAVENSCREST PARK,Park,,43.6587742647615,-79.5531220659513
BIIDAASIGE PARK,Park,"Dog Off-Leash Area, Playground",43.6463157116775,-79.3445813795593
CEDARVALE RAVINE,Park,Outdoor Fitness Equipment,43.6887484692844,-79.4178045106942
CEDARVALE PARK,Park,"Ball Diamond, Cricket Pitch Field, Dog Off-Leash Area, Pickleball Court, Playground, Sports Field, Tennis Court",43.6920429918136,-79.4293463942146
MCCLEARY PLAYGROUND,Park,Playground,43.6592530180841,-79.3454242184311
THE RAIL GARDEN,Park,,43.6760306288456,-79.3260320017265
FAIRFORD AVENUE PARKETTE,Park,,43.6752506057886,-79.3206242144822
TURNBERRY SOUTH PARK,Park,Playground,43.6769589964082,-79.4658451087193
SUGAR BEACH PARK,Park,,43.6432584285317,-79.3674857945044
STANLEY PARK NORTH - TORONTO,Park,"Basketball Court, Outdoor Ping Pong/Table Tennis, Playground, Washroom",43.6431324087499,-79.4098430479658
WALLER AVENUE RAVINE LANDS,Park,,43.6441952634682,-79.4797321955619
LAWRENCE PARK RAVINE,Park,"Tennis Court, Washroom",43.7204947150046,-79.3986040929914
CANON JACKSON PARK,Park,Playground,43.6983644283283,-79.4719383021443
CLARA WILL PARK,Park,Playground,43.7988952960929,-79.3588899051911
SKEENS LANE PARKETTE,Park,Playground,43.5963029355099,-79.5288874733864
PAUL E. GARFINKEL PARK,Park,,43.643394656922,-79.421420620886
WEDGEWOOD PARK - ETOBICOKE,Park,"Pickleball Court, Playground, Tennis Court, Washroom",43.6444634725438,-79.5475174728899
BLOOR - BEDFORD PARKETTE,Park,,43.6680809164047,-79.398027455
NORMAN JEWISON PARK,Park,,43.6672432750661,-79.3845895342306
BARBARA HALL PARK,Park,"Dog Off-Leash Area, Playground",43.6666770185006,-79.3805150317189
MCGREGOR PARK,Park,"Ball Diamond, Basketball Court, Outdoor Dry Pad, Pickleball Court, Playground, Tennis Court",43.7473020128729,-79.2805594573923
ELIE WIESEL PARK,Park,"Ball Diamond, Outdoor Dry Pad, Pickleball Court, Playground, Tennis Court, Washroom",43.7457158547698,-79.4380929807479
WEMBLEY PARKETTE,Park,,43.7009059070208,-79.4310478864768
GEORGE MILBRANDT PARKETTE,Park,,43.725366902227,-79.4019279517528
BIRMINGHAM STREET PARKETTE,Park,Outdoor Ping Pong/Table Tennis,43.6015659378291,-79.51130843706
24 DEWHURST BOULEVARD PARK,Park,,43.6807419826565,-79.3400221641146
BOTANY HILL PARK,Park,"Dog Off-Leash Area, Playground, Tennis Court",43.7781008007468,-79.2115040419136
HUMBER VALLEY GOLF COURSE,Park,Washroom,43.7264862963141,-79.5436321425857
JOSEPH BURR TYRRELL PARK,Park,Playground,43.6666174890659,-79.4072656929784
PINE POINT PARK,Park,"Pickleball Court, Playground, Sports Field, Tennis Court, Washroom",43.7153178244649,-79.5398620678034
ALEXANDER STREET PARKETTE,Park,,43.663404864057,-79.3828043808028
ASHBRIDGES BAY PARK,Park,"Disc Golf, Firepit, Outdoor Fitness Equipment, Picnic Site, Washroom",43.6586660547529,-79.3095288671624
PERTH SQUARE PARK,Park,"Firepit, Playground, Washroom",43.6639690654371,-79.452478787787
JOHN CHANG NEIGHBOURHOOD PARK,Park,Playground,43.6622680272381,-79.3420919781149
CENTENNIAL PARK - ETOBICOKE,Park,"Ball Diamond, Cricket Pitch Field, Disc Golf, Outdoor Fitness Equipment, Outdoor Track, Pickleball Court, Picnic Site, Playground, Sports Field, Washroom",43.6516875893792,-79.5929285613507
MOUNT PLEASANT PARKETTE,Park,,43.69977457121,-79.3866239887926
MOREAU TRAIL PARK,Park,Playground,43.7074771710283,-79.2836259102601
LITTLE NORWAY PARK,Park,"Ball Diamond, Outdoor Fitness Equipment, Playground, Washroom",43.6344839206963,-79.3984131999893
FLAGSTAFF PARK,Park,"Basketball Court, Pickleball Court, Playground, Sports Field, Tennis Court, Washroom",43.7211741636735,-79.5906395390043
GREYSTONE PARK,Park,"Basketball Court, Playground",43.7261242485564,-79.252170846204
BALCARRA PARK,Park,,43.7257596440884,-79.2272524713856
NORTHUMBERLAND PLAYGROUND,Park,Playground,43.6627853179065,-79.4263575538702
DENNIS FLYNN PARK,Park,"Basketball Court, Playground, Washroom",43.641268389533,-79.5663514538869
WALMER RD PARKETTE,Park,,43.6762869442413,-79.4087473509348
MOUNT ROYAL PARKETTE,Park,Playground,43.6765809260083,-79.432507600036
WADSWORTH PARK,Park,"Basketball Court, Firepit, Playground, Sports Field",43.6723317760734,-79.4579824179909
DELO PARK,Park,,43.7098606100516,-79.4639011184249
GEORGE HISLOP PARK,Park,,43.6682760157536,-79.384937527232
DUNCAN CREEK PARK,Park,Playground,43.8053611584828,-79.3636109459492
PERCY PARK,Park,,43.6550949298212,-79.3576390382867
TRUDELLE PARK,Park,Playground,43.7415183609371,-79.2447031476189
DE HAVILLAND 'MOSSIE' PARK,Park,"Outdoor Fitness Equipment, Playground, Sports Field",43.7268775802134,-79.4676627549158
CLOVER HILL PARK,Park,,43.6660715578155,-79.3882633160309
LISGAR PARK,Park,Playground,43.6424310401166,-79.4237574134789
CAWTHRA PLAYGROUND,Park,"Outdoor Ping Pong/Table Tennis, Playground",43.6759858194885,-79.4139542522033
ONTARIO STREET PARKETTE,Park,Playground,43.6575711194578,-79.3676855214695
MORSE STREET PLAYGROUND,Park,"Outdoor Ping Pong/Table Tennis, Playground, Washroom",43.6568417095401,-79.3400197721726
MILL VALLEY PARK,Park,"Pickleball Court, Playground, Tennis Court",43.6418045374675,-79.5878181649625
SCARLETT - ST. CLAIR PARKETTE,Park,,43.6663820078308,-79.4990048382322
HUMBER VALLEY PARK,Park,"Outdoor Fitness Equipment, Pickleball Court, Playground, Tennis Court, Washroom",43.6648922532799,-79.5250194488226
SALLY BIRD PARK,Park,Outdoor Fitness Equipment,43.6628731854244,-79.4066365225086
SALEM PARKETTE,Park,Outdoor Fitness Equipment,43.6613307288939,-79.4312887485328
DANFORTH GARDENS PARK,Park,"Playground, Sports Field",43.7087227896398,-79.2697912914491
SADLER PARKETTE,Park,,43.7089259762824,-79.2679488782751
RICARDO PARKETTE,Park,Playground,43.7115147954527,-79.4972258366315
DANE PARKETTE,Park,Playground,43.7158410071375,-79.4531224896893
HUMBER BAY SHORES PARK,Park,,43.6310255555246,-79.4716000311613
IRELAND PARK,Park,,43.6346455962573,-79.395913468824
LARRATT PARKETTE,Park,,43.69991215856,-79.4102751630698
PRAIRIE DRIVE PARK,Park,"Pickleball Court, Picnic Site, Playground, Tennis Court, Washroom",43.6971138527239,-79.284118385722
REDPATH AVENUE PARKETTE,Park,Playground,43.7123665329719,-79.3943961475513
TOPHAM PARK,Park,"Ball Diamond, Playground, Tennis Court, Washroom",43.7100225254369,-79.3065172658871
BIRCHMOUNT PARK,Park,"Ball Diamond, Outdoor Dry Pad, Outdoor Fitness Equipment, Pickleball Court, Playground, Sports Field",43.6959975420342,-79.2606666432552
DELL PARK,Park,Playground,43.7170967490405,-79.4339120364854
WARDEN WOODS PARK,Park,Dog Off-Leash Area,43.7041333906773,-79.2823046643721
ST. CLEMENTS - YONGE PARKETTE,Park,,43.7131420472105,-79.4001776896878
KELSONIA PARKETTE,Park,,43.7104634587718,-79.2474941851779
CHARLOTTE MAHER PARK,Park,Playground,43.711953519212,-79.3808720619086
GLEN PARK PARKETTE,Park,,43.7056225247771,-79.4647404151999
EDEN VALLEY PARK,Park,Playground,43.6788228117995,-79.5343267171951
BLACK CREEK SITE EAST,Park,,43.6766898614283,-79.4850662482834
CRUICKSHANK PARK,Park,"Outdoor Fitness Equipment, Picnic Site, Playground",43.7021892224079,-79.5262594471622
GEORGE WEBSTER PARK,Park,"Playground, Sports Field, Washroom",43.7012959850266,-79.3009724276052
CATARAQUI PARK,Park,Playground,43.7011938456455,-79.2797773723676
WARDEN HILLTOP COMMUNITY CENTRE PARK,Park,Playground,43.7146349911114,-79.2801437353202
CONLANDS PARKETTE,Park,,43.7174776210594,-79.4525251187325
WILLIS BLAIR PARKETTE,Park,Playground,43.7148195182294,-79.3061057980542
FALSTAFF PARK,Park,"Basketball Court, Playground",43.7167379572591,-79.5034249357297
NORTH KEELESDALE PARK,Park,"Ball Diamond, Washroom",43.6908245091908,-79.4824739306051
HARRISON-DOVERCOURT PARKETTE,Park,Outdoor Ping Pong/Table Tennis,43.6504432517537,-79.4247425866559
COSBURN PARK,Park,"Tennis Court, Washroom",43.6929471263952,-79.3302786222326
AUSTIN TERRACE BOULEVARD LANDS,Park,,43.6782419875496,-79.4109989497447
FAIRMOUNT PARK,Park,"Ball Diamond, Firepit, Outdoor Ping Pong/Table Tennis, Pickleball Court, Playground, Sports Field, Tennis Court",43.6758927887358,-79.3157246828081
ROSEDALE PARK,Park,"Ball Diamond, Outdoor Dry Pad, Outdoor Ping Pong/Table Tennis, Playground, Sports Field, Tennis Court, Washroom",43.6827794633922,-79.3789306793129
GLADHURST PARK,Park,,43.6848460558872,-79.4913022539355
ROSE VALLEY PARK,Park,,43.675915233987,-79.5009750671499
WAYNE PARKETTE,Park,Playground,43.7390481814211,-79.296240303185
GLENGROVE AVE PARK,Park,,43.7103723326067,-79.4448471814006
WESTON VILLAGE PARK,Park,Playground,43.7113927861297,-79.5301389942422
AVONSHIRE PARKETTE,Park,,43.7583243976358,-79.4058477359963
BEECROFT LINEAR PARK,Park,,43.7714923830136,-79.4170192215766
DUNN AVENUE PARKETTE,Park,,43.6394939983686,-79.4334717108104
ROTARY PEACE PARK,Park,"Ball Diamond, Pickleball Court, Playground, Tennis Court, Washroom",43.5947627654434,-79.5068692870492
LLOYD MANOR PARK,Park,Playground,43.672209161361,-79.5540909401974
CHARLES SAURIOL PARKETTE,Park,,43.6855892666634,-79.3567859134335
JEAN SIBELIUS SQUARE,Park,"Picnic Site, Playground, Washroom",43.6714476735726,-79.4087961518939
PRIMROSE AVENUE PARKETTE,Park,Playground,43.6714914651714,-79.4464392845604
TOURAINE PARKETTE,Park,,43.7339104933411,-79.4396739453423
VEROBEACH PARKETTE,Park,Playground,43.7350691931143,-79.5439504495549
LAURENTIDE PARK,Park,,43.7555079171737,-79.335770183921
AMOS WAITES PARK,Park,"Outdoor Ping Pong/Table Tennis, Playground, Washroom",43.6133543704603,-79.4883233106039
HUMBER ARBORETUM,Park,"Cricket Pitch Field, Outdoor Fitness Equipment, Sports Field",43.7271380311721,-79.6131163069575
ELM PARK - ETOBICOKE,Park,"Playground, Sports Field",43.7698864155712,-79.5252216428674
STAN WADLOW PARK,Park,"Ball Diamond, Dog Off-Leash Area, Outdoor Ping Pong/Table Tennis, Playground, Skateboarding, Sports Field, Washroom",43.6983671682227,-79.3140535784306
JANE OSLER PARK,Park,,43.7233680144501,-79.4600122396617
CHAUNCEY - ISLINGTON PARKETTE,Park,,43.6377653994245,-79.521118880237
PESSOA PARK,Park,,43.643410518505,-79.4286998925682
GLEN SHEPPARD PARK,Park,"Playground, Sports Field",43.7276187321779,-79.2501322431387
CHALKFARM PARK,Park,"Outdoor Fitness Equipment, Pickleball Court, Playground, Tennis Court",43.72696397054,-79.5161388624171
COXWELL AVENUE PARKETTE,Park,Basketball Court,43.677893661242,-79.3207265471604
SYMINGTON AVENUE PLAYGROUND,Park,"Ball Diamond, Outdoor Fitness Equipment, Outdoor Ping Pong/Table Tennis, Tennis Court",43.666706102709,-79.4522856824199
CARLTON PARK,Park,"Basketball Court, Firepit, Playground",43.6665622439282,-79.4554776121538
VINE AVENUE PLAYGROUND,Park,"Basketball Court, Playground",43.6669855033985,-79.4704828710234
TORONTO ISLANDS - ALGONQUIN ISLAND PARK,Park,,43.6258121596893,-79.362052509903
MILLWOOD PARK,Park,"Ball Diamond, Pickleball Court, Playground, Tennis Court, Washroom",43.6317644571902,-79.5784370133919
PEAREN PARK,Park,"Ball Diamond, Playground",43.6866767760301,-79.4934400087323
SOUTH MARINE DRIVE PARK,Park,,43.7374772533522,-79.2015837130459
SHERBOURNE COMMON,Park,"Playground, Washroom",43.6448847872863,-79.3649477531678
JENNIFER KATERYNA KOVAL'S'KYJ PARK,Park,,43.6410446857836,-79.3552397595627
GARRISON COMMON,Park,,43.6384614375107,-79.407105706175
COBBLE HILLS PARKETTE,Park,,43.6728386907633,-79.5229679500174
GARRISON CREEK PARK,Park,,43.6714381473382,-79.4282823184823
SUNNYDALE ACRES PARK,Park,"Ball Diamond, Playground, Tennis Court, Washroom",43.7240965975286,-79.5785252711438
WATER'S EDGE PROMENADE,Park,Beach,43.6438974108538,-79.3642273612318
MICHAEL MOSTYN BALMORAL PARK,Park,"Outdoor Fitness Equipment, Pickleball Court, Playground, Tennis Court",43.7448633231671,-79.4498857976665
ARTHUR DYSON PARKETTE,Park,,43.6963749132689,-79.3502372982128
JAMES TRIMBEE PARK,Park,Playground,43.699153624021,-79.5055134408288
GLEN STEWART PARK,Park,Picnic Site,43.6777501736459,-79.2929833349497
MAHER CIRCLE PARKETTE,Park,,43.6625809130766,-79.4782668156419
LUCY MAUD MONTGOMERY PARK,Park,,43.6424256976721,-79.4834528513057
ASQUITH GREEN PARK,Park,,43.6719479941222,-79.3843519069567
PRINCE CHARLES PARK,Park,Playground,43.722656879251,-79.4357172755406
WOBURN AVENUE PLAYGROUND,Park,"Playground, Washroom",43.7274341845584,-79.4060798008937
TORONTO WATERFRONT PARK,Park,,43.6397658677887,-79.3800555448424
RITA COX PARK,Park,Playground,43.6401341144053,-79.4255744554253
REES STREET PARKETTE,Park,Playground,43.6395541289984,-79.3846391387197
BOSWELL PARKETTE,Park,,43.6726126942292,-79.3959252943118
TOWN HALL SQUARE,Park,,43.6720394338363,-79.3882843880466
EDINBOROUGH PARK,Park,,43.6734039860571,-79.499957500785
KEMPTON HOWARD PARK,Park,"Ball Diamond, Outdoor Ping Pong/Table Tennis, Playground",43.6758790298779,-79.3404915938113
COLEMAN PARK,Park,"Outdoor Ping Pong/Table Tennis, Playground, Tennis Court",43.6893992003522,-79.2998132896449
AMSTERDAM SQUARE,Park,,43.6870105628259,-79.4010608035814
LOVE CRESCENT PARKETTE,Park,,43.6790510305433,-79.303570217874
BILL JOHNSTON PARK,Park,Dog Off-Leash Area,43.640094408226,-79.4137386003358
CANOE LANDING,Park,"Dog Off-Leash Area, Sports Field",43.6389753006818,-79.396323630107
GULLIVER PARK,Park,"Ball Diamond, Outdoor Fitness Equipment, Playground",43.6981523784847,-79.4797945351303
WESTON LIONS PARK,Park,"Ball Diamond, Basketball Court, Playground, Skateboarding, Sports Field, Tennis Court, Washroom",43.6979437098432,-79.5175390232004
TRINITY SQUARE,Park,,43.6545159903913,-79.3818699449509
CASHMAN PARK,Park,Playground,43.655640382391,-79.4937227689247
ESTHER LORRIE PARK,Park,"Ball Diamond, Sports Field, Washroom",43.7279569398069,-79.5794142356514
BLUFFER'S PARK,Park,"Beach, Picnic Site, Washroom",43.7093530218654,-79.2333881045029
SPADINA PARK,Park,,43.6781460302407,-79.408419333816
STANLEY GREENE PARK,Park,"Basketball Court, Firepit, Outdoor Fitness Equipment, Pickleball Court, Playground, Skateboarding, Tennis Court, Washroom",43.7344958701301,-79.4773371188425
VIMY RIDGE PARKETTE,Park,,43.6104531093865,-79.4904128444426
MIMICO MEMORIAL PARK,Park,"Ball Diamond, Playground, Tennis Court, Washroom",43.6098135147564,-79.4936683212394
NORTH MIMICO VALLEY PARK,Park,,43.6990229753283,-79.6038532502049
ASHTONBEE RESERVOIR PARK,Park,"Cricket Pitch Field, Sports Field, Washroom",43.7302599833476,-79.2955773286817
BEDFORD PARKETTE,Park,Playground,43.7234114988286,-79.420607556516
NATHAN PHILLIPS SQUARE,Park,"Playground, Washroom",43.6528257419807,-79.3839163417895
COXWELL COMMON,Park,,43.682943654984,-79.3240205484123
ROSEDALE RAVINE LANDS,Park,,43.6719345341843,-79.3641920742884
CAIRNS AVENUE PARKETTE,Park,,43.6716973139734,-79.3154825320407
COLONY PARK,Park,Playground,43.7469058304461,-79.598108622486
LA ROSE PARK,Park,"Playground, Sports Field",43.6855723989721,-79.5178416308354
CHARLES BRERETON PARK,Park,,43.6850574694774,-79.4383524769538
SIXTH STREET PARK,Park,,43.6055186115807,-79.5062850606758
SUMMERLEA PARK,Park,"Ball Diamond, Basketball Court, Cricket Pitch Field, Playground, Sports Field, Tennis Court, Washroom",43.7306176078324,-79.5485540135118
MARIAN ENGEL PARK,Park,Playground,43.6737727661673,-79.4241663160034
40 POWER ST PARK,Park,,43.654282873638,-79.3630102989288
TAMARISK PARK,Park,Playground,43.7334561606758,-79.5983956891668
ELIJAH PARK,Park,Playground,43.7314307941346,-79.4368011521628
GREY PARKETTE,Park,,43.7312517877034,-79.4228857013164
HUMBER GATE PARK,Park,Playground,43.7275047575651,-79.5902628091076
MAYWOOD TOT LOT,Park,"Playground, Sports Field",43.7231556494227,-79.2713232074736
VICTORIA MEMORIAL SQUARE PARK,Park,Playground,43.6426758492767,-79.4002512425449
HEATHROW PARK,Park,Playground,43.7248180446188,-79.5075760932544
ACADEMY SOCCER FIELD,Park,Sports Field,43.7229654654948,-79.3125568312299
POTTERY PLAYGROUND,Park,Playground,43.6995077135555,-79.3784968971666
SCARLETT MILLS PARK,Park,"Picnic Site, Tennis Court",43.6757474797456,-79.5106471931552
CASA LOMA PARKETTE,Park,,43.6789692783754,-79.4107712078463
ROBERTSON DAVIES PARK,Park,,43.6785904316936,-79.3976358639293
NORDHEIMER RAVINE,Park,,43.6829395192894,-79.4126187416069
FRED YOUNG PARK,Park,,43.766958055874,-79.5053672764271
SUNNYPOINT - NEILSON PARK,Park,,43.7140168830379,-79.2301212123721
YORKMINSTER PARK BAPTIST CHURCH PARK,Park,,43.6907873981872,-79.3945933457606
TOM RILEY PARK,Park,"Ball Diamond, Outdoor Dry Pad, Pickleball Court, Playground, Sports Field, Tennis Court, Washroom",43.6484570522187,-79.5217785931657
GIOVANNI CABOTO PARK,Park,Playground,43.7289826290202,-79.5045489003025
BELMAR PARK,Park,Playground,43.7318250468764,-79.5095341127643
CURTIN PARK,Park,,43.731005713713,-79.5607871804128
LYTTON PARK,Park,"Playground, Tennis Court, Washroom",43.7149211081101,-79.4108232778828
SOUTH KINGSWAY PARKETTE,Park,,43.6415242061271,-79.4798404194576
DIXINGTON PARKETTE,Park,,43.6969404040206,-79.5409521150362
DIXON PARK,Park,"Basketball Court, Playground, Washroom",43.6961161257254,-79.5551745990698
JACK GOODLAD PARK,Park,"Ball Diamond, Basketball Court, Picnic Site, Playground, Washroom",43.7424487224288,-79.2699166054359
MIDVALE PARKETTE,Park,,43.7455746818022,-79.4434286803569
OLD YONGE PARKETTE,Park,,43.7450729786521,-79.3993873050628
FRED JOHNSON PARK,Park,,43.7418682251854,-79.2148446602652
DOVERCOURT PARK,Park,"Ball Diamond, Firepit, Picnic Site, Playground, Tennis Court, Washroom",43.6652150461492,-79.4335347095942
CHARLES G. WILLIAMS PARK,Park,"Basketball Court, Playground",43.6472989154183,-79.443215187631
WINSLOW - DALESFORD PARKETTE,Park,Playground,43.6250331830361,-79.4980967149218
RODING PARK,Park,"Ball Diamond, Outdoor Fitness Equipment, Playground",43.7275208242696,-79.4932012183573
CUDIA PARK,Park,,43.7217698658872,-79.2220378386697
SUNNYBROOK PARK,Park,"Cricket Pitch Field, Dog Off-Leash Area, Outdoor Fitness Equipment, Picnic Site, Sports Field, Washroom",43.7228372996002,-79.3616915675432
BELMONT PARKETTE,Park,,43.6747114865305,-79.3924809173767
HEARST CIRCLE PARKETTE,Park,,43.698240961693,-79.4954137114864
ROSENEATH PARK,Park,Playground,43.6820960207194,-79.4345000373619
SPADINA ROAD PARK,Park,,43.6815371260715,-79.4103544456394
GLEN CEDAR PARK,Park,Playground,43.6955896068364,-79.4291974166971
DALLINGTON PARK,Park,Playground,43.7761957096746,-79.354157983385
HUMBER MARSHES,Park,,43.6413834382884,-79.485373150768
GREEN MEADOWS PARK - ETOBICOKE YORK,Park,Playground,43.6856083838998,-79.5347540892954
WOOLNER PARK,Park,"Basketball Court, Dog Off-Leash Area, Outdoor Fitness Equipment, Playground",43.6712884418902,-79.4924333593124
SYMES - VIELLA PARKETTE,Park,,43.6714582497588,-79.478383355504
CHANDOS PARK SOUTH,Park,,43.6707774404643,-79.4412646040977
HOME SMITH PARK,Park,"Firepit, Picnic Site, Washroom",43.6586471924256,-79.5007482468308
LAMBETH CRESCENT PARKETTE,Park,,43.6625839437449,-79.5223083654838
LAKE CRESCENT PARK,Park,Playground,43.6067371551915,-79.4940872203884
GREY ABBEY RAVINE,Park,,43.7621253371325,-79.1711755177648
ST. ANDREW'S PLAYGROUND,Park,"Dog Off-Leash Area, Playground",43.6464092295037,-79.3989994798341
LEN BRAITHWAITE PARK,Park,"Playground, Sports Field",43.739600113986,-79.5953409603026
PIER 27 PROMENADE PARK,Park,,43.6410316082211,-79.3721112691589
FUTURA PARKETTE,Park,Playground,43.7479958283128,-79.5076124789474
JOEL SWIRSKY PARKETTE,Park,,43.7468207748875,-79.4515006726995
ARENA GARDENS,Park,Playground,43.6558783734213,-79.3755673437528
MOSS PARK,Park,"Basketball Court, Playground, Tennis Court",43.6550677751013,-79.3710758365385
TOMMY THOMPSON PARK,Park,Washroom,43.633010634814,-79.3292861912458
SONYA'S PARK,Park,Playground,43.6559549211991,-79.4020114829566
WESTGROVE PARK,Park,"Basketball Court, Outdoor Dry Pad, Pickleball Court, Playground, Sports Field, Tennis Court, Washroom",43.6818208069823,-79.5676612121936
HEATHERCREST PARK,Park,"Outdoor Fitness Equipment, Playground",43.6670420733845,-79.5627891131937
MARIA STREET PARKETTE,Park,Playground,43.6666590410375,-79.4805629465542
BARTLEY PARK,Park,Playground,43.7224311087192,-79.3086360997155
STRATFORD PARK,Park,,43.7216282420146,-79.3797911006885
SCARBORO CRESCENT PARK,Park,"Playground, Tennis Court, Washroom",43.7038058726171,-79.2418181700098
MALLOW PARK,Park,"Outdoor Fitness Equipment, Playground",43.7410312511275,-79.3419432225637
SWEENEY PARK,Park,"Ball Diamond, Pickleball Court, Playground, Tennis Court",43.7362132982385,-79.3160117346005
SUNNYDENE PARK,Park,,43.7181329787604,-79.3798028293436
ALEXANDRA PARK,Park,"Basketball Court, Outdoor Dry Pad, Pickleball Court, Picnic Site, Playground, Skateboarding, Washroom",43.6506653755471,-79.4042555012948
HUMBERVIEW PARK,Park,Playground,43.7477747071035,-79.581333583195
J.A. LESLIE TOT LOT,Park,"Outdoor Dry Pad, Outdoor Ping Pong/Table Tennis",43.7130662112384,-79.2481642636637
REXLINGTON PARK,Park,"Ball Diamond, Playground",43.7165629817695,-79.559348869729
DUNLOP PARK,Park,"Ball Diamond, Playground, Washroom",43.7126145932524,-79.2672929332491
EUCLID AVENUE PARKETTE,Park,,43.6649441950114,-79.4146625148532
EASTDALE PLAYGROUND,Park,Playground,43.6637978076637,-79.3488254674642
WIMBLETON ROAD NORTH PARKETTE,Park,,43.6661431723729,-79.5290762879724
BRUCE MACKEY PARK,Park,,43.6621774295517,-79.3457448296075
WESTMORELAND AVENUE PARKETTE,Park,Playground,43.6615592544718,-79.4303212784546
LANGFORD PARKETTE,Park,"Outdoor Fitness Equipment, Playground",43.6804639612844,-79.3415034303161
WEST HUMBER PARKLAND,Park,"Outdoor Fitness Equipment, Playground",43.7431782931907,-79.5631950765234
JANDA PARK,Park,Playground,43.7247412036719,-79.6013782826971
DUFFERIN HILL PARK,Park,,43.7026942032563,-79.451797954817
AVONSHIRE PARK,Park,Playground,43.7580608358165,-79.4042680982394
FRASERWOOD PARK,Park,Playground,43.7137279201801,-79.4425397282316
ADANAC PARK,Park,,43.7388711262201,-79.2285181154516
BUTTONWOOD PARK,Park,"Pickleball Court, Playground, Tennis Court",43.6820428738713,-79.5208937115584
LIONEL CONACHER PARK,Park,"Ball Diamond, Outdoor Ping Pong/Table Tennis, Playground",43.6804847933751,-79.3944087728023
CYNTHIA - FRIMETTE PARKETTE,Park,,43.6790956044607,-79.5039868825463
CAYUGA PARK,Park,Playground,43.6785646979431,-79.4806624525662
CAPRI PARK,Park,Playground,43.6541761342171,-79.5648879018707
PARKVIEW GARDENS PARKETTE,Park,,43.6533611079084,-79.4696105611392
MARGARET FAIRLEY PARK,Park,Playground,43.6602709688895,-79.4056276897653
SUNNYBROOK PARKETTE,Park,,43.6451857016967,-79.4824498322626
LOUISE RUSSO PARK,Park,Playground,43.7222332689538,-79.5401000358029
GRAHAM PARK,Park,"Outdoor Ping Pong/Table Tennis, Playground",43.6815152348651,-79.4302789874054
WEXFORD PARK,Park,"Ball Diamond, Picnic Site, Playground, Washroom",43.7341057715388,-79.2967505475808
HUMBERTOWN PARK,Park,"Outdoor Ping Pong/Table Tennis, Playground, Sports Field",43.657827541732,-79.5201821683288
MIKE BELA PARK,Park,,43.7353003206379,-79.3568877838193
GEORGE BEN PARK,Park,Sports Field,43.6523074477885,-79.4212366340101
GLASGOW STREET PARKETTE,Park,,43.6567470580064,-79.3984024551175
BYNG PARK,Park,Playground,43.7005854179932,-79.2841543787452
COULTER AVE PARKETTE,Park,Playground,43.7047923422303,-79.526783471117
SUYDAM PARK,Park,Playground,43.6899167497397,-79.4143615815333
STANLEY G. GRIZZLE PARK,Park,Playground,43.6888452671791,-79.3027477461127
REXDALE PARK,Park,"Ball Diamond, Playground",43.7230412256035,-79.5656880576922
RANEE PARK,Park,Playground,43.722632765282,-79.4535591655873
FLEMINGTON PARK,Park,"Ball Diamond, Basketball Court, Playground",43.721464957008,-79.444561304399
EDENBROOK PARK,Park,,43.6756064201275,-79.5247671713656
SIR CASIMIR GZOWSKI PARK,Park,"Beach, Dog Off-Leash Area, Outdoor Fitness Equipment, Picnic Site, Playground, Washroom",43.6349793187188,-79.4661224501203
ERICA STARK PARKETTE,Park,Playground,43.6725071204548,-79.3456813079528
CONNAUGHT CIRCLE PARKETTE,Park,,43.68916652813,-79.4249948610775
WILLOWRIDGE PARK,Park,Playground,43.6754166458783,-79.572426588132
SCARBOROUGH HEIGHTS PARK,Park,Dog Off-Leash Area,43.6987536575174,-79.250308245039
WESTON - ST. PHILLIPS PARKETTE,Park,,43.7057530893866,-79.5320133184084
NICOL MACNICOL PARKETTE,Park,,43.7040168614306,-79.4328393899797
KEELE - MULOCK PARKETTE,Park,"Basketball Court, Playground",43.6716295096463,-79.4666952506382
BEAVER - LIGHTBOURN PARKETTE,Park,,43.6710748412423,-79.4439843197904
CHANDOS PARK NORTH,Park,Outdoor Dry Pad,43.6710858906025,-79.4425250813179
RAMBERT CRESCENT PARKETTE,Park,,43.6455277872594,-79.4802810688458
WOOLENSCOTE PARKETTE,Park,,43.7326346580327,-79.6006759087579
WANLESS PARK,Park,"Ball Diamond, Basketball Court, Pickleball Court, Picnic Site, Playground, Sports Field, Tennis Court, Washroom",43.7289322010806,-79.3920573344833
E.T. SETON PARK,Park,"Basketball Court, Disc Golf, Picnic Site",43.7094332498786,-79.3390544184959
RIPPLETON PARK,Park,,43.7386978450437,-79.3618435825402
BADGEROW PARKETTE,Park,,43.6663784687682,-79.3417590680828
AGNES MACPHAIL SQUARE,Park,,43.6855452838627,-79.3475952458533
FIONA NELSON PARKETTE,Park,,43.6991644603823,-79.3982922510914
THE MISSION GROUND PARKETTE,Park,,43.6982533027719,-79.3844422233639
KILDONAN PARK,Park,,43.684756439548,-79.303728205078
JOHN STREET PARKETTE,Park,,43.7052268086125,-79.5122056979921
ALDWYCH PARK,Park,Playground,43.6850372294716,-79.3412312847997
TICHESTER PARK,Park,"Outdoor Ping Pong/Table Tennis, Playground",43.685411813282,-79.4178684435303
OAKCREST PARKETTE,Park,"Dog Off-Leash Area, Outdoor Ping Pong/Table Tennis, Playground",43.6835309064862,-79.3114632588619
WESTLAKE PARK,Park,"Ball Diamond, Playground",43.6815417213501,-79.4870388030122
DON-LESLIE PARK,Park,Playground,43.7193645619484,-79.3488102724242
HERON PARK,Park,"Ball Diamond, Playground, Tennis Court, Washroom",43.7692842405761,-79.1772994003733
BASSWOOD PARKETTE,Park,,43.7738224919585,-79.4195678303804
LONGMORE PARK,Park,,43.7777228770316,-79.4027230876987
PLOWSHARE PARK,Park,Playground,43.7565124750525,-79.5973126847631
DRIFTWOOD PARK,Park,"Ball Diamond, Playground",43.7625772168398,-79.5121764038183
CORNELL PARK,Park,"Basketball Court, Outdoor Dry Pad, Playground",43.7590595935383,-79.2198450149449
WHITFIELD PARKETTE,Park,,43.759002026065,-79.5716087043036
45 DALHOUSIE ST PARK,Park,,43.654513331424,-79.3754141162697
HARRISON PARK,Park,,43.7611102491477,-79.3793790533567
ROWNTREE MILLS PARK,Park,"Picnic Site, Washroom",43.7516279138732,-79.5743715932553
ADDINGTON GREENBELT,Park,,43.7593042596768,-79.4271390363653
TWENTY EIGHTH STREET PARK,Park,,43.5901402913425,-79.5251476739792
MAURICE J. BREEN PARK,Park,Playground,43.5898009235863,-79.547162232126
WISHING WELL WOODS,Park,Playground,43.7757948028218,-79.3162995767343
CARNEY PARK,Park,,43.7779419611527,-79.4278286991621
GLAMORGAN PARK,Park,"Ball Diamond, Basketball Court, Outdoor Ping Pong/Table Tennis, Playground, Washroom",43.7726448062954,-79.28867580455
YORKMINSTER PARK,Park,,43.7554380134926,-79.4018369557114
IRVING W. CHAPLEY PARK,Park,"Ball Diamond, Basketball Court, Outdoor Dry Pad, Pickleball Court, Playground, Tennis Court",43.7617768366639,-79.4552215175651
BROOKBANKS PARK,Park,Playground,43.7557738842589,-79.3285072566943
BROADLANDS PARK,Park,"Ball Diamond, Playground, Tennis Court",43.7459134838655,-79.3212925044694
PLAYTER GARDENS,Park,,43.6761903649645,-79.3606441514221
LESLIE PARK,Park,"Basketball Court, Playground",43.7847915041384,-79.3676778859343
NEWTONBROOK PARK,Park,,43.7805812292157,-79.3855051487147
HIGHLAND HEIGHTS PARK,Park,"Ball Diamond, Playground",43.795919688511,-79.2992485466568
LILLIAN PARK,Park,"Pickleball Court, Playground, Tennis Court",43.7976883860576,-79.4079395790164
LORRAINE DRIVE PARK,Park,Playground,43.7775148147083,-79.4173608061154
VRADENBURG PARK,Park,"Ball Diamond, Playground",43.7748452162814,-79.3101958276517
PLUNKETT PARK,Park,Playground,43.7629546598207,-79.5715992974751
NORTH HUMBER PARK,Park,"Ball Diamond, Playground",43.757416173534,-79.5876611273004
THE TOLLKEEPER'S PARK,Park,,43.6769819347007,-79.4167654095459
ST. JAMES PARK,Park,Playground,43.6509190187712,-79.3729695242138
HIGHLAND CREEK PARKETTE,Park,,43.7844733972677,-79.1681846904905
LEE LIFESON ART PARK,Park,Washroom,43.7685962408726,-79.4094691092002
DEBELL LANE PARKETTE,Park,Playground,43.8001817024163,-79.3971761759206
CARLAW-DUNDAS TRIANGLE PARK,Park,,43.66482715122,-79.3419409769975
KENNETH PARK,Park,Playground,43.77719930899,-79.4105380997098
LAKERIDGE PARKETTE,Park,,43.7728905752013,-79.1382895766184
VILLAWAYS PARK,Park,,43.7755797493177,-79.3669801863882
KENNARD PARKETTE,Park,,43.7593498685642,-79.4630358632808
GALLOWAY PARK,Park,Playground,43.7567871111071,-79.1937034114438
GREENVALE PARK,Park,"Ball Diamond, Playground",43.7567840888921,-79.2017192125831
ALBERT STANDING PARK,Park,Picnic Site,43.7604649362376,-79.4131720754705
DAVID CROMBIE PARK,Park,"Ball Diamond, Basketball Court, Dog Off-Leash Area, Playground",43.6487685171545,-79.3673390336933
CHERRY BEACH CLARKE BEACH PARK,Park,"Beach, Dog Off-Leash Area, Picnic Site, Washroom",43.6406162135063,-79.3393838456921
TRACE MANES PARK,Park,"Ball Diamond, Playground, Tennis Court",43.7055701921424,-79.3674495114294
AGINCOURT PARK,Park,"Playground, Tennis Court, Washroom",43.7882598441152,-79.2749181790006
TAPSCOTT WOODLOT,Park,,43.8063937274138,-79.2275288033939
VYNER GREENBELT,Park,,43.7592192410999,-79.3679902106748
HARLANDALE PARKETTE,Park,Playground,43.7603108786983,-79.4215080067587
LORD SEATON PARK,Park,"Outdoor Fitness Equipment, Playground",43.7597336343403,-79.3969293545534
POPLAR PARK,Park,"Ball Diamond, Playground",43.7558364565504,-79.1892108274768
HARRISON PROPERTIES,Park,,43.6943590052197,-79.2585112482202
DANFORTH - BIRCHMOUNT PARKETTE,Park,,43.6955127328948,-79.2669219080226
WOODBOROUGH PARK,Park,"Ball Diamond, Basketball Court, Playground",43.6968422103694,-79.4696432351612
FAIRCHILD PARKETTE,Park,,43.7853604616437,-79.4209208980448
HAIMER PARK,Park,Playground,43.7552325571086,-79.5908186131553
PLEASANTVIEW PARK,Park,"Outdoor Fitness Equipment, Playground",43.7834790551696,-79.3360321363675
COLONEL DANFORTH PARK,Park,"Dog Off-Leash Area, Picnic Site, Washroom",43.7784151332445,-79.1687754145313
HIDDEN TRAIL PARK,Park,"Outdoor Ping Pong/Table Tennis, Playground",43.7841521875965,-79.458455215459
MORNINGSIDE PARK,Park,"Firepit, Outdoor Ping Pong/Table Tennis, Picnic Site, Playground, Washroom",43.7780467185206,-79.2049864228266
PRINCESS PARK,Park,,43.7687462689566,-79.4109888865668
MONDEO PARK,Park,Playground,43.7663779304641,-79.2890753386945
CEDARBROOK PARK,Park,"Outdoor Fitness Equipment, Playground",43.7539147742004,-79.2258733052165
SECOR MEMORIAL PARK,Park,,43.7545438537099,-79.2230076814395
DRIFTWOOD PARKETTE,Park,Playground,43.7680143938548,-79.5137174397653
FIRGROVE PARK,Park,"Basketball Court, Pickleball Court, Playground, Sports Field, Tennis Court",43.7506299180344,-79.5215981441151
GIHON SPRING PARK,Park,"Ball Diamond, Basketball Court, Pickleball Court, Playground, Tennis Court, Washroom",43.7545277670049,-79.5946310987278
GARDEN AVENUE PARKETTE,Park,Playground,43.7854487915637,-79.2721583164436
PORT UNION VILLAGE COMMON PARK,Park,"Playground, Washroom",43.7757475520486,-79.1350955984634
FINCH PARKETTE,Park,,43.7803497301628,-79.414222186896
PELMO PARK,Park,"Ball Diamond, Outdoor Dry Pad, Pickleball Court, Playground, Tennis Court",43.7133754999674,-79.5176161188015
WILLOWFIELD GARDENS PARK,Park,,43.7645285361646,-79.3090462427378
COLLINGWOOD PARK,Park,Playground,43.782634345933,-79.2838963528855
RANCHDALE PARK,Park,Playground,43.7511797658698,-79.3230115741574
MCALLISTER PARK,Park,Playground,43.7526724853656,-79.4400430172777
KEMPFORD PARKETTE,Park,Playground,43.7735697043987,-79.4166671553589
NORTHTOWN PARK,Park,Playground,43.7757999254537,-79.4115908004786
CHIMNEY SWIFT PARK,Park,Playground,43.6615197110276,-79.5509875958185
WISHING WELL PARK,Park,"Ball Diamond, Playground, Tennis Court, Washroom",43.7698684464757,-79.3166203958992
AMBROSE PARKETTE,Park,,43.7707925811019,-79.3707723527528
MANSE ROAD PARK,Park,Basketball Court,43.766196646931,-79.1721177127431
ABBOTSFORD PARK,Park,Playground,43.7706298923107,-79.4216115097544
MOATFIELD FARM PARK,Park,Sports Field,43.7641211301685,-79.3586395216856
ST. ANDREWS PARK - SCARBOROUGH,Park,Ball Diamond,43.7669358261106,-79.255832027612
BLACK CREEK PARKLAND,Park,,43.7611952132064,-79.5062195895008
ISAAC DEVINS PARK,Park,"Outdoor Fitness Equipment, Playground",43.7296208834166,-79.5320643962953
BESSARION PARKETTE,Park,,43.7688188603863,-79.377107353803
ROWATSON PARK,Park,Playground,43.7488431151302,-79.2019766530729
ROWENA PARK,Park,Playground,43.7502244581586,-79.3154581647911
GWENDOLEN PARK,Park,"Ball Diamond, Outdoor Fitness Equipment, Outdoor Ping Pong/Table Tennis, Playground, Tennis Court, Washroom",43.7513187199301,-79.4199866745491
OWEN PARK,Park,Playground,43.7492882207387,-79.3908472707638
NORTHWOOD PARK,Park,"Firepit, Picnic Site, Washroom",43.7467895188799,-79.4989291078739
SPRING GARDEN PARKETTE,Park,,43.7650326303163,-79.4060564195645
ST. MARGARETS PARKETTE,Park,,43.767485611936,-79.1926058208712
THOMSON MEMORIAL PARK,Park,"Ball Diamond, Dog Off-Leash Area, Firepit, Outdoor Fitness Equipment, Picnic Site, Playground, Sports Field, Tennis Court, Washroom",43.7575786212131,-79.2533708884252
GREY ABBEY PARK,Park,Playground,43.7562949278167,-79.1720146292592
RACCOON PARK,Park,Playground,43.7051711346064,-79.3950601910284
SILVERTHORN PARKETTE,Park,Playground,43.687518317438,-79.4710649186293
LYNEDOCK PARK,Park,Playground,43.7623052666383,-79.3313406210611
BRATTY PARK,Park,,43.7573494096024,-79.4959786920388
HAWKSBURY PARK,Park,"Playground, Tennis Court",43.7708575541057,-79.3830617524566
FRANK FAUBERT WOOD LOT,Park,Dog Off-Leash Area,43.772025305579,-79.2553616466349
CLARINDA PARK,Park,Playground,43.7745204108076,-79.3692024247918
PARKVIEW PARK,Park,Playground,43.7748750427602,-79.3937634575892
LYNNGATE PARK,Park,"Ball Diamond, Playground",43.7769666607788,-79.2996313156108
REAN PARK,Park,Playground,43.7658276351026,-79.3812026218283
SANDOVER PARK,Park,Playground,43.7607992253483,-79.334108821812
DIAMOND JUBILEE PROMENADE,Park,,43.6534153024494,-79.3551583522763
DUNCAN MILL GREENBELT,Park,Sports Field,43.7602330567156,-79.3484035386963
BOND PARK,Park,"Ball Diamond, Tennis Court, Washroom",43.7464153772271,-79.3512498980165
BANTING PARK,Park,"Picnic Site, Playground",43.7490016872829,-79.4593001429813
BAKERTON PARKETTE,Park,,43.7466339371684,-79.2228271076436
DEANVAR PARKETTE,Park,Playground,43.7472958166432,-79.3082612043778
LINDYLOU PARK,Park,Playground,43.749448335639,-79.5449073173998
AILSA CRAIG PARKETTE,Park,Playground,43.7754471632516,-79.4481721774611
GRAYDON HALL PARK,Park,"Playground, Tennis Court",43.7629563031471,-79.3420432298223
DUNLACE PARK,Park,"Playground, Tennis Court",43.7627551760035,-79.3684971094416
APTED PARK,Park,"Playground, Sports Field",43.7554261997557,-79.5773737310684
ROSA AND SPENCER CLARK PARKETTE,Park,,43.7458802925035,-79.202572618636
THREE VALLEYS PARK,Park,"Playground, Tennis Court",43.7505973406638,-79.3394444920332
174 SOUDAN AVENUE PARK,Park,,43.7057468204495,-79.3917593413284
SOUTHWELL PARK,Park,Playground,43.747184230991,-79.355763865711
IRVING PAISLEY PARK,Park,"Ball Diamond, Basketball Court, Playground",43.7476479219887,-79.3824426703801
LIVINGSTON ROAD PARK SOUTH,Park,,43.7452265714464,-79.1977246376559
ANTIBES PARK,Park,Playground,43.7791711145135,-79.4479743898696
GRASETT PARK,Park,,43.647511382602,-79.3912755084545
PARKWAY FOREST PARK,Park,"Ball Diamond, Basketball Court, Dog Off-Leash Area, Outdoor Fitness Equipment, Playground, Sports Field",43.771513418939,-79.3422030461915
WOODBINE BEACH PARK,Park,"Beach, Outdoor Fitness Equipment, Picnic Site, Playground, Washroom",43.6622056104212,-79.3087540613166
DORSET PARK,Park,"Ball Diamond, Playground",43.7615052026021,-79.2843325855626
WEST BIRKDALE PARK,Park,Playground,43.7658136494354,-79.2723287409907
MEL LASTMAN SQUARE,Park,Outdoor Ping Pong/Table Tennis,43.76757858794,-79.4135404443976
EAST POINT PARK,Park,"Ball Diamond, Washroom",43.7609686036526,-79.1568780645357
MANHATTAN PARK,Park,"Ball Diamond, Playground, Sports Field",43.7537482853687,-79.294720506236
KENASTON GARDENS PARKETTE,Park,,43.7663083286001,-79.3862857514651
KAY PARK,Park,Playground,43.7579865108687,-79.592698766112
58 CURZON STREET PARK,Park,Playground,43.6648415854447,-79.3324514725014
HOLLIS KALMAR PARK,Park,,43.6939762467253,-79.2716254579454
DENTONIA PARK,Park,"Ball Diamond, Basketball Court, Cricket Pitch Field, Outdoor Ping Pong/Table Tennis, Picnic Site, Playground, Sports Field, Washroom",43.6936797661395,-79.2929017260679
MCKEE PARKETTE,Park,,43.7738080778329,-79.4127294550222
EDGEWOOD PARK,Park,"Outdoor Fitness Equipment, Playground, Sports Field",43.7676283903267,-79.2669895002672
POPLAR PLAINS PARKETTE,Park,,43.6802065108079,-79.4032278079349
DON LAKE PARKETTE,Park,,43.7810136812895,-79.4459255097139
HULLMAR PARK,Park,"Ball Diamond, Pickleball Court, Playground, Tennis Court",43.764938632392,-79.5254185601434
PETER SECOR PARK,Park,Playground,43.7615630397758,-79.1808403897242
DRUMOAK ROAD PARKETTE,Park,,43.6608282835382,-79.5288723060613
DUNVEGAN PARKETTE,Park,,43.6960311095504,-79.4090668293943
ROSEMARY PARKETTE,Park,,43.6955612391534,-79.4204707512605
HEALEY WILLAN PARK,Park,Playground,43.6592772319087,-79.41320783016
MUIRHEAD PARK,Park,"Ball Diamond, Outdoor Fitness Equipment, Playground",43.7801914773283,-79.3379590979191
ALAMOSA PARK,Park,"Playground, Tennis Court",43.7810883418558,-79.3695581541507
PEMBERTON PARKETTE,Park,Playground,43.7817631614823,-79.4094926391022
HEATHER HEIGHTS PARK,Park,Ball Diamond,43.7769557045287,-79.2155057935215
WYCHWOOD PARKETTE,Park,,43.680659312447,-79.4227111807836
HEATHER HEIGHTS WOODS,Park,Playground,43.7780447591957,-79.2174381035288
FENSIDE PARK,Park,"Ball Diamond, Pickleball Court, Playground, Tennis Court",43.7648962709531,-79.3272223149467
MARYVALE PARK,Park,"Ball Diamond, Playground, Tennis Court, Washroom",43.7530814433334,-79.3065285038638
HIGH PARK,Park,"Ball Diamond, Dog Off-Leash Area, Outdoor Dry Pad, Outdoor Fitness Equipment, Pickleball Court, Picnic Site, Playground, Sports Field, Tennis Court, Washroom",43.6468021271006,-79.462835365765
BEAUMONT PARK,Park,,43.679658374822,-79.3732256810882
MONARCH PARK,Park,"Dog Off-Leash Area, Outdoor Ping Pong/Table Tennis, Pickleball Court, Picnic Site, Playground, Washroom",43.677908132649,-79.325677517141
WOODSWORTH PARK,Park,Ball Diamond,43.7662771223651,-79.2363634978414
MITCHELL FIELD PARK,Park,Outdoor Ping Pong/Table Tennis,43.7745649924134,-79.4084124192717
CLOVERCREST PARKETTE,Park,Playground,43.7742275931179,-79.3622150340752
GRACEDALE PARK,Park,"Outdoor Fitness Equipment, Pickleball Court, Playground, Tennis Court",43.7519423372744,-79.5621766506365
ENFIELD PARK,Park,,43.5916967969184,-79.5476715512811
TWENTY THIRD STREET PARKETTE,Park,,43.5908327938731,-79.5190856635856
TWENTY FIFTH STREET PARKETTE,Park,,43.5904681313692,-79.5210107661902
LONG BRANCH PARK & CENOTAPH,Park,,43.5903848757041,-79.5319064814816
EMPRESS PARKETTE,Park,,43.7739615205665,-79.3902263686969
BAYVIEW VILLAGE PARK,Park,"Ball Diamond, Outdoor Ping Pong/Table Tennis, Pickleball Court, Playground, Tennis Court",43.7730254758739,-79.3872627358376
ELLESMERE PARK,Park,"Outdoor Dry Pad, Playground, Skateboarding, Sports Field",43.7605553461824,-79.2989340436347
ATRIA SOUTH PARK,Park,,43.7737361487828,-79.3288965813281
DONWOOD PARK,Park,"Ball Diamond, Playground",43.7569155429156,-79.2644242293511
PRIMULA PARKETTE,Park,Playground,43.7612045416996,-79.5775186354026
DR. GORDON CHONG PARK,Park,Playground,43.6715562146855,-79.3729746291307
WEST DEANE PARK,Park,"Ball Diamond, Outdoor Ping Pong/Table Tennis, Picnic Site, Playground, Tennis Court, Washroom",43.6605024448001,-79.5605573755443
BUDD SUGARMAN PARK,Park,,43.6760041117327,-79.3886443007205
VERMONT SQUARE PARK,Park,"Dog Off-Leash Area, Outdoor Ping Pong/Table Tennis, Picnic Site, Playground",43.6708251790564,-79.4153877494427
FATHER CAULFIELD PARK,Park,,43.706708311323,-79.3726095387576
AMBERDALE RAVINE PARK,Park,,43.7613481013884,-79.2531581838135
BROOKDALE PARK,Park,Playground,43.7264707707654,-79.4188282693028
RICHMOND PARK,Park,"Ball Diamond, Outdoor Fitness Equipment, Playground, Sports Field",43.8124782213045,-79.2634359196725
HENDON PARK,Park,"Ball Diamond, Playground, Tennis Court, Washroom",43.781475105622,-79.4207514304894
BATHURST QUAY,Park,,43.6335438634905,-79.3976994296813
ORIOLE PARK - TORONTO,Park,"Ball Diamond, Outdoor Ping Pong/Table Tennis, Picnic Site, Playground, Tennis Court, Washroom",43.6972457328974,-79.4002379577896
SPINNEY GREENBELT,Park,,43.7572675307723,-79.3387651569845
HAVERSON PARK,Park,Playground,43.6897776417939,-79.4649469079649
BILL HANCOX PARK,Park,"Playground, Sports Field",43.7781595493708,-79.1391307854654
CHORLEY PARK,Park,,43.6863421385547,-79.3697859568841
RAMSDEN PARK,Park,"Ball Diamond, Basketball Court, Dog Off-Leash Area, Outdoor Dry Pad, Outdoor Ping Pong/Table Tennis, Pickleball Court, Picnic Site, Playground, Tennis Court, Washroom",43.6764157216534,-79.3930150383113
TALARA PARK,Park,Playground,43.7660731468694,-79.3766190524237
ARSANDCO PARK,Park,Ball Diamond,43.748577632004,-79.2682484755912
RIVERLEA PARK,Park,Playground,43.7000415512146,-79.5239293607189
TOURNAMENT PARK,Park,"Playground, Tennis Court, Washroom",43.7515342359626,-79.3996976330704
CHARLTON PARK,Park,Playground,43.7800410560167,-79.438307817947
CROCUS PARK,Park,Playground,43.7685221400783,-79.3066786187264
GREENBRAE PARKETTE,Park,Playground,43.7603238381811,-79.2304574377489
GUILDWOOD VILLAGE PARK,Park,Playground,43.7519736804016,-79.1970915618473
SHOREHAM PARK,Park,Playground,43.7708448890209,-79.5195090445253
LOWER DON PARKLANDS,Park,,43.6908358662758,-79.3576023113547
WOODSWORTH GREENBELT,Park,,43.7627203077003,-79.363365344572
CASSELS AVENUE PLAYGROUND,Park,"Dog Off-Leash Area, Playground",43.6800694142899,-79.3068944789345
AITKEN PLACE PARK,Park,"Dog Off-Leash Area, Playground",43.6450859282695,-79.3625431783761
LAWRENCE HEIGHTS PARK,Park,Playground,43.7190933582307,-79.4428728548898
CHARLES CACCIA PARK,Park,Playground,43.6883367362778,-79.4540375505034
HICKORYNUT PARKETTE,Park,,43.7750586732817,-79.3262781082455
BEECROFT PARK,Park,,43.7677097380562,-79.4163998857966
STANLEY AVENUE PARK,Park,Playground,43.6153686784486,-79.4938274619835
JOYCE TRIMMER PARK,Park,"Basketball Court, Playground, Skateboarding, Sports Field",43.8055762949212,-79.1894591450785
CASSANDRA GREENBELT,Park,,43.746899086371,-79.330886220533
GARTHDALE PARKETTE,Park,Playground,43.7652867035607,-79.4649075294998
RAVINA GARDENS,Park,"Ball Diamond, Playground",43.6596978110788,-79.4729959778934
ELKHORN PARKETTE,Park,Playground,43.7713322435457,-79.3793756904239
EDGEWOOD PARKETTE,Park,,43.6698301151672,-79.3130452448545
COTSWOLD PARK,Park,,43.7580143030744,-79.3978460525801
DUNCANWOODS GREENBELT,Park,,43.7502467317551,-79.5566793162048
TIMBERBANK PARK,Park,"Playground, Sports Field",43.793844937467,-79.3084694924058
SCARDEN PARK,Park,"Ball Diamond, Playground",43.7748498083462,-79.3046198965659
CASSANDRA PARK,Park,"Playground, Tennis Court, Washroom",43.7547695058906,-79.3183752118466
CHARTWELL PARK,Park,"Ball Diamond, Playground, Sports Field",43.8054000488545,-79.2617725139867
HEARTHSTONE VALLEY GREENBELT,Park,,43.7662872670351,-79.4464561516294
EMPRESS TOT LOT,Park,,43.773121546221,-79.3967919091428
MAUREEN PARKETTE,Park,Playground,43.7719035392205,-79.372122911253
ALEXMUIR JUNIOR PUBLIC SCHOOL,Community Centre,,43.8090695973169,-79.2857220284861
ANSON PARK PUBLIC SCHOOL,Community Centre,,43.7261475114283,-79.2410868541842
AVONDALE ALTERNATIVE SECONDARY SCHOOL,Community Centre,,43.7595504843339,-79.4003569834989
BEVERLY GLEN JUNIOR PUBLIC SCHOOL,Community Centre,,43.7986397818662,-79.3231455998991
BLANTYRE PUBLIC SCHOOL,Community Centre,,43.6850223841557,-79.283768940023
BLOORDALE COMMUNITY SCHOOL,Community Centre,,43.6391974818382,-79.572341175264
CALICO PUBLIC SCHOOL,Community Centre,,43.7380047419208,-79.503525799776
CEDAR DRIVE JUNIOR PUBLIC SCHOOL,Community Centre,,43.7464582449918,-79.2150278534814
CEDARBRAE COLLEGIATE INSTITUTE,Community Centre,,43.7562487561255,-79.2258020365667
CHARLOTTETOWN JUNIOR ELEMENTARY SCHOOL,Community Centre,,43.7820472335875,-79.1421331967129
CHINE DRIVE PUBLIC SCHOOL,Community Centre,,43.7099201214918,-79.2416560493069
CORNELL JUNIOR PUBLIC SCHOOL,Community Centre,,43.7593344788889,-79.2180469615747
CORVETTE JUNIOR PUBLIC SCHOOL,Community Centre,,43.7265157228316,-79.2621231867797
CW JEFFERYS COLLEGIATE INSTITUTE,Community Centre,,43.758102006549,-79.5003081220406
DA MORRISON MIDDLE SCHOOL,Community Centre,,43.6954123412026,-79.3116552480633
DAVID AND MARY THOMSON COLLEGIATE INSTITUTE,Community Centre,,43.7559633307717,-79.2638163999078
ELIZABETH SIMCOE JUNIOR PUBLIC SCHOOL,Community Centre,,43.7381315989353,-79.2060026420259
ELLESMERE - STATTON PUBLIC SCHOOL,Community Centre,,43.7636007357599,-79.2874436326598
EMERY COLLEGIATE INSTITUTE,Community Centre,,43.7485311234441,-79.5386211540439
FAYWOOD ARTS-BASED CURRICULUM SCHOOL,Community Centre,,43.7398724298986,-79.4467446455194
FISHERVILLE JUNIOR HIGH SCHOOL,Community Centre,,43.7845709318041,-79.4410378106505
GEORGE B. LITTLE PUBLIC SCHOOL,Community Centre,,43.7710159617508,-79.2079777820404
GEORGES VANIER SECONDARY SCHOOL,Community Centre,,43.783292963837,-79.3510697345443
GLAMORGAN JUNIOR ELEMENTARY SCHOOL,Community Centre,,43.7713760737465,-79.2894658578715
GLEN RAVINE JUNIOR PUBLIC SCHOOL,Community Centre,,43.7382540162885,-79.2541050076687
GORDON A. BROWN MIDDLE SCHOOL,Community Centre,,43.7077101307927,-79.3054640874964
GOSFORD PUBLIC SCHOOL,Community Centre,,43.7638801703529,-79.5215867025248
HENRY HUDSON SENIOR PUBLIC SCHOOL,Community Centre,,43.7777372426067,-79.2147308791517
HIGHCASTLE PUBLIC SCHOOL,Community Centre,,43.7867552995585,-79.212512792363
HILLTOP COMMUNITY SCHOOL,Community Centre,,43.6891410232693,-79.533095757813
HOLLYCREST COMMUNITY SCHOOL,Community Centre,,43.6559559491949,-79.5831605640322
HUMBERCREST PUBLIC SCHOOL,Community Centre,,43.6604109173011,-79.4910223870169
IROQUOIS JUNIOR PUBLIC SCHOOL,Community Centre,,43.8026783819989,-79.2694445656077
ISLINGTON COMMUNITY SCHOOL,Community Centre,,43.6474904681355,-79.5277215840721
JAMES S. BELL COMMUNITY SCHOOL,Community Centre,,43.5938995194964,-79.530116954312
JOHN ENGLISH COMMUNITY SCHOOL,Community Centre,,43.6119013028756,-79.4944970015943
JOHN G. ALTHOUSE COMMUNITY SCHOOL,Community Centre,,43.6682089627068,-79.5540501348306
KINGSVIEW VILLAGE COMMUNITY SCHOOL,Community Centre,,43.6976940887093,-79.5508636309033
L'AMOREAUX COLLEGIATE INSTITUTE,Community Centre,,43.8026307128598,-79.3180959819639
LESTER B. PEARSON COLLEGIATE INSTITUTE,Community Centre,,43.8032298019423,-79.2255657230136
LORD ROBERTS JUNIOR PUBLIC SCHOOL,Community Centre,,43.7413614899468,-79.2635246290392
MCKEE PUBLIC SCHOOL,Community Centre,,43.7741165059868,-79.4105447824158
MEADOWVALE PUBLIC SCHOOL,Community Centre,,43.7955775509201,-79.1641889308742
OAKDALE PARK MIDDLE SCHOOL,Community Centre,,43.7475388341795,-79.511870328224
O'CONNOR PUBLIC SCHOOL,Community Centre,,43.7164396739588,-79.304232088454
MARY McCORMICK RECREATION CENTRE,Community Centre,Wi-Fi,43.6473984583324,-79.4331856284112
BARBARA FRUM RECREATION CENTRE,Community Centre,Wi-Fi,43.7208002377153,-79.4321828657023
DENNIS R. TIMBRELL RESOURCE CENTRE,Community Centre,Wi-Fi,43.7178757629651,-79.3317945672133
EAST YORK CIVIC CENTRE,Civic Centre,,43.6912033326446,-79.3283554999443
ETOBICOKE CIVIC CENTRE,Civic Centre,,43.6441090816256,-79.5656607680258
FALSTAFF COMMUNITY RECREATION CENTRE,Community Centre,Wi-Fi,43.7166199120388,-79.5037967012853
JENNER JEAN-MARIE COMMUNITY RECREATION CENTRE,Community Centre,Wi-Fi,43.7030722375646,-79.3427973417292
KEN COX COMMUNITY CENTRE,Community Centre,Wi-Fi,43.5950990783531,-79.5165351412394
MIMICO-CORONATION CLUB HOUSE,Community Centre,,43.6162697336502,-79.4998168206425
NEW TORONTO SENIORS' CENTRE,Community Centre,,43.6011875456877,-79.5014234626716
O'CONNOR COMMUNITY CENTRE,Community Centre,Wi-Fi,43.7176595089147,-79.3017998965443
SCADDING COURT COMMUNITY CENTRE,Community Centre,Wi-Fi,43.6518252765297,-79.4049504110461
SCARBOROUGH CIVIC CENTRE,Civic Centre,Washroom,43.7729601510438,-79.2575849221456
STEPHEN LEACOCK COMMUNITY RECREATION CENTRE,Community Centre,Wi-Fi,43.7866107180298,-79.3025372766869
AGINCOURT COLLEGIATE INSTITUTE,Community Centre,,43.7887883336127,-79.2789378949184
AGNES MACPHAIL JUNIOR ELEMENTARY SCHOOL,Community Centre,,43.8190834145073,-79.278621196468
ALBERT CAMPBELL COLLEGIATE INSTITUTE,Community Centre,,43.8093210906817,-79.2723929161819
ANNETTE COMMUNITY RECREATION CENTRE,Community Centre,Wi-Fi,43.6611733014945,-79.4738822006393
EARL BALES COMMUNITY CENTRE,Community Centre,"Washroom, Wi-Fi",43.7545952196445,-79.4339786716535
WALTER PERRY JUNIOR PUBLIC SCHOOL,Community Centre,,43.7334350805522,-79.2512695211544
MONTGOMERY'S INN,Community Centre,,43.6516485243151,-79.5256265759676
EAST YORK SPORTS CENTRE,Community Centre,,43.6965780228898,-79.3136194115859
LEASIDE CURLING CLUB,Community Centre,,43.7009650718377,-79.3609009628909
GEORGE WEBSTER ELEMENTARY SCHOOL,Community Centre,,43.7019458714626,-79.2995217038194
WARDEN HILLTOP COMMUNITY CENTRE,Community Centre,"Basketball Court, Wi-Fi",43.7147475746814,-79.2803616370373
STEPHEN LEACOCK SENIORS' COMMUNITY CENTRE,Community Centre,Wi-Fi,43.7876000685615,-79.3015596118137
JOHN D. PARKER JUNIOR PUBLIC SCHOOL,Community Centre,,43.7534097194354,-79.5964188159265
WESTON LIONS RECREATION ARENA,Community Centre,,43.6985583745379,-79.5180978285549
PAM McCONNELL AQUATIC CENTRE,Community Centre,Wi-Fi,43.661228864512,-79.3611018330003
NORTH TORONTO MEMORIAL COMMUNITY CENTRE,Community Centre,"Washroom, Wi-Fi",43.7060603005605,-79.4045943875911
PARK LAWN COMMUNITY SCHOOL,Community Centre,,43.6377511906952,-79.4964220019726
ADAM BECK COMMUNITY CENTRE,Community Centre,,43.6830787603616,-79.2886642633145
REGINA MUNDI CATHOLIC SCHOOL,Community Centre,,43.7101457950818,-79.4594642582054
SELWYN PUBLIC SCHOOL,Community Centre,,43.7086700700711,-79.3063913389915
SIR ERNEST MACMILLAN SENIOR PUBLIC SCHOOL,Community Centre,,43.8066247936741,-79.3287743315802
SIR OLIVER MOWAT COLLEGIATE INSTITUTE,Community Centre,,43.7792186700934,-79.1421971267261
SIR WILFRID LAURIER COLLEGIATE INSTITUTE,Community Centre,,43.7471449075667,-79.1968577744016
SLOANE PUBLIC SCHOOL,Community Centre,,43.7313199446105,-79.31040553338
SMITHFIELD COMMUNITY SCHOOL,Community Centre,,43.7497510817525,-79.5956482142897
ST. ANDREWS JUNIOR HIGH SCHOOL,Community Centre,,43.7514924761458,-79.3902602182048
ST. AUGUSTINE CATHOLIC SCHOOL,Community Centre,,43.7682011679648,-79.5249063392696
ST. BARNABAS CATHOLIC SCHOOL,Community Centre,,43.7972659303444,-79.2285169005862
ST. ELIZABETH SETON CATHOLIC SCHOOL,Community Centre,,43.7889217250749,-79.2467279186068
ST. MARCELLUS COMMUNITY SCHOOL,Community Centre,Wi-Fi,43.6797144896385,-79.5541857778157
ST. NICHOLAS OF BARI CATHOLIC SCHOOL,Community Centre,,43.6827599113969,-79.4604033429507
TOPCLIFF PUBLIC SCHOOL,Community Centre,,43.7554331887414,-79.5106431682551
VAUGHAN ROAD ACADEMY,Community Centre,,43.6909406829253,-79.4367356625274
VICTORIA PARK COLLEGIATE INSTITUTE,Community Centre,,43.7558734127161,-79.3213626104087
VRADENBURG JUNIOR PUBLIC SCHOOL,Community Centre,,43.7743305778307,-79.3084119367778
WEST HILL COLLEGIATE INSTITUTE,Community Centre,,43.7758145503024,-79.1905741667129
WESTON COLLEGIATE INSTITUTE,Community Centre,,43.7037067687605,-79.509915306389
WEXFORD COLLEGIATE INSTITUTE,Community Centre,,43.7460109802514,-79.3067036249967
WHITE HAVEN PUBLIC SCHOOL,Community Centre,,43.7872901919974,-79.2472789021957
WINSTON CHURCHILL COLLEGIATE INSTITUTE,Community Centre,,43.7481241502867,-79.277701171593
WOBURN COLLEGIATE INSTITUTE,Community Centre,,43.7781408100025,-79.2285877823147
YORK MILLS COLLEGIATE INSTITUTE,Community Centre,,43.7515401318856,-79.3736353184928
POWER HOUSE RECREATION CENTRE,Community Centre,"Washroom, Wi-Fi",43.5935244408179,-79.5153435701392
MOUNT DENNIS COMMUNITY HALL,Community Centre,,43.6876098594328,-79.4897566367635
EDITHVALE COMMUNITY CENTRE,Community Centre,Wi-Fi,43.7769381016352,-79.4263811008628
MATTY ECKLER RECREATION CENTRE,Community Centre,Wi-Fi,43.6679040158744,-79.3395835207654
DAVID APPLETON COMMUNITY CENTRE,Community Centre,,43.6701982755062,-79.4888387401545
S.H. ARMSTRONG COMMUNITY RECREATION CENTRE,Community Centre,"Skateboarding, Wi-Fi",43.6659034912586,-79.3228166106666
BEDFORD PARK COMMUNITY CENTRE,Community Centre,,43.7279982995929,-79.3997922383025
BEACHES RECREATION CENTRE,Community Centre,Wi-Fi,43.6739832711515,-79.2987782403511
PARKDALE COMMUNITY RECREATION CENTRE,Community Centre,,43.6433596839054,-79.4371133043986
DAVISVILLE JUNIOR PUBLIC SCHOOL,Community Centre,,43.6990501874321,-79.3946626907315
SAMUEL HEARNE MIDDLE SCHOOL,Community Centre,,43.6950091642354,-79.283391045227
CENTRAL ETOBICOKE HIGH SCHOOL,Community Centre,,43.6789346879966,-79.5554428185888
TRINITY COMMUNITY RECREATION CENTRE,Community Centre,Wi-Fi,43.6462504545033,-79.4148778070141
BIRKDALE COMMUNITY CENTRE,Community Centre,Wi-Fi,43.7682291405724,-79.2638682534984
CANADIAN MARTYRS CATHOLIC SCHOOL,Community Centre,,43.6982057838966,-79.3193979460277
WALLACE EMERSON COMMUNITY RECREATION CENTRE,Community Centre,Washroom,43.6673368870221,-79.4393144816872
CRESTVIEW PUBLIC SCHOOL,Community Centre,,43.7884765230125,-79.3598873621605
STAN WADLOW CLUBHOUSE,Community Centre,Wi-Fi,43.6981944584978,-79.3151177370669
BOB ABATE COMMUNITY RECREATION CENTRE,Community Centre,Wi-Fi,43.6623904598241,-79.4203100918955
FENSIDE ARENA,Community Centre,Wi-Fi,43.7643543390242,-79.3270927188684
FAIRMOUNT PARK COMMUNITY CENTRE,Community Centre,,43.6766857433726,-79.3149233094957
LAMPORT STADIUM,Community Centre,"Sports Field, Washroom",43.6389966960342,-79.4232134735843
ESTHER SHINER STADIUM,Community Centre,"Sports Field, Washroom",43.7760429588625,-79.4454631648118
SECORD COMMUNITY CENTRE,Community Centre,Wi-Fi,43.6921153328647,-79.3016571366565
EAST YORK COMMUNITY RECREATION CENTRE,Community Centre,Wi-Fi,43.6917662225624,-79.3492559023062
STANLEY PUBLIC SCHOOL,Community Centre,,43.7416306499096,-79.517683908191
BROWN COMMUNITY CENTRE,Community Centre,,43.6849584623535,-79.4013615790516
EAST YORK MEMORIAL ARENA,Community Centre,Wi-Fi,43.6974470695993,-79.3153105932797
TERRY FOX COMMUNITY CENTRE,Community Centre,,43.6875436302521,-79.3093339765149
TREDWAY WOODSWORTH PUBLIC SCHOOL,Community Centre,,43.764935832726,-79.2353285653577
ST. NICHOLAS CATHOLIC SCHOOL,Community Centre,,43.7477885723931,-79.2328508645111
STRIDES TORONTO,Community Centre,,43.7772432057068,-79.2331249434055
NATIVE YOUTH RESOURCE CENTRE,Community Centre,,43.6639649738032,-79.4153869201402
ST. ANDRE CATHOLIC SCHOOL,Community Centre,,43.7239567095219,-79.5178915692911
THISTLETOWN MULTI-SERVICE CENTRE,Community Centre,Wi-Fi,43.7353899280452,-79.5624015589074
LAMP COMMUNITY HEALTH CENTRE,Community Centre,,43.6035261120081,-79.5034461292481
RATHBURN AREA YOUTH (RAY),Community Centre,,43.6481452036961,-79.5618374377958
HUMBER COMMUNITY POOL,Community Centre,,43.7305517812869,-79.6086678287855
EARL BEATTY COMMUNITY CENTRE,Community Centre,,43.6859570678078,-79.3212768841615
CANOE LANDING COMMUNITY RECREATION CENTRE,Community Centre,"Basketball Court, Outdoor Track, Playground, Sports Field, Wi-Fi",43.6394377946956,-79.394731493621
NORTHVIEW HEIGHTS SECONDARY SCHOOL,Community Centre,,43.7744465819947,-79.4455712597405
EARL BALES PARK SENIOR CENTRE,Community Centre,,43.7545094253327,-79.4362389829752
LARRY GROSSMAN FOREST HILL MEMORIAL ARENA,Community Centre,Washroom,43.704250374337,-79.4201852796346
MCCORMICK ARENA,Community Centre,,43.6472384211089,-79.4339412245562
MOSS PARK ARENA,Community Centre,,43.6550295636866,-79.3702954333658
NORTH TORONTO MEMORIAL ARENA,Community Centre,,43.7069852864604,-79.4045586738755
SCARBOROUGH ARENA GARDENS,Community Centre,Wi-Fi,43.6946574577723,-79.2619383800979
TED REEVE COMMUNITY ARENA,Community Centre,,43.6845443280704,-79.2992266825827
WILLIAM H. BOLTON ARENA,Community Centre,,43.6711959352054,-79.4152061268217
CARMINE STEFANO COMMUNITY CENTRE,Community Centre,,43.7338134511149,-79.5391425186587
YORK RECREATION CENTRE,Community Centre,Wi-Fi,43.687872905789,-79.4820344136735
REGENT PARK COMMUNITY CENTRE,Community Centre,Wi-Fi,43.6582745197575,-79.3616922501387
ST. JOACHIM CATHOLIC SCHOOL,Community Centre,,43.7129743948779,-79.2753665251829
ST. MAURICE CATHOLIC SCHOOL,Community Centre,,43.6978702307384,-79.5540311528903
ST. LAWRENCE COMMUNITY RECREATION CENTRE,Community Centre,Wi-Fi,43.6497591165374,-79.3649478648238
TORONTO PAN AM SPORTS CENTRE,Community Centre,Wi-Fi,43.7906971714374,-79.1937158131376
ST. AMBROSE CATHOLIC SCHOOL,Community Centre,,43.6083078130011,-79.5502354989863
ST. GERALD CATHOLIC SCHOOL,Community Centre,,43.7806967770138,-79.3263633084438
PARKWAY FOREST COMMUNITY CENTRE,Community Centre,Wi-Fi,43.7725666040359,-79.3436070411884
SWANSEA COMMUNITY RECREATION CENTRE,Community Centre,Wi-Fi,43.6439799398874,-79.4771006234535
Pape Avenue Junior Public School,Community Centre,,43.6703637974911,-79.3422267301884
EAST BAYFRONT COMMUNITY RECREATION CENTRE,Community Centre,Wi-Fi,43.6460042059937,-79.3610418680159
ROUGE VALLEY COMMUNITY RECREATION CENTRE,Community Centre,Wi-Fi,43.805385464592,-79.189814620785
OLD FIRE HALL 30,Community Centre,Wi-Fi,43.645857899512,-79.3499146216991
MCMURRICH JUNIOR PUBLIC SCHOOL,Community Centre,,43.6780692412025,-79.4310317261551
FRANKLAND COMMUNITY CENTRE,Community Centre,,43.6771978202603,-79.3504859899061
WEST ACRES SENIORS CENTRE,Community Centre,Wi-Fi,43.7252585456793,-79.5706412966851
MILLIKEN PARK COMMUNITY RECREATION CENTRE,Community Centre,Wi-Fi,43.8297510054934,-79.2741553441342
ANTIBES COMMUNITY CENTRE,Community Centre,"Basketball Court, Outdoor Dry Pad, Outdoor Ping Pong/Table Tennis, Pickleball Court, Playground, Tennis Court, Wi-Fi",43.7811383805631,-79.4469957593676
EDGEHILL HOUSE,Community Centre,,43.6706992190441,-79.5166902559539
EDENBRIDGE CENTRE,Community Centre,,43.6774858855013,-79.5108507714259
HARRISON POOL,Community Centre,,43.6510882586156,-79.3908365231734
WELLESLEY COMMUNITY CENTRE,Community Centre,Wi-Fi,43.6677008550321,-79.3745558874873
MAPLE LEAF COTTAGE,Community Centre,,43.6632496251575,-79.3273389133049
TORONTO TRACK AND FIELD CENTRE,Community Centre,"Washroom, Wi-Fi",43.7765902105189,-79.5069737332141
AMESBURY COMMUNITY CENTRE,Community Centre,Wi-Fi,43.7071222820968,-79.4826656672543
THE NEW GENERATION YOUTH RECREATION CENTRE,Community Centre,Wi-Fi,43.6902863306723,-79.4770361975589
CHRIS TONKS ARENA,Community Centre,Wi-Fi,43.6876680705564,-79.4788670927587
PHIL WHITE ARENA,Community Centre,"Washroom, Wi-Fi",43.6912757940726,-79.4315518192318
HARWOOD HALL,Community Centre,,43.6784183171618,-79.4787774832181
LAMBTON ARENA,Community Centre,Wi-Fi,43.6649609092025,-79.5058926629858
HILLCREST COMMUNITY CENTRE,Community Centre,Wi-Fi,43.6791928056708,-79.4159949499324
JOSEPH J. PICCININNI COMMUNITY RECREATION CENTRE,Community Centre,Wi-Fi,43.675320724325,-79.451449928818
RUNNYMEDE COLLEGIATE INSTITUTE,Community Centre,,43.6633822116859,-79.4895953018061
BANBURY COMMUNITY CENTRE,Community Centre,Wi-Fi,43.7428036620893,-79.3695359121079
BAYCREST ARENA,Community Centre,Wi-Fi,43.7289472239447,-79.4431358631458
BAYVIEW ARENA,Community Centre,Wi-Fi,43.7879584611044,-79.3936846863624
HOLY FAMILY COMMUNITY CENTRE,Community Centre,,43.6385400698183,-79.4345504316363
AGINCOURT COMMUNITY RECREATION CENTRE,Community Centre,Wi-Fi,43.7885003824549,-79.2757520164385
YORK CIVIC CENTRE,Civic Centre,,43.6899244188196,-79.4783923296905
BERNER TRAIL COMMUNITY CENTRE,Community Centre,,43.8018223190753,-79.2209282273814
CENTENNIAL RECREATION CENTRE - SCARBOROUGH,Community Centre,Wi-Fi,43.7745337693776,-79.2370287071057
LEASIDE GARDENS SWIMMING POOL,Community Centre,,43.7012510940503,-79.3611728963671
DON MILLS CIVITAN ARENA,Community Centre,Wi-Fi,43.7331190537632,-79.3438250678334
COMMANDER RECREATION CENTRE,Community Centre,Wi-Fi,43.7950376044518,-79.2678467678406
DOUGLAS SNOW AQUATIC CENTRE,Community Centre,Wi-Fi,43.7671270411399,-79.4153038932578
DOWNSVIEW ARENA,Community Centre,Wi-Fi,43.7190264399552,-79.5126109653032
DRIFTWOOD COMMUNITY RECREATION CENTRE,Community Centre,Wi-Fi,43.7654199458755,-79.5187434713558
JIMMIE SIMPSON RECREATION CENTRE,Community Centre,"Skateboarding, Washroom, Wi-Fi",43.6604475805934,-79.345313347794
AMESBURY SPORTS COMPLEX,Community Centre,Wi-Fi,43.706029276302,-79.4867792010165
FAIRBANK MEMORIAL COMMUNITY CENTRE,Community Centre,Wi-Fi,43.6912994410153,-79.4479867215526
HERBERT H. CARNEGIE CENTENNIAL CENTRE,Community Centre,Wi-Fi,43.7735941392823,-79.4501367227553
CHALKFARM COMMUNITY RECREATION CENTRE,Community Centre,Wi-Fi,43.7239655385417,-79.5116269705245
ANCASTER COMMUNITY CENTRE,Community Centre,Wi-Fi,43.7325627132994,-79.4656787143249
CUMMER PARK COMMUNITY CENTRE,Community Centre,Wi-Fi,43.8001014474603,-79.3712734059386
ARMOUR HEIGHTS COMMUNITY CENTRE,Community Centre,Wi-Fi,43.7393866949055,-79.4219099287346
McGREGOR PARK COMMUNITY CENTRE,Community Centre,Wi-Fi,43.7476393794948,-79.2803212416812
BIRCHMOUNT COMMUNITY CENTRE,Community Centre,Wi-Fi,43.6954854321372,-79.2621805292273
ONE YONGE COMMUNITY RECREATION CENTRE,Community Centre,Wi-Fi,43.6437949740879,-79.3739985252733
ETHENNONNHAWAHSTIHNEN' COMMUNITY RECREATION CENTRE & LIBRARY,Community Centre,Wi-Fi,43.7683957667604,-79.3756404303766
FORD PERFORMANCE CENTRE,Community Centre,,43.6029579152898,-79.5199133676675
ST. MICHAEL CATHOLIC SCHOOL,Community Centre,,43.6478693506475,-79.3698902194308
GRANDRAVINE COMMUNITY RECREATION CENTRE,Community Centre,Wi-Fi,43.7519152647376,-79.4906515064637
HABITANT ARENA,Community Centre,Wi-Fi,43.7469791129653,-79.5402511585128
IRVING W. CHAPLEY COMMUNITY CENTRE,Community Centre,"Outdoor Dry Pad, Washroom",43.7616194051207,-79.455867411459
JOHN BOOTH MEMORIAL ARENA,Community Centre,Wi-Fi,43.7697360217,-79.5241486137857
LAWRENCE HEIGHTS COMMUNITY CENTRE,Community Centre,"Skateboarding, Wi-Fi",43.7180487666781,-79.4422180148869
MITCHELL FIELD COMMUNITY CENTRE,Community Centre,Wi-Fi,43.7746705241055,-79.4084149662486
L'AMOREAUX TENNIS CENTRE,Community Centre,"Tennis Court, Washroom",43.8067032949939,-79.3050110061087
BROADLANDS COMMUNITY RECREATION CENTRE,Community Centre,"Outdoor Dry Pad, Washroom, Wi-Fi",43.7459183165797,-79.3227602269131
MALVERN RECREATION CENTRE,Community Centre,"Skateboarding, Wi-Fi",43.8085667472018,-79.2163844519575
NORTHWOOD COMMUNITY CENTRE,Community Centre,Wi-Fi,43.7455298675525,-79.5000806926768
TRACE MANES PARK COMMUNITY CENTRE,Community Centre,Wi-Fi,43.7055902362227,-79.3673083519887
SCARBOROUGH VILLAGE RECREATION CENTRE,Community Centre,Wi-Fi,43.7401721550363,-79.2165968637095
RODING COMMUNITY CENTRE,Community Centre,Wi-Fi,43.7291977709408,-79.4927303107057
NORTH KIPLING COMMUNITY CENTRE,Community Centre,Wi-Fi,43.7521977713759,-79.5844990933092
ELMBANK COMMUNITY CENTRE,Community Centre,Wi-Fi,43.7347773561294,-79.5887129265479
SENECA VILLAGE COMMUNITY CENTRE,Community Centre,Wi-Fi,43.7941444875151,-79.3513046336163
HUMBERWOOD COMMUNITY CENTRE,Community Centre,Wi-Fi,43.7288921423389,-79.6190420440355
DOMENICO DILUCA COMMUNITY RECREATION CENTRE,Community Centre,Wi-Fi,43.7424676247375,-79.5158013138004
VICTORIA VILLAGE ARENA,Community Centre,Wi-Fi,43.7231898027645,-79.3156334888003
YORK MILLS ARENA,Community Centre,Wi-Fi,43.7476532978615,-79.3834202689062
OAKDALE COMMUNITY CENTRE,Community Centre,Wi-Fi,43.7478337832948,-79.5131274475855
BIRCHMOUNT STADIUM ,Community Centre,"Outdoor Track, Sports Field",43.695505397291,-79.2613169544509
CURRAN HALL COMMUNITY CENTRE,Community Centre,,43.7774334280618,-79.2108308312962
L'AMOREAUX COMMUNITY RECREATION CENTRE,Community Centre,Wi-Fi,43.812611473843,-79.3050561969343
LEASIDE MEMORIAL COMMUNITY GARDENS ARENA,Community Centre,,43.701760328038,-79.360887945449
OURLAND COMMUNITY CENTRE,Community Centre,Wi-Fi,43.6151301637291,-79.5084844077924
THE ELMS COMMUNITY SCHOOL AND POOL,Community Centre,Wi-Fi,43.7221973646426,-79.551984150905
NORSEMAN COMMUNITY SCHOOL AND POOL,Community Centre,Wi-Fi,43.634294553033,-79.5164833602343
ALBION ARENA,Community Centre,Wi-Fi,43.7395625002357,-79.582830483098
PINE POINT ARENA,Community Centre,Wi-Fi,43.7126442744777,-79.5426189994212
MIMICO ARENA,Community Centre,Wi-Fi,43.6123303646434,-79.4987875148124
DON MONTGOMERY COMMUNITY RECREATION CENTRE,Community Centre,Wi-Fi,43.7326290263487,-79.2616994253887
ORIOLE COMMUNITY RECREATION CENTRE,Community Centre,Wi-Fi,43.7817608699887,-79.3514094239261
PELMO PARK COMMUNITY CENTRE ,Community Centre,,43.7142404245639,-79.5195921587098
OAKRIDGE COMMUNITY RECREATION CENTRE,Community Centre,Wi-Fi,43.6949354949452,-79.2840937470938
PLEASANTVIEW COMMUNITY CENTRE,Community Centre,"Washroom, Wi-Fi",43.7869936879769,-79.3368310075746
ANGELA JAMES ARENA,Community Centre,"Pickleball Court, Tennis Court, Wi-Fi",43.7131479661019,-79.3276349798301
FLEMINGDON COMMUNITY CENTRE AND PLAYGROUND PARADISE,Community Centre,"Playground, Wi-Fi",43.7135673277875,-79.326381354994
WEST ROUGE COMMUNITY CENTRE,Community Centre,Wi-Fi,43.7921131748365,-79.1251545950445
BURROWS HALL COMMUNITY CENTRE,Community Centre,Wi-Fi,43.7939894920756,-79.2342922919161
CEDARBROOK COMMUNITY CENTRE,Community Centre,Wi-Fi,43.7556239062328,-79.2273953320968
ELLESMERE COMMUNITY RECREATION CENTRE,Community Centre,Wi-Fi,43.76069075642,-79.2993366336893
TALL PINES COMMUNITY CENTRE,Community Centre,,43.7985020909424,-79.1520810491574
TAM HEATHER CURLING AND TENNIS CLUB,Community Centre,,43.7911481298837,-79.1992103472698
JOHN INNES COMMUNITY RECREATION CENTRE,Community Centre,Wi-Fi,43.6554231306603,-79.3703437798954
HERON PARK COMMUNITY RECREATION CENTRE,Community Centre,Wi-Fi,43.7688363876356,-79.1772548196361
GLEN LONG COMMUNITY CENTRE,Community Centre,"Outdoor Dry Pad, Washroom, Wi-Fi",43.708778367577,-79.4558674983763
GORD AND IRENE RISK COMMUNITY RECREATION CENTRE,Community Centre,Wi-Fi,43.747436550902,-79.5665092529554
GOULDING COMMUNITY CENTRE,Community Centre,Wi-Fi,43.7906271275808,-79.4221107163165
PORT UNION COMMUNITY RECREATION CENTRE,Community Centre,"Basketball Court, Outdoor Dry Pad, Skateboarding, Wi-Fi",43.7796658897158,-79.1402808119392
MASARYK - COWAN COMMUNITY RECREATION CENTRE,Community Centre,Wi-Fi,43.640643583347,-79.433257367688
MEMORIAL POOL AND HEALTH CLUB,Community Centre,Wi-Fi,43.6483790866303,-79.5196174965911
ETOBICOKE OLYMPIUM,Community Centre,Wi-Fi,43.650230054854,-79.5844327526954
ALBION POOL AND HEALTH CLUB,Community Centre,Wi-Fi,43.7392632411491,-79.5811300027369
GUS RYDER POOL AND HEALTH CLUB,Community Centre,Wi-Fi,43.6012154857506,-79.5219470074183
ALDERWOOD POOL,Community Centre,Wi-Fi,43.6018604710083,-79.5473309057188
ROB FORD STADIUM,Community Centre,"Sports Field, Washroom",43.6538306520015,-79.5845790761981
CENTENNIAL PARK ARENA - ETOBICOKE,Community Centre,Wi-Fi,43.6560858115455,-79.5858757330211
NORTH YORK CIVIC CENTRE,Civic Centre,Washroom,43.7672216917239,-79.4146427325278
MAURICE CODY COMMUNITY CENTRE,Community Centre,,43.7048688549408,-79.3776679134847
LONG BRANCH ARENA,Community Centre,Wi-Fi,43.5919436922898,-79.5272872365118
ISLINGTON SENIORS' CENTRE,Community Centre,,43.6476579525595,-79.5301211529075
FAIRFIELD SENIORS' CENTRE,Community Centre,Wi-Fi,43.6395319992556,-79.5192434700079
HORNER AVENUE SENIORS CENTRE,Community Centre,Wi-Fi,43.6062839154257,-79.526837697179
CENTRAL ARENA,Community Centre,"Washroom, Wi-Fi",43.6485495669752,-79.5202681652435
VIEWMOUNT COMMUNITY CENTRE,Community Centre,,43.707500214596,-79.4372342113983
KEELE COMMUNITY CENTRE,Community Centre,Wi-Fi,43.6575943360984,-79.4616734489626
MAIN SQUARE COMMUNITY RECREATION CENTRE,Community Centre,Wi-Fi,43.687172370629,-79.2997884943715
SIR ADAM BECK JUNIOR SCHOOL,Community Centre,,43.6016944705814,-79.5480118747542
