price,list_price,sold_price,home_type,home_type_bucket,neighbourhood,latitude,longitude,bedrooms,bedrooms_plus,bathrooms,estimated_area_sqft
388000.0,388000.0,388000.0,CONDO,CONDO,Waterfront Communities The Island,43.648879,-79.3880443,1,0,1,350.0
385000.0,385000.0,385000.0,CONDO,CONDO,Moss Park,43.6533131,-79.3598823,2,0,1,350.0
299000.0,299000.0,299000.0,CONDO,CONDO,Church-Yonge Corridor,43.6573754,-79.3740866,2,0,1,350.0
399000.0,399000.0,399000.0,CONDO,CONDO,Bay Street Corridor,43.6611357,-79.3856052,1,0,1,650.0
399999.0,399999.0,399999.0,CONDO,CONDO,South Riverdale,43.6576395,-79.350917,1,0,1,550.0
369000.0,369000.0,369000.0,CONDO,CONDO,Taylor Massey,43.6968373,-79.293353,1,1,1,950.0
399900.0,399900.0,399900.0,CONDO,CONDO,Elms Old Rexdale,43.721194,-79.5441255,3,0,2,1100.0
299000.0,299000.0,299000.0,CONDO,CONDO,Kingsview Village The Westway,43.6956176,-79.5538552,2,0,1,950.0
375000.0,375000.0,375000.0,CONDO,CONDO,Church Yonge Corridor,43.6611081,-79.3765785,1,1,2,750.0
385000.0,385000.0,385000.0,CONDO,CONDO,Church Yonge Corridor,43.6646354,-79.3780832,1,0,1,550.0
370000.0,370000.0,370000.0,CONDO,CONDO,Church-Yonge Corridor,43.6574957,-79.3743712,2,0,1,350.0
349000.0,349000.0,349000.0,CONDO,CONDO,Church Yonge Corridor,43.6699083,-79.3815245,1,0,1,550.0
388888.0,388888.0,388888.0,CONDO,CONDO,University,43.6645164,-79.4105865,2,0,1,350.0
369900.0,369900.0,369900.0,CONDO,CONDO,Kingsview Village The Westway,43.6956176,-79.5538552,2,0,1,1100.0
349000.0,349000.0,349000.0,CONDO,CONDO,Church-Yonge Corridor,43.6547114,-79.3792073,2,0,1,350.0
399900.0,399900.0,399900.0,CONDO,CONDO,Lansing Westgate,43.765639,-79.4127414,1,0,1,550.0
345000.0,345000.0,345000.0,CONDO,CONDO,Annex,43.6739939,-79.388627,2,0,1,350.0
375000.0,375000.0,375000.0,CONDO,CONDO,High Park-Swansea,43.6368133,-79.4681638,1,0,1,350.0
388000.0,388000.0,388000.0,CONDO,CONDO,Waterfront Communities C8,43.64992729999999,-79.3670527,1,0,1,350.0
339000.0,339000.0,339000.0,CONDO,CONDO,Mount Pleasant West,43.7101663,-79.3934897,2,0,1,350.0
399000.0,399000.0,399000.0,CONDO,CONDO,Waterfront Communities C1,43.6489604,-79.392576,2,0,1,350.0
398000.0,398000.0,398000.0,CONDO,CONDO,Waterfront Communities C8,43.6455213,-79.3687484,1,0,2,350.0
385000.0,385000.0,385000.0,CONDO,CONDO,Church-Yonge Corridor,43.6574957,-79.3743712,1,0,1,350.0
399900.0,399900.0,399900.0,CONDO,CONDO,Cabbagetown-South St. James Town,43.6667853,-79.3749198,1,0,1,350.0
368000.0,368000.0,368000.0,CONDO,CONDO,TCCY - Church-Yonge Corridor,43.6693009,-79.3841709,2,0,1,359.0
399999.0,399999.0,399999.0,CONDO,CONDO,Englemount Lawrence,43.7224076,-79.4316668,1,0,1,650.0
399000.0,399000.0,399000.0,CONDO,CONDO,Waterfront Communities C1,43.650446,-79.38771,2,0,1,350.0
288000.0,288000.0,288000.0,CONDO,CONDO,Church-Yonge Corridor,43.6568058,-79.3750924,1,0,1,550.0
399000.0,399000.0,399000.0,CONDO,CONDO,Mount Pleasant East,43.7100927,-79.3831586,1,0,1,550.0
389000.0,389000.0,389000.0,CONDO,CONDO,Church-Yonge Corridor,43.6568058,-79.3750924,1,0,1,550.0
400000.0,400000.0,400000.0,CONDO,CONDO,Brookhaven Amesbury,43.7075403,-79.4792259,2,0,1,850.0
400000.0,400000.0,400000.0,CONDO,CONDO,Dovercourt-Wallace Emerson-Junction,43.6667326,-79.4481553,1,1,1,550.0
399900.0,399900.0,399900.0,CONDO,CONDO,Waterfront Communities C1,43.6525073,-79.3979879,1,0,1,550.0
349000.0,349000.0,349000.0,CONDO,CONDO,Regent Park,43.659783,-79.362653,2,0,1,350.0
358000.0,358000.0,358000.0,CONDO,CONDO,Church-Yonge Corridor,43.6695417,-79.3837883,2,0,1,350.0
390000.0,390000.0,390000.0,CONDO,CONDO,Annex,43.670312,-79.394299,2,0,1,350.0
380000.0,380000.0,380000.0,CONDO,CONDO,South Parkdale,43.6404251,-79.4246524,1,0,1,350.0
388888.0,388888.0,388888.0,CONDO,CONDO,High Park-Swansea,43.63625520000001,-79.4708718,1,0,1,350.0
399000.0,399000.0,399000.0,CONDO,CONDO,West Humber Clairville,43.7248194,-79.6160451,1,1,1,650.0
399000.0,399000.0,399000.0,CONDO,CONDO,Waterfront Communities C1,43.6457753,-79.3925057,1,0,1,550.0
399000.0,399000.0,399000.0,CONDO,CONDO,Niagara,43.6409419,-79.40371499999999,1,0,1,350.0
399000.0,399000.0,399000.0,CONDO,CONDO,Mount Pleasant West,43.7101675,-79.39241950000002,2,0,1,350.0
388888.0,388888.0,388888.0,CONDO,CONDO,Moss Park,43.656969,-79.3741222,1,0,1,350.0
349880.0,349880.0,349880.0,CONDO,CONDO,Niagara,43.6409911,-79.4143265,1,0,1,550.0
398800.0,398800.0,398800.0,CONDO,CONDO,Bay Street Corridor,43.6593521,-79.3856503,1,0,1,550.0
395000.0,395000.0,395000.0,CONDO,CONDO,Mount Pleasant West,43.7104736,-79.3924946,2,0,1,350.0
349000.0,349000.0,349000.0,CONDO,CONDO,University,43.6652906,-79.4036206,2,0,1,350.0
384000.0,384000.0,384000.0,CONDO,CONDO,Waterfront Communities C8,43.6616458,-79.37671940000001,2,0,1,350.0
349900.0,349900.0,349900.0,CONDO,CONDO,Church Yonge Corridor,43.6699083,-79.3815245,2,0,1,350.0
398000.0,398000.0,398000.0,CONDO,CONDO,Waterfront Communities C1,43.6457753,-79.3925057,2,0,1,350.0
399900.0,399900.0,399900.0,CONDO,CONDO,Yonge-Eglinton,43.7062552,-79.39986979999999,2,0,1,350.0
399900.0,399900.0,399900.0,CONDO,CONDO,Waterfront Communities C1,43.6383693,-79.3986981,2,0,1,350.0
325000.0,325000.0,325000.0,CONDO,CONDO,Annex,43.6732429,-79.3898622,2,0,1,350.0
375000.0,375000.0,375000.0,CONDO,CONDO,Waterfront Communities C1,43.646985,-79.3916675,2,0,1,350.0
353900.0,353900.0,353900.0,CONDO,CONDO,Church-Yonge Corridor,43.6557672,-79.3763377,2,0,1,350.0
359900.0,359900.0,359900.0,CONDO,CONDO,North St James Town,43.6722218,-79.37735959999999,2,0,1,350.0
399000.0,399000.0,399000.0,CONDO,CONDO,Church-Yonge Corridor,43.6533456,-79.3793731,1,0,1,550.0
329888.0,329888.0,329888.0,CONDO,CONDO,Kingsview Village The Westway,43.695785,-79.5531547,2,0,1,1100.0
385000.0,385000.0,385000.0,CONDO,CONDO,Church-Yonge Corridor,43.6693009,-79.3841709,2,0,1,350.0
349900.0,349900.0,349900.0,CONDO,CONDO,South Parkdale,43.6398034,-79.4266144,1,1,1,550.0
399999.0,399999.0,399999.0,CONDO,CONDO,Waterfront Communities C1,43.6411905,-79.3829556,1,0,1,550.0
399900.0,399900.0,399900.0,CONDO,CONDO,Waterfront Communities C1,43.6383693,-79.3986981,1,0,1,550.0
388000.0,388000.0,388000.0,CONDO,CONDO,Church-Yonge Corridor,43.6655348,-79.3801464,2,0,1,350.0
388000.0,388000.0,388000.0,CONDO,CONDO,Little Portugal,43.6423906,-79.4247385,1,0,1,350.0
349000.0,349000.0,349000.0,CONDO,CONDO,Regent Park,43.6601105,-79.3605898,2,0,1,350.0
384900.0,384900.0,384900.0,CONDO,CONDO,Yonge-St. Clair,43.6890139,-79.4018517,1,0,1,750.0
365000.0,365000.0,365000.0,CONDO,CONDO,Waterfront Communities C1,43.6411905,-79.3829556,2,0,1,350.0
399999.0,399999.0,399999.0,CONDO,CONDO,Mount Olive Silverstone Jamestown,43.7582885,-79.586393,1,0,2,850.0
349900.0,349900.0,349900.0,CONDO,CONDO,Waterfront Communities C1,43.65045569999999,-79.3878479,2,0,1,350.0
385000.0,385000.0,385000.0,CONDO,CONDO,High Park Swansea,43.6361579,-79.4706161,1,0,1,350.0
339900.0,339900.0,339900.0,CONDO,CONDO,Church-Yonge Corridor,43.6545231,-79.3791276,2,0,1,350.0
399000.0,399000.0,399000.0,CONDO,CONDO,Brookhaven Amesbury,43.6989235,-79.478878,1,0,1,750.0
399000.0,399000.0,399000.0,CONDO,CONDO,Niagara,43.6387756,-79.4163147,2,0,1,350.0
354900.0,354900.0,354900.0,CONDO,CONDO,North St James Town,43.6667987,-79.40319939999999,2,0,1,350.0
399999.0,399999.0,399999.0,CONDO,CONDO,High Park Swansea,43.6376021,-79.473026,1,1,1,750.0
399000.0,399000.0,399000.0,CONDO,CONDO,Bay Street Corridor,43.661781,-79.384218,2,0,1,350.0
399999.0,399999.0,399999.0,CONDO,CONDO,Bay Street Corridor,43.65886,-79.384741,1,1,1,350.0
399000.0,399000.0,399000.0,CONDO,CONDO,Waterfront Communities C1,43.6446563,-79.3928272,1,0,1,550.0
399999.0,399999.0,399999.0,CONDO,CONDO,Church-Yonge Corridor,43.6519098,-79.3770909,1,1,1,650.0
383900.0,383900.0,383900.0,CONDO,CONDO,Waterfront Communities C1,43.650446,-79.38771,1,0,1,350.0
367500.0,367500.0,367500.0,CONDO,CONDO,Elms Old Rexdale,43.7220795,-79.5439469,3,0,2,1300.0
399900.0,399900.0,399900.0,CONDO,CONDO,Church-Yonge Corridor,43.6545231,-79.3791276,2,0,1,350.0
334900.0,334900.0,334900.0,CONDO,CONDO,Kingsview Village The Westway,43.6968309,-79.5525309,2,0,1,1100.0
400000.0,400000.0,400000.0,CONDO,CONDO,Moss Park,43.6566436,-79.3547917,1,0,1,550.0
395000.0,395000.0,395000.0,CONDO,CONDO,Dovercourt Wallace Emerson Junction,43.6650324,-79.447587,1,0,1,550.0
370000.0,370000.0,370000.0,CONDO,CONDO,Annex,43.6702658,-79.3943539,2,0,1,350.0
349900.0,349900.0,349900.0,CONDO,CONDO,Mount Pleasant West,43.7087689,-79.3937974,2,0,1,350.0
399900.0,399900.0,399900.0,CONDO,CONDO,Church-Yonge Corridor,43.6552121,-79.375727,2,1,1,350.0
327000.0,327000.0,327000.0,CONDO,CONDO,Church-Yonge Corridor,43.6574957,-79.3743712,2,0,1,350.0
400000.0,400000.0,400000.0,CONDO,CONDO,Waterfront Communities C1,43.6490022,-79.386928,1,0,1,550.0
324900.0,324900.0,324900.0,CONDO,CONDO,Glenfield Jane Heights,43.7485094,-79.5058956,1,0,1,650.0
389000.0,389000.0,389000.0,CONDO,CONDO,Waterfront Communities The Island,43.6460155,-79.3940644,2,0,1,350.0
368900.0,368900.0,368900.0,CONDO,CONDO,Church-Yonge Corridor,43.6545231,-79.3791276,2,0,1,350.0
399900.0,399900.0,399900.0,CONDO,CONDO,Little Portugal,43.6423906,-79.4247385,1,0,1,350.0
399900.0,399900.0,399900.0,CONDO,CONDO,Annex,43.6733118,-79.415925,1,1,1,350.0
399000.0,399000.0,399000.0,CONDO,CONDO,Mount Pleasant West,43.70941010000001,-79.3980263,1,0,1,650.0
388000.0,388000.0,388000.0,CONDO,CONDO,Dovercourt-Wallace Emerson-Junction,43.6657347,-79.447861,1,0,1,550.0
369000.0,369000.0,369000.0,CONDO,CONDO,High Park North,43.6529879,-79.4694203,1,0,1,350.0
299000.0,299000.0,299000.0,CONDO,CONDO,Weston,43.7082653,-79.5342051,1,0,1,650.0
395000.0,395000.0,395000.0,CONDO,CONDO,Mount Pleasant East,43.7100927,-79.3831586,1,0,1,550.0
394999.0,394999.0,394999.0,CONDO,CONDO,Mount Pleasant West,43.7116204,-79.3955165,1,0,1,350.0
388000.0,388000.0,388000.0,CONDO,CONDO,West Humber Clairville,43.7212962,-79.6100827,1,1,2,950.0
349999.0,349999.0,349999.0,CONDO,CONDO,Niagara,43.63978890000001,-79.4096362,2,0,1,350.0
399000.0,399000.0,399000.0,CONDO,CONDO,Waterfront Communities C1,43.6478311,-79.391115,2,0,1,350.0
399000.0,399000.0,399000.0,CONDO,CONDO,Waterfront Communities C1,43.6454752,-79.3923183,2,0,1,350.0
304999.0,304999.0,304999.0,CONDO,CONDO,Glenfield Jane Heights,43.7458891,-79.5158122,1,0,1,850.0
369900.0,369900.0,369900.0,CONDO,CONDO,Moss Park,43.6536408,-79.3689234,2,0,1,350.0
399000.0,399000.0,399000.0,CONDO,CONDO,Moss Park,43.6597894,-79.3754391,2,0,1,350.0
309000.0,309000.0,309000.0,CONDO,CONDO,University,43.6653472,-79.4034356,2,0,1,350.0
379900.0,379900.0,379900.0,CONDO,CONDO,Elms Old Rexdale,43.7220795,-79.5439469,2,0,1,850.0
375000.0,375000.0,375000.0,CONDO,CONDO,Bay Street Corridor,43.6676702,-79.3864205,2,0,1,350.0
340000.0,340000.0,340000.0,CONDO,CONDO,Church-Yonge Corridor,43.6560563,-79.3772154,2,0,1,350.0
395000.0,395000.0,395000.0,CONDO,CONDO,Mount Pleasant West,43.7095303,-79.3982269,1,0,1,550.0
399999.0,399999.0,399999.0,CONDO,CONDO,Waterfront Communities C1,43.6459582,-79.3898731,2,0,1,350.0
399900.0,399900.0,399900.0,CONDO,CONDO,Waterfront Communities C1,43.6411905,-79.3829556,2,1,1,350.0
392888.0,392888.0,392888.0,CONDO,CONDO,Bay Street Corridor,43.664945,-79.38522549999999,2,0,1,350.0
399000.0,399000.0,399000.0,CONDO,CONDO,Church-Yonge Corridor,43.6564615,-79.3767046,1,0,1,350.0
388000.0,388000.0,388000.0,CONDO,CONDO,Moss Park,43.6574957,-79.3743712,1,0,1,350.0
399000.0,399000.0,399000.0,CONDO,CONDO,Bay Street Corridor,43.665786,-79.3855809,2,0,1,350.0
389000.0,389000.0,389000.0,CONDO,CONDO,Moss Park,43.656969,-79.3741222,1,0,1,350.0
369900.0,369900.0,369900.0,CONDO,CONDO,Waterfront Communities C8,43.6551874,-79.3548449,1,0,1,350.0
305999.0,305999.0,305999.0,CONDO,CONDO,Glenfield Jane Heights,43.7458891,-79.5158122,1,0,1,750.0
368000.0,368000.0,368000.0,CONDO,CONDO,Waterfront Communities C1,43.6476803,-79.3969205,2,0,1,350.0
348800.0,348800.0,348800.0,CONDO,CONDO,Mount Pleasant East,43.7087689,-79.3937974,2,0,1,350.0
350000.0,350000.0,350000.0,CONDO,CONDO,Waterfront Communities C1,43.6456123,-79.39183779999999,2,0,1,350.0
399999.0,399999.0,399999.0,CONDO,CONDO,Forest Hill South,43.7016568,-79.4212468,1,0,1,750.0
350000.0,350000.0,350000.0,CONDO,CONDO,Church-Yonge Corridor,43.6557672,-79.3763377,2,0,1,350.0
335000.0,335000.0,335000.0,CONDO,CONDO,Moss Park,43.6597894,-79.3754391,2,0,1,350.0
349000.0,349000.0,349000.0,CONDO,CONDO,Moss Park,43.6574957,-79.3743712,2,0,1,350.0
388000.0,388000.0,388000.0,CONDO,CONDO,Moss Park,43.6597894,-79.3754391,2,0,1,350.0
399900.0,399900.0,399900.0,CONDO,CONDO,Bay Street Corridor,43.6548441,-79.3846797,2,0,1,350.0
398888.0,398888.0,398888.0,CONDO,CONDO,Regent Park,43.6614865,-79.3584054,1,0,1,550.0
349900.0,349900.0,349900.0,CONDO,CONDO,Niagara,43.6396262,-79.4157955,2,0,1,350.0
329900.0,329900.0,329900.0,CONDO,CONDO,Mount Pleasant West,43.7089649,-79.3929849,2,0,1,350.0
389000.0,389000.0,389000.0,CONDO,CONDO,Waterfront Communities C1,43.6490923,-79.3885042,2,0,1,350.0
385000.0,385000.0,385000.0,CONDO,CONDO,L Amoreaux,43.7957296,-79.3157268,2,1,2,1100.0
369990.0,369990.0,369990.0,CONDO,CONDO,Waterfront Communities C1,43.6466285,-79.4017026,2,0,1,350.0
398000.0,398000.0,398000.0,CONDO,CONDO,Clairlea Birchmount,43.7165398,-79.2845142,1,0,1,550.0
348000.0,348000.0,348000.0,CONDO,CONDO,Kingsview Village-The Westway,43.69603619999999,-79.5541212,2,0,1,850.0
399990.0,399990.0,399990.0,CONDO,CONDO,Bendale,43.7738719,-79.25782389999999,1,0,1,550.0
339900.0,339900.0,339900.0,CONDO,CONDO,Black Creek,43.7585259,-79.5151132,1,0,1,750.0
339000.0,339000.0,339000.0,CONDO,CONDO,Yorkdale-Glen Park,43.70675079999999,-79.46767690000001,2,0,1,650.0
399000.0,399000.0,399000.0,CONDO,CONDO,Forest Hill North,43.7045616,-79.4256344,2,0,1,550.0
399900.0,399900.0,399900.0,CONDO,CONDO,Elms Old Rexdale,43.721194,-79.5441255,2,0,1,1100.0
385000.0,385000.0,385000.0,CONDO,CONDO,South Parkdale,43.6404251,-79.4246524,1,0,1,350.0
398800.0,398800.0,398800.0,CONDO,CONDO,Moss Park,43.6544384,-79.3630252,1,0,1,350.0
399900.0,399900.0,399900.0,CONDO,CONDO,Kingsview Village The Westway,43.6959152,-79.5561577,2,0,1,1100.0
375000.0,375000.0,375000.0,CONDO,CONDO,Yonge St Clair,43.6890289,-79.4018729,1,0,1,750.0
443990.0,443990.0,443990.0,CONDO,CONDO,Trinity-Bellwoods,43.6497203,-79.4226071,1,0,1,350.0
499000.0,499000.0,499000.0,CONDO,CONDO,The Beaches,43.6673714,-79.3110607,1,0,1,350.0
479900.0,479900.0,479900.0,CONDO,CONDO,Dovercourt-Wallace Emerson-Junction,43.6673538,-79.4420451,1,0,1,550.0
424900.0,424900.0,424900.0,CONDO,CONDO,Elms Old Rexdale,43.7229776,-79.5437331,2,0,1,950.0
419000.0,419000.0,419000.0,CONDO,CONDO,Thorncliffe Park,43.7039489,-79.3500357,1,1,1,850.0
475000.0,475000.0,475000.0,CONDO,CONDO,Bay Street Corridor,43.64931790000001,-79.3825714,1,0,1,350.0
438900.0,438900.0,438900.0,CONDO,CONDO,Mount Pleasant West,43.7101663,-79.3934897,1,1,1,550.0
499000.0,499000.0,499000.0,CONDO,CONDO,Waterfront Communities C1,43.6476915,-79.3933074,1,1,1,550.0
438800.0,438800.0,438800.0,CONDO,CONDO,Elms Old Rexdale,43.7220795,-79.5439469,3,0,2,1100.0
419000.0,419000.0,419000.0,CONDO,CONDO,Yorkdale Glen Park,43.7065068,-79.465492,3,0,1,750.0
449900.0,449900.0,449900.0,CONDO,CONDO,Dovercourt Wallace Emerson Junction,43.6650324,-79.447587,1,0,1,550.0
498800.0,498800.0,498800.0,CONDO,CONDO,Waterfront Communities The Island,43.6434094,-79.3923139,1,0,1,650.0
489000.0,489000.0,489000.0,CONDO,CONDO,Church-Yonge Corridor,43.6695417,-79.3837883,1,0,1,350.0
459203.0,459203.0,459203.0,CONDO,CONDO,Church-Yonge Corridor,43.65490810000001,-79.37468480000001,1,0,1,550.0
475000.0,475000.0,475000.0,CONDO,CONDO,Islington City Centre West,43.6217695,-79.5216744,1,1,1,650.0
439000.0,439000.0,439000.0,CONDO,CONDO,Church-Yonge Corridor,43.6574957,-79.3743712,1,0,1,550.0
409888.0,409888.0,409888.0,CONDO,CONDO,Church Yonge Corridor,43.6545231,-79.3791276,2,1,1,350.0
418900.0,418900.0,418900.0,CONDO,CONDO,Mount Pleasant West,43.704066,-79.39717069999999,1,0,1,350.0
489000.0,489000.0,489000.0,CONDO,CONDO,Yonge-St. Clair,43.6866172,-79.40068000000001,1,0,1,550.0
430000.0,430000.0,430000.0,CONDO,CONDO,South Riverdale,43.6623402,-79.3410964,1,0,1,350.0
495000.0,495000.0,495000.0,CONDO,CONDO,Bay Street Corridor,43.6548441,-79.3846797,1,1,1,650.0
499000.0,499000.0,499000.0,CONDO,CONDO,Bay Street Corridor,43.666815,-79.3875312,1,0,1,550.0
494900.0,494900.0,494900.0,CONDO,CONDO,Islington City Centre West,43.6448243,-79.5319897,1,1,1,850.0
449000.0,449000.0,449000.0,CONDO,CONDO,Waterfront Communities C1,43.6478311,-79.391115,1,0,1,350.0
449000.0,449000.0,449000.0,CONDO,CONDO,High Park North,43.655709,-79.4564077,1,1,1,650.0
463000.0,463000.0,463000.0,CONDO,CONDO,Yonge-St. Clair,43.6866172,-79.40068000000001,1,0,1,550.0
499000.0,499000.0,499000.0,CONDO,CONDO,Waterfront Communities C8,43.641973,-79.3735899,1,0,1,350.0
478000.0,478000.0,478000.0,CONDO,CONDO,Yonge-St. Clair,43.6866172,-79.40068000000001,1,0,1,550.0
499000.0,499000.0,499000.0,CONDO,CONDO,Waterfront Communities The Island,43.644634,-79.392936,1,0,1,750.0
490000.0,490000.0,490000.0,CONDO,CONDO,Niagara,43.6432744,-79.404727,1,1,1,650.0
438000.0,438000.0,438000.0,CONDO,CONDO,Moss Park,43.656969,-79.3741222,1,1,1,550.0
475000.0,475000.0,475000.0,CONDO,CONDO,Church-Yonge Corridor,43.6622431,-79.3792864,1,0,1,350.0
499900.0,499900.0,499900.0,CONDO,CONDO,Regent Park,43.6614865,-79.3584054,1,1,1,550.0
489000.0,489000.0,489000.0,CONDO,CONDO,Casa Loma,43.6828589,-79.4175994,1,0,1,550.0
489000.0,489000.0,489000.0,CONDO,CONDO,Bay Street Corridor,43.665819,-79.3856141,1,0,1,550.0
419000.0,419000.0,419000.0,CONDO,CONDO,South Riverdale,43.66513339999999,-79.3414981,1,0,1,350.0
499000.0,499000.0,499000.0,CONDO,CONDO,South Parkdale,43.6404251,-79.4246524,2,0,1,650.0
460000.0,460000.0,460000.0,CONDO,CONDO,Waterfront Communities C8,43.6460836,-79.3650117,1,0,1,550.0
499000.0,499000.0,499000.0,CONDO,CONDO,Yonge-Eglinton,43.7080568,-79.400489,1,0,1,550.0
499000.0,499000.0,499000.0,CONDO,CONDO,Church-Yonge Corridor,43.6659044,-79.3834934,1,1,1,750.0
448000.0,448000.0,448000.0,CONDO,CONDO,Niagara,43.6373148,-79.4029448,1,0,1,350.0
499000.0,499000.0,499000.0,CONDO,CONDO,Casa Loma,43.6830274,-79.4179185,1,0,1,550.0
409999.0,409999.0,409999.0,CONDO,CONDO,Dovercourt Wallace Emerson Junction,43.6650324,-79.447587,1,0,1,550.0
439000.0,439000.0,439000.0,CONDO,CONDO,Regent Park,43.6605932,-79.3593489,1,0,1,350.0
498000.0,498000.0,498000.0,CONDO,CONDO,Waterfront Communities The Island,43.6450088,-79.3912754,1,1,1,650.0
448800.0,448800.0,448800.0,CONDO,CONDO,Yonge-St. Clair,43.6866172,-79.40068000000001,1,0,1,550.0
415000.0,415000.0,415000.0,CONDO,CONDO,South Parkdale,43.6404251,-79.4246524,1,0,1,650.0
499900.0,499900.0,499900.0,CONDO,CONDO,Waterfront Communities C8,43.6505719,-79.3572672,1,1,1,550.0
495000.0,495000.0,495000.0,CONDO,CONDO,Moss Park,43.6543608,-79.36298029999999,1,1,1,650.0
480000.0,480000.0,480000.0,CONDO,CONDO,Waterfront Communities The Island,43.6427513,-79.3769186,1,0,1,550.0
499000.0,499000.0,499000.0,CONDO,CONDO,West Humber Clairville,43.7307208,-79.6108976,1,1,1,850.0
465000.0,465000.0,465000.0,CONDO,CONDO,Yonge-St. Clair,43.6866172,-79.40068000000001,1,0,1,550.0
429999.0,429999.0,429999.0,CONDO,CONDO,Niagara,43.6384117,-79.40091470000002,1,0,1,350.0
449500.0,449500.0,449500.0,CONDO,CONDO,Dovercourt Wallace Emerson Junction,43.6650324,-79.447587,1,0,1,550.0
428000.0,428000.0,428000.0,CONDO,CONDO,Church-Yonge Corridor,43.6655095,-79.3830247,1,0,1,350.0
499000.0,499000.0,499000.0,CONDO,CONDO,East End-Danforth,43.6867119,-79.3076241,1,1,1,550.0
479000.0,479000.0,479000.0,CONDO,CONDO,Junction Area,43.6709319,-79.4784085,1,0,1,350.0
439900.0,439900.0,439900.0,CONDO,CONDO,Dovercourt-Wallace Emerson-Junction,43.6663892,-79.4463153,1,0,1,550.0
449999.0,449999.0,449999.0,CONDO,CONDO,High Park-Swansea,43.63555299999999,-79.4680716,1,0,1,350.0
423000.0,423000.0,423000.0,CONDO,CONDO,Church Yonge Corridor,43.660165,-79.3761657,1,1,1,750.0
417000.0,417000.0,417000.0,CONDO,CONDO,Annex,43.6703836,-79.3944212,1,0,1,350.0
480000.0,480000.0,480000.0,CONDO,CONDO,Moss Park,43.6522223,-79.3708763,1,0,1,350.0
449900.0,449900.0,449900.0,CONDO,CONDO,Church Yonge Corridor,43.6590857,-79.3756802,2,0,1,950.0
499000.0,499000.0,499000.0,CONDO,CONDO,Niagara,43.6432744,-79.404727,1,1,1,650.0
499000.0,499000.0,499000.0,CONDO,CONDO,Bay Street Corridor,43.6620243,-79.3865463,1,0,1,350.0
429000.0,429000.0,429000.0,CONDO,CONDO,South Riverdale,43.66513339999999,-79.3414981,1,0,1,550.0
499000.0,499000.0,499000.0,CONDO,CONDO,Waterfront Communities C1,43.6412251,-79.3809582,1,0,1,550.0
439000.0,439000.0,439000.0,CONDO,CONDO,Church Yonge Corridor,43.6515293,-79.375757,2,1,1,350.0
409900.0,409900.0,409900.0,CONDO,CONDO,Kensington Chinatown,43.6519551,-79.3894676,1,0,1,550.0
469000.0,469000.0,469000.0,CONDO,CONDO,Mount Pleasant West,43.7070855,-79.3977452,1,1,1,550.0
485000.0,485000.0,485000.0,CONDO,CONDO,Waterfront Communities The Island,43.6383693,-79.3986981,1,0,1,550.0
499900.0,499900.0,499900.0,CONDO,CONDO,Waterfront Communities C1,43.648321,-79.3928867,1,0,1,550.0
488000.0,488000.0,488000.0,CONDO,CONDO,Moss Park,43.6574957,-79.3743712,2,0,1,550.0
478880.0,478880.0,478880.0,CONDO,CONDO,Church Yonge Corridor,43.6704872,-79.3845738,1,0,1,550.0
469000.0,469000.0,469000.0,CONDO,CONDO,Church-Yonge Corridor,43.6561669,-79.3751316,1,0,1,350.0
429000.0,429000.0,429000.0,CONDO,CONDO,Mount Pleasant West,43.7105383,-79.3932829,1,0,1,350.0
419900.0,419900.0,419900.0,CONDO,CONDO,Mount Pleasant West,43.7104736,-79.3924946,1,0,1,550.0
479900.0,479900.0,479900.0,CONDO,CONDO,Moss Park,43.649895,-79.3670384,1,1,1,550.0
479000.0,479000.0,479000.0,CONDO,CONDO,Church-Yonge Corridor,43.6564202,-79.37654460000002,1,0,1,350.0
499000.0,499000.0,499000.0,CONDO,CONDO,Waterfront Communities The Island,43.6497122,-79.3613016,1,0,1,550.0
485000.0,485000.0,485000.0,CONDO,CONDO,Mount Pleasant West,43.7060573,-79.3977655,1,1,1,650.0
490000.0,490000.0,490000.0,CONDO,CONDO,North St James Town,43.6671746,-79.3763191,1,0,1,550.0
440000.0,440000.0,440000.0,CONDO,CONDO,Dovercourt-Wallace Emerson-Junction,43.6670407,-79.447396,1,0,1,550.0
416900.0,416900.0,416900.0,CONDO,CONDO,Moss Park,43.6539455,-79.36392,1,0,1,350.0
425000.0,425000.0,425000.0,CONDO,CONDO,Lansing Westgate,43.765639,-79.4127414,1,0,1,550.0
499999.0,499999.0,499999.0,CONDO,CONDO,Niagara,43.6387841,-79.41201439999999,1,0,1,550.0
499900.0,499900.0,499900.0,CONDO,CONDO,Annex,43.6703836,-79.3944212,1,1,1,550.0
439000.0,439000.0,439000.0,CONDO,CONDO,Waterfront Communities C8,43.6495699,-79.36650379999999,1,0,1,550.0
425000.0,425000.0,425000.0,CONDO,CONDO,Waterfront Communities The Island,43.6381358,-79.39147,1,0,1,650.0
499990.0,499990.0,499990.0,CONDO,CONDO,Waterfront Communities C1,43.6461277,-79.39327100000001,1,0,1,550.0
499000.0,499000.0,499000.0,CONDO,CONDO,Waterfront Communities C1,43.6461914,-79.39106269999999,1,0,1,550.0
485000.0,485000.0,485000.0,CONDO,CONDO,Annex,43.6698751,-79.3941652,1,0,1,350.0
489000.0,489000.0,489000.0,CONDO,CONDO,Bay Street Corridor,43.6570436,-79.3820394,1,0,1,550.0
498800.0,498800.0,498800.0,CONDO,CONDO,Church Yonge Corridor,43.6647658,-79.3840887,1,0,1,650.0
499000.0,499000.0,499000.0,CONDO,CONDO,Mount Pleasant West,43.7060573,-79.3977655,1,1,1,650.0
475000.0,475000.0,475000.0,CONDO,CONDO,Waterfront Communities C1,43.64552920000001,-79.3918257,1,1,1,550.0
499000.0,499000.0,499000.0,CONDO,CONDO,Mount Pleasant West,43.7075225,-79.392402,1,1,2,550.0
489000.0,489000.0,489000.0,CONDO,CONDO,Waterfront Communities The Island,43.6393446,-79.3929716,1,0,1,550.0
459000.0,459000.0,459000.0,CONDO,CONDO,Annex,43.6753218,-79.3890506,1,0,1,950.0
499800.0,499800.0,499800.0,CONDO,CONDO,Moss Park,43.650212,-79.3666425,1,1,1,550.0
469000.0,469000.0,469000.0,CONDO,CONDO,Waterfront Communities C8,43.65262389999999,-79.356381,1,0,1,350.0
499999.0,499999.0,499999.0,CONDO,CONDO,Waterfront Communities C1,43.6453719,-79.39144859999999,1,0,1,350.0
459900.0,459900.0,459900.0,CONDO,CONDO,Niagara,43.6457396,-79.4037327,1,0,1,550.0
499000.0,499000.0,499000.0,CONDO,CONDO,Mount Pleasant West,43.703687,-79.397165,1,1,1,550.0
449900.0,449900.0,449900.0,CONDO,CONDO,Waterfront Communities The Island,43.6431621,-79.3762619,1,0,1,550.0
489900.0,489900.0,489900.0,CONDO,CONDO,Waterfront Communities The Island,43.6393446,-79.3929716,1,0,1,550.0
499000.0,499000.0,499000.0,CONDO,CONDO,Mount Pleasant East,43.7075225,-79.392402,1,1,2,650.0
445000.0,445000.0,445000.0,CONDO,CONDO,Church-Yonge Corridor,43.656969,-79.3741222,1,1,1,350.0
418000.0,418000.0,418000.0,CONDO,CONDO,Moss Park,43.6574957,-79.3743712,1,1,1,550.0
500000.0,500000.0,500000.0,CONDO,CONDO,Elms Old Rexdale,43.7229776,-79.5437331,3,0,2,1100.0
439000.0,439000.0,439000.0,CONDO,CONDO,Church-Yonge Corridor,43.6687952,-79.3839693,1,0,1,350.0
475000.0,475000.0,475000.0,CONDO,CONDO,Dovercourt Wallace Emerson Junction,43.6657347,-79.447861,1,1,1,650.0
475000.0,475000.0,475000.0,CONDO,CONDO,Regent Park,43.6614865,-79.3584054,1,0,1,350.0
469000.0,469000.0,469000.0,CONDO,CONDO,Waterfront Communities C1,43.6464433,-79.3980282,1,0,1,350.0
438000.0,438000.0,438000.0,CONDO,CONDO,Bayview Woods Steeles,43.7882228,-79.3904273,1,1,1,650.0
435000.0,435000.0,435000.0,CONDO,CONDO,Annex,43.6733118,-79.415925,1,0,1,350.0
424999.0,424999.0,424999.0,CONDO,CONDO,Church-Yonge Corridor,43.6573754,-79.3740866,1,1,1,550.0
499000.0,499000.0,499000.0,CONDO,CONDO,Bay Street Corridor,43.665786,-79.3855809,1,0,1,650.0
439000.0,439000.0,439000.0,CONDO,CONDO,Kensington Chinatown,43.6544427,-79.3945505,1,0,1,550.0
449000.0,449000.0,449000.0,CONDO,CONDO,Church-Yonge Corridor,43.6574957,-79.3743712,2,0,1,550.0
489900.0,489900.0,489900.0,CONDO,CONDO,Bay Street Corridor,43.6568586,-79.3836642,1,1,2,850.0
458000.0,458000.0,458000.0,CONDO,CONDO,Bay Street Corridor,43.6636287,-79.3864511,1,0,1,550.0
465000.0,465000.0,465000.0,CONDO,CONDO,University,43.6645164,-79.4105865,1,0,1,350.0
499000.0,499000.0,499000.0,CONDO,CONDO,Mount Pleasant East,43.7089649,-79.3929849,1,1,1,650.0
429000.0,429000.0,429000.0,CONDO,CONDO,The Beaches,43.6742201,-79.3071393,1,0,1,350.0
449000.0,449000.0,449000.0,CONDO,CONDO,Regent Park,43.6611615,-79.35954439999999,1,0,1,350.0
439900.0,439900.0,439900.0,CONDO,CONDO,Westminster Branson,43.7901767,-79.4495948,2,0,2,950.0
489000.0,489000.0,489000.0,CONDO,CONDO,Niagara,43.6373148,-79.4029448,1,0,1,550.0
499000.0,499000.0,499000.0,CONDO,CONDO,Bay Street Corridor,43.664945,-79.38522549999999,1,0,1,350.0
499999.0,499999.0,499999.0,CONDO,CONDO,Mount Pleasant West,43.7069594,-79.39515569999999,1,1,1,550.0
449000.0,449000.0,449000.0,CONDO,CONDO,Elms Old Rexdale,43.7217957,-79.5451187,3,0,2,1100.0
499000.0,499000.0,499000.0,CONDO,CONDO,Mount Pleasant West,43.7084796,-79.3975213,2,0,2,850.0
499999.0,499999.0,499999.0,CONDO,CONDO,South Parkdale,43.6404251,-79.4246524,1,1,2,650.0
499000.0,499000.0,499000.0,CONDO,CONDO,Kensington Chinatown,43.65205,-79.3903098,2,0,1,850.0
449000.0,449000.0,449000.0,CONDO,CONDO,Waterfront Communities The Island,43.642422,-79.3755829,1,1,1,550.0
499900.0,499900.0,499900.0,CONDO,CONDO,Waterfront Communities The Island,43.6411464,-79.3830668,1,0,1,550.0
409000.0,409000.0,409000.0,CONDO,CONDO,Waterfront Communities The Island,43.6494123,-79.37088,1,0,1,550.0
419000.0,419000.0,419000.0,CONDO,CONDO,South Riverdale,43.6623402,-79.3410964,1,0,1,350.0
438888.0,438888.0,438888.0,CONDO,CONDO,Regent Park,43.6610187,-79.3635907,1,0,1,350.0
450000.0,450000.0,450000.0,CONDO,CONDO,Bay Street Corridor,43.6659675,-79.3871076,1,1,1,650.0
499000.0,499000.0,499000.0,CONDO,CONDO,Regent Park,43.659783,-79.362653,1,0,1,550.0
499888.0,499888.0,499888.0,CONDO,CONDO,Keelesdale Eglinton West,43.6815022,-79.471876,1,1,1,650.0
481990.0,481990.0,481990.0,CONDO,CONDO,High Park North,43.6555257,-79.45738940000001,1,0,1,350.0
489000.0,489000.0,489000.0,CONDO,CONDO,Junction Area,43.6668979,-79.4642771,1,0,1,550.0
484900.0,484900.0,484900.0,CONDO,CONDO,Little Portugal,43.6420244,-79.4233813,2,0,1,550.0
488000.0,488000.0,488000.0,CONDO,CONDO,Church-Yonge Corridor,43.6655095,-79.3830247,1,0,1,350.0
489999.0,489999.0,489999.0,CONDO,CONDO,Willowdale East,43.678663,-79.4446845,1,0,1,550.0
498000.0,498000.0,498000.0,CONDO,CONDO,Waterfront Communities C8,43.6471385,-79.37335039999999,1,1,1,550.0
489000.0,489000.0,489000.0,CONDO,CONDO,Waterfront Communities C8,43.6536918,-79.3552269,1,1,1,650.0
429000.0,429000.0,429000.0,CONDO,CONDO,Forest Hill North,43.7078141,-79.4264307,1,0,1,850.0
465000.0,465000.0,465000.0,CONDO,CONDO,Regent Park,43.6590965,-79.3629015,1,0,1,550.0
465000.0,465000.0,465000.0,CONDO,CONDO,Kensington Chinatown,43.6539796,-79.3885197,1,0,1,550.0
489000.0,489000.0,489000.0,CONDO,CONDO,Waterfront Communities C1,43.6461914,-79.39106269999999,1,0,1,550.0
435000.0,435000.0,435000.0,CONDO,CONDO,Niagara,43.6386152,-79.4127418,1,0,1,350.0
495000.0,495000.0,495000.0,CONDO,CONDO,Church Yonge Corridor,43.650055,-79.3749505,1,1,1,650.0
499900.0,499900.0,499900.0,CONDO,CONDO,Waterfront Communities C1,43.641429,-79.3922187,1,1,1,650.0
404999.0,404999.0,404999.0,CONDO,CONDO,Downsview Roding Cfb,43.7260965,-79.4796815,1,0,1,550.0
425000.0,425000.0,425000.0,CONDO,CONDO,Niagara,43.64102279999999,-79.4034575,1,0,1,350.0
499000.0,499000.0,499000.0,CONDO,CONDO,Bay Street Corridor,43.665786,-79.3855809,1,0,1,550.0
469900.0,469900.0,469900.0,CONDO,CONDO,Church-Yonge Corridor,43.6519098,-79.3770909,1,0,1,550.0
458000.0,458000.0,458000.0,CONDO,CONDO,South Parkdale,43.6401441,-79.4239168,1,0,1,550.0
498000.0,498000.0,498000.0,CONDO,CONDO,Church-Yonge Corridor,43.6627217,-79.3794411,1,1,1,550.0
498000.0,498000.0,498000.0,CONDO,CONDO,Church-Yonge Corridor,43.6608176,-79.3787419,1,1,1,550.0
499000.0,499000.0,499000.0,CONDO,CONDO,Church Yonge Corridor,43.6705684,-79.3814562,1,0,1,550.0
469000.0,469000.0,469000.0,CONDO,CONDO,Waterfront Communities The Island,43.6500154,-79.3873578,1,0,1,650.0
430000.0,430000.0,430000.0,CONDO,CONDO,Church-Yonge Corridor,43.6655366,-79.38258909999999,1,0,1,350.0
498888.0,498888.0,498888.0,CONDO,CONDO,Niagara,43.6387744,-79.4117185,1,0,1,350.0
449000.0,449000.0,449000.0,CONDO,CONDO,Waterfront Communities The Island,43.646841,-79.390268,1,0,1,550.0
436000.0,436000.0,436000.0,CONDO,CONDO,Elms Old Rexdale,43.7217957,-79.5451187,2,0,1,1100.0
478800.0,478800.0,478800.0,CONDO,CONDO,Junction Area,43.6739096,-79.462401,1,0,1,550.0
439000.0,439000.0,439000.0,CONDO,CONDO,Brookhaven Amesbury,43.7080205,-79.4786935,1,0,1,550.0
490000.0,490000.0,490000.0,CONDO,CONDO,South Riverdale,43.6575434,-79.3513614,1,0,1,550.0
458000.0,458000.0,458000.0,CONDO,CONDO,Yonge St Clair,43.693523,-79.3962369,1,0,1,650.0
479900.0,479900.0,479900.0,CONDO,CONDO,Waterfront Communities C1,43.6377203,-79.3999946,1,0,1,350.0
439900.0,439900.0,439900.0,CONDO,CONDO,North St James Town,43.6671746,-79.3763191,1,0,1,550.0
499900.0,499900.0,499900.0,CONDO,CONDO,Waterfront Communities The Island,43.6368129,-79.3975163,1,1,1,750.0
479000.0,479000.0,479000.0,CONDO,CONDO,Church-Yonge Corridor,43.6695417,-79.3837883,1,0,1,350.0
449000.0,449000.0,449000.0,CONDO,CONDO,Moss Park,43.6566436,-79.3547917,1,0,1,550.0
459000.0,459000.0,459000.0,CONDO,CONDO,Mount Pleasant West,43.7076291,-79.3923243,1,1,1,550.0
499990.0,499990.0,499990.0,CONDO,CONDO,Waterfront Communities C8,43.6445245,-79.3709035,1,1,1,550.0
498000.0,498000.0,498000.0,CONDO,CONDO,Church-Yonge Corridor,43.6521521,-79.3751936,2,0,1,350.0
485000.0,485000.0,485000.0,CONDO,CONDO,Moss Park,43.6548253,-79.388447,1,0,1,550.0
488000.0,488000.0,488000.0,CONDO,CONDO,Waterfront Communities C1,43.6388732,-79.3986617,1,0,1,550.0
478000.0,478000.0,478000.0,CONDO,CONDO,Church-Yonge Corridor,43.6536377,-79.3794398,2,0,1,350.0
450000.0,450000.0,450000.0,CONDO,CONDO,Waterfront Communities C1,43.6461914,-79.39106269999999,1,0,1,550.0
499000.0,499000.0,499000.0,CONDO,CONDO,Waterfront Communities C8,43.650212,-79.3666425,1,1,2,650.0
469000.0,469000.0,469000.0,CONDO,CONDO,Mount Pleasant West,43.70904489999999,-79.3928155,1,0,1,550.0
499900.0,499900.0,499900.0,CONDO,CONDO,Waterfront Communities The Island,43.6381358,-79.39147,1,0,1,650.0
484999.0,484999.0,484999.0,CONDO,CONDO,Moss Park,43.6536011,-79.3688254,1,0,1,550.0
499000.0,499000.0,499000.0,CONDO,CONDO,High Park North,43.6543545,-79.4632051,1,0,1,550.0
499900.0,499900.0,499900.0,CONDO,CONDO,Waterfront Communities C1,43.6453719,-79.39144859999999,1,0,1,350.0
499900.0,499900.0,499900.0,CONDO,CONDO,Moss Park,43.6522223,-79.3708763,1,0,1,550.0
485000.0,485000.0,485000.0,CONDO,CONDO,Cabbagetown South St James Town,43.6652923,-79.3763335,1,1,1,850.0
459900.0,459900.0,459900.0,CONDO,CONDO,Moss Park,43.6574957,-79.3743712,2,0,1,550.0
451000.0,451000.0,451000.0,CONDO,CONDO,Church-Yonge Corridor,43.6688688,-79.38351109999999,2,0,1,350.0
459990.0,459990.0,459990.0,CONDO,CONDO,Moss Park,43.65053270000001,-79.36852600000002,1,0,1,350.0
499800.0,499800.0,499800.0,CONDO,CONDO,Bay Street Corridor,43.6624074,-79.3858983,1,1,1,650.0
499000.0,499000.0,499000.0,CONDO,CONDO,Waterfront Communities The Island,43.6445412,-79.3764773,1,0,1,550.0
499000.0,499000.0,499000.0,CONDO,CONDO,Islington City Centre West,43.6454885,-79.5303865,1,1,1,650.0
450000.0,450000.0,450000.0,CONDO,CONDO,Waterfront Communities The Island,43.6489903,-79.3870081,1,0,1,550.0
459000.0,459000.0,459000.0,CONDO,CONDO,Danforth,43.68246310000001,-79.32892149999999,1,1,1,650.0
499900.0,499900.0,499900.0,CONDO,CONDO,Islington City Centre West,43.609339,-79.5575604,1,1,1,650.0
449000.0,449000.0,449000.0,CONDO,CONDO,Church Yonge Corridor,43.6611534,-79.3816303,1,0,1,550.0
449999.0,449999.0,449999.0,CONDO,CONDO,South Parkdale,43.6391667,-79.4269444,1,1,1,350.0
455000.0,455000.0,455000.0,CONDO,CONDO,Islington City Centre West,43.644402,-79.5286903,1,0,1,550.0
449000.0,449000.0,449000.0,CONDO,CONDO,Little Portugal,43.6417386,-79.4233157,2,0,1,550.0
449000.0,449000.0,449000.0,CONDO,CONDO,Forest Hill North,43.7078141,-79.4264307,1,0,1,950.0
424900.0,424900.0,424900.0,CONDO,CONDO,Waterfront Communities C8,43.6454849,-79.368854,2,0,1,350.0
470000.0,470000.0,470000.0,CONDO,CONDO,Islington City Centre West,43.6450503,-79.5232846,1,1,1,650.0
465000.0,465000.0,465000.0,CONDO,CONDO,Moss Park,43.6597894,-79.3754391,1,1,2,550.0
459000.0,459000.0,459000.0,CONDO,CONDO,Church Yonge Corridor,43.6700844,-79.3805554,1,0,1,550.0
429000.0,429000.0,429000.0,CONDO,CONDO,Cabbagetown-South St. James Town,43.6722218,-79.37735959999999,1,1,1,550.0
499000.0,499000.0,499000.0,CONDO,CONDO,Church Yonge Corridor,43.6522442,-79.3776386,1,0,1,650.0
449000.0,449000.0,449000.0,CONDO,CONDO,Moss Park,43.6536408,-79.3689234,1,0,1,550.0
496000.0,496000.0,496000.0,CONDO,CONDO,Mount Pleasant West,43.7089649,-79.3929849,1,0,1,550.0
489000.0,489000.0,489000.0,CONDO,CONDO,Mount Pleasant East,43.7095655,-79.3859931,1,0,1,650.0
449900.0,449900.0,449900.0,CONDO,CONDO,Moss Park,43.6454587,-79.3845522,1,0,1,350.0
449000.0,449000.0,449000.0,CONDO,CONDO,Waterfront Communities The Island,43.6434094,-79.3923139,1,0,1,550.0
490000.0,490000.0,490000.0,CONDO,CONDO,Banbury Don Mills,43.7384893,-79.3452688,1,0,1,750.0
429000.0,429000.0,429000.0,CONDO,CONDO,Annex,43.6726511,-79.388732,2,0,1,350.0
469000.0,469000.0,469000.0,CONDO,CONDO,Waterfront Communities C1,43.6474722,-79.39958709999999,1,0,1,350.0
429000.0,429000.0,429000.0,CONDO,CONDO,Church-Yonge Corridor,43.6696427,-79.3805547,2,0,1,350.0
485000.0,485000.0,485000.0,CONDO,CONDO,Waterfront Communities C8,43.6471385,-79.37335039999999,1,1,1,550.0
448000.0,448000.0,448000.0,CONDO,CONDO,Church-Yonge Corridor,43.6659044,-79.3834934,1,0,1,550.0
479000.0,479000.0,479000.0,CONDO,CONDO,Waterfront Communities The Island,43.6412475,-79.4001678,1,0,1,550.0
499000.0,499000.0,499000.0,CONDO,CONDO,Mount Pleasant West,43.7089649,-79.3929849,1,1,1,550.0
455000.0,455000.0,455000.0,CONDO,CONDO,Waterfront Communities C1,43.6455046,-79.3924571,1,0,1,550.0
478000.0,478000.0,478000.0,CONDO,CONDO,Rosedale Moore Park,43.6712941,-79.384925,1,0,1,550.0
460000.0,460000.0,460000.0,CONDO,CONDO,Kensington-Chinatown,43.6539796,-79.3885197,1,0,1,550.0
493000.0,493000.0,493000.0,CONDO,CONDO,Church-Yonge Corridor,43.6695417,-79.3837883,1,0,1,550.0
475000.0,475000.0,475000.0,CONDO,CONDO,Mount Pleasant West,43.703692,-79.39675299999999,1,1,1,550.0
457000.0,457000.0,457000.0,CONDO,CONDO,Church-Yonge Corridor,43.6563038,-79.3772891,1,0,1,350.0
419000.0,419000.0,419000.0,CONDO,CONDO,Waterfront Communities The Island,43.6456689,-79.3930607,2,0,1,550.0
470000.0,470000.0,470000.0,CONDO,CONDO,Islington City Centre West,43.609209,-79.5583318,1,0,1,550.0
499900.0,499900.0,499900.0,CONDO,CONDO,Church-Yonge Corridor,43.6519098,-79.3770909,1,1,1,550.0
449000.0,449000.0,449000.0,CONDO,CONDO,Church-Yonge Corridor,43.6687952,-79.3839693,1,0,1,550.0
499000.0,499000.0,499000.0,CONDO,CONDO,Kensington-Chinatown,43.6536686,-79.3895378,2,0,2,650.0
449900.0,449900.0,449900.0,CONDO,CONDO,Waterfront Communities C8,43.6471385,-79.37335039999999,1,0,1,550.0
499900.0,499900.0,499900.0,CONDO,CONDO,Waterfront Communities C8,43.6445245,-79.3709035,1,0,1,550.0
489000.0,489000.0,489000.0,CONDO,CONDO,Niagara,43.6433727,-79.4041107,1,1,1,750.0
459000.0,459000.0,459000.0,CONDO,CONDO,Yonge-St. Clair,43.6866172,-79.40068000000001,1,0,1,550.0
459899.0,459899.0,459899.0,CONDO,CONDO,Little Portugal,43.642236,-79.4264979,1,0,1,650.0
482000.0,482000.0,482000.0,CONDO,CONDO,Kensington-Chinatown,43.6505597,-79.3911038,1,0,1,550.0
489000.0,489000.0,489000.0,CONDO,CONDO,Waterfront Communities The Island,43.6461536,-79.3752086,1,0,1,650.0
470000.0,470000.0,470000.0,CONDO,CONDO,Church-Yonge Corridor,43.6564615,-79.3767046,1,1,1,550.0
450000.0,450000.0,450000.0,CONDO,CONDO,The Beaches,43.6784907,-79.2988979,1,0,1,550.0
499000.0,499000.0,499000.0,CONDO,CONDO,Mount Pleasant West,43.7087689,-79.3937974,1,1,1,650.0
479000.0,479000.0,479000.0,CONDO,CONDO,Church Yonge Corridor,43.6655014,-79.3833327,1,0,1,350.0
458888.0,458888.0,458888.0,CONDO,CONDO,Regent Park,43.6605932,-79.3593489,1,1,1,550.0
449999.0,449999.0,449999.0,CONDO,CONDO,Mount Pleasant West,43.7073389,-79.394278,1,0,1,550.0
499000.0,499000.0,499000.0,CONDO,CONDO,Regent Park,43.6605751,-79.35632989999999,1,1,2,650.0
449000.0,449000.0,449000.0,CONDO,CONDO,Waterfront Communities C1,43.6461914,-79.39106269999999,1,0,1,550.0
495000.0,495000.0,495000.0,CONDO,CONDO,Annex,43.6698751,-79.3941652,1,0,1,350.0
466000.0,466000.0,466000.0,CONDO,CONDO,Church-Yonge Corridor,43.6683465,-79.3883434,1,0,1,550.0
483369.0,483369.0,483369.0,CONDO,CONDO,Church-Yonge Corridor,43.6622339,-79.3792506,1,0,1,550.0
445000.0,445000.0,445000.0,CONDO,CONDO,Church-Yonge Corridor,43.6573754,-79.3740866,1,1,1,550.0
488000.0,488000.0,488000.0,CONDO,CONDO,Bay Street Corridor,43.64931790000001,-79.3825714,1,1,1,550.0
449900.0,449900.0,449900.0,CONDO,CONDO,Annex,43.6702658,-79.3943539,1,0,1,350.0
489000.0,489000.0,489000.0,CONDO,CONDO,Mount Pleasant West,43.6959683,-79.3957747,1,0,1,550.0
429000.0,429000.0,429000.0,CONDO,CONDO,Waterfront Communities C8,43.6468329,-79.3752164,2,0,1,350.0
499999.0,499999.0,499999.0,CONDO,CONDO,Yonge-St. Clair,43.6867098,-79.3992581,1,1,1,650.0
477000.0,477000.0,477000.0,CONDO,CONDO,Bay Street Corridor,43.657776,-79.383296,1,0,1,750.0
448000.0,448000.0,448000.0,CONDO,CONDO,Kensington Chinatown,43.6539796,-79.3885197,1,0,1,550.0
459000.0,459000.0,459000.0,CONDO,CONDO,Regent Park,43.6601105,-79.3605898,1,0,1,550.0
498000.0,498000.0,498000.0,CONDO,CONDO,Waterfront Communities The Island,43.6438059,-79.3916717,1,0,1,550.0
499900.0,499900.0,499900.0,CONDO,CONDO,Kensington Chinatown,43.652522,-79.3904957,2,0,1,750.0
499900.0,499900.0,499900.0,CONDO,CONDO,TWJA - Junction Area,43.6740415,-79.4621435,2,0,2,665.0
468888.0,468888.0,468888.0,CONDO,CONDO,Mount Pleasant West,43.7101663,-79.3934897,1,1,1,550.0
475000.0,475000.0,475000.0,CONDO,CONDO,Bedford Park Nortown,43.7405594,-79.4245956,1,1,1,750.0
459900.0,459900.0,459900.0,CONDO,CONDO,Niagara,43.6457396,-79.4037327,1,0,1,530.0
439000.0,439000.0,439000.0,CONDO,CONDO,Waterfront Communities C1,43.6461914,-79.39106269999999,1,0,1,350.0
489000.0,489000.0,489000.0,CONDO,CONDO,Church-Yonge Corridor,43.6573754,-79.3740866,2,0,1,550.0
479999.0,479999.0,479999.0,CONDO,CONDO,Niagara,43.6394917,-79.411204,1,0,1,550.0
459000.0,459000.0,459000.0,CONDO,CONDO,Waterfront Communities C1,43.6375677,-79.3995487,1,0,1,350.0
419000.0,419000.0,419000.0,CONDO,CONDO,Kingsview Village The Westway,43.695785,-79.5531547,3,0,2,1100.0
498000.0,498000.0,498000.0,CONDO,CONDO,Church-Yonge Corridor,43.6537456,-79.3738797,2,1,1,350.0
499000.0,499000.0,499000.0,CONDO,CONDO,Church-Yonge Corridor,43.6655095,-79.3830247,1,0,1,350.0
439000.0,439000.0,439000.0,CONDO,CONDO,Annex,43.6726511,-79.388732,2,0,1,350.0
499000.0,499000.0,499000.0,CONDO,CONDO,Waterfront Communities The Island,43.6476028,-79.39076,1,1,1,650.0
449000.0,449000.0,449000.0,CONDO,CONDO,Cabbagetown South St James Town,43.6642374,-79.3755383,1,0,1,650.0
469000.0,469000.0,469000.0,CONDO,CONDO,Waterfront Communities C1,43.7736875,-79.2554225,1,0,1,550.0
479000.0,479000.0,479000.0,CONDO,CONDO,Westminster Branson,43.779776,-79.44721369999999,2,0,1,850.0
480000.0,480000.0,480000.0,CONDO,CONDO,Weston-Pellam Park,43.6739096,-79.462401,2,0,2,650.0
440000.0,440000.0,440000.0,CONDO,CONDO,Moss Park,43.656969,-79.3741222,1,1,1,550.0
500000.0,500000.0,500000.0,CONDO,CONDO,Church Yonge Corridor,43.6705792,-79.3805895,1,0,1,550.0
499000.0,499000.0,499000.0,CONDO,CONDO,Annex,43.6733118,-79.415925,1,0,1,550.0
490000.0,490000.0,490000.0,CONDO,CONDO,Annex,43.67331189999999,-79.415925,1,0,1,550.0
498000.0,498000.0,498000.0,CONDO,CONDO,Forest Hill North,43.7025791,-79.4196027,2,0,1,1100.0
439693.0,439693.0,439693.0,CONDO,CONDO,Niagara,43.6435147,-79.4039614,1,1,1,850.0
489000.0,489000.0,489000.0,CONDO,CONDO,Waterfront Communities C1,43.6403179,-79.397373,1,0,1,550.0
499990.0,499990.0,499990.0,CONDO,CONDO,Waterfront Communities C1,43.6437654,-79.4013543,1,0,1,650.0
499999.0,499999.0,499999.0,CONDO,CONDO,North St James Town,43.6722218,-79.37735959999999,1,0,1,350.0
410000.0,410000.0,410000.0,CONDO,CONDO,Church-Yonge Corridor,43.6548343,-79.375195,1,0,1,550.0
499900.0,499900.0,499900.0,CONDO,CONDO,Weston-Pellam Park,43.6735315,-79.46210479999999,1,1,1,550.0
409000.0,409000.0,409000.0,CONDO,CONDO,Waterfront Communities C8,43.6455213,-79.3687484,2,0,1,350.0
459900.0,459900.0,459900.0,CONDO,CONDO,Waterfront Communities C8,43.6458823,-79.375992,1,1,1,650.0
445000.0,445000.0,445000.0,CONDO,CONDO,Greenwood Coxwell,43.6738549,-79.3199541,1,0,1,650.0
469900.0,469900.0,469900.0,CONDO,CONDO,Kingsview Village The Westway,43.694886,-79.5569069,3,0,2,1300.0
460000.0,460000.0,460000.0,CONDO,CONDO,Moss Park,43.6528455,-79.3704456,1,0,1,550.0
443888.0,443888.0,443888.0,CONDO,CONDO,East End-Danforth,43.6878454,-79.3019439,1,0,1,550.0
449000.0,449000.0,449000.0,CONDO,CONDO,Church-Yonge Corridor,43.6561669,-79.3751316,1,0,1,550.0
409000.0,409000.0,409000.0,CONDO,CONDO,Little Portugal,43.6417386,-79.4233157,2,0,1,550.0
429000.0,429000.0,429000.0,CONDO,CONDO,Moss Park,43.6575048,-79.3728456,1,1,1,550.0
489000.0,489000.0,489000.0,CONDO,CONDO,Islington City Centre West,43.6095757,-79.5573689,1,0,1,750.0
499000.0,499000.0,499000.0,CONDO,CONDO,Church-Yonge Corridor,43.6568058,-79.3750924,1,1,1,650.0
469000.0,469000.0,469000.0,CONDO,CONDO,Moss Park,43.65053270000001,-79.36852600000002,1,0,1,550.0
475000.0,475000.0,475000.0,CONDO,CONDO,Moss Park,43.650212,-79.3666425,1,1,1,550.0
429000.0,429000.0,429000.0,CONDO,CONDO,North St James Town,43.6707607,-79.3773018,1,0,1,550.0
449000.0,449000.0,449000.0,CONDO,CONDO,Bay Street Corridor,43.6599507,-79.3849463,2,0,1,350.0
499000.0,499000.0,499000.0,CONDO,CONDO,Kensington-Chinatown,43.6518042,-79.3906707,1,0,1,550.0
444000.0,444000.0,444000.0,CONDO,CONDO,Waterfront Communities C1,43.6453719,-79.39144859999999,1,0,1,550.0
424900.0,424900.0,424900.0,CONDO,CONDO,Wexford Maryvale,43.7424966,-79.303957,2,0,2,950.0
449000.0,449000.0,449000.0,CONDO,CONDO,Church-Yonge Corridor,43.6655348,-79.3801464,1,0,1,550.0
498800.0,498800.0,498800.0,CONDO,CONDO,Forest Hill North,43.706599,-79.4271687,2,0,1,1100.0
498000.0,498000.0,498000.0,CONDO,CONDO,High Park-Swansea,43.63625520000001,-79.4708718,1,1,1,650.0
499999.0,499999.0,499999.0,CONDO,CONDO,Dovercourt-Wallace Emerson-Junction,43.6670407,-79.447396,1,1,1,650.0
498000.0,498000.0,498000.0,CONDO,CONDO,L Amoreaux,43.8000604,-79.3058249,2,0,1,950.0
489000.0,489000.0,489000.0,CONDO,CONDO,Forest Hill South,43.6882788,-79.4135522,1,1,1,750.0
468800.0,468800.0,468800.0,CONDO,CONDO,Waterfront Communities C8,43.6458823,-79.375992,1,0,1,550.0
479000.0,479000.0,479000.0,CONDO,CONDO,Niagara,43.6396649,-79.4146468,1,0,1,350.0
408000.0,408000.0,408000.0,CONDO,CONDO,Annex,43.6703836,-79.3944212,1,0,1,350.0
419000.0,419000.0,419000.0,CONDO,CONDO,Church-Yonge Corridor,43.6561669,-79.3751316,1,0,1,350.0
499900.0,499900.0,499900.0,CONDO,CONDO,Greenwood-Coxwell,43.6811252,-79.3324348,1,1,2,650.0
419900.0,419900.0,419900.0,CONDO,CONDO,Waterfront Communities The Island,43.6494123,-79.37088,2,0,1,350.0
499000.0,499000.0,499000.0,CONDO,CONDO,West Humber Clairville,43.7242482,-79.6162362,2,0,1,850.0
416500.0,416500.0,416500.0,CONDO,CONDO,Mount Pleasant West,43.7104476,-79.3926694,1,0,1,550.0
420000.0,420000.0,420000.0,CONDO,CONDO,Annex,43.6739939,-79.388627,1,0,1,550.0
439000.0,439000.0,439000.0,CONDO,CONDO,Regent Park,43.660575,-79.3563298,1,1,1,550.0
499900.0,499900.0,499900.0,CONDO,CONDO,Niagara,43.6396436,-79.4151851,1,0,1,550.0
499000.0,499000.0,499000.0,CONDO,CONDO,Mount Pleasant East,43.7060573,-79.3977655,1,1,1,550.0
499000.0,499000.0,499000.0,CONDO,CONDO,Niagara,43.6384795,-79.4168794,1,1,1,550.0
499000.0,499000.0,499000.0,CONDO,CONDO,Waterfront Communities The Island,43.6471782,-79.3910623,1,0,1,650.0
490000.0,490000.0,490000.0,CONDO,CONDO,Waterfront Communities C8,43.65262389999999,-79.356381,1,0,1,350.0
488000.0,488000.0,488000.0,CONDO,CONDO,Waterfront Communities C8,43.64491109999999,-79.3719318,1,0,1,350.0
475000.0,475000.0,475000.0,CONDO,CONDO,Waterfront Communities The Island,43.6400887,-79.3939574,1,0,1,550.0
428000.0,428000.0,428000.0,CONDO,CONDO,Bay Street Corridor,43.665412,-79.3871187,1,0,1,550.0
499000.0,499000.0,499000.0,CONDO,CONDO,Downsview Roding Cfb,43.721794,-79.5022192,2,0,2,950.0
450000.0,450000.0,450000.0,CONDO,CONDO,Waterfront Communities The Island,43.6411905,-79.3829556,1,0,1,550.0
500000.0,500000.0,500000.0,CONDO,CONDO,Brookhaven Amesbury,43.6973186,-79.4899039,3,0,2,1100.0
458000.0,458000.0,458000.0,CONDO,CONDO,Waterfront Communities C1,43.6417002,-79.38231979999999,1,0,1,550.0
449800.0,449800.0,449800.0,CONDO,CONDO,Church-Yonge Corridor,43.6569055,-79.3742367,1,1,1,550.0
499000.0,499000.0,499000.0,CONDO,CONDO,Church Yonge Corridor,43.6547114,-79.3792073,1,0,1,650.0
480000.0,480000.0,480000.0,CONDO,CONDO,Casa Loma,43.6852887,-79.4097884,1,0,1,350.0
499999.0,499999.0,499999.0,CONDO,CONDO,Little Portugal,43.6417386,-79.4233157,2,0,2,550.0
479000.0,479000.0,479000.0,CONDO,CONDO,Church Yonge Corridor,43.6704872,-79.3845738,1,0,1,550.0
499999.0,499999.0,499999.0,CONDO,CONDO,Dovercourt-Wallace Emerson-Junction,43.6668483,-79.4482513,2,0,1,650.0
409999.0,409999.0,409999.0,CONDO,CONDO,Moss Park,43.6553672,-79.3537072,1,0,1,350.0
499900.0,499900.0,499900.0,CONDO,CONDO,Waterfront Communities C1,43.6456213,-79.3919338,1,0,1,350.0
499000.0,499000.0,499000.0,CONDO,CONDO,Waterfront Communities C8,43.6496501,-79.3664093,1,1,2,550.0
449000.0,449000.0,449000.0,CONDO,CONDO,South Parkdale,43.6404251,-79.4246524,1,0,1,550.0
429900.0,429900.0,429900.0,CONDO,CONDO,Waterfront Communities C1,43.649428,-79.388411,1,0,1,550.0
479000.0,479000.0,479000.0,CONDO,CONDO,Waterfront Communities C1,43.6387206,-79.3994587,1,0,1,350.0
415000.0,415000.0,415000.0,CONDO,CONDO,Church-Yonge Corridor,43.6533456,-79.3793731,2,0,1,350.0
465000.0,465000.0,465000.0,CONDO,CONDO,Mount Pleasant West,43.7065237,-79.3920212,1,0,1,550.0
499900.0,499900.0,499900.0,CONDO,CONDO,Cabbagetown South St James Town,43.6652923,-79.3763335,1,1,1,850.0
438000.0,438000.0,438000.0,CONDO,CONDO,Church-Yonge Corridor,43.6655095,-79.3830247,1,0,1,350.0
439000.0,439000.0,439000.0,CONDO,CONDO,Church Yonge Corridor,43.6647658,-79.3840887,1,0,1,550.0
449000.0,449000.0,449000.0,CONDO,CONDO,Bay Street Corridor,43.6642638,-79.3855084,2,0,1,350.0
420000.0,420000.0,420000.0,CONDO,CONDO,North St James Town,43.6679344,-79.3772053,2,0,1,350.0
485900.0,485900.0,485900.0,CONDO,CONDO,South Riverdale,43.66513339999999,-79.3414981,1,0,1,350.0
429000.0,429000.0,429000.0,CONDO,CONDO,Waterfront Communities The Island,43.6393941,-79.3997862,1,0,1,350.0
495000.0,495000.0,495000.0,CONDO,CONDO,Bay Street Corridor,43.6596665,-79.3859262,1,0,1,650.0
415000.0,415000.0,415000.0,CONDO,CONDO,Rosedale Moore Park,43.6734731,-79.3714268,2,0,1,350.0
437700.0,437700.0,437700.0,CONDO,CONDO,Moss Park,43.6539455,-79.36392,1,0,1,350.0
479000.0,479000.0,479000.0,CONDO,CONDO,Waterfront Communities C1,43.6466285,-79.4017026,2,0,1,350.0
419000.0,419000.0,419000.0,CONDO,CONDO,Taylor Massey,43.6966073,-79.2942117,2,0,1,950.0
499000.0,499000.0,499000.0,CONDO,CONDO,Greenwood-Coxwell,43.6645969,-79.3218774,1,0,1,550.0
448000.0,448000.0,448000.0,CONDO,CONDO,Greenwood-Coxwell,43.6645969,-79.3218774,2,0,1,550.0
499999.0,499999.0,499999.0,CONDO,CONDO,Church-Yonge Corridor,43.6548343,-79.375195,1,0,1,350.0
419000.0,419000.0,419000.0,CONDO,CONDO,Cabbagetown-South St. James Town,43.6722218,-79.37735959999999,1,0,1,550.0
409000.0,409000.0,409000.0,CONDO,CONDO,Mount Pleasant West,43.7075225,-79.392402,1,0,1,350.0
488000.0,488000.0,488000.0,CONDO,CONDO,Annex,43.6698521,-79.39418049999999,1,0,1,350.0
498000.0,498000.0,498000.0,CONDO,CONDO,Regent Park,43.659783,-79.362653,1,0,1,550.0
495000.0,495000.0,495000.0,CONDO,CONDO,Church Yonge Corridor,43.6655014,-79.3833327,1,1,1,550.0
499900.0,499900.0,499900.0,CONDO,CONDO,Church Yonge Corridor,43.669879,-79.385009,1,0,1,550.0
499800.0,499800.0,499800.0,CONDO,CONDO,Bay Street Corridor,43.665786,-79.3855809,1,0,1,550.0
449500.0,449500.0,449500.0,CONDO,CONDO,Moss Park,43.650212,-79.3666425,1,0,1,550.0
466000.0,466000.0,466000.0,CONDO,CONDO,Mount Pleasant West,43.70708279999999,-79.3978214,1,1,1,550.0
495000.0,495000.0,495000.0,CONDO,CONDO,Church Yonge Corridor,43.6547114,-79.3792073,1,0,1,650.0
468888.0,468888.0,468888.0,CONDO,CONDO,West Humber Clairville,43.7908781,-79.44683959999999,1,0,1,750.0
499900.0,499900.0,499900.0,CONDO,CONDO,Little Portugal,43.6420244,-79.4233813,2,0,2,550.0
490000.0,490000.0,490000.0,CONDO,CONDO,Weston-Pellam Park,43.6739096,-79.462401,1,0,1,550.0
450000.0,450000.0,450000.0,CONDO,CONDO,Weston-Pellam Park,43.6735315,-79.46210479999999,1,1,1,550.0
499000.0,499000.0,499000.0,CONDO,CONDO,Waterfront Communities C1,43.6490838,-79.392082,1,0,1,650.0
499990.0,499990.0,499990.0,CONDO,CONDO,Waterfront Communities C1,43.6395782,-79.4113325,1,0,1,350.0
429000.0,429000.0,429000.0,CONDO,CONDO,Wychwood,43.6791909,-79.4254067,1,0,1,650.0
499000.0,499000.0,499000.0,CONDO,CONDO,Mount Olive Silverstone Jamestown,43.7438704,-79.5867077,3,0,2,1300.0
469000.0,469000.0,469000.0,CONDO,CONDO,Church Yonge Corridor,43.6637914,-79.3830261,1,0,1,650.0
499000.0,499000.0,499000.0,CONDO,CONDO,Waterfront Communities The Island,43.6445575,-79.4021809,1,0,1,350.0
439700.0,439700.0,439700.0,CONDO,CONDO,Waterfront Communities C1,43.6468253,-79.4029132,1,0,1,350.0
428000.0,428000.0,428000.0,CONDO,CONDO,Annex,43.6703836,-79.3944212,1,0,1,350.0
475000.0,475000.0,475000.0,CONDO,CONDO,Church Yonge Corridor,43.6704872,-79.3845738,1,0,1,550.0
459000.0,459000.0,459000.0,CONDO,CONDO,Church Yonge Corridor,43.6704872,-79.3845738,1,1,1,650.0
499900.0,499900.0,499900.0,CONDO,CONDO,Church-Yonge Corridor,43.6574957,-79.3743712,2,0,1,550.0
449999.0,449999.0,449999.0,CONDO,CONDO,Elms Old Rexdale,43.7220795,-79.5439469,3,0,2,1100.0
499900.0,499900.0,499900.0,CONDO,CONDO,Kingsview Village The Westway,43.6955012,-79.5578312,3,0,2,1300.0
489000.0,489000.0,489000.0,CONDO,CONDO,Dovercourt-Wallace Emerson-Junction,43.6650324,-79.447587,1,0,1,550.0
479800.0,479800.0,479800.0,CONDO,CONDO,Kensington Chinatown,43.652508,-79.3885848,1,0,1,350.0
489000.0,489000.0,489000.0,CONDO,CONDO,Waterfront Communities C1,43.6388732,-79.3986617,1,0,1,550.0
408880.0,408880.0,408880.0,CONDO,CONDO,Annex,43.6703836,-79.3944212,1,0,1,350.0
479000.0,479000.0,479000.0,CONDO,CONDO,Bay Street Corridor,43.6668981,-79.3890419,2,0,1,350.0
499000.0,499000.0,499000.0,CONDO,CONDO,Waterfront Communities C1,43.6404932,-79.3949157,1,0,1,550.0
499000.0,499000.0,499000.0,CONDO,CONDO,Niagara,43.63957,-79.411329,1,0,1,650.0
478000.0,478000.0,478000.0,CONDO,CONDO,Niagara,43.6397892,-79.4098417,1,0,1,350.0
499900.0,499900.0,499900.0,CONDO,CONDO,Bay Street Corridor,43.6550567,-79.38474939999999,1,0,1,550.0
449000.0,449000.0,449000.0,CONDO,CONDO,Church-Yonge Corridor,43.6557672,-79.3763377,1,0,1,350.0
479000.0,479000.0,479000.0,CONDO,CONDO,Church Yonge Corridor,43.660165,-79.3761657,1,1,1,750.0
410000.0,410000.0,410000.0,CONDO,CONDO,Moss Park,43.6597894,-79.3754391,1,0,1,350.0
479000.0,479000.0,479000.0,CONDO,CONDO,Trinity-Bellwoods,43.6556582,-79.4103878,2,0,1,350.0
499900.0,499900.0,499900.0,CONDO,CONDO,Weston-Pellam Park,43.6735315,-79.46210479999999,1,1,1,650.0
489000.0,489000.0,489000.0,CONDO,CONDO,Dovercourt-Wallace Emerson-Junction,43.6670781,-79.4474479,1,1,1,650.0
439888.0,439888.0,439888.0,CONDO,CONDO,Regent Park,43.6605932,-79.3593489,1,0,1,350.0
418000.0,418000.0,418000.0,CONDO,CONDO,Church Yonge Corridor,43.6557758,-79.3759895,1,0,1,350.0
479500.0,479500.0,479500.0,CONDO,CONDO,Mount Pleasant West,43.7070855,-79.3977452,1,1,1,550.0
450990.0,450990.0,450990.0,CONDO,CONDO,Annex,43.6712816,-79.3878259,2,0,1,350.0
499000.0,499000.0,499000.0,CONDO,CONDO,Waterfront Communities C1,43.6414105,-79.3924115,1,1,1,650.0
468000.0,468000.0,468000.0,CONDO,CONDO,Bay Street Corridor,43.6505301,-79.3821482,1,0,1,350.0
468000.0,468000.0,468000.0,CONDO,CONDO,Cabbagetown-South St. James Town,43.6667853,-79.3749198,1,0,1,550.0
419000.0,419000.0,419000.0,CONDO,CONDO,Pelmo Park Humberlea,43.7323762,-79.5369779,1,1,1,950.0
489888.0,489888.0,489888.0,CONDO,CONDO,Mount Pleasant East,43.70951489999999,-79.3769059,2,0,1,350.0
479000.0,479000.0,479000.0,CONDO,CONDO,Annex,43.670312,-79.394299,1,0,1,350.0
469000.0,469000.0,469000.0,CONDO,CONDO,Bay Street Corridor,43.6648039,-79.3869669,2,0,1,350.0
449000.0,449000.0,449000.0,CONDO,CONDO,Moss Park,43.6544384,-79.3630252,1,0,1,550.0
498000.0,498000.0,498000.0,CONDO,CONDO,Mount Pleasant West,43.7060573,-79.3977655,1,0,1,550.0
440000.0,440000.0,440000.0,CONDO,CONDO,Waterfront Communities C1,43.6456213,-79.3919338,1,0,1,350.0
410000.0,410000.0,410000.0,CONDO,CONDO,Moss Park,43.656969,-79.3741222,1,0,1,350.0
445000.0,445000.0,445000.0,CONDO,CONDO,Thorncliffe Park,43.7039489,-79.3500357,1,0,1,650.0
479999.0,479999.0,479999.0,CONDO,CONDO,Church Yonge Corridor,43.6704872,-79.3845738,1,0,1,550.0
419000.0,419000.0,419000.0,CONDO,CONDO,North St James Town,43.6722218,-79.37735959999999,1,0,1,350.0
449000.0,449000.0,449000.0,CONDO,CONDO,Regent Park,43.66142989999999,-79.3585118,1,0,1,350.0
475000.0,475000.0,475000.0,CONDO,CONDO,West Humber Clairville,43.7307208,-79.6108976,1,0,1,650.0
480000.0,480000.0,480000.0,CONDO,CONDO,Westminster Branson,43.772243,-79.4439899,3,0,1,1100.0
499900.0,499900.0,499900.0,CONDO,CONDO,Waterfront Communities C8,43.6458823,-79.375992,1,1,1,650.0
489000.0,489000.0,489000.0,CONDO,CONDO,Moss Park,43.6522223,-79.3708763,1,0,1,550.0
499000.0,499000.0,499000.0,CONDO,CONDO,South Riverdale,43.65780850000001,-79.351512,1,0,1,550.0
485000.0,485000.0,485000.0,CONDO,CONDO,Church-Yonge Corridor,43.6693009,-79.3841709,1,0,1,350.0
499999.0,499999.0,499999.0,CONDO,CONDO,Waterfront Communities C8,43.6443936,-79.363966,1,0,1,550.0
499000.0,499000.0,499000.0,CONDO,CONDO,Regent Park,43.660575,-79.3563298,1,1,1,550.0
495000.0,495000.0,495000.0,CONDO,CONDO,Waterfront Communities The Island,43.6397347,-79.3920867,1,0,1,550.0
499900.0,499900.0,499900.0,CONDO,CONDO,Bay Street Corridor,43.6569074,-79.38356929999999,1,1,1,650.0
498800.0,498800.0,498800.0,CONDO,CONDO,Church-Yonge Corridor,43.6683465,-79.3883434,1,0,1,550.0
429900.0,429900.0,429900.0,CONDO,CONDO,Niagara,43.6434074,-79.4039713,2,1,1,550.0
450000.0,450000.0,450000.0,CONDO,CONDO,Waterfront Communities C1,43.64440039999999,-79.3712891,2,0,1,350.0
469000.0,469000.0,469000.0,CONDO,CONDO,Islington-City Centre West,43.6449812,-79.5319617,1,0,1,550.0
499999.0,499999.0,499999.0,CONDO,CONDO,West Humber Clairville,43.7212962,-79.6100827,2,1,2,950.0
475000.0,475000.0,475000.0,CONDO,CONDO,Waterfront Communities C8,43.6458823,-79.375992,1,0,1,550.0
469900.0,469900.0,469900.0,CONDO,CONDO,Waterfront Communities C1,43.63760120000001,-79.4022435,1,1,1,550.0
585000.0,585000.0,585000.0,CONDO,CONDO,Dufferin Grove,43.6547892,-79.4447539,1,1,1,650.0
599000.0,599000.0,599000.0,CONDO,CONDO,Waterfront Communities C1,43.6475103,-79.3927254,2,0,1,650.0
549000.0,549000.0,549000.0,CONDO,CONDO,Dovercourt-Wallace Emerson-Junction,43.6673538,-79.4420451,2,0,1,650.0
535000.0,535000.0,535000.0,CONDO,CONDO,Mount Pleasant West,43.7105383,-79.3932829,1,1,2,550.0
529900.0,529900.0,529900.0,CONDO,CONDO,Church-Yonge Corridor,43.6656662,-79.3826067,1,1,1,550.0
585000.0,585000.0,585000.0,CONDO,CONDO,Moss Park,43.652818,-79.3666347,1,0,1,650.0
518000.0,518000.0,518000.0,CONDO,CONDO,High Park North,43.6602781,-79.4541821,1,0,1,550.0
595000.0,595000.0,595000.0,CONDO,CONDO,Mount Pleasant West,43.7084796,-79.3975213,1,1,1,650.0
599900.0,599900.0,599900.0,CONDO,CONDO,Oakwood Village,43.6803749,-79.4337199,1,1,2,650.0
599000.0,599000.0,599000.0,CONDO,CONDO,Bay Street Corridor,43.6599507,-79.3849463,1,1,2,750.0
599000.0,599000.0,599000.0,CONDO,CONDO,Mount Pleasant West,43.7101663,-79.3934897,2,0,2,650.0
538000.0,538000.0,538000.0,CONDO,CONDO,The Beaches,43.6690461,-79.2912913,1,0,1,350.0
598000.0,598000.0,598000.0,CONDO,CONDO,Waterfront Communities C1,43.6490923,-79.3885042,1,1,1,650.0
598000.0,598000.0,598000.0,CONDO,CONDO,Annex,43.6728363,-79.3904498,1,0,1,750.0
549000.0,549000.0,549000.0,CONDO,CONDO,Waterfront Communities C8,43.6455213,-79.3687484,2,0,2,650.0
524900.0,524900.0,524900.0,CONDO,CONDO,Waterfront Communities The Island,43.6454222,-79.3937919,2,0,1,750.0
599900.0,599900.0,599900.0,CONDO,CONDO,Bay Street Corridor,43.6668463,-79.389231,1,0,1,550.0
519000.0,519000.0,519000.0,CONDO,CONDO,Mount Pleasant West,43.7067244,-79.3971563,1,1,1,650.0
599000.0,599000.0,599000.0,CONDO,CONDO,Moss Park,43.65053270000001,-79.36852600000002,2,0,2,750.0
529000.0,529000.0,529000.0,CONDO,CONDO,Waterfront Communities C1,43.6417088,-79.3793164,1,0,1,550.0
599000.0,599000.0,599000.0,CONDO,CONDO,Mount Pleasant West,43.6972775,-79.3896236,1,1,1,650.0
539000.0,539000.0,539000.0,CONDO,CONDO,High Park Swansea,43.6376021,-79.473026,1,1,1,650.0
580000.0,580000.0,580000.0,CONDO,CONDO,Waterfront Communities C1,43.6476061,-79.3924349,1,0,1,650.0
520000.0,520000.0,520000.0,CONDO,CONDO,Bay Street Corridor,43.662037,-79.386522,1,0,1,350.0
529980.0,529980.0,529980.0,CONDO,CONDO,Mount Pleasant West,43.7070855,-79.3977452,1,1,1,550.0
549000.0,549000.0,549000.0,CONDO,CONDO,Niagara,43.6427421,-79.4070732,1,0,1,650.0
595000.0,595000.0,595000.0,CONDO,CONDO,Mount Pleasant West,43.7087689,-79.3937974,2,0,2,850.0
549000.0,549000.0,549000.0,CONDO,CONDO,Moss Park,43.6522223,-79.3708763,1,1,2,650.0
588000.0,588000.0,588000.0,CONDO,CONDO,Church Yonge Corridor,43.6631942,-79.3836379,1,0,1,550.0
559000.0,559000.0,559000.0,CONDO,CONDO,Islington City Centre West,43.6390951,-79.5351457,1,1,1,650.0
579990.0,579990.0,579990.0,CONDO,CONDO,Church Yonge Corridor,43.6686162,-79.3843472,1,1,1,650.0
595000.0,595000.0,595000.0,CONDO,CONDO,Waterfront Communities The Island,43.6400003,-79.3788904,1,0,1,650.0
509900.0,509900.0,509900.0,CONDO,CONDO,Church-Yonge Corridor,43.650065,-79.3750283,1,0,1,650.0
578000.0,578000.0,578000.0,CONDO,CONDO,North St James Town,43.6722218,-79.37735959999999,2,0,1,650.0
569000.0,569000.0,569000.0,CONDO,CONDO,Waterfront Communities The Island,43.6457578,-79.3946255,1,0,1,550.0
569000.0,569000.0,569000.0,CONDO,CONDO,Lawrence Park South,43.7215298,-79.4123672,1,0,1,650.0
550000.0,550000.0,550000.0,CONDO,CONDO,Mount Olive Silverstone Jamestown,43.7477322,-79.579668,3,0,2,1300.0
505000.0,505000.0,505000.0,CONDO,CONDO,Mount Pleasant West,43.7103794,-79.3921761,1,0,1,350.0
554900.0,554900.0,554900.0,CONDO,CONDO,Waterfront Communities C1,43.6374106,-79.3994896,1,0,1,350.0
567000.0,567000.0,567000.0,CONDO,CONDO,Waterfront Communities C1,43.6417088,-79.3793164,1,0,1,550.0
600000.0,600000.0,600000.0,CONDO,CONDO,Waterfront Communities C1,43.646985,-79.3916675,2,0,2,650.0
580000.0,580000.0,580000.0,CONDO,CONDO,Mount Pleasant West,43.7073389,-79.394278,1,1,1,650.0
599999.0,599999.0,599999.0,CONDO,CONDO,Waterfront Communities C1,43.6466285,-79.4017026,2,1,2,850.0
558000.0,558000.0,558000.0,CONDO,CONDO,Little Portugal,43.6423906,-79.4247385,2,1,2,650.0
574900.0,574900.0,574900.0,CONDO,CONDO,West Humber Clairville,43.7242482,-79.6162362,2,0,1,750.0
598000.0,598000.0,598000.0,CONDO,CONDO,Waterfront Communities C8,43.6496223,-79.3671505,2,0,2,750.0
599900.0,599900.0,599900.0,CONDO,CONDO,Niagara,43.6396262,-79.4157955,1,1,1,750.0
599000.0,599000.0,599000.0,CONDO,CONDO,Niagara,43.636608,-79.4048673,2,0,1,650.0
589000.0,589000.0,589000.0,CONDO,CONDO,Eringate Centennial West Deane,43.6558636,-79.5706039,3,1,2,1500.0
519000.0,519000.0,519000.0,CONDO,CONDO,Bay Street Corridor,43.6570436,-79.3820394,1,0,1,350.0
520000.0,520000.0,520000.0,CONDO,CONDO,Niagara,43.6387744,-79.4117185,1,0,1,550.0
528000.0,528000.0,528000.0,CONDO,CONDO,Waterfront Communities The Island,43.6383693,-79.3986981,1,0,1,550.0
585888.0,585888.0,585888.0,CONDO,CONDO,Mount Pleasant West,43.708378,-79.3921009,1,1,1,750.0
588000.0,588000.0,588000.0,CONDO,CONDO,Church-Yonge Corridor,43.6484128,-79.3764665,1,1,1,550.0
599900.0,599900.0,599900.0,CONDO,CONDO,Waterfront Communities C8,43.6505719,-79.3572672,1,1,1,650.0
599000.0,599000.0,599000.0,CONDO,CONDO,Bay Street Corridor,43.665786,-79.3855809,1,1,2,650.0
599900.0,599900.0,599900.0,CONDO,CONDO,Waterfront Communities The Island,43.6394695,-79.3850744,1,0,1,850.0
568000.0,568000.0,568000.0,CONDO,CONDO,Waterfront Communities The Island,43.6431621,-79.3762619,1,1,1,650.0
599900.0,599900.0,599900.0,CONDO,CONDO,Waterfront Communities C1,43.6472635,-79.401522,1,0,1,650.0
579880.0,579880.0,579880.0,CONDO,CONDO,Regent Park,43.6601105,-79.3605898,2,0,2,750.0
539000.0,539000.0,539000.0,CONDO,CONDO,Waterfront Communities The Island,43.6494123,-79.37088,2,0,1,650.0
529500.0,529500.0,529500.0,CONDO,CONDO,Waterfront Communities C8,43.655305,-79.3537502,1,0,1,550.0
599000.0,599000.0,599000.0,CONDO,CONDO,Bay Street Corridor,43.665786,-79.3855809,1,1,2,750.0
550000.0,550000.0,550000.0,CONDO,CONDO,Bay Street Corridor,43.6642638,-79.3855084,1,1,1,650.0
559000.0,559000.0,559000.0,CONDO,CONDO,Bay Street Corridor,43.6599507,-79.3849463,1,1,1,650.0
599000.0,599000.0,599000.0,CONDO,CONDO,Yonge-Eglinton,43.7080568,-79.400489,1,1,2,650.0
599000.0,599000.0,599000.0,CONDO,CONDO,Oakwood Village,43.6803749,-79.4337199,2,0,2,750.0
579000.0,579000.0,579000.0,CONDO,CONDO,Moss Park,43.652818,-79.3666347,1,1,1,650.0
599900.0,599900.0,599900.0,CONDO,CONDO,Regent Park,43.6605751,-79.35632989999999,2,0,2,750.0
599000.0,599000.0,599000.0,CONDO,CONDO,Wychwood,43.6833566,-79.4186353,1,0,1,650.0
524888.0,524888.0,524888.0,CONDO,CONDO,The Beaches,43.6653987,-79.31801569999999,1,0,1,550.0
569900.0,569900.0,569900.0,CONDO,CONDO,Eringate Centennial West Deane,43.6556925,-79.5710921,3,1,2,1300.0
549999.0,549999.0,549999.0,CONDO,CONDO,Waterfront Communities C1,43.64401180000001,-79.40154989999999,1,0,1,550.0
525000.0,525000.0,525000.0,CONDO,CONDO,Waterfront Communities The Island,43.6494123,-79.37088,1,0,1,550.0
589000.0,589000.0,589000.0,CONDO,CONDO,Bay Street Corridor,43.661781,-79.384218,1,1,1,550.0
600000.0,600000.0,600000.0,CONDO,CONDO,Niagara,43.6409419,-79.40371499999999,2,0,1,750.0
549000.0,549000.0,549000.0,CONDO,CONDO,Waterfront Communities C1,43.6374769,-79.39914619999999,1,0,1,550.0
579000.0,579000.0,579000.0,CONDO,CONDO,Waterfront Communities The Island,43.6501177,-79.3579349,1,0,1,550.0
599000.0,599000.0,599000.0,CONDO,CONDO,The Beaches,43.6745198,-79.3068802,2,0,1,850.0
524999.0,524999.0,524999.0,CONDO,CONDO,Waterfront Communities The Island,43.6497482,-79.3656563,2,1,1,850.0
584900.0,584900.0,584900.0,CONDO,CONDO,Regent Park,43.6601105,-79.3605898,2,0,2,750.0
528000.0,528000.0,528000.0,CONDO,CONDO,Bay Street Corridor,43.64931790000001,-79.3825714,1,1,1,550.0
599900.0,599900.0,599900.0,CONDO,CONDO,Church-Yonge Corridor,43.6573754,-79.3740866,2,0,2,750.0
599900.0,599900.0,599900.0,CONDO,CONDO,Rosedale Moore Park,43.6734731,-79.3714268,1,0,1,750.0
538000.0,538000.0,538000.0,CONDO,CONDO,North St James Town,43.6716706,-79.37237069999999,1,0,1,550.0
510000.0,510000.0,510000.0,CONDO,CONDO,Cabbagetown South St James Town,43.6673247,-79.3727384,1,1,2,650.0
599000.0,599000.0,599000.0,CONDO,CONDO,Mount Pleasant West,43.7099274,-79.3939021,2,0,1,750.0
599000.0,599000.0,599000.0,CONDO,CONDO,Bay Street Corridor,43.6642638,-79.3855084,1,1,1,550.0
589000.0,589000.0,589000.0,CONDO,CONDO,Niagara,43.6384324,-79.4135407,1,1,1,750.0
590000.0,590000.0,590000.0,CONDO,CONDO,Waterfront Communities C1,43.6466285,-79.4017026,1,1,2,650.0
539000.0,539000.0,539000.0,CONDO,CONDO,Mount Pleasant West,43.7084796,-79.3975213,1,0,1,550.0
565000.0,565000.0,565000.0,CONDO,CONDO,Waterfront Communities C1,43.6383693,-79.3986981,1,1,1,650.0
545000.0,545000.0,545000.0,CONDO,CONDO,Weston Pellam Park,43.7495851,-79.5809999,2,0,2,1300.0
534888.0,534888.0,534888.0,CONDO,CONDO,Niagara,43.6386152,-79.4127418,1,0,1,550.0
598880.0,598880.0,598880.0,CONDO,CONDO,Islington City Centre West,43.609209,-79.5583318,2,0,2,850.0
535990.0,535990.0,535990.0,CONDO,CONDO,Waterfront Communities C1,43.6456547,-79.39044779999999,1,0,2,550.0
592990.0,592990.0,592990.0,CONDO,CONDO,East End-Danforth,43.6878454,-79.3019439,2,0,2,650.0
519000.0,519000.0,519000.0,CONDO,CONDO,Moss Park,43.6569796,-79.3554171,1,0,1,650.0
585000.0,585000.0,585000.0,CONDO,CONDO,Church-Yonge Corridor,43.6560563,-79.3772154,1,1,2,550.0
595999.0,595999.0,595999.0,CONDO,CONDO,Waterfront Communities The Island,43.642422,-79.3755829,1,1,1,750.0
580000.0,580000.0,580000.0,CONDO,CONDO,Church-Yonge Corridor,43.6572772,-79.3766771,1,0,1,750.0
599000.0,599000.0,599000.0,CONDO,CONDO,Little Portugal,43.6423906,-79.4247385,2,1,2,650.0
589900.0,589900.0,589900.0,CONDO,CONDO,Niagara,43.6369794,-79.4060787,1,1,1,650.0
525000.0,525000.0,525000.0,CONDO,CONDO,Yonge Eglinton,43.7060587,-79.4031118,1,0,1,650.0
563800.0,563800.0,563800.0,CONDO,CONDO,Little Portugal,43.6417386,-79.4233157,2,0,2,650.0
589900.0,589900.0,589900.0,CONDO,CONDO,High Park Swansea,43.6361579,-79.4706161,1,1,1,750.0
579000.0,579000.0,579000.0,CONDO,CONDO,Waterfront Communities The Island,43.6404948,-79.3808155,1,1,1,650.0
559000.0,559000.0,559000.0,CONDO,CONDO,Waterfront Communities C1,43.6456547,-79.39044779999999,1,1,1,650.0
578800.0,578800.0,578800.0,CONDO,CONDO,Waterfront Communities C1,43.6377203,-79.3999946,1,1,1,650.0
568000.0,568000.0,568000.0,CONDO,CONDO,Bay Street Corridor,43.6620882,-79.3856802,1,1,1,650.0
599000.0,599000.0,599000.0,CONDO,CONDO,Kensington Chinatown,43.6539796,-79.3885197,2,0,1,750.0
520000.0,520000.0,520000.0,CONDO,CONDO,Waterfront Communities C1,43.7736875,-79.2554225,1,0,1,650.0
525000.0,525000.0,525000.0,CONDO,CONDO,Waterfront Communities C1,43.6444928,-79.3891282,1,0,1,550.0
509000.0,509000.0,509000.0,CONDO,CONDO,Church-Yonge Corridor,43.6564615,-79.3767046,1,1,2,650.0
579000.0,579000.0,579000.0,CONDO,CONDO,Niagara,43.638563,-79.412811,1,1,2,750.0
539000.0,539000.0,539000.0,CONDO,CONDO,Mount Pleasant West,43.7101663,-79.3934897,2,0,2,650.0
529000.0,529000.0,529000.0,CONDO,CONDO,High Park-Swansea,43.63625520000001,-79.4708718,1,1,1,750.0
518800.0,518800.0,518800.0,CONDO,CONDO,Waterfront Communities C1,43.6474554,-79.3927356,1,1,1,650.0
574900.0,574900.0,574900.0,CONDO,CONDO,Niagara,43.6372054,-79.4035754,1,1,1,650.0
579999.0,579999.0,579999.0,CONDO,CONDO,Junction Area,43.6703996,-79.47805269999999,2,0,2,750.0
579900.0,579900.0,579900.0,CONDO,CONDO,Annex,43.6709631,-79.4018934,2,0,2,850.0
549900.0,549900.0,549900.0,CONDO,CONDO,Niagara,43.6375103,-79.4005804,1,1,1,650.0
599000.0,599000.0,599000.0,CONDO,CONDO,Yonge-St. Clair,43.6866509,-79.3995111,1,1,1,750.0
599000.0,599000.0,599000.0,CONDO,CONDO,Niagara,43.638563,-79.412811,1,1,1,650.0
520000.0,520000.0,520000.0,CONDO,CONDO,Waterfront Communities The Island,43.6392884,-79.3857185,2,0,1,850.0
589000.0,589000.0,589000.0,CONDO,CONDO,Waterfront Communities The Island,43.6428502,-79.3917462,1,1,1,750.0
580000.0,580000.0,580000.0,CONDO,CONDO,Waterfront Communities C1,43.6469907,-79.3922487,2,0,1,650.0
545000.0,545000.0,545000.0,CONDO,CONDO,Waterfront Communities The Island,43.6415332,-79.3826529,1,1,1,650.0
549888.0,549888.0,549888.0,CONDO,CONDO,Church Yonge Corridor,43.663861,-79.3803783,1,1,2,850.0
548800.0,548800.0,548800.0,CONDO,CONDO,Waterfront Communities C1,43.6446563,-79.3928272,1,0,1,650.0
599888.0,599888.0,599888.0,CONDO,CONDO,Waterfront Communities The Island,43.6445412,-79.3764773,1,1,1,650.0
529000.0,529000.0,529000.0,CONDO,CONDO,South Parkdale,43.6404251,-79.4246524,2,0,1,650.0
599000.0,599000.0,599000.0,CONDO,CONDO,Dufferin Grove,43.6574768,-79.445671,1,0,1,550.0
529000.0,529000.0,529000.0,CONDO,CONDO,Mount Pleasant East,43.7128183,-79.3868996,1,0,1,750.0
549000.0,549000.0,549000.0,CONDO,CONDO,Niagara,43.6427421,-79.4070732,1,1,1,650.0
529900.0,529900.0,529900.0,CONDO,CONDO,Waterfront Communities The Island,43.6427513,-79.3769186,1,1,1,550.0
589000.0,589000.0,589000.0,CONDO,CONDO,Waterfront Communities C1,43.6466285,-79.4017026,1,1,1,550.0
550000.0,550000.0,550000.0,CONDO,CONDO,Waterfront Communities The Island,43.6428671,-79.3927744,1,1,1,650.0
599990.0,599990.0,599990.0,CONDO,CONDO,Bay Street Corridor,43.6620243,-79.3865463,1,0,1,650.0
538000.0,538000.0,538000.0,CONDO,CONDO,Waterfront Communities C1,43.649428,-79.388411,1,1,1,650.0
522000.0,522000.0,522000.0,CONDO,CONDO,Church-Yonge Corridor,43.6551052,-79.3762548,1,1,1,650.0
599000.0,599000.0,599000.0,CONDO,CONDO,South Riverdale,43.66513339999999,-79.3414981,2,0,1,650.0
524900.0,524900.0,524900.0,CONDO,CONDO,Niagara,43.6384324,-79.4135407,1,0,1,650.0
579000.0,579000.0,579000.0,CONDO,CONDO,Waterfront Communities C1,43.648321,-79.3928867,1,1,1,650.0
599900.0,599900.0,599900.0,CONDO,CONDO,Dufferin Grove,43.6533969,-79.4285013,1,1,1,750.0
550000.0,550000.0,550000.0,CONDO,CONDO,Bay Street Corridor,43.665388,-79.3880211,1,1,1,750.0
595000.0,595000.0,595000.0,CONDO,CONDO,Waterfront Communities The Island,43.6400003,-79.3788904,1,0,1,750.0
592000.0,592000.0,592000.0,CONDO,CONDO,Moss Park,43.6540434,-79.3639312,2,0,2,650.0
550000.0,550000.0,550000.0,CONDO,CONDO,Kensington-Chinatown,43.6496767,-79.3992309,1,1,1,550.0
599000.0,599000.0,599000.0,CONDO,CONDO,Waterfront Communities C1,43.64798769999999,-79.39183899999999,2,0,2,650.0
599000.0,599000.0,599000.0,CONDO,CONDO,Bay Street Corridor,43.661781,-79.384218,2,0,1,650.0
599000.0,599000.0,599000.0,CONDO,CONDO,Waterfront Communities C1,43.6474722,-79.39958709999999,1,0,1,350.0
510000.0,510000.0,510000.0,CONDO,CONDO,Bay Street Corridor,43.6648039,-79.3869669,1,1,1,550.0
599000.0,599000.0,599000.0,CONDO,CONDO,Bay Street Corridor,43.64931790000001,-79.3825714,2,1,2,750.0
598000.0,598000.0,598000.0,CONDO,CONDO,Church-Yonge Corridor,43.6568058,-79.3750924,2,0,2,650.0
580000.0,580000.0,580000.0,CONDO,CONDO,Mount Pleasant West,43.7056504,-79.3973799,1,1,1,650.0
559000.0,559000.0,559000.0,CONDO,CONDO,Junction Area,43.6637347,-79.4579373,1,0,1,550.0
548888.0,548888.0,548888.0,CONDO,CONDO,Niagara,43.6387756,-79.4163147,1,1,1,550.0
599000.0,599000.0,599000.0,CONDO,CONDO,Church-Yonge Corridor,43.6548343,-79.375195,2,0,2,650.0
599900.0,599900.0,599900.0,CONDO,CONDO,Kensington Chinatown,43.653632,-79.390954,1,1,1,650.0
549000.0,549000.0,549000.0,CONDO,CONDO,Little Portugal,43.6427532,-79.4274654,1,0,1,550.0
538000.0,538000.0,538000.0,CONDO,CONDO,Dufferin Grove,43.6547892,-79.4447539,1,0,1,550.0
548000.0,548000.0,548000.0,CONDO,CONDO,Church Yonge Corridor,43.6705684,-79.3814562,1,1,1,550.0
598600.0,598600.0,598600.0,CONDO,CONDO,Waterfront Communities C1,43.6458064,-79.39205,1,1,1,650.0
549990.0,549990.0,549990.0,CONDO,CONDO,Regent Park,43.6614865,-79.3584054,1,1,1,650.0
543880.0,543880.0,543880.0,CONDO,CONDO,Bay Street Corridor,43.66184,-79.3841317,1,0,1,350.0
549000.0,549000.0,549000.0,CONDO,CONDO,Bay Street Corridor,43.66184,-79.3841317,1,0,1,350.0
500900.0,500900.0,500900.0,CONDO,CONDO,Niagara,43.6415894,-79.4157619,1,0,1,350.0
589000.0,589000.0,589000.0,CONDO,CONDO,Waterfront Communities The Island,43.6428502,-79.3917462,1,0,1,750.0
525000.0,525000.0,525000.0,CONDO,CONDO,High Park Swansea,43.6363049,-79.4702129,1,1,1,650.0
559000.0,559000.0,559000.0,CONDO,CONDO,Annex,43.67112179999999,-79.3877595,1,0,1,350.0
588800.0,588800.0,588800.0,CONDO,CONDO,Church-Yonge Corridor,43.6688688,-79.38351109999999,1,1,1,550.0
539000.0,539000.0,539000.0,CONDO,CONDO,Waterfront Communities The Island,43.6368129,-79.3975163,1,0,1,650.0
589000.0,589000.0,589000.0,CONDO,CONDO,Cabbagetown South St James Town,43.6649311,-79.3768619,2,0,2,850.0
520000.0,520000.0,520000.0,CONDO,CONDO,Waterfront Communities The Island,43.6434094,-79.3923139,1,1,1,650.0
579900.0,579900.0,579900.0,CONDO,CONDO,Islington City Centre West,43.6348605,-79.5394943,7,0,2,950.0
538000.0,538000.0,538000.0,CONDO,CONDO,Waterfront Communities C1,43.6448465,-79.4022849,1,0,1,550.0
599900.0,599900.0,599900.0,CONDO,CONDO,Church-Yonge Corridor,43.6574957,-79.3743712,2,0,2,750.0
549900.0,549900.0,549900.0,CONDO,CONDO,High Park Swansea,43.6361579,-79.4706161,1,1,1,750.0
599000.0,599000.0,599000.0,CONDO,CONDO,Mount Pleasant West,43.7069544,-79.395016,2,0,2,750.0
529000.0,529000.0,529000.0,CONDO,CONDO,Cabbagetown South St James Town,43.6644413,-79.3751085,2,0,1,750.0
564900.0,564900.0,564900.0,CONDO,CONDO,Niagara,43.6412424,-79.414406,1,1,1,650.0
579900.0,579900.0,579900.0,CONDO,CONDO,Mount Pleasant West,43.7089649,-79.3929849,1,1,1,650.0
599000.0,599000.0,599000.0,CONDO,CONDO,Church-Yonge Corridor,43.6564202,-79.37654460000002,2,0,2,750.0
599800.0,599800.0,599800.0,CONDO,CONDO,North St James Town,43.6715335,-79.3762824,1,1,1,650.0
529800.0,529800.0,529800.0,CONDO,CONDO,Rosedale-Moore Park,43.6730104,-79.3869119,1,0,1,550.0
588000.0,588000.0,588000.0,CONDO,CONDO,Niagara,43.6387841,-79.41201439999999,1,1,1,650.0
585990.0,585990.0,585990.0,CONDO,CONDO,High Park North,43.6555257,-79.45738940000001,1,1,1,650.0
549000.0,549000.0,549000.0,CONDO,CONDO,Waterfront Communities The Island,43.6503521,-79.3609928,1,1,2,850.0
599900.0,599900.0,599900.0,CONDO,CONDO,Church-Yonge Corridor,43.6484128,-79.3764665,1,0,1,650.0
568000.0,568000.0,568000.0,CONDO,CONDO,Waterfront Communities C1,43.7736875,-79.2554225,1,1,1,650.0
600000.0,600000.0,600000.0,CONDO,CONDO,Church-Yonge Corridor,43.65490810000001,-79.37468480000001,2,0,2,650.0
549000.0,549000.0,549000.0,CONDO,CONDO,Niagara,43.6371837,-79.4018766,1,1,1,550.0
518000.0,518000.0,518000.0,CONDO,CONDO,Lansing Westgate,43.7653441,-79.4126151,1,1,1,650.0
524000.0,524000.0,524000.0,CONDO,CONDO,Waterfront Communities C8,43.6616458,-79.37671940000001,1,1,1,550.0
529000.0,529000.0,529000.0,CONDO,CONDO,Annex,43.67271179999999,-79.3886581,1,1,1,550.0
538000.0,538000.0,538000.0,CONDO,CONDO,Waterfront Communities C8,43.64992729999999,-79.3670527,1,1,2,650.0
599000.0,599000.0,599000.0,CONDO,CONDO,Forest Hill South,43.6882788,-79.4135522,2,0,2,850.0
508888.0,508888.0,508888.0,CONDO,CONDO,Regent Park,43.6601105,-79.3605898,1,1,1,650.0
539000.0,539000.0,539000.0,CONDO,CONDO,Bay Street Corridor,43.6642638,-79.3855084,1,1,1,550.0
569888.0,569888.0,569888.0,CONDO,CONDO,Waterfront Communities C8,43.6501177,-79.3579349,1,0,1,550.0
559000.0,559000.0,559000.0,CONDO,CONDO,Niagara,43.6412424,-79.414406,1,1,1,650.0
509000.0,509000.0,509000.0,CONDO,CONDO,Church-Yonge Corridor,43.6518936,-79.377217,1,1,1,650.0
549000.0,549000.0,549000.0,CONDO,CONDO,Waterfront Communities C8,43.6454451,-79.36264200000001,1,0,1,550.0
599999.0,599999.0,599999.0,CONDO,CONDO,Wychwood,43.6833566,-79.4186353,1,0,1,650.0
513999.0,513999.0,513999.0,CONDO,CONDO,Bay Street Corridor,43.6545873,-79.3866557,1,1,1,850.0
539999.0,539999.0,539999.0,CONDO,CONDO,Waterfront Communities C8,43.6449599,-79.3643305,1,0,1,650.0
575000.0,575000.0,575000.0,CONDO,CONDO,Church Yonge Corridor,43.6637914,-79.3830261,1,0,1,750.0
588000.0,588000.0,588000.0,CONDO,CONDO,Islington City Centre West,43.649568,-79.5265828,2,1,2,950.0
535000.0,535000.0,535000.0,CONDO,CONDO,Lawrence Park North,43.723116,-79.41394559999999,1,0,1,550.0
594900.0,594900.0,594900.0,CONDO,CONDO,Waterfront Communities The Island,43.6428502,-79.3917462,1,1,1,750.0
579900.0,579900.0,579900.0,CONDO,CONDO,Mount Pleasant West,43.708378,-79.3921009,1,1,1,650.0
599000.0,599000.0,599000.0,CONDO,CONDO,Rosedale Moore Park,43.6729857,-79.3870289,1,1,1,650.0
550000.0,550000.0,550000.0,CONDO,CONDO,Waterfront Communities C1,43.6411905,-79.3829556,2,0,1,350.0
548000.0,548000.0,548000.0,CONDO,CONDO,Bay Street Corridor,43.666815,-79.3875312,1,1,1,650.0
599000.0,599000.0,599000.0,CONDO,CONDO,Regent Park,43.659755,-79.36265,1,1,2,650.0
519000.0,519000.0,519000.0,CONDO,CONDO,Dovercourt-Wallace Emerson-Junction,43.6676789,-79.44279259999999,2,0,1,650.0
539900.0,539900.0,539900.0,CONDO,CONDO,North St James Town,43.6671746,-79.3763191,1,1,1,650.0
575000.0,575000.0,575000.0,CONDO,CONDO,Bay Street Corridor,43.6648469,-79.3861096,1,1,1,650.0
538888.0,538888.0,538888.0,CONDO,CONDO,Waterfront Communities C1,43.6456129,-79.39030869999999,1,0,1,550.0
585000.0,585000.0,585000.0,CONDO,CONDO,Mount Pleasant West,43.6971999,-79.3903407,1,0,1,650.0
549000.0,549000.0,549000.0,CONDO,CONDO,Waterfront Communities C1,43.6388732,-79.3986617,1,1,1,650.0
559000.0,559000.0,559000.0,CONDO,CONDO,Waterfront Communities C8,43.6449793,-79.363762,1,1,2,650.0
528888.0,528888.0,528888.0,CONDO,CONDO,Malvern,43.6819156,-79.2933483,2,0,2,1300.0
589000.0,589000.0,589000.0,CONDO,CONDO,Waterfront Communities C1,43.6490923,-79.3885042,1,1,1,650.0
515000.0,515000.0,515000.0,CONDO,CONDO,Blake-Jones,43.6811252,-79.3324348,1,1,2,650.0
509900.0,509900.0,509900.0,CONDO,CONDO,Waterfront Communities C1,43.6468455,-79.4028294,1,0,1,550.0
548000.0,548000.0,548000.0,CONDO,CONDO,Niagara,43.6371183,-79.4014227,1,0,1,550.0
510000.0,510000.0,510000.0,CONDO,CONDO,Church Yonge Corridor,43.6547114,-79.3792073,1,0,1,650.0
549999.0,549999.0,549999.0,CONDO,CONDO,Waterfront Communities C1,43.6383693,-79.3986981,1,1,1,750.0
599900.0,599900.0,599900.0,CONDO,CONDO,High Park Swansea,43.6481789,-79.4874357,1,1,1,650.0
599990.0,599990.0,599990.0,CONDO,CONDO,East End-Danforth,43.6878454,-79.3019439,1,1,1,650.0
585000.0,585000.0,585000.0,CONDO,CONDO,Mount Pleasant West,43.7081974,-79.397159,1,1,2,650.0
549900.0,549900.0,549900.0,CONDO,CONDO,Niagara,43.6415894,-79.4157619,1,0,1,350.0
525000.0,525000.0,525000.0,CONDO,CONDO,Waterfront Communities C1,43.6388732,-79.3986617,1,0,1,550.0
570000.0,570000.0,570000.0,CONDO,CONDO,Waterfront Communities C1,43.6388732,-79.3986617,1,0,1,650.0
569000.0,569000.0,569000.0,CONDO,CONDO,High Park Swansea,43.636943,-79.4689321,1,1,2,850.0
525000.0,525000.0,525000.0,CONDO,CONDO,Yonge-St. Clair,43.6866509,-79.3995111,1,1,1,650.0
559000.0,559000.0,559000.0,CONDO,CONDO,Mount Pleasant West,43.7101663,-79.3934897,2,0,2,650.0
599000.0,599000.0,599000.0,CONDO,CONDO,Lawrence Park North,43.723116,-79.41394559999999,2,0,1,550.0
529000.0,529000.0,529000.0,CONDO,CONDO,Bay Street Corridor,43.6568586,-79.3836642,1,0,2,850.0
599000.0,599000.0,599000.0,CONDO,CONDO,Annex,43.6746538,-79.3890069,1,1,1,850.0
559000.0,559000.0,559000.0,CONDO,CONDO,High Park-Swansea,43.63625520000001,-79.4708718,1,1,1,750.0
545000.0,545000.0,545000.0,CONDO,CONDO,Westminster Branson,43.7786129,-79.4518042,2,1,1,1100.0
600000.0,600000.0,600000.0,CONDO,CONDO,Bay Street Corridor,43.6490377,-79.3884119,1,1,1,650.0
515000.0,515000.0,515000.0,CONDO,CONDO,Niagara,43.6369794,-79.4060787,1,1,1,550.0
588500.0,588500.0,588500.0,CONDO,CONDO,Waterfront Communities C8,43.655305,-79.3537502,1,0,1,650.0
589900.0,589900.0,589900.0,CONDO,CONDO,Waterfront Communities C1,43.6371667,-79.404733,1,1,1,550.0
525000.0,525000.0,525000.0,CONDO,CONDO,Weston-Pellam Park,43.6735315,-79.46210479999999,2,0,1,650.0
585000.0,585000.0,585000.0,CONDO,CONDO,Junction Area,43.6709319,-79.4784085,2,0,2,650.0
599000.0,599000.0,599000.0,CONDO,CONDO,High Park North,43.7639326,-79.4069236,1,1,2,1100.0
529900.0,529900.0,529900.0,CONDO,CONDO,Waterfront Communities The Island,43.6429141,-79.3806469,1,0,1,350.0
525000.0,525000.0,525000.0,CONDO,CONDO,Waterfront Communities The Island,43.6401213,-79.3812266,1,0,1,550.0
574999.0,574999.0,574999.0,CONDO,CONDO,Waterfront Communities The Island,43.639182,-79.3863917,2,1,1,850.0
549900.0,549900.0,549900.0,CONDO,CONDO,Waterfront Communities The Island,43.6402683,-79.3960141,1,1,2,650.0
540000.0,540000.0,540000.0,CONDO,CONDO,High Park North,43.6542783,-79.4630112,1,0,1,350.0
540000.0,540000.0,540000.0,CONDO,CONDO,Bay Street Corridor,43.652408,-79.38878059999999,1,1,1,650.0
599900.0,599900.0,599900.0,CONDO,CONDO,Niagara,43.63978890000001,-79.4096362,1,0,1,650.0
580000.0,580000.0,580000.0,CONDO,CONDO,Junction Area,43.6709319,-79.4784085,2,0,1,650.0
538900.0,538900.0,538900.0,CONDO,CONDO,Niagara,43.6376226,-79.42333860000001,1,1,1,650.0
525000.0,525000.0,525000.0,CONDO,CONDO,Junction Area,43.6709319,-79.4784085,1,1,1,550.0
515000.0,515000.0,515000.0,CONDO,CONDO,Mount Pleasant West,43.708378,-79.3921009,1,1,1,650.0
535000.0,535000.0,535000.0,CONDO,CONDO,Kensington-Chinatown,43.6539246,-79.38918679999999,1,1,1,650.0
545000.0,545000.0,545000.0,CONDO,CONDO,Moss Park,43.652818,-79.3666347,1,0,1,650.0
595000.0,595000.0,595000.0,CONDO,CONDO,Church-Yonge Corridor,43.6533456,-79.3793731,1,1,1,650.0
560000.0,560000.0,560000.0,CONDO,CONDO,Regent Park,43.6590965,-79.3629015,2,0,1,650.0
519000.0,519000.0,519000.0,CONDO,CONDO,Bay Street Corridor,43.6568586,-79.3836642,1,1,1,850.0
585000.0,585000.0,585000.0,CONDO,CONDO,Oakwood Village,43.68078149999999,-79.4316101,2,0,2,650.0
549900.0,549900.0,549900.0,CONDO,CONDO,Roncesvalles,43.65196359999999,-79.4513781,1,0,1,550.0
599900.0,599900.0,599900.0,CONDO,CONDO,Kensington Chinatown,43.6501593,-79.3926005,1,0,1,650.0
599900.0,599900.0,599900.0,CONDO,CONDO,Church-Yonge Corridor,43.6557976,-79.3750325,2,0,2,650.0
550000.0,550000.0,550000.0,CONDO,CONDO,Waterfront Communities C1,43.6411905,-79.3829556,1,1,1,650.0
549900.0,549900.0,549900.0,CONDO,CONDO,Niagara,43.6369794,-79.4060787,1,1,1,650.0
529800.0,529800.0,529800.0,CONDO,CONDO,Mount Pleasant West,43.7069544,-79.395016,1,1,1,550.0
585000.0,585000.0,585000.0,CONDO,CONDO,Niagara,43.6382738,-79.415117,1,1,1,650.0
539900.0,539900.0,539900.0,CONDO,CONDO,Waterfront Communities C8,43.6536918,-79.3552269,1,1,1,650.0
589900.0,589900.0,589900.0,CONDO,CONDO,Church Yonge Corridor,43.6686162,-79.3843472,1,0,1,650.0
549000.0,549000.0,549000.0,CONDO,CONDO,Leaside Bennington,43.7025012,-79.3626013,1,0,1,750.0
596000.0,596000.0,596000.0,CONDO,CONDO,Waterfront Communities C1,43.6472416,-79.39194859999999,2,0,2,650.0
525000.0,525000.0,525000.0,CONDO,CONDO,Waterfront Communities C1,43.6463498,-79.3936293,1,0,1,350.0
589000.0,589000.0,589000.0,CONDO,CONDO,Moss Park,43.6522223,-79.3708763,1,1,2,650.0
599000.0,599000.0,599000.0,CONDO,CONDO,Church Yonge Corridor,43.6553047,-79.375328,2,1,1,950.0
559900.0,559900.0,559900.0,CONDO,CONDO,Waterfront Communities C1,43.6375103,-79.4005804,1,1,1,650.0
554900.0,554900.0,554900.0,CONDO,CONDO,Mount Pleasant West,43.708378,-79.3921009,1,1,1,650.0
512222.0,512222.0,512222.0,CONDO,CONDO,Eringate Centennial West Deane,43.6558636,-79.5706039,2,1,2,1100.0
559000.0,559000.0,559000.0,CONDO,CONDO,Waterfront Communities The Island,43.6431621,-79.3762619,1,1,1,650.0
538000.0,538000.0,538000.0,CONDO,CONDO,Niagara,43.6387756,-79.4163147,1,0,1,550.0
599990.0,599990.0,599990.0,CONDO,CONDO,East End-Danforth,43.687414,-79.302063,2,0,2,650.0
550000.0,550000.0,550000.0,CONDO,CONDO,Church-Yonge Corridor,43.65490810000001,-79.37468480000001,1,1,1,550.0
574800.0,574800.0,574800.0,CONDO,CONDO,Church-Yonge Corridor,43.6557976,-79.3750325,2,0,2,750.0
505000.0,505000.0,505000.0,CONDO,CONDO,Junction Area,43.6668979,-79.4642771,1,1,1,650.0
569000.0,569000.0,569000.0,CONDO,CONDO,Church-Yonge Corridor,43.6696427,-79.3805547,1,1,1,650.0
533730.0,533730.0,533730.0,CONDO,CONDO,Brookhaven Amesbury,43.6973186,-79.4899039,3,0,2,1100.0
525000.0,525000.0,525000.0,CONDO,CONDO,Waterfront Communities The Island,43.6489903,-79.3870081,1,1,1,650.0
525000.0,525000.0,525000.0,CONDO,CONDO,Little Portugal,43.641523,-79.4240871,2,0,2,650.0
549000.0,549000.0,549000.0,CONDO,CONDO,Moss Park,43.6543608,-79.36298029999999,2,0,2,550.0
529000.0,529000.0,529000.0,CONDO,CONDO,Church-Yonge Corridor,43.6695417,-79.3837883,1,0,1,350.0
550000.0,550000.0,550000.0,CONDO,CONDO,Bay Street Corridor,43.6648412,-79.38516720000001,1,0,1,350.0
530000.0,530000.0,530000.0,CONDO,CONDO,Waterfront Communities The Island,43.6456503,-79.3964914,1,0,1,550.0
519900.0,519900.0,519900.0,CONDO,CONDO,Moss Park,43.6536408,-79.3689234,1,1,2,750.0
600000.0,600000.0,600000.0,CONDO,CONDO,Cabbagetown South St James Town,43.6649311,-79.3768619,2,0,2,850.0
529000.0,529000.0,529000.0,CONDO,CONDO,Kensington Chinatown,43.652433,-79.3896865,1,1,1,650.0
539000.0,539000.0,539000.0,CONDO,CONDO,Dovercourt-Wallace Emerson-Junction,43.6614817,-79.4297254,1,0,1,350.0
539800.0,539800.0,539800.0,CONDO,CONDO,Waterfront Communities C8,43.6498798,-79.3669199,1,0,1,550.0
524800.0,524800.0,524800.0,CONDO,CONDO,Niagara,43.6367062,-79.4000807,1,1,1,550.0
525000.0,525000.0,525000.0,CONDO,CONDO,Bay Street Corridor,43.64931790000001,-79.3825714,1,1,1,550.0
549000.0,549000.0,549000.0,CONDO,CONDO,Little Portugal,43.6420244,-79.4233813,2,0,2,550.0
519000.0,519000.0,519000.0,CONDO,CONDO,Mount Pleasant West,43.7060573,-79.3977655,1,1,1,650.0
518000.0,518000.0,518000.0,CONDO,CONDO,Mount Pleasant West,43.7056504,-79.3973799,1,0,1,650.0
589000.0,589000.0,589000.0,CONDO,CONDO,Little Portugal,43.6423906,-79.4247385,2,0,2,650.0
590000.0,590000.0,590000.0,CONDO,CONDO,Waterfront Communities The Island,43.648883,-79.365219,2,0,1,850.0
559000.0,559000.0,559000.0,CONDO,CONDO,Church-Yonge Corridor,43.6631942,-79.3836379,1,1,1,550.0
559900.0,559900.0,559900.0,CONDO,CONDO,Mount Pleasant West,43.704232,-79.3973465,2,0,2,750.0
539000.0,539000.0,539000.0,CONDO,CONDO,Waterfront Communities C1,43.6471782,-79.3910623,1,0,1,550.0
569000.0,569000.0,569000.0,CONDO,CONDO,Waterfront Communities C1,43.6446338,-79.3929358,1,1,1,750.0
565000.0,565000.0,565000.0,CONDO,CONDO,Waterfront Communities C1,43.6366969,-79.39721279999999,1,1,1,650.0
549999.0,549999.0,549999.0,CONDO,CONDO,Church-Yonge Corridor,43.6564615,-79.3767046,1,1,2,650.0
549000.0,549000.0,549000.0,CONDO,CONDO,Bay Street Corridor,43.665412,-79.3871187,1,0,1,650.0
580000.0,580000.0,580000.0,CONDO,CONDO,High Park Swansea,43.6374048,-79.4721516,2,0,1,750.0
529000.0,529000.0,529000.0,CONDO,CONDO,Waterfront Communities C1,43.6385781,-79.3993661,1,1,1,650.0
545000.0,545000.0,545000.0,CONDO,CONDO,Waterfront Communities C1,43.6476061,-79.3924349,1,0,1,650.0
525000.0,525000.0,525000.0,CONDO,CONDO,Dovercourt Wallace Emerson Junction,43.6657347,-79.447861,1,0,1,550.0
514900.0,514900.0,514900.0,CONDO,CONDO,TCNI - Niagara,43.6415649,-79.414533,2,0,1,595.0
539000.0,539000.0,539000.0,CONDO,CONDO,Thorncliffe Park,43.7146015,-79.354391,1,1,1,650.0
525900.0,525900.0,525900.0,CONDO,CONDO,Regent Park,43.659783,-79.362653,1,1,2,650.0
514900.0,514900.0,514900.0,CONDO,CONDO,Niagara,43.6415894,-79.4157619,1,1,1,550.0
598000.0,598000.0,598000.0,CONDO,CONDO,Moss Park,43.6540434,-79.3639312,2,1,2,750.0
539990.0,539990.0,539990.0,CONDO,CONDO,Cabbagetown-South St. James Town,43.6667853,-79.3749198,1,1,2,650.0
529000.0,529000.0,529000.0,CONDO,CONDO,Church-Yonge Corridor,43.6518936,-79.377217,1,0,1,650.0
539900.0,539900.0,539900.0,CONDO,CONDO,Mount Pleasant West,43.708378,-79.3921009,1,1,1,750.0
528000.0,528000.0,528000.0,CONDO,CONDO,West Humber Clairville,43.7908781,-79.44683959999999,2,0,2,950.0
599900.0,599900.0,599900.0,CONDO,CONDO,Little Portugal,43.64275320000001,-79.4274355,2,0,1,850.0
520000.0,520000.0,520000.0,CONDO,CONDO,Church Yonge Corridor,43.6547114,-79.3792073,1,0,1,650.0
580500.0,580500.0,580500.0,CONDO,CONDO,Waterfront Communities The Island,43.6456503,-79.3964914,1,1,1,650.0
530000.0,530000.0,530000.0,CONDO,CONDO,Annex,43.6754014,-79.39720419999999,1,0,1,350.0
555000.0,555000.0,555000.0,CONDO,CONDO,Church Yonge Corridor,43.650055,-79.3749505,1,1,1,650.0
549999.0,549999.0,549999.0,CONDO,CONDO,Waterfront Communities C8,43.650212,-79.3666425,1,1,2,550.0
584900.0,584900.0,584900.0,CONDO,CONDO,Niagara,43.6357104,-79.3988424,1,2,1,650.0
509900.0,509900.0,509900.0,CONDO,CONDO,Church Yonge Corridor,43.6705792,-79.3805895,1,1,1,650.0
520000.0,520000.0,520000.0,CONDO,CONDO,Regent Park,43.6610068,-79.3603549,1,0,1,550.0
549000.0,549000.0,549000.0,CONDO,CONDO,Bay Street Corridor,43.665412,-79.3871187,1,1,1,650.0
589000.0,589000.0,589000.0,CONDO,CONDO,Oakwood Village,43.6806379,-79.4319422,1,1,1,650.0
599000.0,599000.0,599000.0,CONDO,CONDO,Waterfront Communities C1,43.6444928,-79.3891282,1,0,1,550.0
549000.0,549000.0,549000.0,CONDO,CONDO,Mount Olive-Silverstone-Jamestown,43.6813665,-79.46046779999999,2,1,2,1300.0
599500.0,599500.0,599500.0,CONDO,CONDO,Niagara,43.638563,-79.412811,2,0,2,750.0
558000.0,558000.0,558000.0,CONDO,CONDO,Waterfront Communities C8,43.64394670000001,-79.37450869999999,1,0,1,550.0
511990.0,511990.0,511990.0,CONDO,CONDO,Regent Park,43.6605751,-79.35632989999999,1,1,1,550.0
598000.0,598000.0,598000.0,CONDO,CONDO,Bay Street Corridor,43.6676702,-79.3864205,1,0,1,550.0
549999.0,549999.0,549999.0,CONDO,CONDO,Waterfront Communities The Island,43.6438059,-79.3916717,1,1,1,650.0
569000.0,569000.0,569000.0,CONDO,CONDO,Blake-Jones,43.6811252,-79.3324348,1,1,2,650.0
585000.0,585000.0,585000.0,CONDO,CONDO,Moss Park,43.652818,-79.3666347,1,1,1,650.0
560000.0,560000.0,560000.0,CONDO,CONDO,Waterfront Communities C1,43.6457753,-79.3925057,1,1,1,550.0
579000.0,579000.0,579000.0,CONDO,CONDO,Rosedale Moore Park,43.6712941,-79.384925,2,0,2,650.0
509900.0,509900.0,509900.0,CONDO,CONDO,Moss Park,43.6543608,-79.36298029999999,1,1,1,550.0
575000.0,575000.0,575000.0,CONDO,CONDO,High Park Swansea,43.6363049,-79.4702129,1,1,1,750.0
549000.0,549000.0,549000.0,CONDO,CONDO,Mount Pleasant West,43.6968333,-79.3939934,1,1,2,650.0
529000.0,529000.0,529000.0,CONDO,CONDO,Bay Street Corridor,43.6648039,-79.3869669,1,0,1,350.0
599000.0,599000.0,599000.0,CONDO,CONDO,High Park Swansea,43.6399438,-79.4735875,2,0,2,1100.0
588000.0,588000.0,588000.0,CONDO,CONDO,Waterfront Communities The Island,43.6444922,-79.3908577,1,1,1,950.0
579000.0,579000.0,579000.0,CONDO,CONDO,Church Yonge Corridor,43.6686162,-79.3843472,1,1,1,650.0
589900.0,589900.0,589900.0,CONDO,CONDO,Waterfront Communities C8,43.6496501,-79.3664093,2,1,2,650.0
556000.0,556000.0,556000.0,CONDO,CONDO,Church-Yonge Corridor,43.6535188,-79.3748269,1,1,2,650.0
599900.0,599900.0,599900.0,CONDO,CONDO,Mount Pleasant West,43.7117356,-79.3919084,1,1,2,750.0
539000.0,539000.0,539000.0,CONDO,CONDO,The Beaches,43.6684929,-79.3062997,1,0,1,650.0
599000.0,599000.0,599000.0,CONDO,CONDO,Moss Park,43.6533131,-79.3598823,2,0,2,750.0
525000.0,525000.0,525000.0,CONDO,CONDO,Junction Area,43.6703996,-79.47805269999999,1,1,1,650.0
599000.0,599000.0,599000.0,CONDO,CONDO,Dovercourt Wallace Emerson Junction,43.6665874,-79.4460776,1,0,2,750.0
529000.0,529000.0,529000.0,CONDO,CONDO,Mount Pleasant West,43.7101663,-79.3934897,1,1,2,550.0
549999.0,549999.0,549999.0,CONDO,CONDO,Bay Street Corridor,43.6636287,-79.3864511,1,0,1,575.0
578000.0,578000.0,578000.0,CONDO,CONDO,Niagara,43.6371962,-79.4006886,1,1,1,650.0
599777.0,599777.0,599777.0,CONDO,CONDO,TCW1 - Waterfront Communities C1,43.6412251,-79.3809582,2,0,1,648.0
599900.0,599900.0,599900.0,CONDO,CONDO,Mount Pleasant West,43.7060208,-79.3952793,1,1,2,650.0
599999.0,599999.0,599999.0,CONDO,CONDO,Oakwood Village,43.6803749,-79.4337199,2,0,2,750.0
529900.0,529900.0,529900.0,CONDO,CONDO,TCCY - Church-Yonge Corridor,43.6558681,-79.376331,2,0,2,770.0
519900.0,519900.0,519900.0,CONDO,CONDO,Little Portugal,43.6423906,-79.4247385,2,0,1,550.0
598000.0,598000.0,598000.0,CONDO,CONDO,Waterfront Communities The Island,43.6429911,-79.37647369999999,1,0,1,550.0
549999.0,549999.0,549999.0,CONDO,CONDO,Dovercourt-Wallace Emerson-Junction,43.6704638,-79.4279028,1,0,1,550.0
549000.0,549000.0,549000.0,CONDO,CONDO,West Humber Clairville,43.7307208,-79.6108976,2,1,2,1300.0
578000.0,578000.0,578000.0,CONDO,CONDO,Church Yonge Corridor,43.6695584,-79.3846569,1,1,1,750.0
509900.0,509900.0,509900.0,CONDO,CONDO,North St. James Town,43.6679848,-79.3755762,1,0,1,550.0
575000.0,575000.0,575000.0,CONDO,CONDO,Waterfront Communities C1,43.649428,-79.388411,1,1,2,750.0
535000.0,535000.0,535000.0,CONDO,CONDO,Yonge St Clair,43.693523,-79.3962369,2,0,2,1100.0
529000.0,529000.0,529000.0,CONDO,CONDO,Waterfront Communities C1,43.6461914,-79.39106269999999,1,0,1,350.0
509000.0,509000.0,509000.0,CONDO,CONDO,Waterfront Communities The Island,43.6381358,-79.39147,1,0,1,650.0
510000.0,510000.0,510000.0,CONDO,CONDO,Islington City Centre West,43.6443679,-79.5236517,1,1,1,650.0
568000.0,568000.0,568000.0,CONDO,CONDO,Waterfront Communities C1,43.6377203,-79.3999946,1,1,1,650.0
599900.0,599900.0,599900.0,CONDO,CONDO,Waterfront Communities C8,43.6491114,-79.3614714,2,0,2,750.0
549000.0,549000.0,549000.0,CONDO,CONDO,South Riverdale,43.66513339999999,-79.3414981,1,0,1,550.0
549900.0,549900.0,549900.0,CONDO,CONDO,Church-Yonge Corridor,43.6546948,-79.3791179,1,0,2,650.0
589000.0,589000.0,589000.0,CONDO,CONDO,Bay Street Corridor,43.6659675,-79.3871076,1,1,1,750.0
600000.0,600000.0,600000.0,CONDO,CONDO,Annex,43.6733118,-79.415925,2,0,2,650.0
549900.0,549900.0,549900.0,CONDO,CONDO,High Park Swansea,43.636943,-79.4689321,1,1,1,750.0
525000.0,525000.0,525000.0,CONDO,CONDO,Bay Street Corridor,43.6570436,-79.3820394,1,0,1,350.0
510000.0,510000.0,510000.0,CONDO,CONDO,Waterfront Communities C1,43.63967239999999,-79.39394,1,0,1,550.0
599900.0,599900.0,599900.0,CONDO,CONDO,South Parkdale,43.6384492,-79.4274302,2,0,1,650.0
529999.0,529999.0,529999.0,CONDO,CONDO,Tam O Shanter Sullivan,43.785601,-79.292103,2,1,2,850.0
529900.0,529900.0,529900.0,CONDO,CONDO,Waterfront Communities The Island,43.6427017,-79.3933634,1,1,1,650.0
545000.0,545000.0,545000.0,CONDO,CONDO,Niagara,43.6383649,-79.4145613,1,0,1,650.0
514000.0,514000.0,514000.0,CONDO,CONDO,Annex,43.6753218,-79.3890506,1,0,1,750.0
544500.0,544500.0,544500.0,CONDO,CONDO,Waterfront Communities C1,43.6456547,-79.39044779999999,2,0,2,650.0
548880.0,548880.0,548880.0,CONDO,CONDO,Waterfront Communities C1,43.6428617,-79.3769141,1,1,1,550.0
550000.0,550000.0,550000.0,CONDO,CONDO,Annex,43.6720081,-79.3879319,1,0,1,350.0
549990.0,549990.0,549990.0,CONDO,CONDO,Waterfront Communities C1,43.6456503,-79.3964914,1,0,1,650.0
599999.0,599999.0,599999.0,CONDO,CONDO,West Humber Clairville,43.7248194,-79.6160451,2,1,2,950.0
529000.0,529000.0,529000.0,CONDO,CONDO,Waterfront Communities The Island,43.6427513,-79.3769186,1,0,1,550.0
539800.0,539800.0,539800.0,CONDO,CONDO,Mount Pleasant West,43.7069544,-79.395016,1,1,1,550.0
598000.0,598000.0,598000.0,CONDO,CONDO,Church-Yonge Corridor,43.6597894,-79.3754391,2,0,1,550.0
599900.0,599900.0,599900.0,CONDO,CONDO,Waterfront Communities C8,43.6458823,-79.375992,1,1,1,650.0
539900.0,539900.0,539900.0,CONDO,CONDO,Niagara,43.6376551,-79.4024474,1,0,1,550.0
579000.0,579000.0,579000.0,CONDO,CONDO,Mount Pleasant West,43.7073389,-79.394278,1,1,2,650.0
600000.0,600000.0,600000.0,CONDO,CONDO,Church-Yonge Corridor,43.6687952,-79.3839693,1,1,2,550.0
550000.0,550000.0,550000.0,CONDO,CONDO,Annex,43.6741119,-79.3957326,1,0,1,350.0
550000.0,550000.0,550000.0,CONDO,CONDO,Church-Yonge Corridor,43.6516637,-79.37691699999999,1,0,1,550.0
535000.0,535000.0,535000.0,CONDO,CONDO,Parkwoods Donalda,43.7630277,-79.3208032,2,0,1,950.0
579000.0,579000.0,579000.0,CONDO,CONDO,Waterfront Communities C1,43.6417088,-79.3793164,1,0,1,550.0
510000.0,510000.0,510000.0,CONDO,CONDO,Waterfront Communities C8,43.6458823,-79.375992,1,1,1,650.0
585000.0,585000.0,585000.0,CONDO,CONDO,Waterfront Communities The Island,43.6393446,-79.3929716,1,1,1,650.0
589000.0,589000.0,589000.0,CONDO,CONDO,Church-Yonge Corridor,43.6564615,-79.3767046,1,1,2,650.0
599999.0,599999.0,599999.0,CONDO,CONDO,Waterfront Communities The Island,43.6445254,-79.4025822,1,0,1,750.0
595000.0,595000.0,595000.0,CONDO,CONDO,Waterfront Communities C1,43.6490923,-79.3885042,1,1,1,650.0
549000.0,549000.0,549000.0,CONDO,CONDO,Yonge St Clair,43.693523,-79.3962369,2,0,2,950.0
568000.0,568000.0,568000.0,CONDO,CONDO,Waterfront Communities The Island,43.6409947,-79.3945703,1,1,1,650.0
549000.0,549000.0,549000.0,CONDO,CONDO,Waterfront Communities C8,43.6496501,-79.3664093,2,0,2,650.0
595000.0,595000.0,595000.0,CONDO,CONDO,Waterfront Communities C1,43.6417088,-79.3793164,1,0,1,550.0
529000.0,529000.0,529000.0,CONDO,CONDO,Bay Street Corridor,43.665786,-79.3855809,1,1,1,650.0
555000.0,555000.0,555000.0,CONDO,CONDO,Moss Park,43.652818,-79.3666347,1,1,1,650.0
578000.0,578000.0,578000.0,CONDO,CONDO,Bay Street Corridor,43.6601368,-79.3858692,1,1,1,550.0
548000.0,548000.0,548000.0,CONDO,CONDO,Waterfront Communities The Island,43.6429911,-79.37647369999999,1,1,1,550.0
512000.0,512000.0,512000.0,CONDO,CONDO,Moss Park,43.6574957,-79.3743712,2,0,1,550.0
560000.0,560000.0,560000.0,CONDO,CONDO,Waterfront Communities C1,43.6453719,-79.39144859999999,1,1,2,550.0
579900.0,579900.0,579900.0,CONDO,CONDO,Waterfront Communities The Island,43.6494123,-79.37088,1,0,2,750.0
564888.0,564888.0,564888.0,CONDO,CONDO,Church Yonge Corridor,43.6549162,-79.379287,1,1,2,650.0
599000.0,599000.0,599000.0,CONDO,CONDO,Kensington-Chinatown,43.6516841,-79.40200039999999,1,0,2,650.0
565000.0,565000.0,565000.0,CONDO,CONDO,Kensington Chinatown,43.652508,-79.3885848,1,1,1,650.0
599000.0,599000.0,599000.0,CONDO,CONDO,Yonge St Clair,43.693523,-79.3962369,2,0,2,950.0
599900.0,599900.0,599900.0,CONDO,CONDO,High Park North,43.7641885,-79.40493,1,1,2,1100.0
599000.0,599000.0,599000.0,CONDO,CONDO,Church-Yonge Corridor,43.6689358,-79.38390009999999,1,1,2,650.0
555000.0,555000.0,555000.0,CONDO,CONDO,Moss Park,43.650212,-79.3666425,1,1,1,550.0
513000.0,513000.0,513000.0,CONDO,CONDO,Waterfront Communities C1,43.649428,-79.388411,1,0,1,550.0
525000.0,525000.0,525000.0,CONDO,CONDO,Englemount Lawrence,43.730304,-79.4411185,3,0,2,1300.0
579900.0,579900.0,579900.0,CONDO,CONDO,Bay Street Corridor,43.665412,-79.3871187,1,1,1,650.0
575000.0,575000.0,575000.0,CONDO,CONDO,Cabbagetown South St James Town,43.6652923,-79.3763335,1,1,1,850.0
598800.0,598800.0,598800.0,CONDO,CONDO,Yonge-Eglinton,43.708749,-79.3995696,2,0,1,650.0
528900.0,528900.0,528900.0,CONDO,CONDO,Waterfront Communities C1,43.6453719,-79.39144859999999,1,0,1,350.0
669900.0,669900.0,669900.0,CONDO,CONDO,Dovercourt-Wallace Emerson-Junction,43.6677879,-79.4427086,2,0,2,750.0
699000.0,699000.0,699000.0,CONDO,CONDO,Kensington-Chinatown,43.6516841,-79.40200039999999,1,0,2,650.0
629000.0,629000.0,629000.0,CONDO,CONDO,Kensington-Chinatown,43.6533209,-79.38873889999999,2,0,2,650.0
669900.0,669900.0,669900.0,CONDO,CONDO,Regent Park,43.6612798,-79.35916209999999,2,0,2,750.0
698000.0,698000.0,698000.0,CONDO,CONDO,Waterfront Communities The Island,43.6405065,-79.3969011,2,0,2,750.0
688000.0,688000.0,688000.0,CONDO,CONDO,Waterfront Communities C1,43.6404932,-79.3949157,2,1,2,750.0
625000.0,625000.0,625000.0,CONDO,CONDO,High Park Swansea,43.6372542,-79.4733446,1,1,2,950.0
618000.0,618000.0,618000.0,CONDO,CONDO,Mount Pleasant West,43.7056505,-79.39509199999999,2,0,2,750.0
668800.0,668800.0,668800.0,CONDO,CONDO,Waterfront Communities The Island,43.6431621,-79.3762619,2,0,2,750.0
608000.0,608000.0,608000.0,CONDO,CONDO,Waterfront Communities C1,43.6458064,-79.39205,1,1,1,550.0
688000.0,688000.0,688000.0,CONDO,CONDO,Kensington Chinatown,43.6497619,-79.3973672,2,0,2,1300.0
658000.0,658000.0,658000.0,CONDO,CONDO,Church-Yonge Corridor,43.6688688,-79.38351109999999,1,0,1,550.0
693000.0,693000.0,693000.0,CONDO,CONDO,Waterfront Communities C1,43.6454752,-79.3923183,1,1,1,650.0
629000.0,629000.0,629000.0,CONDO,CONDO,Dovercourt-Wallace Emerson-Junction,43.6677879,-79.4427086,1,1,2,650.0
639000.0,639000.0,639000.0,CONDO,CONDO,Junction Area,43.6668979,-79.4642771,2,1,1,750.0
610000.0,610000.0,610000.0,CONDO,CONDO,Niagara,43.6363712,-79.4027602,1,0,2,850.0
695000.0,695000.0,695000.0,CONDO,CONDO,Englemount Lawrence,43.7297244,-79.4419558,3,0,2,1300.0
668000.0,668000.0,668000.0,CONDO,CONDO,Bay Street Corridor,43.64931790000001,-79.3825714,2,0,2,850.0
605000.0,605000.0,605000.0,CONDO,CONDO,Greenwood-Coxwell,43.6654531,-79.31749099999999,1,1,1,550.0
699000.0,699000.0,699000.0,CONDO,CONDO,Waterfront Communities C8,43.6453305,-79.3613714,1,1,1,550.0
699900.0,699900.0,699900.0,CONDO,CONDO,Waterfront Communities C8,43.6449599,-79.3643305,1,1,1,650.0
648000.0,648000.0,648000.0,CONDO,CONDO,Church-Yonge Corridor,43.6655095,-79.3830247,2,0,1,650.0
648000.0,648000.0,648000.0,CONDO,CONDO,Waterfront Communities C8,43.641973,-79.3735899,1,1,1,550.0
649000.0,649000.0,649000.0,CONDO,CONDO,Stonegate Queensway,43.6463687,-79.5149183,1,1,1,750.0
675000.0,675000.0,675000.0,CONDO,CONDO,Niagara,43.6395782,-79.4113325,2,1,2,750.0
625000.0,625000.0,625000.0,CONDO,CONDO,Church Yonge Corridor,43.6702252,-79.3817578,2,0,2,750.0
674000.0,674000.0,674000.0,CONDO,CONDO,Wychwood,43.6833566,-79.4186353,2,0,1,750.0
695999.0,695999.0,695999.0,CONDO,CONDO,South Riverdale,43.6580044,-79.3500316,1,1,1,750.0
619000.0,619000.0,619000.0,CONDO,CONDO,Waterfront Communities C8,43.6449317,-79.3679434,1,0,1,350.0
649000.0,649000.0,649000.0,CONDO,CONDO,Bay Street Corridor,43.661781,-79.384218,1,0,1,350.0
699000.0,699000.0,699000.0,CONDO,CONDO,Banbury Don Mills,43.7267929,-79.3281245,2,0,2,850.0
608000.0,608000.0,608000.0,CONDO,CONDO,Waterfront Communities C1,43.6415332,-79.3826529,1,1,1,750.0
669900.0,669900.0,669900.0,CONDO,CONDO,Moss Park,43.6521242,-79.36526959999999,1,1,1,650.0
624900.0,624900.0,624900.0,CONDO,CONDO,Moss Park,43.6598311,-79.37560739999999,2,0,2,550.0
625000.0,625000.0,625000.0,CONDO,CONDO,Niagara,43.64163,-79.415993,1,1,1,650.0
615000.0,615000.0,615000.0,CONDO,CONDO,Waterfront Communities The Island,43.6393958,-79.3791778,1,0,1,850.0
609000.0,609000.0,609000.0,CONDO,CONDO,West Humber Clairville,43.7242482,-79.6162362,2,1,2,950.0
657000.0,657000.0,657000.0,CONDO,CONDO,Annex,43.6705682,-79.3906888,1,1,1,650.0
699000.0,699000.0,699000.0,CONDO,CONDO,Niagara,43.6398765,-79.4167372,2,1,2,850.0
628800.0,628800.0,628800.0,CONDO,CONDO,Bay Street Corridor,43.6642638,-79.3855084,1,1,1,550.0
649000.0,649000.0,649000.0,CONDO,CONDO,Mount Pleasant West,43.7073389,-79.394278,1,1,2,650.0
669900.0,669900.0,669900.0,CONDO,CONDO,Church Yonge Corridor,43.669879,-79.385009,2,0,1,850.0
695000.0,695000.0,695000.0,CONDO,CONDO,Waterfront Communities C1,43.6410736,-79.4012987,2,0,2,650.0
699000.0,699000.0,699000.0,CONDO,CONDO,Mount Pleasant West,43.7056504,-79.3973799,1,1,1,750.0
698000.0,698000.0,698000.0,CONDO,CONDO,Bay Street Corridor,43.6593726,-79.3825439,1,1,1,650.0
629900.0,629900.0,629900.0,CONDO,CONDO,Bay Street Corridor,43.6680375,-79.3884456,1,1,1,550.0
649000.0,649000.0,649000.0,CONDO,CONDO,South Riverdale,43.6580467,-79.3415625,1,1,2,650.0
699000.0,699000.0,699000.0,CONDO,CONDO,Mount Pleasant West,43.7104736,-79.3924946,2,0,2,750.0
699900.0,699900.0,699900.0,CONDO,CONDO,High Park-Swansea,43.6368351,-79.4688336,2,0,2,950.0
619000.0,619000.0,619000.0,CONDO,CONDO,Kensington-Chinatown,43.6571925,-79.4014703,1,1,1,550.0
679999.0,679999.0,679999.0,CONDO,CONDO,Eringate Centennial West Deane,43.6556925,-79.5710921,3,1,2,1700.0
699900.0,699900.0,699900.0,CONDO,CONDO,Waterfront Communities The Island,43.6439014,-79.3994795,1,1,1,750.0
625000.0,625000.0,625000.0,CONDO,CONDO,Waterfront Communities C1,43.6455046,-79.3924571,1,1,1,550.0
688888.0,688888.0,688888.0,CONDO,CONDO,North St James Town,43.6707607,-79.3773018,2,0,2,850.0
690000.0,690000.0,690000.0,CONDO,CONDO,Bay Street Corridor,43.657776,-79.383296,2,0,2,1100.0
699800.0,699800.0,699800.0,CONDO,CONDO,High Park Swansea,43.6391101,-79.4725886,2,0,2,950.0
635000.0,635000.0,635000.0,CONDO,CONDO,Church-Yonge Corridor,43.6535188,-79.3748269,1,1,2,650.0
699000.0,699000.0,699000.0,CONDO,CONDO,Church-Yonge Corridor,43.6693009,-79.3841709,2,0,1,650.0
665000.0,665000.0,665000.0,CONDO,CONDO,Mount Pleasant West,43.7075334,-79.3933991,1,1,1,850.0
649000.0,649000.0,649000.0,CONDO,CONDO,Niagara,43.6369794,-79.4060787,1,1,1,650.0
639000.0,639000.0,639000.0,CONDO,CONDO,Bay Street Corridor,43.6668981,-79.3890419,1,0,1,550.0
680000.0,680000.0,680000.0,CONDO,CONDO,Bay Street Corridor,43.6570436,-79.3820394,1,1,1,550.0
699000.0,699000.0,699000.0,CONDO,CONDO,Church-Yonge Corridor,43.6696427,-79.3805547,2,0,2,850.0
629000.0,629000.0,629000.0,CONDO,CONDO,Waterfront Communities C1,43.6476771,-79.39335820000001,2,0,2,650.0
629000.0,629000.0,629000.0,CONDO,CONDO,Waterfront Communities C1,43.6476915,-79.3933074,2,0,2,650.0
628000.0,628000.0,628000.0,CONDO,CONDO,North St James Town,43.6715335,-79.3762824,1,0,1,650.0
660000.0,660000.0,660000.0,CONDO,CONDO,Waterfront Communities C1,43.6490923,-79.3885042,1,1,1,650.0
675000.0,675000.0,675000.0,CONDO,CONDO,Waterfront Communities The Island,43.6497482,-79.3656563,2,1,2,950.0
689999.0,689999.0,689999.0,CONDO,CONDO,Church-Yonge Corridor,43.6688688,-79.38351109999999,1,1,1,550.0
689000.0,689000.0,689000.0,CONDO,CONDO,Moss Park,43.6548253,-79.388447,2,0,1,750.0
670000.0,670000.0,670000.0,CONDO,CONDO,Niagara,43.6441326,-79.403265,2,0,2,950.0
699990.0,699990.0,699990.0,CONDO,CONDO,Church-Yonge Corridor,43.6643974,-79.3826878,2,0,2,750.0
649000.0,649000.0,649000.0,CONDO,CONDO,Waterfront Communities C8,43.6505719,-79.3572672,1,0,1,650.0
609000.0,609000.0,609000.0,CONDO,CONDO,High Park Swansea,43.6376021,-79.473026,2,0,1,950.0
699900.0,699900.0,699900.0,CONDO,CONDO,Waterfront Communities C1,43.6446404,-79.3763541,1,1,2,750.0
649000.0,649000.0,649000.0,CONDO,CONDO,Church-Yonge Corridor,43.6493456,-79.3758022,1,1,1,750.0
699000.0,699000.0,699000.0,CONDO,CONDO,Waterfront Communities C8,43.6525819,-79.3575853,2,0,2,650.0
649000.0,649000.0,649000.0,CONDO,CONDO,Waterfront Communities C1,43.6456129,-79.39030869999999,2,0,2,650.0
619800.0,619800.0,619800.0,CONDO,CONDO,Moss Park,43.65053270000001,-79.36852600000002,1,1,1,650.0
665000.0,665000.0,665000.0,CONDO,CONDO,Church-Yonge Corridor,43.6693009,-79.3841709,1,0,1,550.0
679900.0,679900.0,679900.0,CONDO,CONDO,Weston-Pellam Park,43.6738836,-79.4624341,2,0,2,950.0
619900.0,619900.0,619900.0,CONDO,CONDO,Waterfront Communities C1,43.6374165,-79.3983037,1,1,1,650.0
685000.0,685000.0,685000.0,CONDO,CONDO,Waterfront Communities The Island,43.6461651,-79.3970301,1,0,2,750.0
699900.0,699900.0,699900.0,CONDO,CONDO,Church-Yonge Corridor,43.6551052,-79.3762548,3,0,2,850.0
625000.0,625000.0,625000.0,CONDO,CONDO,South Riverdale,43.657847,-79.351592,2,0,2,650.0
699900.0,699900.0,699900.0,CONDO,CONDO,Kensington-Chinatown,43.6496767,-79.3992309,2,0,2,750.0
649900.0,649900.0,649900.0,CONDO,CONDO,Waterfront Communities C1,43.6375103,-79.4005804,1,2,2,950.0
659000.0,659000.0,659000.0,CONDO,CONDO,Yonge St Clair,43.6886456,-79.4017291,2,0,2,1100.0
639000.0,639000.0,639000.0,CONDO,CONDO,Yonge St Clair,43.6878781,-79.3968662,2,0,1,750.0
649900.0,649900.0,649900.0,CONDO,CONDO,Waterfront Communities C1,43.6460155,-79.3940644,1,1,1,650.0
689000.0,689000.0,689000.0,CONDO,CONDO,Waterfront Communities The Island,43.6461536,-79.3752086,1,1,2,1100.0
619900.0,619900.0,619900.0,CONDO,CONDO,Waterfront Communities C1,43.6388732,-79.3986617,1,1,1,750.0
649000.0,649000.0,649000.0,CONDO,CONDO,Waterfront Communities C8,43.652735,-79.3565546,1,1,2,750.0
699900.0,699900.0,699900.0,CONDO,CONDO,Church-Yonge Corridor,43.64394670000001,-79.37450869999999,1,1,1,650.0
669900.0,669900.0,669900.0,CONDO,CONDO,Regent Park,43.6610068,-79.3603549,2,0,2,850.0
629000.0,629000.0,629000.0,CONDO,CONDO,Banbury Don Mills,43.7267929,-79.3281245,2,0,2,850.0
699000.0,699000.0,699000.0,CONDO,CONDO,High Park North,43.7640031,-79.40581829999999,2,1,2,1300.0
699000.0,699000.0,699000.0,CONDO,CONDO,Annex,43.6705682,-79.3906888,1,1,1,550.0
629900.0,629900.0,629900.0,CONDO,CONDO,Moss Park,43.6521242,-79.36526959999999,1,1,1,550.0
699900.0,699900.0,699900.0,CONDO,CONDO,Waterfront Communities The Island,43.6440617,-79.3894386,1,1,1,650.0
659880.0,659880.0,659880.0,CONDO,CONDO,Waterfront Communities C1,43.6409222,-79.3939829,2,0,2,750.0
699000.0,699000.0,699000.0,CONDO,CONDO,Niagara,43.6414497,-79.4100845,1,0,2,750.0
648000.0,648000.0,648000.0,CONDO,CONDO,Waterfront Communities C1,43.6412251,-79.3809582,1,0,1,550.0
699999.0,699999.0,699999.0,CONDO,CONDO,High Park North,43.6542783,-79.4630112,1,1,2,650.0
699000.0,699000.0,699000.0,CONDO,CONDO,Mount Pleasant West,43.7075334,-79.3933991,1,0,1,850.0
648000.0,648000.0,648000.0,CONDO,CONDO,Wychwood,43.6832467,-79.419345,1,1,1,750.0
629000.0,629000.0,629000.0,CONDO,CONDO,Little Portugal,43.6416369,-79.4218439,1,1,1,650.0
699000.0,699000.0,699000.0,CONDO,CONDO,Little Portugal,43.6430625,-79.4281337,2,0,2,750.0
669000.0,669000.0,669000.0,CONDO,CONDO,Church-Yonge Corridor,43.6564629,-79.3765629,2,0,2,750.0
648900.0,648900.0,648900.0,CONDO,CONDO,Waterfront Communities C1,43.7736875,-79.2554225,2,0,2,750.0
650000.0,650000.0,650000.0,CONDO,CONDO,Waterfront Communities C8,43.6451075,-79.3692911,1,1,1,650.0
659000.0,659000.0,659000.0,CONDO,CONDO,Moss Park,43.6566436,-79.3547917,1,1,1,750.0
699000.0,699000.0,699000.0,CONDO,CONDO,Mount Pleasant West,43.71015939999999,-79.3924041,2,0,2,650.0
649000.0,649000.0,649000.0,CONDO,CONDO,Church Yonge Corridor,43.6700844,-79.3805554,1,1,1,650.0
629000.0,629000.0,629000.0,CONDO,CONDO,Kensington-Chinatown,43.650405,-79.3921684,1,1,1,750.0
699900.0,699900.0,699900.0,CONDO,CONDO,Waterfront Communities C8,43.6445245,-79.3709035,1,1,2,750.0
699000.0,699000.0,699000.0,CONDO,CONDO,Moss Park,43.6566436,-79.3547917,2,0,2,750.0
689900.0,689900.0,689900.0,CONDO,CONDO,South Riverdale,43.6580467,-79.3415625,2,0,2,750.0
688000.0,688000.0,688000.0,CONDO,CONDO,Annex,43.6675198,-79.4011128,2,0,1,750.0
624900.0,624900.0,624900.0,CONDO,CONDO,Blake-Jones,43.6811252,-79.3324348,2,0,2,750.0
668000.0,668000.0,668000.0,CONDO,CONDO,Mount Pleasant East,43.7070855,-79.3977452,1,1,2,650.0
679900.0,679900.0,679900.0,CONDO,CONDO,Church-Yonge Corridor,43.6616458,-79.37671940000001,2,1,2,650.0
625000.0,625000.0,625000.0,CONDO,CONDO,Church Yonge Corridor,43.6702766,-79.385166,2,0,2,750.0
685000.0,685000.0,685000.0,CONDO,CONDO,Niagara,43.6387744,-79.4117185,2,0,2,850.0
699990.0,699990.0,699990.0,CONDO,CONDO,Church-Yonge Corridor,43.6551052,-79.3762548,2,0,2,650.0
650000.0,650000.0,650000.0,CONDO,CONDO,Waterfront Communities C8,43.6419614,-79.3736294,1,1,1,550.0
699000.0,699000.0,699000.0,CONDO,CONDO,Kensington-Chinatown,43.6549318,-79.39054569999999,1,1,1,650.0
670000.0,670000.0,670000.0,CONDO,CONDO,Church-Yonge Corridor,43.6627217,-79.3794411,2,0,1,650.0
649990.0,649990.0,649990.0,CONDO,CONDO,Niagara,43.63978890000001,-79.4096362,1,1,2,650.0
700000.0,700000.0,700000.0,CONDO,CONDO,Waterfront Communities C1,43.6450517,-79.3988327,1,1,1,750.0
639000.0,639000.0,639000.0,CONDO,CONDO,Waterfront Communities C8,43.641973,-79.3735899,1,1,1,550.0
613000.0,613000.0,613000.0,CONDO,CONDO,Kensington-Chinatown,43.64938189999999,-79.39800629999999,1,1,2,650.0
649000.0,649000.0,649000.0,CONDO,CONDO,Little Portugal,43.6435052,-79.4276351,2,0,2,750.0
669888.0,669888.0,669888.0,CONDO,CONDO,Niagara,43.6415493,-79.4158848,1,1,1,650.0
631900.0,631900.0,631900.0,CONDO,CONDO,Oakwood Village,43.6803749,-79.4337199,2,0,2,850.0
699000.0,699000.0,699000.0,CONDO,CONDO,Waterfront Communities C8,43.641973,-79.3735899,2,0,1,750.0
659900.0,659900.0,659900.0,CONDO,CONDO,Cabbagetown South St James Town,43.6649311,-79.3768619,2,0,2,850.0
620000.0,620000.0,620000.0,CONDO,CONDO,Niagara,43.636608,-79.4048673,1,1,1,650.0
628888.0,628888.0,628888.0,CONDO,CONDO,Church-Yonge Corridor,43.6696399,-79.38273869999999,1,1,1,650.0
618900.0,618900.0,618900.0,CONDO,CONDO,Bay Street Corridor,43.6642638,-79.3855084,1,1,1,550.0
695000.0,695000.0,695000.0,CONDO,CONDO,Church Yonge Corridor,43.6492853,-79.3738227,1,0,1,1100.0
699000.0,699000.0,699000.0,CONDO,CONDO,Casa Loma,43.6830274,-79.4179185,2,0,2,750.0
649999.0,649999.0,649999.0,CONDO,CONDO,Dufferin Grove,43.6537849,-79.4425631,2,0,1,750.0
628000.0,628000.0,628000.0,CONDO,CONDO,Mount Pleasant West,43.7104736,-79.3924946,2,0,2,650.0
698990.0,698990.0,698990.0,CONDO,CONDO,East End-Danforth,43.6878454,-79.3019439,1,1,2,750.0
615000.0,615000.0,615000.0,CONDO,CONDO,Waterfront Communities The Island,43.6388732,-79.3986617,1,0,1,750.0
699800.0,699800.0,699800.0,CONDO,CONDO,North St James Town,43.6707607,-79.3773018,2,0,2,850.0
625000.0,625000.0,625000.0,CONDO,CONDO,Waterfront Communities The Island,43.6397347,-79.3920867,1,1,1,750.0
659000.0,659000.0,659000.0,CONDO,CONDO,Mount Pleasant West,43.7060573,-79.3977655,2,0,2,750.0
679000.0,679000.0,679000.0,CONDO,CONDO,Church Yonge Corridor,43.6611081,-79.3765785,3,0,2,1100.0
699000.0,699000.0,699000.0,CONDO,CONDO,East End-Danforth,43.6853564,-79.2928204,2,0,2,1100.0
639000.0,639000.0,639000.0,CONDO,CONDO,Annex,43.6703836,-79.3944212,1,0,1,350.0
659000.0,659000.0,659000.0,CONDO,CONDO,Mount Pleasant East,43.7106496,-79.37734,1,0,1,750.0
700000.0,700000.0,700000.0,CONDO,CONDO,Waterfront Communities The Island,43.6398049,-79.3979687,2,0,2,750.0
672000.0,672000.0,672000.0,CONDO,CONDO,High Park-Swansea,43.6489468,-79.4855934,1,1,1,550.0
669900.0,669900.0,669900.0,CONDO,CONDO,Waterfront Communities C1,43.6402683,-79.3960141,2,1,2,750.0
609900.0,609900.0,609900.0,CONDO,CONDO,Waterfront Communities The Island,43.644122,-79.3960066,1,0,1,650.0
688000.0,688000.0,688000.0,CONDO,CONDO,Waterfront Communities The Island,43.6400003,-79.3788904,1,0,1,850.0
648000.0,648000.0,648000.0,CONDO,CONDO,Niagara,43.6364747,-79.4020594,1,1,1,750.0
609900.0,609900.0,609900.0,CONDO,CONDO,Roncesvalles,43.650384,-79.4448584,1,0,1,650.0
699000.0,699000.0,699000.0,CONDO,CONDO,Bay Street Corridor,43.6667966,-79.3886683,1,1,1,550.0
620000.0,620000.0,620000.0,CONDO,CONDO,Waterfront Communities C8,43.655305,-79.3537502,1,0,1,750.0
648888.0,648888.0,648888.0,CONDO,CONDO,Bay Street Corridor,43.6668981,-79.3890419,1,1,1,550.0
699999.0,699999.0,699999.0,CONDO,CONDO,Moss Park,43.6518891,-79.3717226,1,1,1,750.0
649000.0,649000.0,649000.0,CONDO,CONDO,Church-Yonge Corridor,43.6663783,-79.38456,1,1,1,550.0
618000.0,618000.0,618000.0,CONDO,CONDO,Lansing Westgate,43.7654478,-79.4141909,2,0,2,950.0
619000.0,619000.0,619000.0,CONDO,CONDO,High Park Swansea,43.6363049,-79.4702129,1,1,1,750.0
629900.0,629900.0,629900.0,CONDO,CONDO,Waterfront Communities The Island,43.6471359,-79.3982207,1,0,1,750.0
612888.0,612888.0,612888.0,CONDO,CONDO,South Parkdale,43.6364069,-79.4660636,1,1,1,650.0
699900.0,699900.0,699900.0,CONDO,CONDO,Bay Street Corridor,43.6570436,-79.3820394,2,0,2,750.0
690000.0,690000.0,690000.0,CONDO,CONDO,Waterfront Communities C1,43.6472416,-79.39194859999999,2,0,2,750.0
699999.0,699999.0,699999.0,CONDO,CONDO,Church-Yonge Corridor,43.6655348,-79.3801464,1,0,1,650.0
675000.0,675000.0,675000.0,CONDO,CONDO,TCRP - Regent Park,43.6614815,-79.3588958,2,0,2,664.0
698000.0,698000.0,698000.0,CONDO,CONDO,Kensington-Chinatown,43.6498673,-79.39918779999999,1,1,2,650.0
689000.0,689000.0,689000.0,CONDO,CONDO,Church Yonge Corridor,43.6593548,-79.3758049,3,1,2,1700.0
618000.0,618000.0,618000.0,CONDO,CONDO,Waterfront Communities C8,43.64440039999999,-79.3712891,1,1,1,650.0
688000.0,688000.0,688000.0,CONDO,CONDO,Bay Street Corridor,43.666815,-79.3875312,2,1,1,950.0
623000.0,623000.0,623000.0,CONDO,CONDO,Mount Pleasant West,43.7065237,-79.3920212,1,1,1,650.0
658000.0,658000.0,658000.0,CONDO,CONDO,Mount Pleasant West,43.7099274,-79.3939021,2,0,2,850.0
699900.0,699900.0,699900.0,CONDO,CONDO,High Park-Swansea,43.6362926,-79.47046279999999,2,0,2,950.0
618000.0,618000.0,618000.0,CONDO,CONDO,Waterfront Communities C8,43.6445245,-79.3709035,1,0,1,550.0
628000.0,628000.0,628000.0,CONDO,CONDO,Waterfront Communities C1,43.6475347,-79.390554,1,1,1,650.0
688000.0,688000.0,688000.0,CONDO,CONDO,Yonge-St. Clair,43.6866509,-79.3995111,1,1,2,750.0
615000.0,615000.0,615000.0,CONDO,CONDO,Niagara,43.6394917,-79.411204,2,1,2,750.0
649000.0,649000.0,649000.0,CONDO,CONDO,Waterfront Communities C1,43.6489003,-79.38802989999999,2,0,2,750.0
628000.0,628000.0,628000.0,CONDO,CONDO,Moss Park,43.65053270000001,-79.36852600000002,2,0,1,750.0
649000.0,649000.0,649000.0,CONDO,CONDO,Annex,43.6748768,-79.3996322,1,1,1,550.0
699900.0,699900.0,699900.0,CONDO,CONDO,Waterfront Communities The Island,43.6457578,-79.3946255,1,1,2,750.0
655000.0,655000.0,655000.0,CONDO,CONDO,Mount Pleasant West,43.7060573,-79.3977655,2,0,2,750.0
699900.0,699900.0,699900.0,CONDO,CONDO,Waterfront Communities C1,43.641429,-79.3922187,2,0,2,750.0
678000.0,678000.0,678000.0,CONDO,CONDO,Waterfront Communities C1,43.6474069,-79.3895932,2,1,1,650.0
700000.0,700000.0,700000.0,CONDO,CONDO,North St James Town,43.6679848,-79.3755762,2,0,2,850.0
699000.0,699000.0,699000.0,CONDO,CONDO,Yonge St Clair,43.6879141,-79.3961909,1,1,2,850.0
639000.0,639000.0,639000.0,CONDO,CONDO,Church-Yonge Corridor,43.6519098,-79.3770909,1,1,1,750.0
685000.0,685000.0,685000.0,CONDO,CONDO,High Park-Swansea,43.6362926,-79.47046279999999,2,0,2,850.0
698000.0,698000.0,698000.0,CONDO,CONDO,Regent Park,43.659783,-79.362653,2,0,2,750.0
659000.0,659000.0,659000.0,CONDO,CONDO,Waterfront Communities C8,43.6445245,-79.3709035,2,0,2,650.0
649000.0,649000.0,649000.0,CONDO,CONDO,North St James Town,43.6722218,-79.37735959999999,2,0,1,650.0
700000.0,700000.0,700000.0,CONDO,CONDO,Mount Pleasant West,43.7104736,-79.3924946,2,0,2,750.0
649999.0,649999.0,649999.0,CONDO,CONDO,Niagara,43.636608,-79.4048673,2,0,1,650.0
650000.0,650000.0,650000.0,CONDO,CONDO,Cabbagetown South St James Town,43.6649311,-79.3768619,2,0,2,950.0
658000.0,658000.0,658000.0,CONDO,CONDO,Waterfront Communities The Island,43.6393446,-79.3929716,1,0,1,650.0
689000.0,689000.0,689000.0,CONDO,CONDO,Church Yonge Corridor,43.6705684,-79.3814562,1,1,2,750.0
639800.0,639800.0,639800.0,CONDO,CONDO,Kensington Chinatown,43.652508,-79.3885848,1,1,1,650.0
680000.0,680000.0,680000.0,CONDO,CONDO,Annex,43.6675198,-79.4011128,2,0,1,950.0
699900.0,699900.0,699900.0,CONDO,CONDO,Regent Park,43.6609714,-79.3603967,2,0,2,850.0
699000.0,699000.0,699000.0,CONDO,CONDO,Rosedale Moore Park,43.6724987,-79.3774996,2,0,2,1100.0
699900.0,699900.0,699900.0,CONDO,CONDO,Bay Street Corridor,43.6616166,-79.3846797,2,0,2,1100.0
639800.0,639800.0,639800.0,CONDO,CONDO,Mount Pleasant West,43.70708279999999,-79.3978214,2,0,2,650.0
635000.0,635000.0,635000.0,CONDO,CONDO,Waterfront Communities C1,43.6488571,-79.3925862,1,1,1,650.0
638000.0,638000.0,638000.0,CONDO,CONDO,Yonge-Eglinton,43.700445,-79.397789,1,1,1,750.0
639900.0,639900.0,639900.0,CONDO,CONDO,Casa Loma,43.6856818,-79.4047339,1,1,1,650.0
639000.0,639000.0,639000.0,CONDO,CONDO,Niagara,43.6398765,-79.4167372,1,1,2,650.0
609900.0,609900.0,609900.0,CONDO,CONDO,Regent Park,43.6590965,-79.3629015,2,0,1,650.0
607990.0,607990.0,607990.0,CONDO,CONDO,Regent Park,43.6605751,-79.35632989999999,2,0,2,750.0
619900.0,619900.0,619900.0,CONDO,CONDO,Waterfront Communities The Island,43.6403228,-79.3917567,1,1,1,650.0
618000.0,618000.0,618000.0,CONDO,CONDO,Church-Yonge Corridor,43.6548343,-79.375195,2,0,2,650.0
669000.0,669000.0,669000.0,CONDO,CONDO,Mount Pleasant West,43.71035699999999,-79.3925946,2,0,2,650.0
639888.0,639888.0,639888.0,CONDO,CONDO,Waterfront Communities C1,43.6476771,-79.39335820000001,1,1,2,650.0
649950.0,649950.0,649950.0,CONDO,CONDO,Bay Street Corridor,43.665388,-79.3880211,1,0,1,550.0
619000.0,619000.0,619000.0,CONDO,CONDO,Niagara,43.6384589,-79.4140635,1,1,2,750.0
624700.0,624700.0,624700.0,CONDO,CONDO,Kensington Chinatown,43.6501593,-79.3926005,1,1,2,750.0
629900.0,629900.0,629900.0,CONDO,CONDO,Waterfront Communities C1,43.6383693,-79.3986981,1,1,1,750.0
678000.0,678000.0,678000.0,CONDO,CONDO,Waterfront Communities C8,43.6455213,-79.3687484,2,0,2,650.0
698000.0,698000.0,698000.0,CONDO,CONDO,Lansing Westgate,43.760279,-79.4111305,2,1,2,850.0
699000.0,699000.0,699000.0,CONDO,CONDO,Junction Area,43.6709319,-79.4784085,2,1,2,850.0
689900.0,689900.0,689900.0,CONDO,CONDO,TCCY - Church-Yonge Corridor,43.6563789,-79.3765965,3,0,2,820.0
629900.0,629900.0,629900.0,CONDO,CONDO,TCBC - Bay Street Corridor,43.665388,-79.3880211,2,0,1,639.0
644900.0,644900.0,644900.0,CONDO,CONDO,South Riverdale,43.6647797,-79.3409446,2,0,1,642.0
699000.0,699000.0,699000.0,CONDO,CONDO,Waterfront Communities The Island,43.6429451,-79.3805034,1,1,1,550.0
605000.0,605000.0,605000.0,CONDO,CONDO,TCNI - Niagara,43.6395782,-79.4113325,2,0,1,563.0
645000.0,645000.0,645000.0,CONDO,CONDO,Yonge-Eglinton,43.7080568,-79.400489,1,1,2,750.0
620000.0,620000.0,620000.0,CONDO,CONDO,Waterfront Communities The Island,43.6403228,-79.3917567,1,1,1,650.0
699900.0,699900.0,699900.0,CONDO,CONDO,High Park Swansea,43.6391101,-79.4725886,2,0,2,950.0
649000.0,649000.0,649000.0,CONDO,CONDO,South Riverdale,43.6580515,-79.3512131,2,0,2,750.0
619000.0,619000.0,619000.0,CONDO,CONDO,Niagara,43.6398765,-79.4167372,1,1,2,650.0
686800.0,686800.0,686800.0,CONDO,CONDO,Bay Street Corridor,43.665388,-79.3880211,1,1,1,750.0
659000.0,659000.0,659000.0,CONDO,CONDO,Waterfront Communities The Island,43.6445412,-79.3764773,1,1,2,750.0
665000.0,665000.0,665000.0,CONDO,CONDO,High Park North,43.7641885,-79.40493,2,1,2,1500.0
699900.0,699900.0,699900.0,CONDO,CONDO,Waterfront Communities C1,43.64258299999999,-79.39603699999999,1,1,1,550.0
619999.0,619999.0,619999.0,CONDO,CONDO,Niagara,43.6396998,-79.40901559999999,1,0,1,650.0
695000.0,695000.0,695000.0,CONDO,CONDO,Moss Park,43.652588,-79.3676913,2,0,2,750.0
690000.0,690000.0,690000.0,CONDO,CONDO,Mount Pleasant West,43.7105383,-79.3932829,2,0,2,950.0
680000.0,680000.0,680000.0,CONDO,CONDO,Annex,43.6717424,-79.3878028,1,1,1,550.0
679000.0,679000.0,679000.0,CONDO,CONDO,Mount Pleasant West,43.7098418,-79.396432,1,1,1,650.0
630000.0,630000.0,630000.0,CONDO,CONDO,The Beaches,43.6697437,-79.3021822,1,0,1,650.0
650000.0,650000.0,650000.0,CONDO,CONDO,Moss Park,43.6522051,-79.3707929,2,0,2,750.0
629999.0,629999.0,629999.0,CONDO,CONDO,Casa Loma,43.6856818,-79.4047339,1,1,1,650.0
658000.0,658000.0,658000.0,CONDO,CONDO,Waterfront Communities C8,43.6500434,-79.3675082,3,0,2,750.0
669000.0,669000.0,669000.0,CONDO,CONDO,Church Yonge Corridor,43.6700844,-79.3805554,1,1,1,750.0
649900.0,649900.0,649900.0,CONDO,CONDO,Bay Street Corridor,43.6568586,-79.3836642,1,1,2,850.0
644900.0,644900.0,644900.0,CONDO,CONDO,Oakwood Village,43.6807738,-79.4317757,2,0,2,650.0
634900.0,634900.0,634900.0,CONDO,CONDO,Islington City Centre West,43.639823,-79.5597887,2,0,2,850.0
699900.0,699900.0,699900.0,CONDO,CONDO,South Parkdale,43.6393277,-79.4268762,2,1,2,750.0
695000.0,695000.0,695000.0,CONDO,CONDO,Waterfront Communities C1,43.6453719,-79.39144859999999,2,1,2,750.0
699900.0,699900.0,699900.0,CONDO,CONDO,Waterfront Communities The Island,43.6471782,-79.3910623,1,0,1,650.0
668000.0,668000.0,668000.0,CONDO,CONDO,Bay Street Corridor,43.6601368,-79.3858692,1,1,1,650.0
638000.0,638000.0,638000.0,CONDO,CONDO,Annex,43.66859789999999,-79.3954327,1,0,1,550.0
609999.0,609999.0,609999.0,CONDO,CONDO,Church Yonge Corridor,43.6520368,-79.3733358,1,1,2,1100.0
649999.0,649999.0,649999.0,CONDO,CONDO,East End-Danforth,43.6870907,-79.3061714,1,1,2,550.0
650000.0,650000.0,650000.0,CONDO,CONDO,Waterfront Communities C1,43.6383693,-79.3986981,1,1,1,750.0
620000.0,620000.0,620000.0,CONDO,CONDO,Niagara,43.6394709,-79.4112753,2,1,2,650.0
660000.0,660000.0,660000.0,CONDO,CONDO,Waterfront Communities C1,43.6453719,-79.39144859999999,2,1,2,750.0
649000.0,649000.0,649000.0,CONDO,CONDO,Bay Street Corridor,43.6642638,-79.3855084,1,1,1,550.0
660000.0,660000.0,660000.0,CONDO,CONDO,Waterfront Communities The Island,43.6440617,-79.3894386,1,0,1,650.0
620000.0,620000.0,620000.0,CONDO,CONDO,Waterfront Communities C1,43.6476915,-79.3933074,1,1,2,650.0
649000.0,649000.0,649000.0,CONDO,CONDO,Moss Park,43.6515395,-79.3680908,2,0,1,850.0
659000.0,659000.0,659000.0,CONDO,CONDO,High Park-Swansea,43.6360472,-79.4671475,2,0,2,750.0
648880.0,648880.0,648880.0,CONDO,CONDO,Waterfront Communities C1,43.6490838,-79.392082,1,1,1,650.0
629000.0,629000.0,629000.0,CONDO,CONDO,Niagara,43.6384589,-79.4140635,1,1,1,650.0
698000.0,698000.0,698000.0,CONDO,CONDO,Bay Street Corridor,43.6668981,-79.3890419,1,0,1,550.0
695000.0,695000.0,695000.0,CONDO,CONDO,Waterfront Communities C1,43.648321,-79.3928867,2,0,1,650.0
635000.0,635000.0,635000.0,CONDO,CONDO,High Park Swansea,43.6368174,-79.474189,2,0,1,850.0
689000.0,689000.0,689000.0,CONDO,CONDO,Bay Street Corridor,43.6620243,-79.3865463,2,0,2,750.0
699900.0,699900.0,699900.0,CONDO,CONDO,Annex,43.6733118,-79.415925,2,0,1,650.0
639000.0,639000.0,639000.0,CONDO,CONDO,Waterfront Communities The Island,43.6393446,-79.3929716,1,1,1,650.0
609000.0,609000.0,609000.0,CONDO,CONDO,Waterfront Communities The Island,43.6399005,-79.3905103,1,1,1,650.0
698000.0,698000.0,698000.0,CONDO,CONDO,Waterfront Communities C1,43.6476915,-79.3933074,2,0,2,650.0
604900.0,604900.0,604900.0,CONDO,CONDO,Church Yonge Corridor,43.6695584,-79.3846569,1,1,2,750.0
649000.0,649000.0,649000.0,CONDO,CONDO,Niagara,43.63978890000001,-79.4096362,2,0,2,750.0
686000.0,686000.0,686000.0,CONDO,CONDO,Waterfront Communities The Island,43.648879,-79.3880443,2,0,2,750.0
675000.0,675000.0,675000.0,CONDO,CONDO,Church Yonge Corridor,43.6611022,-79.3825928,2,1,2,850.0
699900.0,699900.0,699900.0,CONDO,CONDO,Church Yonge Corridor,43.6547114,-79.3792073,2,0,2,950.0
695000.0,695000.0,695000.0,CONDO,CONDO,Moss Park,43.6508207,-79.3712023,1,1,2,750.0
619900.0,619900.0,619900.0,CONDO,CONDO,Niagara,43.6382738,-79.415117,1,1,2,750.0
648000.0,648000.0,648000.0,CONDO,CONDO,Church-Yonge Corridor,43.6696221,-79.3835253,2,0,1,650.0
688000.0,688000.0,688000.0,CONDO,CONDO,Mount Pleasant West,43.7107674,-79.3943498,2,0,2,750.0
609000.0,609000.0,609000.0,CONDO,CONDO,High Park Swansea,43.636943,-79.4689321,2,0,2,950.0
689900.0,689900.0,689900.0,CONDO,CONDO,Greenwood-Coxwell,43.6633936,-79.3283852,2,0,2,750.0
649000.0,649000.0,649000.0,CONDO,CONDO,Waterfront Communities The Island,43.6393941,-79.3997862,2,0,1,750.0
675000.0,675000.0,675000.0,CONDO,CONDO,High Park North,43.7641885,-79.40493,2,0,2,1500.0
649999.0,649999.0,649999.0,CONDO,CONDO,Bay Street Corridor,43.665388,-79.3880211,1,1,1,550.0
625000.0,625000.0,625000.0,CONDO,CONDO,Moss Park,43.6533131,-79.3598823,2,0,2,650.0
600000.0,600000.0,600000.0,CONDO,CONDO,Annex,43.6733118,-79.415925,1,1,2,350.0
679900.0,679900.0,679900.0,CONDO,CONDO,Moss Park,43.6548253,-79.388447,1,1,1,750.0
610000.0,610000.0,610000.0,CONDO,CONDO,Church Yonge Corridor,43.6611081,-79.3765785,2,1,2,1100.0
620000.0,620000.0,620000.0,CONDO,CONDO,Waterfront Communities C1,43.6461914,-79.39106269999999,1,0,1,550.0
638000.0,638000.0,638000.0,CONDO,CONDO,North St James Town,43.6707607,-79.3773018,1,1,1,650.0
659000.0,659000.0,659000.0,CONDO,CONDO,Kensington Chinatown,43.6530828,-79.3900382,1,1,1,650.0
699106.0,699106.0,699106.0,CONDO,CONDO,Yonge-Eglinton,43.703159,-79.3980089,1,1,1,650.0
689000.0,689000.0,689000.0,CONDO,CONDO,North St James Town,43.6707607,-79.3773018,2,0,2,850.0
608888.0,608888.0,608888.0,CONDO,CONDO,Annex,43.6702658,-79.3943539,1,1,1,650.0
697000.0,697000.0,697000.0,CONDO,CONDO,University,43.6645164,-79.4105865,1,0,1,650.0
649000.0,649000.0,649000.0,CONDO,CONDO,High Park Swansea,43.6481789,-79.4874357,1,0,1,650.0
670000.0,670000.0,670000.0,CONDO,CONDO,Waterfront Communities C8,43.6500434,-79.3675082,2,1,2,650.0
639000.0,639000.0,639000.0,CONDO,CONDO,Islington City Centre West,43.649568,-79.5265828,2,0,2,1100.0
669900.0,669900.0,669900.0,CONDO,CONDO,Bay Street Corridor,43.6667966,-79.3886683,1,0,1,550.0
649900.0,649900.0,649900.0,CONDO,CONDO,Oakwood Village,43.68078149999999,-79.4316101,2,0,2,650.0
689900.0,689900.0,689900.0,CONDO,CONDO,Kensington-Chinatown,43.6533209,-79.38873889999999,2,0,2,650.0
689900.0,689900.0,689900.0,CONDO,CONDO,Annex,43.670312,-79.394299,1,1,1,650.0
600000.0,600000.0,600000.0,CONDO,CONDO,Church-Yonge Corridor,43.6533456,-79.3793731,1,1,1,650.0
649000.0,649000.0,649000.0,CONDO,CONDO,Church-Yonge Corridor,43.6557672,-79.3763377,2,0,2,750.0
630000.0,630000.0,630000.0,CONDO,CONDO,Church-Yonge Corridor,43.6560563,-79.3772154,2,0,2,650.0
689000.0,689000.0,689000.0,CONDO,CONDO,Yonge-Eglinton,43.7080568,-79.400489,1,1,2,750.0
689900.0,689900.0,689900.0,CONDO,CONDO,Moss Park,43.6527803,-79.3690294,2,0,1,1100.0
669000.0,669000.0,669000.0,CONDO,CONDO,Annex,43.67112179999999,-79.3877595,1,1,1,550.0
678000.0,678000.0,678000.0,CONDO,CONDO,Kensington-Chinatown,43.6585742,-79.3953228,1,1,2,550.0
639900.0,639900.0,639900.0,CONDO,CONDO,Greenwood-Coxwell,43.6645969,-79.3218774,1,0,1,750.0
619000.0,619000.0,619000.0,CONDO,CONDO,South Riverdale,43.65780850000001,-79.351512,2,0,2,650.0
619000.0,619000.0,619000.0,CONDO,CONDO,Little Portugal,43.6432865,-79.4277898,2,0,2,650.0
619000.0,619000.0,619000.0,CONDO,CONDO,Waterfront Communities C1,43.6489003,-79.38802989999999,2,0,2,750.0
699000.0,699000.0,699000.0,CONDO,CONDO,Bay Street Corridor,43.6668981,-79.3890419,1,1,1,550.0
605000.0,605000.0,605000.0,CONDO,CONDO,Bay Street Corridor,43.6595018,-79.3847849,1,1,2,750.0
625000.0,625000.0,625000.0,CONDO,CONDO,Waterfront Communities The Island,43.6411905,-79.3829556,2,0,1,750.0
649999.0,649999.0,649999.0,CONDO,CONDO,Niagara,43.64102279999999,-79.4034575,2,0,1,750.0
699000.0,699000.0,699000.0,CONDO,CONDO,Kensington-Chinatown,43.6567324,-79.392335,1,0,1,550.0
669000.0,669000.0,669000.0,CONDO,CONDO,Waterfront Communities The Island,43.6432587,-79.3764035,1,1,2,650.0
650000.0,650000.0,650000.0,CONDO,CONDO,Annex,43.6741119,-79.3957326,1,1,1,650.0
629900.0,629900.0,629900.0,CONDO,CONDO,Waterfront Communities C1,43.6445805,-79.40255789999999,1,0,1,650.0
628000.0,628000.0,628000.0,CONDO,CONDO,Niagara,43.6396436,-79.4151851,2,0,2,750.0
645000.0,645000.0,645000.0,CONDO,CONDO,Waterfront Communities C1,43.6398212,-79.3776871,1,0,1,750.0
649000.0,649000.0,649000.0,CONDO,CONDO,Church-Yonge Corridor,43.6655095,-79.3830247,2,0,1,650.0
608000.0,608000.0,608000.0,CONDO,CONDO,Mount Pleasant West,43.7084796,-79.3975213,1,1,1,650.0
690000.0,690000.0,690000.0,CONDO,CONDO,Waterfront Communities C1,43.6454752,-79.3923183,1,1,1,650.0
618800.0,618800.0,618800.0,CONDO,CONDO,Bay Street Corridor,43.6630187,-79.3863345,1,1,1,750.0
652000.0,652000.0,652000.0,CONDO,CONDO,South Riverdale,43.6601382,-79.3424223,2,0,1,650.0
694900.0,694900.0,694900.0,CONDO,CONDO,South Riverdale,43.6580467,-79.3415625,1,1,1,650.0
659000.0,659000.0,659000.0,CONDO,CONDO,Bay Street Corridor,43.6570436,-79.3820394,1,1,1,550.0
680000.0,680000.0,680000.0,CONDO,CONDO,Niagara,43.6395782,-79.4113325,2,0,2,750.0
619000.0,619000.0,619000.0,CONDO,CONDO,South Parkdale,43.6364069,-79.4660636,2,1,2,950.0
664999.0,664999.0,664999.0,CONDO,CONDO,Dufferin Grove,43.6547892,-79.4447539,1,1,2,650.0
629000.0,629000.0,629000.0,CONDO,CONDO,Greenwood-Coxwell,43.6633936,-79.3283852,2,0,2,650.0
699900.0,699900.0,699900.0,CONDO,CONDO,North St James Town,43.6671746,-79.3763191,2,0,2,850.0
699000.0,699000.0,699000.0,CONDO,CONDO,Niagara,43.6386787,-79.41618960000001,2,1,2,750.0
619900.0,619900.0,619900.0,CONDO,CONDO,Little Portugal,43.641523,-79.4240871,1,1,1,650.0
679999.0,679999.0,679999.0,CONDO,CONDO,Regent Park,43.6612798,-79.35916209999999,2,0,2,750.0
650000.0,650000.0,650000.0,CONDO,CONDO,Mount Pleasant West,43.7000245,-79.3874656,2,0,1,750.0
699000.0,699000.0,699000.0,CONDO,CONDO,Church-Yonge Corridor,43.6627041,-79.37922429999999,3,0,2,750.0
679000.0,679000.0,679000.0,CONDO,CONDO,Niagara,43.6398765,-79.4167372,1,1,2,750.0
679800.0,679800.0,679800.0,CONDO,CONDO,Junction Area,43.66383949999999,-79.45812529999999,2,0,1,650.0
625000.0,625000.0,625000.0,CONDO,CONDO,Church Yonge Corridor,43.6686162,-79.3843472,1,0,1,650.0
699900.0,699900.0,699900.0,CONDO,CONDO,St Andrew Windfields,43.7502599,-79.4059172,1,1,1,750.0
629900.0,629900.0,629900.0,CONDO,CONDO,Church-Yonge Corridor,43.6535188,-79.3748269,1,1,2,650.0
688000.0,688000.0,688000.0,CONDO,CONDO,Waterfront Communities The Island,43.6461651,-79.3970301,1,1,1,850.0
650000.0,650000.0,650000.0,CONDO,CONDO,Church-Yonge Corridor,43.6570368,-79.3740809,2,0,1,650.0
629900.0,629900.0,629900.0,CONDO,CONDO,Little Portugal,43.642236,-79.4264979,1,0,1,550.0
669000.0,669000.0,669000.0,CONDO,CONDO,Islington City Centre West,43.6454885,-79.5303865,2,1,2,1100.0
615000.0,615000.0,615000.0,CONDO,CONDO,Church-Yonge Corridor,43.6560563,-79.3772154,2,1,2,750.0
639000.0,639000.0,639000.0,CONDO,CONDO,Church Yonge Corridor,43.653392,-79.373798,1,1,1,750.0
619900.0,619900.0,619900.0,CONDO,CONDO,Waterfront Communities C1,43.6412251,-79.3809582,1,0,1,550.0
629000.0,629000.0,629000.0,CONDO,CONDO,Waterfront Communities C1,43.6453719,-79.39144859999999,1,1,1,550.0
694000.0,694000.0,694000.0,CONDO,CONDO,Church-Yonge Corridor,43.6557672,-79.3763377,3,0,2,850.0
699000.0,699000.0,699000.0,CONDO,CONDO,Waterfront Communities C8,43.6536918,-79.3552269,2,1,2,750.0
695000.0,695000.0,695000.0,CONDO,CONDO,Waterfront Communities C1,43.6490838,-79.392082,1,1,1,650.0
629000.0,629000.0,629000.0,CONDO,CONDO,East End-Danforth,43.6865664,-79.30603459999999,1,1,2,650.0
639999.0,639999.0,639999.0,CONDO,CONDO,Niagara,43.63995449999999,-79.4163311,1,1,2,650.0
688000.0,688000.0,688000.0,CONDO,CONDO,Waterfront Communities C8,43.64394670000001,-79.37450869999999,1,1,1,650.0
688000.0,688000.0,688000.0,CONDO,CONDO,Waterfront Communities C8,43.641973,-79.3735899,1,1,1,550.0
699000.0,699000.0,699000.0,CONDO,CONDO,Waterfront Communities C1,43.6476803,-79.3969205,2,0,2,650.0
699900.0,699900.0,699900.0,CONDO,CONDO,Annex,43.6709631,-79.4018934,2,0,2,1100.0
600000.0,600000.0,600000.0,CONDO,CONDO,Waterfront Communities C1,43.6461277,-79.39327100000001,1,0,1,550.0
669000.0,669000.0,669000.0,CONDO,CONDO,Waterfront Communities C1,43.63951429999999,-79.3938695,1,1,1,650.0
619900.0,619900.0,619900.0,CONDO,CONDO,Niagara,43.636608,-79.4048673,1,1,1,650.0
699000.0,699000.0,699000.0,CONDO,CONDO,Waterfront Communities The Island,43.6456689,-79.3930607,1,1,1,750.0
696000.0,696000.0,696000.0,CONDO,CONDO,Waterfront Communities C1,43.641429,-79.3922187,1,1,2,650.0
638000.0,638000.0,638000.0,CONDO,CONDO,Moss Park,43.6598321,-79.3752612,2,0,1,550.0
638000.0,638000.0,638000.0,CONDO,CONDO,Little Portugal,43.6423906,-79.4247385,2,0,2,750.0
649800.0,649800.0,649800.0,CONDO,CONDO,Waterfront Communities C1,43.6466285,-79.4017026,2,0,2,650.0
629000.0,629000.0,629000.0,CONDO,CONDO,Waterfront Communities C1,43.6412251,-79.3809582,1,0,1,550.0
680888.0,680888.0,680888.0,CONDO,CONDO,Niagara,43.6414039,-79.4105973,1,1,1,750.0
669000.0,669000.0,669000.0,CONDO,CONDO,Church-Yonge Corridor,43.6695417,-79.3837883,2,0,1,650.0
699992.0,699992.0,699992.0,CONDO,CONDO,Waterfront Communities The Island,43.6468329,-79.3752164,1,1,1,650.0
639900.0,639900.0,639900.0,CONDO,CONDO,Church-Yonge Corridor,43.65490810000001,-79.37468480000001,2,0,2,650.0
689900.0,689900.0,689900.0,CONDO,CONDO,High Park-Swansea,43.6358458,-79.46790829999999,1,1,2,650.0
699000.0,699000.0,699000.0,CONDO,CONDO,Bay Street Corridor,43.6593521,-79.3856503,2,0,2,950.0
699000.0,699000.0,699000.0,CONDO,CONDO,Waterfront Communities C1,43.6417088,-79.3793164,1,1,1,650.0
628000.0,628000.0,628000.0,CONDO,CONDO,Church-Yonge Corridor,43.6521521,-79.3751936,1,1,1,650.0
629000.0,629000.0,629000.0,CONDO,CONDO,Church-Yonge Corridor,43.6548343,-79.375195,2,0,2,650.0
699000.0,699000.0,699000.0,CONDO,CONDO,North St James Town,43.6671746,-79.3763191,2,0,2,850.0
649000.0,649000.0,649000.0,CONDO,CONDO,Yonge-St. Clair,43.6897659,-79.4021711,1,1,2,550.0
649990.0,649990.0,649990.0,CONDO,CONDO,Kensington-Chinatown,43.6571925,-79.4014703,1,1,1,650.0
608000.0,608000.0,608000.0,CONDO,CONDO,Waterfront Communities C8,43.64394670000001,-79.37450869999999,1,1,1,650.0
645000.0,645000.0,645000.0,CONDO,CONDO,Waterfront Communities C1,43.6490838,-79.392082,1,1,1,650.0
625000.0,625000.0,625000.0,CONDO,CONDO,Waterfront Communities C1,43.645369,-79.39169559999999,1,1,2,550.0
699900.0,699900.0,699900.0,CONDO,CONDO,Waterfront Communities C1,43.6464433,-79.3980282,2,0,1,650.0
699000.0,699000.0,699000.0,CONDO,CONDO,Waterfront Communities C8,43.64440039999999,-79.3712891,1,1,2,650.0
689000.0,689000.0,689000.0,CONDO,CONDO,Mount Pleasant West,43.7070855,-79.3977452,1,1,2,650.0
639900.0,639900.0,639900.0,CONDO,CONDO,South Parkdale,43.6360472,-79.4671475,1,1,2,750.0
665000.0,665000.0,665000.0,CONDO,CONDO,Kensington Chinatown,43.6533209,-79.38873889999999,1,1,1,550.0
682000.0,682000.0,682000.0,CONDO,CONDO,Waterfront Communities C8,43.64491109999999,-79.3719318,2,0,2,750.0
679900.0,679900.0,679900.0,CONDO,CONDO,Yorkdale-Glen Park,43.7227809,-79.45699800000001,2,0,2,850.0
679000.0,679000.0,679000.0,CONDO,CONDO,South Parkdale,43.6384492,-79.4274302,2,0,2,650.0
635000.0,635000.0,635000.0,CONDO,CONDO,Waterfront Communities C8,43.6460886,-79.3762764,1,1,1,650.0
659000.0,659000.0,659000.0,CONDO,CONDO,Banbury-Don Mills,43.7299584,-79.32741519999999,2,1,2,1300.0
649000.0,649000.0,649000.0,CONDO,CONDO,Dorset Park,43.77133269999999,-79.2870003,3,0,2,1100.0
624900.0,624900.0,624900.0,CONDO,CONDO,Eringate-Centennial-West Deane,43.6399968,-79.5845295,3,0,2,1300.0
639000.0,639000.0,639000.0,CONDO,CONDO,Waterfront Communities C8,43.64491109999999,-79.3719318,1,0,1,550.0
649000.0,649000.0,649000.0,CONDO,CONDO,Niagara,43.6384795,-79.4168794,1,0,1,350.0
629990.0,629990.0,629990.0,CONDO,CONDO,Church Yonge Corridor,43.6598311,-79.37560739999999,2,0,2,650.0
680000.0,680000.0,680000.0,CONDO,CONDO,North St James Town,43.6722218,-79.37735959999999,2,0,1,650.0
650000.0,650000.0,650000.0,CONDO,CONDO,Waterfront Communities The Island,43.642422,-79.3755829,1,1,1,750.0
628000.0,628000.0,628000.0,CONDO,CONDO,Niagara,43.6395782,-79.4113325,1,1,2,650.0
616000.0,616000.0,616000.0,CONDO,CONDO,Greenwood Coxwell,43.6645969,-79.3218774,1,0,1,750.0
698000.0,698000.0,698000.0,CONDO,CONDO,Waterfront Communities C8,43.64394670000001,-79.37450869999999,1,1,1,650.0
669000.0,669000.0,669000.0,CONDO,CONDO,Annex,43.6732429,-79.3898622,1,0,1,550.0
658800.0,658800.0,658800.0,CONDO,CONDO,Waterfront Communities C1,43.6448352,-79.37214639999999,1,0,1,550.0
678000.0,678000.0,678000.0,CONDO,CONDO,Waterfront Communities C8,43.6464709,-79.3762381,2,0,1,750.0
670000.0,670000.0,670000.0,CONDO,CONDO,Waterfront Communities C1,43.6448465,-79.4022849,1,1,2,650.0
695000.0,695000.0,695000.0,CONDO,CONDO,Bay Street Corridor,43.6462325,-79.3835846,1,1,2,950.0
648000.0,648000.0,648000.0,CONDO,CONDO,Moss Park,43.656969,-79.3741222,2,0,1,650.0
639000.0,639000.0,639000.0,CONDO,CONDO,Waterfront Communities The Island,43.6392884,-79.3857185,1,1,1,850.0
629900.0,629900.0,629900.0,CONDO,CONDO,Bay Street Corridor,43.665388,-79.3880211,1,1,1,650.0
648000.0,648000.0,648000.0,CONDO,CONDO,Waterfront Communities C1,43.6460886,-79.3762764,1,1,1,750.0
698000.0,698000.0,698000.0,CONDO,CONDO,Bay Street Corridor,43.6642638,-79.3855084,1,1,1,550.0
605000.0,605000.0,605000.0,CONDO,CONDO,South Parkdale,43.6358618,-79.4671784,2,0,2,650.0
650000.0,650000.0,650000.0,CONDO,CONDO,Moss Park,43.652588,-79.3676913,1,1,2,650.0
649000.0,649000.0,649000.0,CONDO,CONDO,Regent Park,43.6612798,-79.35916209999999,1,1,1,550.0
684800.0,684800.0,684800.0,CONDO,CONDO,Kensington-Chinatown,43.650405,-79.3921684,1,1,1,750.0
699900.0,699900.0,699900.0,CONDO,CONDO,Kensington Chinatown,43.652508,-79.3885848,1,1,1,750.0
618800.0,618800.0,618800.0,CONDO,CONDO,Niagara,43.6387756,-79.4163147,1,0,1,650.0
699000.0,699000.0,0.0,CONDO,CONDO,Waterfront Communities The Island,43.6368129,-79.3975163,2,1,1,750.0
699000.0,699000.0,0.0,CONDO,CONDO,Bay Street Corridor,43.6505114,-79.3820778,2,1,2,850.0
675000.0,675000.0,0.0,CONDO,CONDO,South Riverdale,43.6580044,-79.3500316,1,1,1,650.0
697000.0,697000.0,0.0,CONDO,CONDO,Islington City Centre West,43.6438543,-79.5291731,2,0,2,850.0
688000.0,688000.0,0.0,CONDO,CONDO,Bay Street Corridor,43.661781,-79.384218,1,0,1,550.0
690000.0,690000.0,0.0,CONDO,CONDO,Waterfront Communities The Island,43.6397205,-79.384172,1,1,1,750.0
699900.0,699900.0,0.0,CONDO,CONDO,High Park Swansea,43.6363049,-79.4702129,2,0,2,950.0
609000.0,609000.0,0.0,CONDO,CONDO,Moss Park,43.6503838,-79.36868199999999,1,1,1,550.0
689000.0,689000.0,0.0,CONDO,CONDO,Waterfront Communities C8,43.6461525,-79.37638199999999,1,1,1,650.0
609000.0,609000.0,0.0,CONDO,CONDO,Niagara,43.6370159,-79.4055772,1,1,1,550.0
619000.0,619000.0,0.0,CONDO,CONDO,Lawrence Park South,43.7217055,-79.4126425,1,0,1,650.0
799900.0,799900.0,799900.0,CONDO,CONDO,Kensington-Chinatown,43.6567324,-79.392335,1,1,1,750.0
729000.0,729000.0,729000.0,CONDO,CONDO,Mount Pleasant West,43.7095303,-79.3982269,2,0,2,1100.0
758000.0,758000.0,758000.0,CONDO,CONDO,Waterfront Communities C1,43.6456129,-79.39030869999999,2,1,2,850.0
779000.0,779000.0,779000.0,CONDO,CONDO,Casa Loma,43.6887348,-79.4110237,2,0,1,1100.0
710900.0,710900.0,710900.0,CONDO,CONDO,Dovercourt-Wallace Emerson-Junction,43.6614817,-79.4297254,1,1,2,650.0
766900.0,766900.0,766900.0,CONDO,CONDO,Dovercourt-Wallace Emerson-Junction,43.6614817,-79.4297254,2,0,2,750.0
799000.0,799000.0,799000.0,CONDO,CONDO,Church-Yonge Corridor,43.6688688,-79.38351109999999,2,0,2,850.0
799900.0,799900.0,799900.0,CONDO,CONDO,High Park Swansea,43.636943,-79.4689321,2,1,2,1100.0
715000.0,715000.0,715000.0,CONDO,CONDO,High Park North,43.6543545,-79.4632051,1,1,2,650.0
799999.0,799999.0,799999.0,CONDO,CONDO,High Park North,43.7641885,-79.40493,2,1,2,1500.0
749000.0,749000.0,749000.0,CONDO,CONDO,Forest Hill South,43.6878371,-79.4133733,2,0,1,1100.0
720000.0,720000.0,720000.0,CONDO,CONDO,Waterfront Communities C1,43.6457141,-79.3920474,2,1,2,750.0
738850.0,738850.0,738850.0,CONDO,CONDO,Church-Yonge Corridor,43.65490810000001,-79.37468480000001,2,1,2,850.0
718900.0,718900.0,718900.0,CONDO,CONDO,Cabbagetown South St James Town,43.6649311,-79.3768619,2,0,2,850.0
729800.0,729800.0,729800.0,CONDO,CONDO,Church Yonge Corridor,43.6696427,-79.3805547,2,0,2,850.0
749000.0,749000.0,749000.0,CONDO,CONDO,Waterfront Communities C1,43.6457753,-79.3925057,2,0,2,850.0
719000.0,719000.0,719000.0,CONDO,CONDO,High Park North,43.6559939,-79.4669626,2,0,1,750.0
719000.0,719000.0,719000.0,CONDO,CONDO,High Park-Swansea,43.6358618,-79.4671784,2,1,2,750.0
799900.0,799900.0,799900.0,CONDO,CONDO,Niagara,43.6371837,-79.4018766,3,0,2,850.0
740000.0,740000.0,740000.0,CONDO,CONDO,North St James Town,43.6718748,-79.3723871,2,0,2,750.0
725000.0,725000.0,725000.0,CONDO,CONDO,Bay Street Corridor,43.665388,-79.3880211,1,1,2,750.0
779000.0,779000.0,779000.0,CONDO,CONDO,Roncesvalles,43.652008,-79.4495376,2,0,2,850.0
745000.0,745000.0,745000.0,CONDO,CONDO,Bay Street Corridor,43.6691837,-79.3873558,2,0,2,750.0
765000.0,765000.0,765000.0,CONDO,CONDO,Annex,43.6740324,-79.3904727,1,1,1,950.0
769000.0,769000.0,769000.0,CONDO,CONDO,Kensington-Chinatown,43.6494168,-79.3981081,2,0,2,850.0
734900.0,734900.0,734900.0,CONDO,CONDO,Waterfront Communities C8,43.6543316,-79.35407769999999,2,0,2,950.0
775000.0,775000.0,775000.0,CONDO,CONDO,Rosedale-Moore Park,43.6745794,-79.3863866,2,0,2,1100.0
799000.0,799000.0,799000.0,CONDO,CONDO,South Riverdale,43.6580044,-79.3500316,1,1,1,750.0
779000.0,779000.0,779000.0,CONDO,CONDO,Waterfront Communities C1,43.6454172,-79.39124369999999,2,1,2,750.0
720000.0,720000.0,720000.0,CONDO,CONDO,Mount Pleasant West,43.7060208,-79.3952793,2,0,2,750.0
799000.0,799000.0,799000.0,CONDO,CONDO,Casa Loma,43.6765411,-79.4056079,1,0,2,850.0
725000.0,725000.0,725000.0,CONDO,CONDO,Church-Yonge Corridor,43.6557976,-79.3750325,3,0,2,850.0
749000.0,749000.0,749000.0,CONDO,CONDO,Church Yonge Corridor,43.6646354,-79.3780832,2,0,1,1100.0
799000.0,799000.0,799000.0,CONDO,CONDO,Annex,43.6709631,-79.4018934,2,0,2,1100.0
730000.0,730000.0,730000.0,CONDO,CONDO,Waterfront Communities The Island,43.6445575,-79.4021809,2,0,1,850.0
719900.0,719900.0,719900.0,CONDO,CONDO,South Parkdale,43.6365196,-79.4267364,1,1,1,350.0
775000.0,775000.0,775000.0,CONDO,CONDO,Rosedale Moore Park,43.6763033,-79.3838065,2,0,1,1100.0
739000.0,739000.0,739000.0,CONDO,CONDO,Waterfront Communities The Island,43.6416066,-79.3719866,1,1,2,750.0
704999.0,704999.0,704999.0,CONDO,CONDO,North St James Town,43.6722218,-79.37735959999999,2,0,2,750.0
749900.0,749900.0,749900.0,CONDO,CONDO,Waterfront Communities C1,43.6454172,-79.39124369999999,2,0,2,650.0
738000.0,738000.0,738000.0,CONDO,CONDO,Waterfront Communities C1,43.6375103,-79.4005804,2,0,2,850.0
732999.0,732999.0,732999.0,CONDO,CONDO,East End-Danforth,43.6878454,-79.3019439,2,0,2,750.0
775000.0,775000.0,775000.0,CONDO,CONDO,Church Yonge Corridor,43.6613867,-79.3804382,2,1,2,1300.0
759900.0,759900.0,759900.0,CONDO,CONDO,Niagara,43.6398765,-79.4167372,2,1,2,850.0
741900.0,741900.0,741900.0,CONDO,CONDO,South Parkdale,43.63926319999999,-79.42729969999999,2,0,2,650.0
739000.0,739000.0,739000.0,CONDO,CONDO,Church Yonge Corridor,43.6557758,-79.3759895,3,0,1,950.0
739000.0,739000.0,739000.0,CONDO,CONDO,Mount Pleasant West,43.7060208,-79.3952793,2,0,2,750.0
788000.0,788000.0,788000.0,CONDO,CONDO,Church Yonge Corridor,43.6632004,-79.3777681,2,0,2,850.0
738888.0,738888.0,738888.0,CONDO,CONDO,Church Yonge Corridor,43.6491763,-79.3770958,2,1,2,1300.0
799000.0,799000.0,799000.0,CONDO,CONDO,Waterfront Communities C8,43.6501177,-79.3579349,2,0,2,850.0
760000.0,760000.0,760000.0,CONDO,CONDO,Church Yonge Corridor,43.661933,-79.3782001,2,1,2,1500.0
719000.0,719000.0,719000.0,CONDO,CONDO,Waterfront Communities C1,43.6402683,-79.3960141,2,0,2,850.0
759000.0,759000.0,759000.0,CONDO,CONDO,High Park-Swansea,43.6357664,-79.46771950000002,2,1,2,750.0
799900.0,799900.0,799900.0,CONDO,CONDO,Niagara,43.636608,-79.4048673,2,0,2,950.0
739000.0,739000.0,739000.0,CONDO,CONDO,High Park Swansea,43.6361579,-79.4706161,2,0,2,950.0
769000.0,769000.0,769000.0,CONDO,CONDO,Niagara,43.6382738,-79.415117,1,1,2,950.0
749900.0,749900.0,749900.0,CONDO,CONDO,Waterfront Communities C1,43.6474722,-79.39958709999999,2,1,2,750.0
739900.0,739900.0,739900.0,CONDO,CONDO,Church Yonge Corridor,43.6611024,-79.3819277,2,0,2,850.0
749000.0,749000.0,749000.0,CONDO,CONDO,Waterfront Communities C1,43.64798769999999,-79.39183899999999,2,0,2,650.0
799000.0,799000.0,799000.0,CONDO,CONDO,Waterfront Communities C1,43.6439484,-79.4014758,1,1,2,850.0
775000.0,775000.0,775000.0,CONDO,CONDO,Waterfront Communities C1,43.7736875,-79.2554225,2,1,2,750.0
789900.0,789900.0,789900.0,CONDO,CONDO,Kensington-Chinatown,43.6580408,-79.3977862,2,0,2,650.0
759000.0,759000.0,759000.0,CONDO,CONDO,Church Yonge Corridor,43.648413,-79.376467,1,1,1,650.0
750000.0,750000.0,750000.0,CONDO,CONDO,Church-Yonge Corridor,43.6557976,-79.3750325,3,0,2,850.0
799000.0,799000.0,799000.0,CONDO,CONDO,Waterfront Communities C1,43.6384117,-79.40091470000002,2,1,2,950.0
750000.0,750000.0,750000.0,CONDO,CONDO,Annex,43.6716658,-79.3881636,1,1,1,550.0
749000.0,749000.0,749000.0,CONDO,CONDO,Rosedale Moore Park,43.6724917,-79.3781288,2,0,2,1500.0
739900.0,739900.0,739900.0,CONDO,CONDO,Waterfront Communities C1,43.6409222,-79.3939829,2,0,2,950.0
730000.0,730000.0,730000.0,CONDO,CONDO,Little Portugal,43.6430625,-79.4281337,2,0,1,750.0
749000.0,749000.0,749000.0,CONDO,CONDO,Moss Park,43.65053270000001,-79.36852600000002,2,0,2,750.0
790000.0,790000.0,790000.0,CONDO,CONDO,Bay Street Corridor,43.6642638,-79.3855084,2,1,2,750.0
729000.0,729000.0,729000.0,CONDO,CONDO,Rosedale Moore Park,43.6734731,-79.3714268,2,0,1,1100.0
765000.0,765000.0,765000.0,CONDO,CONDO,Bay Street Corridor,43.6676702,-79.3864205,2,0,2,750.0
729900.0,729900.0,729900.0,CONDO,CONDO,Cabbagetown South St James Town,43.6649311,-79.3768619,2,0,2,850.0
768000.0,768000.0,768000.0,CONDO,CONDO,Annex,43.67112179999999,-79.3877595,2,0,2,750.0
779500.0,779500.0,779500.0,CONDO,CONDO,Englemount Lawrence,43.7167836,-79.4297201,2,0,2,1100.0
728000.0,728000.0,728000.0,CONDO,CONDO,Waterfront Communities C1,43.649428,-79.388411,2,1,2,750.0
749000.0,749000.0,749000.0,CONDO,CONDO,Regent Park,43.6602279,-79.3649687,2,0,2,850.0
739000.0,739000.0,739000.0,CONDO,CONDO,Mount Pleasant West,43.7070855,-79.3977452,2,1,2,750.0
759000.0,759000.0,759000.0,CONDO,CONDO,Bay Street Corridor,43.6691837,-79.3873558,2,0,2,850.0
750000.0,750000.0,750000.0,CONDO,CONDO,North St James Town,43.6718748,-79.3723871,2,0,2,750.0
790000.0,790000.0,790000.0,CONDO,CONDO,Kensington Chinatown,43.6558252,-79.3901984,2,0,2,1300.0
799000.0,799000.0,799000.0,CONDO,CONDO,Roncesvalles,43.6519568,-79.4496954,2,0,2,850.0
799900.0,799900.0,799900.0,CONDO,CONDO,Bay Street Corridor,43.6468108,-79.3853366,1,1,2,1300.0
743000.0,743000.0,743000.0,CONDO,CONDO,Waterfront Communities C8,43.6616458,-79.37671940000001,2,1,2,950.0
710000.0,710000.0,710000.0,CONDO,CONDO,Waterfront Communities C1,43.6490923,-79.3885042,2,0,2,750.0
799000.0,799000.0,799000.0,CONDO,CONDO,Rosedale-Moore Park,43.6729857,-79.3870289,2,0,2,850.0
798000.0,798000.0,798000.0,CONDO,CONDO,Lansing Westgate,43.760279,-79.4111305,2,1,2,950.0
749900.0,749900.0,749900.0,CONDO,CONDO,Waterfront Communities C1,43.6476028,-79.39076,2,1,2,750.0
798900.0,798900.0,798900.0,CONDO,CONDO,Mount Pleasant West,43.7117356,-79.3919084,2,1,2,950.0
739000.0,739000.0,739000.0,CONDO,CONDO,Annex,43.6705682,-79.3906888,1,0,1,550.0
758000.0,758000.0,758000.0,CONDO,CONDO,Church-Yonge Corridor,43.6656662,-79.3826067,2,0,2,750.0
788000.0,788000.0,788000.0,CONDO,CONDO,Church Yonge Corridor,43.6700844,-79.3805554,2,0,2,850.0
730000.0,730000.0,730000.0,CONDO,CONDO,Waterfront Communities C1,43.6453719,-79.39144859999999,1,1,2,650.0
739000.0,739000.0,739000.0,CONDO,CONDO,Waterfront Communities C1,43.6490923,-79.3885042,2,0,2,750.0
728000.0,728000.0,728000.0,CONDO,CONDO,Bay Street Corridor,43.6539796,-79.3885197,2,0,1,750.0
799000.0,799000.0,799000.0,CONDO,CONDO,Annex,43.668542,-79.397174,1,0,1,650.0
720000.0,720000.0,720000.0,CONDO,CONDO,Niagara,43.6384795,-79.4168794,3,0,2,850.0
749000.0,749000.0,749000.0,CONDO,CONDO,Bay Street Corridor,43.665388,-79.3880211,2,1,2,850.0
719000.0,719000.0,719000.0,CONDO,CONDO,Waterfront Communities The Island,43.6406816,-79.376999,1,0,1,1040.0
775000.0,775000.0,775000.0,CONDO,CONDO,Wychwood,43.6798861,-79.432801,2,1,2,750.0
718000.0,718000.0,718000.0,CONDO,CONDO,Church Yonge Corridor,43.6593548,-79.3758049,2,1,2,1700.0
770000.0,770000.0,770000.0,CONDO,CONDO,Waterfront Communities C1,43.6409222,-79.3939829,2,1,2,850.0
749900.0,749900.0,749900.0,CONDO,CONDO,Waterfront Communities The Island,43.6445412,-79.3764773,2,0,2,850.0
750000.0,750000.0,750000.0,CONDO,CONDO,Niagara,43.6386152,-79.4127418,2,0,2,850.0
739000.0,739000.0,739000.0,CONDO,CONDO,The Beaches,43.6742201,-79.3071393,2,0,2,750.0
788000.0,788000.0,788000.0,CONDO,CONDO,Waterfront Communities C8,43.6510089,-79.3679305,2,0,2,950.0
800000.0,800000.0,800000.0,CONDO,CONDO,Dovercourt-Wallace Emerson-Junction,43.6704638,-79.4279028,2,1,2,850.0
733000.0,733000.0,733000.0,CONDO,CONDO,South Parkdale,43.6358458,-79.46790829999999,2,0,2,750.0
719000.0,719000.0,719000.0,CONDO,CONDO,Weston-Pellam Park,43.6735315,-79.46210479999999,2,0,2,750.0
799990.0,799990.0,799990.0,CONDO,CONDO,Bay Street Corridor,43.6617616,-79.3836302,2,0,2,650.0
789000.0,789000.0,789000.0,CONDO,CONDO,Waterfront Communities The Island,43.6432587,-79.3764035,1,1,2,750.0
769900.0,769900.0,769900.0,CONDO,CONDO,Church-Yonge Corridor,43.6692159,-79.3840396,2,0,1,650.0
789000.0,789000.0,789000.0,CONDO,CONDO,Waterfront Communities C1,43.643954,-79.4014689,1,0,2,750.0
749000.0,749000.0,749000.0,CONDO,CONDO,High Park Swansea,43.6374048,-79.4721516,2,0,2,1100.0
725000.0,725000.0,725000.0,CONDO,CONDO,Annex,43.6702658,-79.3943539,1,1,1,650.0
758000.0,758000.0,758000.0,CONDO,CONDO,Waterfront Communities C1,43.6453719,-79.39144859999999,1,1,2,650.0
789000.0,789000.0,789000.0,CONDO,CONDO,Waterfront Communities C1,43.6456213,-79.3919338,3,0,2,850.0
749000.0,749000.0,749000.0,CONDO,CONDO,Regent Park,43.6610068,-79.3603549,2,1,2,950.0
749000.0,749000.0,749000.0,CONDO,CONDO,Niagara,43.6361017,-79.4033157,1,1,1,850.0
790000.0,790000.0,790000.0,CONDO,CONDO,Church-Yonge Corridor,43.64394670000001,-79.37450869999999,1,1,1,650.0
799990.0,799990.0,799990.0,CONDO,CONDO,Bay Street Corridor,43.6668981,-79.3890419,1,1,1,650.0
739000.0,739000.0,739000.0,CONDO,CONDO,Annex,43.6732429,-79.3898622,1,1,1,650.0
798000.0,798000.0,798000.0,CONDO,CONDO,Bay Street Corridor,43.6596665,-79.3859262,2,0,2,950.0
769000.0,769000.0,769000.0,CONDO,CONDO,Yonge-Eglinton,43.7079238,-79.40069810000001,2,0,2,850.0
769000.0,769000.0,769000.0,CONDO,CONDO,Lawrence Park North,43.7243318,-79.4024013,1,1,1,750.0
799000.0,799000.0,799000.0,CONDO,CONDO,Kensington-Chinatown,43.6549318,-79.39054569999999,2,0,2,650.0
775000.0,775000.0,775000.0,CONDO,CONDO,Weston-Pellam Park,43.6735315,-79.46210479999999,2,1,2,850.0
789000.0,789000.0,789000.0,CONDO,CONDO,Casa Loma,43.6770215,-79.4063849,2,0,2,850.0
758000.0,758000.0,758000.0,CONDO,CONDO,Church-Yonge Corridor,43.6663783,-79.38456,2,1,1,650.0
780000.0,780000.0,780000.0,CONDO,CONDO,Church-Yonge Corridor,43.6461099,-79.3762378,1,1,2,850.0
799000.0,799000.0,799000.0,CONDO,CONDO,Waterfront Communities The Island,43.6430971,-79.3916393,2,1,2,850.0
777000.0,777000.0,777000.0,CONDO,CONDO,Waterfront Communities C8,43.6511937,-79.3589836,2,0,2,1100.0
729000.0,729000.0,729000.0,CONDO,CONDO,Waterfront Communities C8,43.6496501,-79.3664093,2,1,2,750.0
728000.0,728000.0,728000.0,CONDO,CONDO,Waterfront Communities C1,43.6453719,-79.39144859999999,1,1,2,650.0
759900.0,759900.0,759900.0,CONDO,CONDO,Church-Yonge Corridor,43.6521521,-79.3751936,2,0,2,750.0
749000.0,749000.0,749000.0,CONDO,CONDO,Church-Yonge Corridor,43.6535188,-79.3748269,2,0,2,750.0
749000.0,749000.0,749000.0,CONDO,CONDO,Junction Area,43.6636345,-79.4668567,1,1,1,850.0
713141.0,713141.0,713141.0,CONDO,CONDO,Church-Yonge Corridor,43.6536377,-79.3794398,2,0,2,850.0
799900.0,799900.0,799900.0,CONDO,CONDO,High Park Swansea,43.6372542,-79.4733446,2,1,2,1100.0
769000.0,769000.0,769000.0,CONDO,CONDO,Regent Park,43.6614865,-79.3584054,3,1,2,1100.0
799000.0,799000.0,799000.0,CONDO,CONDO,Bay Street Corridor,43.664945,-79.38522549999999,2,0,2,750.0
735000.0,735000.0,735000.0,CONDO,CONDO,Rosedale Moore Park,43.6826194,-79.391523,1,1,1,1100.0
749999.0,749999.0,749999.0,CONDO,CONDO,Church Yonge Corridor,43.6613867,-79.3804382,2,2,2,1300.0
738000.0,738000.0,738000.0,CONDO,CONDO,Waterfront Communities C8,43.650212,-79.3666425,3,0,2,750.0
730000.0,730000.0,730000.0,CONDO,CONDO,Waterfront Communities The Island,43.6401213,-79.3812266,1,1,2,750.0
775000.0,775000.0,775000.0,CONDO,CONDO,Waterfront Communities The Island,43.6400887,-79.3939574,2,0,2,750.0
719000.0,719000.0,719000.0,CONDO,CONDO,Church-Yonge Corridor,43.6627217,-79.3794411,2,1,2,750.0
749000.0,749000.0,749000.0,CONDO,CONDO,South Riverdale,43.664344,-79.340971,1,1,1,850.0
780000.0,780000.0,780000.0,CONDO,CONDO,Kensington-Chinatown,43.6585742,-79.3953228,1,1,2,550.0
747500.0,747500.0,747500.0,CONDO,CONDO,Mount Pleasant West,43.6964558,-79.3933434,2,0,2,850.0
765000.0,765000.0,765000.0,CONDO,CONDO,Niagara,43.6374676,-79.4184499,2,0,2,750.0
755000.0,755000.0,755000.0,CONDO,CONDO,North St James Town,43.6722218,-79.37735959999999,2,0,2,750.0
735990.0,735990.0,735990.0,CONDO,CONDO,Regent Park,43.6605751,-79.35632989999999,3,0,2,850.0
726990.0,726990.0,726990.0,CONDO,CONDO,Regent Park,43.6605751,-79.35632989999999,3,0,2,950.0
739900.0,739900.0,739900.0,CONDO,CONDO,Bay Street Corridor,43.658924,-79.3840439,2,1,2,1100.0
785000.0,785000.0,785000.0,CONDO,CONDO,Church Yonge Corridor,43.6520368,-79.3733358,2,1,2,1100.0
739000.0,739000.0,739000.0,CONDO,CONDO,Waterfront Communities C1,43.6456547,-79.39044779999999,2,0,2,750.0
799000.0,799000.0,799000.0,CONDO,CONDO,Church-Yonge Corridor,43.6551052,-79.3762548,2,0,2,650.0
749000.0,749000.0,749000.0,CONDO,CONDO,Church-Yonge Corridor,43.6663783,-79.38456,1,1,1,650.0
798888.0,798888.0,798888.0,CONDO,CONDO,Niagara,43.6398765,-79.4167372,2,1,2,850.0
749990.0,749990.0,749990.0,CONDO,CONDO,Little Portugal,43.6423906,-79.4247385,3,0,2,1100.0
718800.0,718800.0,718800.0,CONDO,CONDO,Waterfront Communities The Island,43.6468329,-79.3752164,2,0,1,650.0
799000.0,799000.0,799000.0,CONDO,CONDO,Waterfront Communities C1,43.6476028,-79.39076,2,0,2,950.0
749999.0,749999.0,749999.0,CONDO,CONDO,Cabbagetown-South St. James Town,43.6667853,-79.3749198,3,0,2,850.0
797876.0,797876.0,797876.0,CONDO,CONDO,Mount Pleasant East,43.70951489999999,-79.3769059,2,0,2,750.0
740233.0,740233.0,740233.0,CONDO,CONDO,Mount Pleasant East,43.70951489999999,-79.3769059,1,1,2,650.0
774900.0,774900.0,774900.0,CONDO,CONDO,Waterfront Communities The Island,43.6416066,-79.3719866,1,1,2,750.0
799000.0,799000.0,799000.0,CONDO,CONDO,Church-Yonge Corridor,43.6519098,-79.3770909,2,0,2,750.0
770000.0,770000.0,770000.0,CONDO,CONDO,Kensington Chinatown,43.6507946,-79.3980908,3,0,2,1300.0
724900.0,724900.0,724900.0,CONDO,CONDO,Waterfront Communities C1,43.6476028,-79.39076,2,0,2,750.0
724900.0,724900.0,724900.0,CONDO,CONDO,Annex,43.6696058,-79.3917007,1,0,1,650.0
725000.0,725000.0,725000.0,CONDO,CONDO,Waterfront Communities The Island,43.6432587,-79.3764035,2,1,2,850.0
735000.0,735000.0,735000.0,CONDO,CONDO,Waterfront Communities C1,43.6490377,-79.3884119,2,0,2,750.0
750000.0,750000.0,750000.0,CONDO,CONDO,Bay Street Corridor,43.6667966,-79.3886683,1,1,1,550.0
780888.0,780888.0,780888.0,CONDO,CONDO,Niagara,43.6398765,-79.4167372,2,1,2,850.0
729999.0,729999.0,729999.0,CONDO,CONDO,Waterfront Communities The Island,43.6415332,-79.3826529,1,1,1,650.0
749999.0,749999.0,749999.0,CONDO,CONDO,Church-Yonge Corridor,43.6574957,-79.3743712,3,1,1,850.0
799000.0,799000.0,799000.0,CONDO,CONDO,Mount Pleasant West,43.7104736,-79.3924946,2,0,2,750.0
799900.0,799900.0,799900.0,CONDO,CONDO,Annex,43.6720081,-79.3879319,1,1,2,950.0
724999.0,724999.0,724999.0,CONDO,CONDO,Church-Yonge Corridor,43.6616592,-79.3767151,2,1,2,650.0
725000.0,725000.0,725000.0,CONDO,CONDO,Mount Pleasant West,43.7047626,-79.3890362,2,0,2,950.0
799000.0,799000.0,799000.0,CONDO,CONDO,Regent Park,43.6602279,-79.3649687,2,0,2,850.0
729000.0,729000.0,729000.0,CONDO,CONDO,Waterfront Communities C1,43.6453719,-79.39144859999999,1,1,2,650.0
799900.0,799900.0,799900.0,CONDO,CONDO,Bay Street Corridor,43.6548441,-79.3846797,2,1,2,950.0
799000.0,799000.0,799000.0,CONDO,CONDO,Mount Pleasant West,43.71015939999999,-79.3924041,3,0,2,850.0
779000.0,779000.0,779000.0,CONDO,CONDO,Waterfront Communities The Island,43.642422,-79.3755829,2,1,2,850.0
799000.0,799000.0,799000.0,CONDO,CONDO,Waterfront Communities The Island,43.6461651,-79.3970301,2,0,2,850.0
729900.0,729900.0,729900.0,CONDO,CONDO,Niagara,43.637428,-79.4008274,2,0,2,750.0
724000.0,724000.0,724000.0,CONDO,CONDO,South Parkdale,43.6393278,-79.4268762,2,1,2,750.0
748000.0,748000.0,748000.0,CONDO,CONDO,Niagara,43.6371962,-79.4006886,2,0,2,1100.0
729000.0,729000.0,729000.0,CONDO,CONDO,Kensington-Chinatown,43.6522595,-79.3983658,2,1,2,850.0
799000.0,799000.0,799000.0,CONDO,CONDO,Waterfront Communities The Island,43.6416066,-79.3719866,1,1,2,750.0
755000.0,755000.0,755000.0,CONDO,CONDO,High Park Swansea,43.6363049,-79.4702129,2,0,2,950.0
729000.0,729000.0,729000.0,CONDO,CONDO,Bay Street Corridor,43.6596665,-79.3859262,2,0,2,750.0
759999.0,759999.0,759999.0,CONDO,CONDO,North St James Town,43.6722218,-79.37735959999999,2,0,2,750.0
799999.0,799999.0,799999.0,CONDO,CONDO,Annex,43.6748768,-79.3996322,2,0,2,750.0
760000.0,760000.0,760000.0,CONDO,CONDO,Niagara,43.63760120000001,-79.4022435,2,1,2,850.0
799000.0,799000.0,799000.0,CONDO,CONDO,Waterfront Communities C8,43.641973,-79.3735899,2,0,1,650.0
798000.0,798000.0,798000.0,CONDO,CONDO,Yonge-St. Clair,43.6866172,-79.40068000000001,2,0,1,750.0
739900.0,739900.0,739900.0,CONDO,CONDO,Mount Pleasant East,43.6959683,-79.3957747,2,0,1,750.0
789900.0,789900.0,789900.0,CONDO,CONDO,South Riverdale,43.6584078,-79.35265009999999,2,0,2,750.0
759000.0,759000.0,759000.0,CONDO,CONDO,Mount Pleasant East,43.70708279999999,-79.3978214,2,1,2,750.0
719900.0,719900.0,719900.0,CONDO,CONDO,Waterfront Communities C1,43.64291,-79.38065,2,1,2,750.0
749900.0,749900.0,749900.0,CONDO,CONDO,Waterfront Communities C1,43.64789589999999,-79.39741649999999,2,0,1,750.0
799000.0,799000.0,799000.0,CONDO,CONDO,Waterfront Communities C1,43.6374199,-79.39954209999999,3,0,2,850.0
768000.0,768000.0,768000.0,CONDO,CONDO,Bay Street Corridor,43.6458064,-79.39205,2,0,2,850.0
740000.0,740000.0,740000.0,CONDO,CONDO,Church-Yonge Corridor,43.6655348,-79.3801464,2,0,2,1100.0
798000.0,798000.0,798000.0,CONDO,CONDO,Bay Street Corridor,43.665388,-79.3880211,1,1,1,550.0
798999.0,798999.0,798999.0,CONDO,CONDO,Kensington-Chinatown,43.6585742,-79.3953228,1,1,2,650.0
720000.0,720000.0,720000.0,CONDO,CONDO,Waterfront Communities C1,43.6490923,-79.3885042,2,0,2,750.0
788888.0,788888.0,788888.0,CONDO,CONDO,Church-Yonge Corridor,43.6616592,-79.3767151,2,1,2,750.0
775000.0,775000.0,775000.0,CONDO,CONDO,Waterfront Communities The Island,43.6401213,-79.3812266,1,2,2,850.0
725000.0,725000.0,725000.0,CONDO,CONDO,Waterfront Communities C8,43.6458823,-79.375992,2,1,2,950.0
719900.0,719900.0,719900.0,CONDO,CONDO,Church-Yonge Corridor,43.6688688,-79.38351109999999,1,0,1,550.0
739900.0,739900.0,739900.0,CONDO,CONDO,Bay Street Corridor,43.6505114,-79.3820778,2,0,2,750.0
788000.0,788000.0,788000.0,CONDO,CONDO,Church-Yonge Corridor,43.6557976,-79.3750325,3,0,2,850.0
749900.0,749900.0,749900.0,CONDO,CONDO,Church-Yonge Corridor,43.6493456,-79.3758022,2,0,2,750.0
729000.0,729000.0,729000.0,CONDO,CONDO,Waterfront Communities C8,43.6458823,-79.375992,2,0,2,850.0
738000.0,738000.0,738000.0,CONDO,CONDO,Waterfront Communities The Island,43.6503521,-79.3609928,2,0,2,750.0
739999.0,739999.0,739999.0,CONDO,CONDO,Niagara,43.63681589999999,-79.4057785,2,0,2,850.0
750000.0,750000.0,750000.0,CONDO,CONDO,Church Yonge Corridor,43.6686162,-79.3843472,2,0,1,850.0
728000.0,728000.0,728000.0,CONDO,CONDO,Church-Yonge Corridor,43.6575048,-79.3728456,3,0,2,850.0
725000.0,725000.0,725000.0,CONDO,CONDO,Waterfront Communities The Island,43.6476028,-79.39076,2,0,2,750.0
799000.0,799000.0,799000.0,CONDO,CONDO,Niagara,43.6383649,-79.4145613,2,1,2,1100.0
748000.0,748000.0,748000.0,CONDO,CONDO,Niagara,43.6396998,-79.40901559999999,2,0,2,650.0
749000.0,749000.0,749000.0,CONDO,CONDO,Niagara,43.6363712,-79.4027602,1,1,2,850.0
759898.0,759898.0,759898.0,CONDO,CONDO,Moss Park,43.652588,-79.3676913,2,0,2,850.0
800000.0,800000.0,800000.0,CONDO,CONDO,Waterfront Communities C1,43.6414105,-79.3924115,2,0,2,650.0
739000.0,739000.0,739000.0,CONDO,CONDO,Thorncliffe Park,43.7146015,-79.354391,2,0,2,850.0
789000.0,789000.0,789000.0,CONDO,CONDO,Waterfront Communities C1,43.6466285,-79.4017026,2,1,2,850.0
799000.0,799000.0,799000.0,CONDO,CONDO,Yonge Eglinton,43.7011033,-79.3978507,2,0,2,1300.0
719900.0,719900.0,719900.0,CONDO,CONDO,Waterfront Communities C1,43.6404932,-79.3949157,2,1,2,750.0
799900.0,799900.0,799900.0,CONDO,CONDO,Bay Street Corridor,43.6570436,-79.3820394,2,1,2,750.0
749999.0,749999.0,749999.0,CONDO,CONDO,Little Portugal,43.6430625,-79.4281337,2,0,2,850.0
749900.0,749900.0,749900.0,CONDO,CONDO,Waterfront Communities C1,43.6456547,-79.39044779999999,2,1,2,850.0
715000.0,715000.0,715000.0,CONDO,CONDO,Waterfront Communities C1,43.6455046,-79.3924571,1,1,1,650.0
750000.0,750000.0,750000.0,CONDO,CONDO,Waterfront Communities C1,43.6455046,-79.3924571,1,1,1,650.0
725000.0,725000.0,725000.0,CONDO,CONDO,Yonge St Clair,43.6870884,-79.3940321,2,0,2,750.0
799999.0,799999.0,799999.0,CONDO,CONDO,Waterfront Communities The Island,43.6420815,-79.3828097,2,0,2,850.0
789000.0,789000.0,789000.0,CONDO,CONDO,Waterfront Communities C1,43.6456547,-79.39044779999999,2,1,2,850.0
719800.0,719800.0,719800.0,CONDO,CONDO,Waterfront Communities C1,43.641744,-79.381956,2,1,2,750.0
720000.0,720000.0,720000.0,CONDO,CONDO,Moss Park,43.6598321,-79.3752612,2,0,2,550.0
779900.0,779900.0,779900.0,CONDO,CONDO,Bay Street Corridor,43.6601368,-79.3858692,2,0,2,850.0
719900.0,719900.0,719900.0,CONDO,CONDO,Mount Pleasant East,43.7137533,-79.3936945,1,0,1,350.0
739990.0,739990.0,739990.0,CONDO,CONDO,Waterfront Communities C8,43.6461573,-79.3649984,2,1,2,950.0
739000.0,739000.0,739000.0,CONDO,CONDO,Niagara,43.6415894,-79.4157619,2,0,2,650.0
749888.0,749888.0,749888.0,CONDO,CONDO,Waterfront Communities C8,43.6505719,-79.3572672,2,0,2,750.0
739000.0,739000.0,739000.0,CONDO,CONDO,Mount Pleasant West,43.7060208,-79.3952793,2,0,2,650.0
799000.0,799000.0,799000.0,CONDO,CONDO,Waterfront Communities C8,43.6502609,-79.36741839999999,2,0,2,750.0
720000.0,720000.0,720000.0,CONDO,CONDO,Church-Yonge Corridor,43.6616592,-79.3767151,2,1,2,750.0
749998.0,749998.0,749998.0,CONDO,CONDO,Waterfront Communities C8,43.6451929,-79.3699206,2,0,2,850.0
729000.0,729000.0,729000.0,CONDO,CONDO,High Park Swansea,43.635791,-79.471248,2,0,2,850.0
720990.0,720990.0,720990.0,CONDO,CONDO,Waterfront Communities C1,43.6466285,-79.4017026,1,1,2,850.0
719000.0,719000.0,719000.0,CONDO,CONDO,North St James Town,43.6722218,-79.37735959999999,2,0,2,750.0
789000.0,789000.0,789000.0,CONDO,CONDO,Yonge St Clair,43.68863409999999,-79.4017073,2,0,2,1100.0
729900.0,729900.0,729900.0,CONDO,CONDO,Waterfront Communities The Island,43.6457578,-79.3946255,2,0,2,750.0
738888.0,738888.0,738888.0,CONDO,CONDO,Annex,43.674608,-79.399531,2,0,2,650.0
749000.0,749000.0,749000.0,CONDO,CONDO,Niagara,43.6396262,-79.4157955,2,0,2,850.0
720000.0,720000.0,720000.0,CONDO,CONDO,Bay Street Corridor,43.6505114,-79.3820778,2,1,2,850.0
749999.0,749999.0,749999.0,CONDO,CONDO,Waterfront Communities The Island,43.645072,-79.390868,2,0,2,850.0
749900.0,749900.0,749900.0,CONDO,CONDO,Newtonbrook East,43.7844401,-79.4151208,2,0,2,1500.0
788000.0,788000.0,788000.0,CONDO,CONDO,Bathurst Manor,43.75175,-79.4583528,3,0,2,1100.0
769000.0,769000.0,769000.0,CONDO,CONDO,South Riverdale,43.6653438,-79.3405167,2,0,2,850.0
739000.0,739000.0,739000.0,CONDO,CONDO,Annex,43.6733118,-79.415925,2,1,2,750.0
749900.0,749900.0,749900.0,CONDO,CONDO,Waterfront Communities C1,43.650446,-79.38771,3,0,2,750.0
729000.0,729000.0,729000.0,CONDO,CONDO,Church-Yonge Corridor,43.6659044,-79.3834934,2,0,2,750.0
789900.0,789900.0,789900.0,CONDO,CONDO,Mount Pleasant West,43.7060208,-79.3952793,3,0,2,850.0
799000.0,799000.0,799000.0,CONDO,CONDO,Banbury Don Mills,43.7267929,-79.3281245,2,1,2,1100.0
749900.0,749900.0,749900.0,CONDO,CONDO,Casa Loma,43.6830274,-79.4179185,2,0,2,750.0
749000.0,749000.0,749000.0,CONDO,CONDO,Waterfront Communities The Island,43.6421254,-79.3807088,2,0,2,850.0
735000.0,735000.0,735000.0,CONDO,CONDO,Waterfront Communities C1,43.6404408,-79.3971889,1,1,1,650.0
715000.0,715000.0,715000.0,CONDO,CONDO,Niagara,43.6449103,-79.4142458,1,1,1,650.0
789000.0,789000.0,789000.0,CONDO,CONDO,Waterfront Communities The Island,43.6475103,-79.3927254,2,0,1,650.0
719000.0,719000.0,719000.0,CONDO,CONDO,Waterfront Communities The Island,43.6489903,-79.3870081,2,0,1,650.0
798000.0,798000.0,0.0,CONDO,CONDO,Yonge St Clair,43.6867181,-79.3965311,1,0,1,750.0
728800.0,728800.0,0.0,CONDO,CONDO,Waterfront Communities The Island,43.6403228,-79.3917567,1,1,1,750.0
764900.0,764900.0,0.0,CONDO,CONDO,Niagara,43.641087,-79.4183872,3,0,1,950.0
719999.0,719999.0,0.0,CONDO,CONDO,Waterfront Communities C8,43.65399619999999,-79.3540871,2,0,2,750.0
787500.0,787500.0,0.0,CONDO,CONDO,Waterfront Communities C1,43.645345,-79.39162999999999,1,1,2,550.0
759900.0,759900.0,0.0,CONDO,CONDO,Bay Street Corridor,43.6568586,-79.3836642,2,0,2,1100.0
749999.0,749999.0,0.0,CONDO,CONDO,Niagara,43.6398765,-79.4167372,2,0,2,850.0
790000.0,790000.0,0.0,CONDO,CONDO,Bay Street Corridor,43.6569939,-79.3821206,1,1,1,550.0
860000.0,860000.0,860000.0,CONDO,CONDO,Greenwood Coxwell,43.668398,-79.317607,2,0,2,950.0
848000.0,848000.0,848000.0,CONDO,CONDO,Yonge-Eglinton,43.7043834,-79.4067665,3,0,1,1300.0
859990.0,859990.0,859990.0,CONDO,CONDO,Trinity-Bellwoods,43.6497203,-79.4226071,3,0,2,750.0
825000.0,825000.0,825000.0,CONDO,CONDO,Mount Pleasant West,43.740237,-79.3648408,2,0,2,850.0
888000.0,888000.0,888000.0,CONDO,CONDO,Waterfront Communities C1,43.6375677,-79.3995487,3,0,2,850.0
899000.0,899000.0,899000.0,CONDO,CONDO,Annex,43.6746365,-79.395541,2,0,2,1100.0
848000.0,848000.0,848000.0,CONDO,CONDO,Church-Yonge Corridor,43.6692159,-79.3840396,2,0,2,750.0
820000.0,820000.0,820000.0,CONDO,CONDO,Niagara,43.641404,-79.410597,2,0,2,850.0
815000.0,815000.0,815000.0,CONDO,CONDO,Moss Park,43.6533131,-79.3598823,3,0,2,950.0
825000.0,825000.0,825000.0,CONDO,CONDO,Moss Park,43.6533131,-79.3598823,2,1,2,750.0
849000.0,849000.0,849000.0,CONDO,CONDO,High Park Swansea,43.636943,-79.4689321,2,1,2,1100.0
899900.0,899900.0,899900.0,CONDO,CONDO,Bay Street Corridor,43.6593726,-79.3825439,2,0,2,850.0
849500.0,849500.0,849500.0,CONDO,CONDO,Niagara,43.6383649,-79.4145613,2,1,2,950.0
849000.0,849000.0,849000.0,CONDO,CONDO,Niagara,43.6409419,-79.40371499999999,3,0,2,850.0
888000.0,888000.0,888000.0,CONDO,CONDO,Waterfront Communities C1,43.6520223,-79.37026440000001,2,0,2,850.0
829900.0,829900.0,829900.0,CONDO,CONDO,North St James Town,43.6722218,-79.37735959999999,2,0,2,750.0
865000.0,865000.0,865000.0,CONDO,CONDO,Waterfront Communities The Island,43.6385874,-79.3861462,1,1,1,1100.0
888000.0,888000.0,888000.0,CONDO,CONDO,Mount Pleasant West,43.7112123,-79.393322,3,0,2,850.0
895000.0,895000.0,895000.0,CONDO,CONDO,Annex,43.6717424,-79.3878028,2,0,2,650.0
839900.0,839900.0,839900.0,CONDO,CONDO,Moss Park,43.6521242,-79.36526959999999,2,0,2,750.0
889900.0,889900.0,889900.0,CONDO,CONDO,South Riverdale,43.6592265,-79.347831,1,0,1,750.0
824500.0,824500.0,824500.0,CONDO,CONDO,South Riverdale,43.6653438,-79.3405167,2,0,2,850.0
888000.0,888000.0,888000.0,CONDO,CONDO,Waterfront Communities C1,43.6411905,-79.3829556,3,1,2,1100.0
889900.0,889900.0,889900.0,CONDO,CONDO,Waterfront Communities C1,43.6389128,-79.3986425,3,0,2,1100.0
865000.0,865000.0,865000.0,CONDO,CONDO,Waterfront Communities C1,43.6454035,-79.40141369999999,2,0,2,950.0
858000.0,858000.0,858000.0,CONDO,CONDO,Annex,43.6748768,-79.3996322,2,1,2,850.0
899800.0,899800.0,899800.0,CONDO,CONDO,Waterfront Communities The Island,43.6415332,-79.3826529,2,0,2,950.0
885000.0,885000.0,885000.0,CONDO,CONDO,Waterfront Communities The Island,43.6403108,-79.3908593,2,1,2,950.0
849999.0,849999.0,849999.0,CONDO,CONDO,Wychwood,43.6833566,-79.4186353,2,0,2,950.0
849990.0,849990.0,849990.0,CONDO,CONDO,High Park North,43.6555257,-79.45738940000001,1,1,2,650.0
868888.0,868888.0,868888.0,CONDO,CONDO,Bay Street Corridor,43.6592197,-79.3824919,2,0,2,750.0
899900.0,899900.0,899900.0,CONDO,CONDO,Lawrence Park South,43.7244305,-79.4023692,2,0,2,950.0
879900.0,879900.0,879900.0,CONDO,CONDO,Waterfront Communities The Island,43.6482422,-79.3949808,2,0,2,1043.0
809000.0,809000.0,809000.0,CONDO,CONDO,Niagara,43.6418932,-79.4144587,2,0,2,950.0
844000.0,844000.0,844000.0,CONDO,CONDO,High Park North,43.6521875,-79.4721012,2,0,2,850.0
820000.0,820000.0,820000.0,CONDO,CONDO,Blake-Jones,43.6811252,-79.3324348,2,1,2,950.0
889000.0,889000.0,889000.0,CONDO,CONDO,Church-Yonge Corridor,43.6622339,-79.3792506,3,0,2,950.0
869500.0,869500.0,869500.0,CONDO,CONDO,TCKC - Kensington-Chinatown,43.6496767,-79.3992309,2,0,3,1056.0
818000.0,818000.0,818000.0,CONDO,CONDO,Annex,43.6753313,-79.3971281,2,0,2,850.0
859000.0,859000.0,859000.0,CONDO,CONDO,Mount Pleasant West,43.7104736,-79.3924946,2,0,2,750.0
869000.0,869000.0,869000.0,CONDO,CONDO,Mount Pleasant West,43.7104736,-79.3924946,2,0,2,750.0
848000.0,848000.0,848000.0,CONDO,CONDO,Waterfront Communities C1,43.6471782,-79.3910623,2,0,2,850.0
899990.0,899990.0,899990.0,CONDO,CONDO,Niagara,43.636608,-79.4048673,2,1,2,950.0
890555.0,890555.0,890555.0,CONDO,CONDO,Waterfront Communities C8,43.64394670000001,-79.37450869999999,1,1,1,650.0
838888.0,838888.0,838888.0,CONDO,CONDO,Church-Yonge Corridor,43.6696399,-79.38273869999999,2,0,2,750.0
899000.0,899000.0,899000.0,CONDO,CONDO,South Riverdale,43.6629934,-79.3404389,2,0,1,950.0
830000.0,830000.0,830000.0,CONDO,CONDO,Annex,43.6753313,-79.3971281,2,0,2,850.0
849000.0,849000.0,849000.0,CONDO,CONDO,Niagara,43.6382738,-79.415117,2,1,2,1100.0
859000.0,859000.0,859000.0,CONDO,CONDO,Yonge Eglinton,43.7040059,-79.3998499,2,1,2,950.0
840000.0,840000.0,840000.0,CONDO,CONDO,Niagara,43.6398765,-79.4167372,2,1,2,850.0
820000.0,820000.0,820000.0,CONDO,CONDO,Waterfront Communities C1,43.6410444,-79.4012738,2,1,2,950.0
869000.0,869000.0,869000.0,CONDO,CONDO,Waterfront Communities C1,43.64798769999999,-79.39183899999999,3,0,2,950.0
849999.0,849999.0,849999.0,CONDO,CONDO,Little Portugal,43.642236,-79.4264979,2,0,2,850.0
849000.0,849000.0,849000.0,CONDO,CONDO,Bay Street Corridor,43.665412,-79.3871187,2,1,2,1100.0
819000.0,819000.0,819000.0,CONDO,CONDO,Waterfront Communities The Island,43.6420815,-79.3828097,2,0,2,850.0
849900.0,849900.0,849900.0,CONDO,CONDO,High Park Swansea,43.6372542,-79.4733446,2,1,2,1500.0
829000.0,829000.0,829000.0,CONDO,CONDO,North St James Town,43.67170309999999,-79.3722379,2,0,2,850.0
849000.0,849000.0,849000.0,CONDO,CONDO,Mount Pleasant West,43.7046424,-79.3975411,2,0,2,750.0
849900.0,849900.0,849900.0,CONDO,CONDO,Moss Park,43.6521242,-79.36526959999999,2,0,2,750.0
867500.0,867500.0,867500.0,CONDO,CONDO,Waterfront Communities C1,43.6473801,-79.3872741,2,0,1,850.0
839000.0,839000.0,839000.0,CONDO,CONDO,Waterfront Communities The Island,43.6471782,-79.3910623,2,0,2,850.0
899900.0,899900.0,899900.0,CONDO,CONDO,Rosedale Moore Park,43.6724917,-79.3781288,2,0,2,1500.0
899900.0,899900.0,899900.0,CONDO,CONDO,Bay Street Corridor,43.6620882,-79.3856802,2,0,2,750.0
822990.0,822990.0,822990.0,CONDO,CONDO,East End-Danforth,43.6878454,-79.3019439,2,0,2,950.0
880000.0,880000.0,880000.0,CONDO,CONDO,Waterfront Communities The Island,43.64236469999999,-79.3725585,2,1,1,850.0
849000.0,849000.0,849000.0,CONDO,CONDO,Lansing Westgate,43.7624163,-79.4128224,2,0,2,1100.0
828000.0,828000.0,828000.0,CONDO,CONDO,Moss Park,43.6521176,-79.3714605,1,1,2,750.0
888000.0,888000.0,888000.0,CONDO,CONDO,Waterfront Communities C1,43.6453719,-79.39144859999999,3,0,2,850.0
809000.0,809000.0,809000.0,CONDO,CONDO,Niagara,43.6363473,-79.4033989,2,0,1,1100.0
868000.0,868000.0,868000.0,CONDO,CONDO,Church-Yonge Corridor,43.6533456,-79.3793731,3,0,2,850.0
898000.0,898000.0,898000.0,CONDO,CONDO,Bay Street Corridor,43.6462325,-79.3835846,2,1,2,1500.0
859999.0,859999.0,859999.0,CONDO,CONDO,Bay Street Corridor,43.6624074,-79.3858983,2,1,2,850.0
868000.0,868000.0,868000.0,CONDO,CONDO,Church-Yonge Corridor,43.6563038,-79.3772891,1,1,1,550.0
825000.0,825000.0,825000.0,CONDO,CONDO,Moss Park,43.6543608,-79.36298029999999,3,0,2,950.0
849900.0,849900.0,849900.0,CONDO,CONDO,Moss Park,43.6554828,-79.357984,2,0,2,950.0
885000.0,885000.0,885000.0,CONDO,CONDO,Rosedale Moore Park,43.6729857,-79.3870289,2,1,2,850.0
879000.0,879000.0,879000.0,CONDO,CONDO,Rosedale-Moore Park,43.6729857,-79.3870289,2,1,2,850.0
830000.0,830000.0,830000.0,CONDO,CONDO,Waterfront Communities C1,43.641872,-79.3796564,2,0,2,750.0
899000.0,899000.0,899000.0,CONDO,CONDO,Waterfront Communities C1,43.641872,-79.3796564,2,1,2,750.0
825000.0,825000.0,825000.0,CONDO,CONDO,Mount Pleasant West,43.6959683,-79.3957747,1,1,1,750.0
839900.0,839900.0,839900.0,CONDO,CONDO,Cabbagetown South St James Town,43.666688,-79.374897,3,0,2,850.0
899000.0,899000.0,899000.0,CONDO,CONDO,South Parkdale,43.6362074,-79.4666071,2,0,2,1100.0
899000.0,899000.0,899000.0,CONDO,CONDO,Church Yonge Corridor,43.6686162,-79.3843472,2,1,2,950.0
808888.0,808888.0,808888.0,CONDO,CONDO,Niagara,43.6398765,-79.4167372,2,1,2,1100.0
819000.0,819000.0,819000.0,CONDO,CONDO,Church-Yonge Corridor,43.65490810000001,-79.37468480000001,3,0,2,850.0
899000.0,899000.0,899000.0,CONDO,CONDO,Waterfront Communities The Island,43.6381358,-79.39147,2,0,2,950.0
888000.0,888000.0,888000.0,CONDO,CONDO,Bay Street Corridor,43.6624074,-79.3858983,2,1,2,850.0
899000.0,899000.0,899000.0,CONDO,CONDO,Mount Pleasant West,43.7060208,-79.3952793,2,0,2,850.0
899000.0,899000.0,899000.0,CONDO,CONDO,Annex,43.6716658,-79.3881636,1,1,1,550.0
899000.0,899000.0,899000.0,CONDO,CONDO,Church-Yonge Corridor,43.6700845,-79.3864005,2,0,2,750.0
820000.0,820000.0,820000.0,CONDO,CONDO,Waterfront Communities C1,43.6463498,-79.3936293,2,0,2,850.0
818000.0,818000.0,818000.0,CONDO,CONDO,Church-Yonge Corridor,43.6700845,-79.3864005,1,1,2,750.0
869000.0,869000.0,869000.0,CONDO,CONDO,Waterfront Communities The Island,43.6427017,-79.3933634,2,1,2,950.0
849000.0,849000.0,849000.0,CONDO,CONDO,Waterfront Communities C1,43.6476771,-79.39335820000001,2,0,2,750.0
885000.0,885000.0,885000.0,CONDO,CONDO,Waterfront Communities The Island,43.6406816,-79.376999,2,0,3,1503.0
849900.0,849900.0,849900.0,CONDO,CONDO,Waterfront Communities The Island,43.6400003,-79.3788904,2,0,2,950.0
825000.0,825000.0,825000.0,CONDO,CONDO,Waterfront Communities C1,43.646985,-79.3916675,3,0,2,850.0
819000.0,819000.0,819000.0,CONDO,CONDO,TCRM - Rosedale-Moore Park,43.6739603,-79.3715086,2,0,2,1084.0
888000.0,888000.0,888000.0,CONDO,CONDO,Church-Yonge Corridor,43.6533456,-79.3793731,3,0,2,850.0
829000.0,829000.0,829000.0,CONDO,CONDO,High Park North,43.655709,-79.4564077,2,0,2,850.0
879900.0,879900.0,879900.0,CONDO,CONDO,Waterfront Communities The Island,43.6456503,-79.3964914,2,1,2,950.0
899000.0,899000.0,899000.0,CONDO,CONDO,Waterfront Communities C1,43.6460155,-79.3940644,2,1,2,950.0
890000.0,890000.0,890000.0,CONDO,CONDO,Rosedale Moore Park,43.6729857,-79.3870289,2,1,2,850.0
849000.0,849000.0,849000.0,CONDO,CONDO,Church-Yonge Corridor,43.6631942,-79.3836379,2,0,2,750.0
819000.0,819000.0,819000.0,CONDO,CONDO,Rosedale-Moore Park,43.6711219,-79.38702579999999,2,0,2,650.0
819000.0,819000.0,819000.0,CONDO,CONDO,Yonge-Eglinton,43.7080568,-79.400489,2,0,2,850.0
819000.0,819000.0,819000.0,CONDO,CONDO,High Park North,43.6556663,-79.4682434,2,0,2,1100.0
848000.0,848000.0,848000.0,CONDO,CONDO,Church-Yonge Corridor,43.6656662,-79.3826067,2,0,2,750.0
880000.0,880000.0,880000.0,CONDO,CONDO,Annex,43.6717424,-79.3878028,2,0,2,650.0
895000.0,895000.0,895000.0,CONDO,CONDO,Waterfront Communities C1,43.6471782,-79.3910623,2,0,2,850.0
895000.0,895000.0,895000.0,CONDO,CONDO,The Beaches,43.6642589,-79.3094767,2,0,2,850.0
849000.0,849000.0,849000.0,CONDO,CONDO,Roncesvalles,43.652008,-79.4495376,2,1,2,850.0
809000.0,809000.0,809000.0,CONDO,CONDO,High Park Swansea,43.6372542,-79.4733446,2,1,2,1100.0
880000.0,880000.0,880000.0,CONDO,CONDO,Waterfront Communities The Island,43.6397205,-79.384172,2,0,2,850.0
879000.0,879000.0,879000.0,CONDO,CONDO,Yonge St Clair,43.6865805,-79.3975526,1,1,1,950.0
850000.0,850000.0,850000.0,CONDO,CONDO,Church-Yonge Corridor,43.6613845,-79.3805445,2,1,2,1300.0
810000.0,810000.0,810000.0,CONDO,CONDO,Niagara,43.6387744,-79.4117185,3,1,2,850.0
859000.0,859000.0,859000.0,CONDO,CONDO,Waterfront Communities The Island,43.6400887,-79.3939574,2,1,2,950.0
849000.0,849000.0,849000.0,CONDO,CONDO,Waterfront Communities C1,43.6387206,-79.3994587,3,0,2,1100.0
899000.0,899000.0,899000.0,CONDO,CONDO,Waterfront Communities C8,43.64440039999999,-79.3712891,2,0,2,750.0
827500.0,827500.0,827500.0,CONDO,CONDO,Niagara,43.6383649,-79.4145613,2,1,2,850.0
879000.0,879000.0,879000.0,CONDO,CONDO,Church Yonge Corridor,43.6491763,-79.3770958,2,1,2,1300.0
899900.0,899900.0,899900.0,CONDO,CONDO,Bay Street Corridor,43.6694723,-79.3874877,2,0,2,950.0
849000.0,849000.0,849000.0,CONDO,CONDO,Waterfront Communities C1,43.6398049,-79.3979687,2,1,2,950.0
875000.0,875000.0,875000.0,CONDO,CONDO,Bay Street Corridor,43.6694723,-79.3874877,2,0,2,850.0
889000.0,889000.0,889000.0,CONDO,CONDO,Annex,43.6716658,-79.3881636,1,1,1,550.0
888900.0,888900.0,888900.0,CONDO,CONDO,Cabbagetown South St James Town,43.6628495,-79.3762687,3,0,2,1357.0
869900.0,869900.0,869900.0,CONDO,CONDO,Mount Pleasant West,43.7101675,-79.39241950000002,3,0,2,850.0
875000.0,875000.0,875000.0,CONDO,CONDO,Mount Pleasant West,43.703692,-79.39675299999999,2,1,2,850.0
869000.0,869000.0,869000.0,CONDO,CONDO,Waterfront Communities C1,43.6461914,-79.39106269999999,2,0,2,750.0
850679.0,850679.0,850679.0,CONDO,CONDO,Mount Pleasant East,43.70951489999999,-79.3769059,2,1,2,750.0
820000.0,820000.0,820000.0,CONDO,CONDO,Casa Loma,43.685681,-79.4046791,2,0,2,850.0
879900.0,879900.0,879900.0,CONDO,CONDO,Mount Pleasant West,43.6959683,-79.3957747,2,0,2,950.0
889900.0,889900.0,889900.0,CONDO,CONDO,Waterfront Communities C1,43.6398669,-79.3822761,2,1,2,850.0
859000.0,859000.0,859000.0,CONDO,CONDO,Waterfront Communities The Island,43.6368129,-79.3975163,2,1,2,850.0
875000.0,875000.0,875000.0,CONDO,CONDO,Waterfront Communities C1,43.6377203,-79.3999946,3,0,2,850.0
829000.0,829000.0,829000.0,CONDO,CONDO,Church Yonge Corridor,43.6492853,-79.3738227,1,1,1,1100.0
880000.0,880000.0,880000.0,CONDO,CONDO,Annex,43.6732429,-79.3898622,2,0,2,850.0
839000.0,839000.0,839000.0,CONDO,CONDO,Kensington-Chinatown,43.6571925,-79.4014703,3,0,2,850.0
875000.0,875000.0,875000.0,CONDO,CONDO,Moss Park,43.6534041,-79.3680104,2,1,2,850.0
839900.0,839900.0,839900.0,CONDO,CONDO,North Riverdale,43.6673814,-79.345098,2,0,2,950.0
899000.0,899000.0,899000.0,CONDO,CONDO,South Riverdale,43.659017,-79.348095,1,1,2,1100.0
850000.0,850000.0,850000.0,CONDO,CONDO,South Parkdale,43.6384492,-79.4274302,3,0,2,950.0
849000.0,849000.0,849000.0,CONDO,CONDO,Trinity-Bellwoods,43.6466631,-79.4193289,1,1,1,850.0
899900.0,899900.0,899900.0,CONDO,CONDO,High Park-Swansea,43.63625520000001,-79.4708718,2,1,2,1100.0
850000.0,850000.0,850000.0,CONDO,CONDO,Kensington-Chinatown,43.6571925,-79.4014703,2,1,2,750.0
829000.0,829000.0,829000.0,CONDO,CONDO,Annex,43.6717424,-79.3878028,1,1,2,650.0
878000.0,878000.0,878000.0,CONDO,CONDO,Kensington-Chinatown,43.6550921,-79.388993,2,0,2,750.0
885000.0,885000.0,885000.0,CONDO,CONDO,Waterfront Communities The Island,43.6404948,-79.3808155,2,0,2,850.0
849000.0,849000.0,849000.0,CONDO,CONDO,The Beaches,43.6689348,-79.3061422,2,0,2,950.0
849900.0,849900.0,849900.0,CONDO,CONDO,Moss Park,43.6548253,-79.388447,2,0,2,850.0
849900.0,849900.0,849900.0,CONDO,CONDO,Annex,43.6687408,-79.3954127,1,1,2,750.0
830000.0,830000.0,830000.0,CONDO,CONDO,Waterfront Communities The Island,43.6431621,-79.3762619,2,1,2,850.0
846000.0,846000.0,846000.0,CONDO,CONDO,Bay Street Corridor,43.6648469,-79.3861096,2,1,2,1300.0
850000.0,850000.0,850000.0,CONDO,CONDO,Waterfront Communities The Island,43.6439014,-79.3994795,2,0,2,1100.0
889900.0,889900.0,889900.0,CONDO,CONDO,Moss Park,43.6548253,-79.388447,2,0,2,950.0
857990.0,857990.0,857990.0,CONDO,CONDO,Mount Pleasant West,43.7047306,-79.3972431,2,0,2,750.0
899000.0,899000.0,899000.0,CONDO,CONDO,Waterfront Communities C1,43.6388732,-79.3986617,3,0,2,1100.0
840699.0,840699.0,840699.0,CONDO,CONDO,Yonge-Eglinton,43.703159,-79.3980089,1,1,2,750.0
860990.0,860990.0,860990.0,CONDO,CONDO,Annex,43.67112179999999,-79.3877595,2,0,2,750.0
863990.0,863990.0,863990.0,CONDO,CONDO,Annex,43.67112179999999,-79.3877595,2,0,2,750.0
850000.0,850000.0,850000.0,CONDO,CONDO,Waterfront Communities C1,43.6453719,-79.39144859999999,2,0,2,750.0
809000.0,809000.0,809000.0,CONDO,CONDO,North St James Town,43.6714676,-79.3716943,2,0,2,850.0
849000.0,849000.0,849000.0,CONDO,CONDO,Waterfront Communities C1,43.6469207,-79.3914958,2,0,2,650.0
868000.0,868000.0,868000.0,CONDO,CONDO,Moss Park,43.653598,-79.3662319,2,0,2,950.0
825000.0,825000.0,825000.0,CONDO,CONDO,Church Yonge Corridor,43.6517024,-79.3747876,1,1,2,1100.0
839000.0,839000.0,839000.0,CONDO,CONDO,Moss Park,43.6510089,-79.3679305,2,1,2,950.0
899000.0,899000.0,899000.0,CONDO,CONDO,Bay Street Corridor,43.664945,-79.38522549999999,3,0,2,950.0
849000.0,849000.0,849000.0,CONDO,CONDO,University,43.6620243,-79.3865463,2,0,2,850.0
849900.0,849900.0,849900.0,CONDO,CONDO,The Beaches,43.6722707,-79.2879554,2,0,1,850.0
859000.0,859000.0,859000.0,CONDO,CONDO,Junction Area,43.6668979,-79.4642771,3,1,2,950.0
879000.0,879000.0,879000.0,CONDO,CONDO,Waterfront Communities C1,43.64258299999999,-79.39603699999999,1,1,2,650.0
890000.0,890000.0,890000.0,CONDO,CONDO,Waterfront Communities C8,43.6461099,-79.3762378,2,0,2,850.0
899000.0,899000.0,899000.0,CONDO,CONDO,Church-Yonge Corridor,43.6631942,-79.3836379,2,1,2,750.0
808888.0,808888.0,808888.0,CONDO,CONDO,Waterfront Communities C8,43.6458823,-79.375992,2,0,2,850.0
899000.0,899000.0,899000.0,CONDO,CONDO,Kensington-Chinatown,43.6571925,-79.4014703,2,1,2,750.0
858000.0,858000.0,858000.0,CONDO,CONDO,Bay Street Corridor,43.6548545,-79.3846682,2,1,2,950.0
859000.0,859000.0,859000.0,CONDO,CONDO,Church-Yonge Corridor,43.6560563,-79.3772154,1,1,1,550.0
879000.0,879000.0,879000.0,CONDO,CONDO,Waterfront Communities The Island,43.6505719,-79.3572672,2,1,2,850.0
869000.0,869000.0,869000.0,CONDO,CONDO,Moss Park,43.6502609,-79.36741839999999,3,0,3,950.0
896000.0,896000.0,896000.0,CONDO,CONDO,University,43.656728,-79.3834317,2,0,2,850.0
859000.0,859000.0,859000.0,CONDO,CONDO,Annex,43.6683065,-79.4013115,1,0,1,850.0
845000.0,845000.0,845000.0,CONDO,CONDO,Niagara,43.6409419,-79.40371499999999,2,1,2,950.0
838000.0,838000.0,838000.0,CONDO,CONDO,Waterfront Communities C8,43.6501177,-79.3579349,2,0,2,850.0
819900.0,819900.0,819900.0,CONDO,CONDO,North Riverdale,43.6673814,-79.345098,2,0,2,950.0
898888.0,898888.0,898888.0,CONDO,CONDO,Waterfront Communities C1,43.6412251,-79.3809582,2,0,2,850.0
899900.0,899900.0,899900.0,CONDO,CONDO,Annex,43.6716658,-79.3881636,1,0,1,650.0
825000.0,825000.0,825000.0,CONDO,CONDO,Yonge St Clair,43.6804148,-79.3985757,1,0,1,750.0
849000.0,849000.0,849000.0,CONDO,CONDO,Niagara,43.63978890000001,-79.4096362,2,0,2,850.0
850000.0,850000.0,850000.0,CONDO,CONDO,Kensington-Chinatown,43.6550449,-79.3890229,2,0,2,650.0
849990.0,849990.0,849990.0,CONDO,CONDO,Moss Park,43.6548253,-79.388447,2,0,2,850.0
830900.0,830900.0,830900.0,CONDO,CONDO,Roncesvalles,43.64378809999999,-79.4329655,1,1,1,650.0
835900.0,835900.0,835900.0,CONDO,CONDO,Roncesvalles,43.64378809999999,-79.4329655,1,0,1,650.0
859000.0,859000.0,859000.0,CONDO,CONDO,Bay Street Corridor,43.6648039,-79.3869669,2,1,2,850.0
829000.0,829000.0,829000.0,CONDO,CONDO,Moss Park,43.6544263,-79.3630493,3,1,2,950.0
850000.0,850000.0,850000.0,CONDO,CONDO,South Parkdale,43.6393278,-79.4268762,2,0,2,850.0
849000.0,849000.0,849000.0,CONDO,CONDO,Annex,43.6726511,-79.388732,2,0,2,850.0
849000.0,849000.0,849000.0,CONDO,CONDO,South Parkdale,43.6384492,-79.4274302,2,0,2,1500.0
869999.0,869999.0,869999.0,CONDO,CONDO,Church-Yonge Corridor,43.6700845,-79.3864005,1,1,2,750.0
849000.0,849000.0,849000.0,CONDO,CONDO,Church-Yonge Corridor,43.6610167,-79.3765617,2,1,2,1100.0
849000.0,849000.0,849000.0,CONDO,CONDO,Mount Pleasant West,43.7054442,-79.39577039999999,3,0,2,850.0
829500.0,829500.0,829500.0,CONDO,CONDO,Bay Street Corridor,43.6617616,-79.3836302,2,0,2,750.0
880000.0,880000.0,880000.0,CONDO,CONDO,Moss Park,43.6510089,-79.3679305,2,1,2,950.0
899000.0,899000.0,899000.0,CONDO,CONDO,South Parkdale,43.6384492,-79.4274302,3,0,2,850.0
888000.0,888000.0,888000.0,CONDO,CONDO,Waterfront Communities C1,43.6417001,-79.3823197,3,0,2,1100.0
848000.0,848000.0,848000.0,CONDO,CONDO,Banbury-Don Mills,43.73315050000001,-79.3438269,2,1,2,950.0
880000.0,880000.0,880000.0,CONDO,CONDO,Bay Street Corridor,43.6645609,-79.3852342,2,1,2,850.0
818000.0,818000.0,818000.0,CONDO,CONDO,Mount Pleasant West,43.7046189,-79.3972016,2,0,2,750.0
899990.0,899990.0,899990.0,CONDO,CONDO,Waterfront Communities C1,43.6466285,-79.4017026,2,1,2,950.0
865000.0,865000.0,865000.0,CONDO,CONDO,Waterfront Communities C1,43.64798769999999,-79.39183899999999,2,0,2,750.0
848000.0,848000.0,848000.0,CONDO,CONDO,Church Yonge Corridor,43.6550609,-79.3760574,1,2,3,950.0
899000.0,899000.0,899000.0,CONDO,CONDO,Waterfront Communities C1,43.6375677,-79.3995487,3,0,2,850.0
849000.0,849000.0,849000.0,CONDO,CONDO,Niagara,43.6372054,-79.4035754,2,1,2,950.0
851000.0,851000.0,851000.0,CONDO,CONDO,Church Yonge Corridor,43.6556717,-79.3765741,2,0,2,650.0
899900.0,899900.0,899900.0,CONDO,CONDO,Waterfront Communities The Island,43.6454222,-79.3937919,2,1,1,950.0
889900.0,889900.0,0.0,CONDO,CONDO,Bay Street Corridor,43.6620882,-79.3856802,2,1,2,850.0
888888.0,888888.0,0.0,CONDO,CONDO,Mount Pleasant West,43.7067244,-79.3971563,2,1,2,1100.0
825000.0,825000.0,0.0,CONDO,CONDO,Waterfront Communities The Island,43.6455213,-79.3687484,2,0,2,850.0
887500.0,887500.0,0.0,CONDO,CONDO,Waterfront Communities C1,43.645345,-79.39162999999999,2,1,2,750.0
849000.0,849000.0,0.0,CONDO,CONDO,High Park North,43.6543545,-79.4632051,1,1,2,650.0
998000.0,998000.0,998000.0,CONDO,CONDO,The Beaches,43.6673714,-79.3110607,2,0,2,950.0
959900.0,959900.0,959900.0,CONDO,CONDO,Dovercourt-Wallace Emerson-Junction,43.6677879,-79.4427086,3,1,2,1100.0
949000.0,949000.0,949000.0,CONDO,CONDO,Moss Park,43.6533131,-79.3598823,3,0,2,850.0
999000.0,999000.0,999000.0,CONDO,CONDO,Church Yonge Corridor,43.6651864,-79.3842887,2,0,2,1100.0
998000.0,998000.0,998000.0,CONDO,CONDO,Waterfront Communities C1,43.647656,-79.38736759999999,2,0,2,950.0
909900.0,909900.0,909900.0,CONDO,CONDO,Rosedale-Moore Park,43.6729857,-79.3870289,3,0,2,950.0
995000.0,995000.0,995000.0,CONDO,CONDO,Bay Street Corridor,43.6671043,-79.38856899999999,2,0,2,850.0
979900.0,979900.0,979900.0,CONDO,CONDO,Waterfront Communities The Island,43.6374165,-79.3983037,2,1,2,1100.0
969900.0,969900.0,969900.0,CONDO,CONDO,Junction Area,43.6709319,-79.4784085,3,0,2,1100.0
936000.0,936000.0,936000.0,CONDO,CONDO,Niagara,43.6364747,-79.4020594,2,1,2,1100.0
959999.0,959999.0,959999.0,CONDO,CONDO,Bay Street Corridor,43.6490534,-79.3861546,1,0,1,850.0
937900.0,937900.0,937900.0,CONDO,CONDO,Oakwood Village,43.6803749,-79.4337199,2,1,2,1100.0
945000.0,945000.0,945000.0,CONDO,CONDO,Waterfront Communities C1,43.6410633,-79.4011122,2,1,2,950.0
934900.0,934900.0,934900.0,CONDO,CONDO,South Parkdale,43.6365196,-79.4267364,2,0,2,650.0
950800.0,950800.0,950800.0,CONDO,CONDO,Annex,43.66859789999999,-79.3954327,2,0,2,850.0
999000.0,999000.0,999000.0,CONDO,CONDO,North St James Town,43.6715335,-79.3762824,3,0,3,1100.0
925000.0,925000.0,925000.0,CONDO,CONDO,Corso Italia-Davenport,43.67701599999999,-79.44654849999999,2,0,3,2500.0
944990.0,944990.0,944990.0,CONDO,CONDO,Niagara,43.6410126,-79.4038672,2,1,2,850.0
928000.0,928000.0,928000.0,CONDO,CONDO,Niagara,43.6396998,-79.40901559999999,2,1,2,950.0
939000.0,939000.0,939000.0,CONDO,CONDO,High Park-Swansea,43.63625520000001,-79.4708718,2,1,2,1100.0
999998.0,999998.0,999998.0,CONDO,CONDO,Church-Yonge Corridor,43.6688688,-79.38351109999999,2,0,2,750.0
999000.0,999000.0,999000.0,CONDO,CONDO,Waterfront Communities The Island,43.6400003,-79.3788904,2,0,2,1100.0
949000.0,949000.0,949000.0,CONDO,CONDO,Annex,43.6748768,-79.3996322,2,1,2,850.0
970000.0,970000.0,970000.0,CONDO,CONDO,East End-Danforth,43.6878454,-79.3019439,3,0,2,950.0
999980.0,999980.0,999980.0,CONDO,CONDO,Waterfront Communities C8,43.64992729999999,-79.3670527,3,0,3,850.0
917000.0,917000.0,917000.0,CONDO,CONDO,Trinity Bellwoods,43.6465326,-79.4232565,1,0,1,750.0
998000.0,998000.0,998000.0,CONDO,CONDO,Bay Street Corridor,43.6642638,-79.3855084,2,0,2,750.0
995000.0,995000.0,995000.0,CONDO,CONDO,High Park Swansea,43.6368174,-79.474189,2,0,2,1300.0
959000.0,959000.0,959000.0,CONDO,CONDO,Annex,43.67271179999999,-79.3886581,2,1,2,1100.0
959000.0,959000.0,959000.0,CONDO,CONDO,Waterfront Communities The Island,43.6458819,-79.3973406,2,0,2,950.0
996000.0,996000.0,996000.0,CONDO,CONDO,Annex,43.6698521,-79.39418049999999,2,1,2,850.0
910000.0,910000.0,910000.0,CONDO,CONDO,Church Yonge Corridor,43.6491763,-79.3770958,2,1,2,1300.0
965000.0,965000.0,965000.0,CONDO,CONDO,Moss Park,43.6533131,-79.3598823,3,0,2,950.0
955990.0,955990.0,955990.0,CONDO,CONDO,High Park North,43.6555257,-79.45738940000001,3,0,2,950.0
975000.0,975000.0,975000.0,CONDO,CONDO,Lawrence Park South,43.7211444,-79.4117899,2,1,2,1100.0
918000.0,918000.0,918000.0,CONDO,CONDO,Bay Street Corridor,43.6595018,-79.3847849,2,1,2,950.0
988000.0,988000.0,988000.0,CONDO,CONDO,Waterfront Communities C8,43.6443936,-79.363966,2,0,2,1100.0
999000.0,999000.0,999000.0,CONDO,CONDO,Casa Loma,43.6856818,-79.4047339,3,0,2,950.0
939000.0,939000.0,939000.0,CONDO,CONDO,Waterfront Communities C8,43.6616592,-79.3767151,3,1,3,1100.0
950000.0,950000.0,950000.0,CONDO,CONDO,Church-Yonge Corridor,43.6616458,-79.37671940000001,3,1,3,950.0
978000.0,978000.0,978000.0,CONDO,CONDO,Moss Park,43.650642,-79.36733129999999,3,0,2,850.0
999000.0,999000.0,999000.0,CONDO,CONDO,Mount Pleasant West,43.7082339,-79.3926121,2,0,2,1100.0
999000.0,999000.0,999000.0,CONDO,CONDO,Mount Pleasant West,43.71015939999999,-79.3924041,3,0,2,950.0
930000.0,930000.0,930000.0,CONDO,CONDO,Wychwood,43.6798861,-79.432801,2,1,2,850.0
975000.0,975000.0,975000.0,CONDO,CONDO,Waterfront Communities C8,43.641973,-79.3735899,2,0,2,650.0
950000.0,950000.0,950000.0,CONDO,CONDO,Annex,43.67331189999999,-79.415925,3,0,2,850.0
1000000.0,1000000.0,1000000.0,CONDO,CONDO,Moss Park,43.6528409,-79.3670217,2,0,2,850.0
917800.0,917800.0,917800.0,CONDO,CONDO,Waterfront Communities C1,43.641429,-79.3922187,2,0,2,750.0
949000.0,949000.0,949000.0,CONDO,CONDO,Yonge St Clair,43.6866509,-79.3995111,2,0,2,850.0
934900.0,934900.0,934900.0,CONDO,CONDO,Niagara,43.6422495,-79.4025059,1,1,1,950.0
998000.0,998000.0,998000.0,CONDO,CONDO,Waterfront Communities The Island,43.6414554,-79.3912936,2,1,2,1100.0
975000.0,975000.0,975000.0,CONDO,CONDO,Church Yonge Corridor,43.6700844,-79.3805554,2,0,2,950.0
979000.0,979000.0,979000.0,CONDO,CONDO,Englemount Lawrence,43.7097312,-79.428317,2,0,2,1700.0
999990.0,999990.0,999990.0,CONDO,CONDO,Annex,43.6723158,-79.3888155,2,0,2,950.0
955000.0,955000.0,955000.0,CONDO,CONDO,Waterfront Communities C1,43.6476915,-79.3933074,3,0,2,950.0
949000.0,949000.0,949000.0,CONDO,CONDO,Mount Pleasant East,43.7038354,-79.3760217,2,1,2,1500.0
985000.0,985000.0,985000.0,CONDO,CONDO,Annex,43.6748768,-79.3996322,3,0,2,950.0
920000.0,920000.0,920000.0,CONDO,CONDO,Bay Street Corridor,43.6595018,-79.3847849,2,1,2,950.0
999000.0,999000.0,999000.0,CONDO,CONDO,Church-Yonge Corridor,43.6560563,-79.3772154,2,0,2,750.0
905000.0,905000.0,905000.0,CONDO,CONDO,Lawrence Park South,43.7215557,-79.41247589999999,2,0,2,850.0
929000.0,929000.0,929000.0,CONDO,CONDO,Waterfront Communities C1,43.6411464,-79.3830668,2,1,2,850.0
999990.0,999990.0,999990.0,CONDO,CONDO,Niagara,43.6371667,-79.404733,2,1,2,1100.0
950000.0,950000.0,950000.0,CONDO,CONDO,Waterfront Communities The Island,43.6471359,-79.3982207,2,0,2,1100.0
949000.0,949000.0,949000.0,CONDO,CONDO,Waterfront Communities The Island,43.6398182,-79.3836155,2,0,2,950.0
925000.0,925000.0,925000.0,CONDO,CONDO,Waterfront Communities C1,43.6414105,-79.3924115,2,0,2,750.0
958000.0,958000.0,958000.0,CONDO,CONDO,Yonge-St. Clair,43.6867098,-79.3992581,2,0,2,850.0
988000.0,988000.0,988000.0,CONDO,CONDO,Church-Yonge Corridor,43.6521521,-79.3751936,3,0,2,850.0
986767.0,986767.0,986767.0,CONDO,CONDO,TCW1 - Waterfront Communities C1,43.6455242,-79.3907697,3,0,2,834.0
929000.0,929000.0,929000.0,CONDO,CONDO,Church Yonge Corridor,43.661933,-79.3782001,2,1,2,1500.0
950000.0,950000.0,950000.0,CONDO,CONDO,South Parkdale,43.6384492,-79.4274302,3,0,2,950.0
979000.0,979000.0,979000.0,CONDO,CONDO,Moss Park,43.65154,-79.368091,2,0,2,950.0
939000.0,939000.0,939000.0,CONDO,CONDO,Church Yonge Corridor,43.6492853,-79.3738227,1,1,2,1300.0
999999.0,999999.0,999999.0,CONDO,CONDO,Church-Yonge Corridor,43.6688688,-79.38351109999999,3,0,2,950.0
999000.0,999000.0,999000.0,CONDO,CONDO,Mount Pleasant West,43.6967588,-79.3917962,2,1,3,1300.0
925000.0,925000.0,925000.0,CONDO,CONDO,Kensington Chinatown,43.650555,-79.392231,2,0,2,850.0
939000.0,939000.0,939000.0,CONDO,CONDO,Mount Pleasant West,43.7104736,-79.3924946,3,0,2,950.0
918000.0,918000.0,918000.0,CONDO,CONDO,Kensington-Chinatown,43.6535764,-79.3889422,2,0,2,850.0
930000.0,930000.0,930000.0,CONDO,CONDO,Waterfront Communities C1,43.6476771,-79.39335820000001,3,0,2,850.0
929900.0,929900.0,929900.0,CONDO,CONDO,Moss Park,43.6548253,-79.388447,1,1,2,950.0
999990.0,999990.0,999990.0,CONDO,CONDO,Mount Pleasant West,43.7047306,-79.3972431,2,0,2,850.0
999950.0,999950.0,999950.0,CONDO,CONDO,Waterfront Communities The Island,43.6445575,-79.4021809,2,1,2,1300.0
950000.0,950000.0,950000.0,CONDO,CONDO,Church-Yonge Corridor,43.6700845,-79.3864005,2,0,2,750.0
975000.0,975000.0,975000.0,CONDO,CONDO,Mount Pleasant West,43.7056504,-79.3973799,2,0,3,1100.0
979000.0,979000.0,979000.0,CONDO,CONDO,Annex,43.6752924,-79.4013484,2,0,2,1100.0
929000.0,929000.0,929000.0,CONDO,CONDO,Waterfront Communities C1,43.6412251,-79.3809582,2,0,2,850.0
949900.0,949900.0,949900.0,CONDO,CONDO,Waterfront Communities C1,43.6397805,-79.3980052,3,0,3,1300.0
993000.0,993000.0,993000.0,CONDO,CONDO,Waterfront Communities The Island,43.646841,-79.390268,2,0,2,1100.0
960000.0,960000.0,960000.0,CONDO,CONDO,Waterfront Communities C8,43.6455213,-79.3687484,2,0,2,950.0
918000.0,918000.0,918000.0,CONDO,CONDO,Waterfront Communities The Island,43.6473801,-79.3872741,2,0,1,850.0
958000.0,958000.0,958000.0,CONDO,CONDO,Waterfront Communities C1,43.6460886,-79.3762764,2,1,2,1100.0
970000.0,970000.0,970000.0,CONDO,CONDO,Waterfront Communities C1,43.6453719,-79.39144859999999,3,0,2,850.0
949000.0,949000.0,949000.0,CONDO,CONDO,Church Yonge Corridor,43.6695584,-79.3846569,2,1,2,1100.0
985000.0,985000.0,985000.0,CONDO,CONDO,Annex,43.6732429,-79.3898622,2,1,2,850.0
930000.0,930000.0,930000.0,CONDO,CONDO,Church-Yonge Corridor,43.6700845,-79.3864005,2,0,2,850.0
939000.0,939000.0,939000.0,CONDO,CONDO,Church-Yonge Corridor,43.6561669,-79.3751316,3,0,2,850.0
978000.0,978000.0,978000.0,CONDO,CONDO,Waterfront Communities C1,43.6439484,-79.4014758,1,0,2,950.0
999000.0,999000.0,999000.0,CONDO,CONDO,Church Yonge Corridor,43.6686162,-79.3843472,2,1,2,1300.0
988000.0,988000.0,988000.0,CONDO,CONDO,Lawrence Park North,43.7229005,-79.4136591,2,1,2,850.0
950000.0,950000.0,950000.0,CONDO,CONDO,Waterfront Communities C1,43.6459582,-79.3898731,3,0,2,950.0
999000.0,999000.0,999000.0,CONDO,CONDO,Annex,43.6717424,-79.3878028,3,0,2,750.0
945000.0,945000.0,945000.0,CONDO,CONDO,Church Yonge Corridor,43.6563547,-79.37512869999999,3,0,2,850.0
970000.0,970000.0,970000.0,CONDO,CONDO,Waterfront Communities C1,43.6453719,-79.39144859999999,2,0,2,750.0
949000.0,949000.0,949000.0,CONDO,CONDO,Church-Yonge Corridor,43.6700845,-79.3864005,1,1,2,750.0
999999.0,999999.0,999999.0,CONDO,CONDO,Waterfront Communities C1,43.6476771,-79.39335820000001,3,0,2,950.0
945000.0,945000.0,945000.0,CONDO,CONDO,Waterfront Communities The Island,43.6429911,-79.37647369999999,2,1,2,950.0
939000.0,939000.0,939000.0,CONDO,CONDO,Moss Park,43.6505002,-79.3695382,2,0,2,2124.0
959000.0,959000.0,959000.0,CONDO,CONDO,Bay Street Corridor,43.6631942,-79.3836379,2,1,2,750.0
990000.0,990000.0,990000.0,CONDO,CONDO,Regent Park,43.66142989999999,-79.3585118,2,0,2,1100.0
989000.0,989000.0,989000.0,CONDO,CONDO,High Park Swansea,43.6475188,-79.4873168,2,0,2,950.0
989000.0,989000.0,989000.0,CONDO,CONDO,Church Yonge Corridor,43.6655348,-79.3801464,2,0,2,1100.0
980000.0,980000.0,980000.0,CONDO,CONDO,Waterfront Communities C1,43.6376631,-79.3989354,3,0,2,850.0
989000.0,989000.0,989000.0,CONDO,CONDO,Waterfront Communities C8,43.6455213,-79.3687484,2,0,2,1100.0
919900.0,919900.0,0.0,CONDO,CONDO,Kensington Chinatown,43.6567194,-79.39214460000001,1,1,1,650.0
999880.0,999880.0,0.0,CONDO,CONDO,Bay Street Corridor,43.6468108,-79.3853366,2,1,2,1300.0
999999.0,999999.0,0.0,CONDO,CONDO,Waterfront Communities C1,43.6460155,-79.3940644,2,0,2,950.0
998000.0,998000.0,0.0,CONDO,CONDO,Mount Pleasant West,43.7075334,-79.3933991,2,1,2,1100.0
1010000.0,1010000.0,1010000.0,CONDO,CONDO,Waterfront Communities C1,43.6474069,-79.3895932,2,0,2,850.0
1075000.0,1075000.0,1075000.0,CONDO,CONDO,North St James Town,43.6679848,-79.3755762,2,0,2,1300.0
1099900.0,1099900.0,1099900.0,CONDO,CONDO,Waterfront Communities The Island,43.6496778,-79.3700412,2,0,2,1300.0
1080000.0,1080000.0,1080000.0,CONDO,CONDO,High Park North,43.6542783,-79.4630112,2,0,2,950.0
1099900.0,1099900.0,1099900.0,CONDO,CONDO,Annex,43.6745678,-79.4090342,2,0,1,750.0
1075000.0,1075000.0,1075000.0,CONDO,CONDO,Yonge St Clair,43.6892416,-79.3952485,2,0,2,950.0
1099000.0,1099000.0,1099000.0,CONDO,CONDO,Waterfront Communities The Island,43.6399031,-79.3771893,1,1,2,1500.0
1099000.0,1099000.0,1099000.0,CONDO,CONDO,Annex,43.6699638,-79.3938492,1,0,2,1100.0
1059000.0,1059000.0,1059000.0,CONDO,CONDO,Little Portugal,43.641749,-79.4213942,2,0,2,850.0
1049000.0,1049000.0,1049000.0,CONDO,CONDO,Niagara,43.6449468,-79.4027332,2,0,2,1100.0
1098900.0,1098900.0,1098900.0,CONDO,CONDO,Church Yonge Corridor,43.6613867,-79.3804382,2,1,2,1300.0
1095000.0,1095000.0,1095000.0,CONDO,CONDO,Waterfront Communities The Island,43.644847,-79.402285,3,0,2,1100.0
1088000.0,1088000.0,1088000.0,CONDO,CONDO,Waterfront Communities The Island,43.6432587,-79.3764035,2,1,2,1100.0
1099999.0,1099999.0,1099999.0,CONDO,CONDO,Bay Street Corridor,43.6617616,-79.3836302,3,0,3,1300.0
1049000.0,1049000.0,1049000.0,CONDO,CONDO,Roncesvalles,43.652008,-79.4495376,2,0,2,850.0
1090000.0,1090000.0,1090000.0,CONDO,CONDO,Bay Street Corridor,43.6593726,-79.3825439,2,0,2,850.0
1099000.0,1099000.0,1099000.0,CONDO,CONDO,Annex,43.6737189,-79.41219819999999,2,0,2,950.0
1099900.0,1099900.0,1099900.0,CONDO,CONDO,Waterfront Communities The Island,43.637711,-79.3927449,3,0,2,1300.0
1049000.0,1049000.0,1049000.0,CONDO,CONDO,The Beaches,43.6691834,-79.302737,1,0,2,1100.0
1095000.0,1095000.0,1095000.0,CONDO,CONDO,Yonge St Clair,43.6879141,-79.3961909,2,0,2,1100.0
1030000.0,1030000.0,1030000.0,CONDO,CONDO,Wychwood,43.6798861,-79.432801,2,1,2,950.0
1049995.0,1049995.0,1049995.0,CONDO,CONDO,Annex,43.671742,-79.387803,2,0,2,650.0
1099800.0,1099800.0,1099800.0,CONDO,CONDO,Bay Street Corridor,43.6599507,-79.3849463,2,1,2,1100.0
1010990.0,1010990.0,1010990.0,CONDO,CONDO,The Beaches,43.6786996,-79.3003501,2,0,2,950.0
1099000.0,1099000.0,1099000.0,CONDO,CONDO,Waterfront Communities C1,43.6434372,-79.3924406,2,0,3,1100.0
1050000.0,1050000.0,1050000.0,CONDO,CONDO,Annex,43.6742968,-79.3960655,2,0,2,950.0
1098000.0,1098000.0,1098000.0,CONDO,CONDO,Waterfront Communities C1,43.6466285,-79.4017026,3,0,2,1100.0
1010000.0,1010000.0,1010000.0,CONDO,CONDO,Dovercourt-Wallace Emerson-Junction,43.6704638,-79.4279028,2,1,2,850.0
1038000.0,1038000.0,1038000.0,CONDO,CONDO,Bay Street Corridor,43.665388,-79.3880211,3,1,2,850.0
1030000.0,1030000.0,1030000.0,CONDO,CONDO,Annex,43.6698751,-79.3941652,2,1,2,850.0
1099900.0,1099900.0,1099900.0,CONDO,CONDO,Bay Street Corridor,43.6593726,-79.3825439,3,0,2,1100.0
1050000.0,1050000.0,1050000.0,CONDO,CONDO,Rosedale Moore Park,43.6826194,-79.391523,2,1,2,1700.0
1068600.0,1068600.0,1068600.0,CONDO,CONDO,Waterfront Communities C8,43.6496223,-79.3671505,2,1,3,1100.0
1058000.0,1058000.0,1058000.0,CONDO,CONDO,Waterfront Communities The Island,43.6440617,-79.3894386,2,1,2,1100.0
1075000.0,1075000.0,1075000.0,CONDO,CONDO,Little Portugal,43.642236,-79.4264979,2,0,2,1100.0
1089000.0,1089000.0,1089000.0,CONDO,CONDO,Waterfront Communities The Island,43.6409947,-79.3945703,2,1,2,1100.0
1099000.0,1099000.0,1099000.0,CONDO,CONDO,Waterfront Communities The Island,43.641921,-79.3758133,2,0,2,1300.0
1088800.0,1088800.0,1088800.0,CONDO,CONDO,Bay Street Corridor,43.6593726,-79.3825439,3,0,2,1100.0
1049000.0,1049000.0,1049000.0,CONDO,CONDO,Bay Street Corridor,43.6644522,-79.3881835,2,1,2,1700.0
1050000.0,1050000.0,1050000.0,CONDO,CONDO,Rosedale Moore Park,43.68533,-79.392525,1,1,2,950.0
1050000.0,1050000.0,1050000.0,CONDO,CONDO,Waterfront Communities C1,43.6466285,-79.4017026,3,0,2,850.0
1049000.0,1049000.0,1049000.0,CONDO,CONDO,North St James Town,43.6718748,-79.3723871,3,0,2,1100.0
1099990.0,1099990.0,1099990.0,CONDO,CONDO,Waterfront Communities The Island,43.6401213,-79.3812266,2,1,2,1100.0
1098000.0,1098000.0,1098000.0,CONDO,CONDO,Waterfront Communities C8,43.64491109999999,-79.3719318,3,0,3,1100.0
1068800.0,1068800.0,1068800.0,CONDO,CONDO,Waterfront Communities C1,43.6453719,-79.39144859999999,3,0,2,850.0
1050000.0,1050000.0,1050000.0,CONDO,CONDO,Bay Street Corridor,43.6644522,-79.3881835,2,2,2,1500.0
1095000.0,1095000.0,1095000.0,CONDO,CONDO,Waterfront Communities The Island,43.6406816,-79.376999,2,0,2,1500.0
1100000.0,1100000.0,1100000.0,CONDO,CONDO,South Riverdale,43.6653459,-79.34028520000001,2,1,3,1100.0
1068999.0,1068999.0,1068999.0,CONDO,CONDO,Waterfront Communities C1,43.6476771,-79.39335820000001,3,0,2,950.0
1088000.0,1088000.0,1088000.0,CONDO,CONDO,Waterfront Communities The Island,43.6440617,-79.3894386,3,0,2,950.0
1099000.0,1099000.0,1099000.0,CONDO,CONDO,Waterfront Communities The Island,43.6428671,-79.3927744,2,1,2,1100.0
1099900.0,1099900.0,1099900.0,CONDO,CONDO,Waterfront Communities The Island,43.6403228,-79.3917567,2,1,2,1300.0
1025000.0,1025000.0,1025000.0,CONDO,CONDO,Bay Street Corridor,43.6644522,-79.3881835,2,1,2,1700.0
1040000.0,1040000.0,1040000.0,CONDO,CONDO,Annex,43.6712816,-79.3878259,2,0,2,750.0
1015999.0,1015999.0,1015999.0,CONDO,CONDO,Mimico,43.6237054,-79.4786629,2,0,2,750.0
1080000.0,1080000.0,1080000.0,CONDO,CONDO,Annex,43.6717424,-79.3878028,3,0,2,750.0
1100000.0,1100000.0,1100000.0,CONDO,CONDO,Waterfront Communities The Island,43.6426507,-79.3773286,2,1,2,1100.0
1050000.0,1050000.0,1050000.0,CONDO,CONDO,Bay Street Corridor,43.6570436,-79.3820394,3,0,2,950.0
1099000.0,1099000.0,1099000.0,CONDO,CONDO,Waterfront Communities The Island,43.6409947,-79.3945703,2,1,2,1300.0
1098000.0,1098000.0,0.0,CONDO,CONDO,St Andrew Windfields,43.7493986,-79.4071661,2,0,2,1100.0
1050000.0,1050000.0,0.0,CONDO,CONDO,Waterfront Communities The Island,43.6461651,-79.3970301,1,1,2,1100.0
1099900.0,1099900.0,0.0,CONDO,CONDO,Bay Street Corridor,43.6631881,-79.3836001,2,1,2,750.0
1198000.0,1198000.0,1198000.0,CONDO,CONDO,Kensington Chinatown,43.6497619,-79.3973672,3,0,2,1700.0
1190000.0,1190000.0,1190000.0,CONDO,CONDO,Kensington-Chinatown,43.6516841,-79.40200039999999,2,0,3,950.0
1105900.0,1105900.0,1105900.0,CONDO,CONDO,Dovercourt-Wallace Emerson-Junction,43.6614817,-79.4297254,2,1,2,1100.0
1149900.0,1149900.0,1149900.0,CONDO,CONDO,Annex,43.6717424,-79.3878028,2,0,2,950.0
1179000.0,1179000.0,1179000.0,CONDO,CONDO,Waterfront Communities C8,43.64394670000001,-79.37450869999999,2,1,2,950.0
1155000.0,1155000.0,1155000.0,CONDO,CONDO,Rosedale-Moore Park,43.6737772,-79.3711653,3,0,2,1500.0
1199180.0,1199180.0,1199180.0,CONDO,CONDO,Bay Street Corridor,43.6462325,-79.3835846,3,1,2,1900.0
1199000.0,1199000.0,1199000.0,CONDO,CONDO,Waterfront Communities C8,43.64236469999999,-79.3725585,2,0,2,1300.0
1121900.0,1121900.0,1121900.0,CONDO,CONDO,Oakwood Village,43.6803749,-79.4337199,3,0,2,1300.0
1190000.0,1190000.0,1190000.0,CONDO,CONDO,Mount Pleasant West,43.705293,-79.3972641,3,0,2,1300.0
1154900.0,1154900.0,1154900.0,CONDO,CONDO,Mount Pleasant West,43.7116577,-79.394796,2,0,2,650.0
1198000.0,1198000.0,1198000.0,CONDO,CONDO,Church-Yonge Corridor,43.6688688,-79.38351109999999,2,0,2,1300.0
1188000.0,1188000.0,1188000.0,CONDO,CONDO,Church-Yonge Corridor,43.6677989,-79.3889528,2,0,2,1100.0
1199000.0,1199000.0,1199000.0,CONDO,CONDO,Church-Yonge Corridor,43.651914,-79.3739662,2,1,2,1300.0
1195000.0,1195000.0,1195000.0,CONDO,CONDO,Lawrence Park North,43.7229005,-79.4136591,2,1,3,950.0
1188000.0,1188000.0,1188000.0,CONDO,CONDO,Waterfront Communities C1,43.6455046,-79.3924571,2,0,2,1100.0
1108000.0,1108000.0,1108000.0,CONDO,CONDO,Dufferin Grove,43.6547892,-79.4447539,3,0,2,950.0
1135000.0,1135000.0,1135000.0,CONDO,CONDO,Waterfront Communities C1,43.64258299999999,-79.39603699999999,2,1,2,950.0
1135000.0,1135000.0,1135000.0,CONDO,CONDO,Waterfront Communities C1,43.64258299999999,-79.39603699999999,2,0,2,950.0
1130000.0,1130000.0,1130000.0,CONDO,CONDO,Waterfront Communities C1,43.6466285,-79.4017026,3,0,2,1100.0
1129000.0,1129000.0,1129000.0,CONDO,CONDO,Moss Park,43.6502249,-79.3701663,2,2,3,2374.0
1168880.0,1168880.0,1168880.0,CONDO,CONDO,Rosedale-Moore Park,43.6711219,-79.38702579999999,2,1,2,850.0
1175000.0,1175000.0,1175000.0,CONDO,CONDO,Mount Pleasant West,43.6962091,-79.394817,2,1,2,1300.0
1150000.0,1150000.0,1150000.0,CONDO,CONDO,Waterfront Communities C1,43.6472416,-79.39194859999999,3,0,3,1300.0
1124000.0,1124000.0,1124000.0,CONDO,CONDO,Waterfront Communities C1,43.64258299999999,-79.39603699999999,2,0,2,850.0
1149900.0,1149900.0,1149900.0,CONDO,CONDO,Moss Park,43.6521242,-79.36526959999999,2,1,2,1100.0
1195000.0,1195000.0,1195000.0,CONDO,CONDO,Yonge St Clair,43.6830951,-79.3996397,2,0,3,1900.0
1200000.0,1200000.0,1200000.0,CONDO,CONDO,Annex,43.6692517,-79.4124643,2,0,1,1971.0
1149000.0,1149000.0,1149000.0,CONDO,CONDO,Forest Hill South,43.6861323,-79.4127102,2,0,2,1500.0
1149900.0,1149900.0,1149900.0,CONDO,CONDO,Lawrence Park South,43.7243318,-79.4024013,2,1,2,950.0
1199000.0,1199000.0,1199000.0,CONDO,CONDO,Cabbagetown South St James Town,43.6628495,-79.3762687,2,0,2,1900.0
1150000.0,1150000.0,1150000.0,CONDO,CONDO,Niagara,43.6398765,-79.4167372,2,1,2,1100.0
1199000.0,1199000.0,1199000.0,CONDO,CONDO,Waterfront Communities C1,43.6403228,-79.3917567,2,1,2,1300.0
1145000.0,1145000.0,1145000.0,CONDO,CONDO,Waterfront Communities C1,43.64258299999999,-79.39603699999999,2,0,2,950.0
1150000.0,1150000.0,1150000.0,CONDO,CONDO,Waterfront Communities C1,43.6461914,-79.39106269999999,2,0,2,850.0
1200000.0,1200000.0,1200000.0,CONDO,CONDO,Rosedale Moore Park,43.6712941,-79.384925,2,0,2,1100.0
1199900.0,1199900.0,1199900.0,CONDO,CONDO,Annex,43.66859789999999,-79.3954327,2,1,2,850.0
1149000.0,1149000.0,1149000.0,CONDO,CONDO,Waterfront Communities The Island,43.6400653,-79.3784948,2,1,2,1700.0
1190000.0,1190000.0,1190000.0,CONDO,CONDO,Annex,43.66859789999999,-79.3954327,2,0,2,850.0
1149000.0,1149000.0,1149000.0,CONDO,CONDO,Waterfront Communities The Island,43.6400653,-79.3784948,2,0,2,1300.0
1149000.0,1149000.0,1149000.0,CONDO,CONDO,Waterfront Communities C1,43.64258299999999,-79.39603699999999,2,0,2,950.0
1149000.0,1149000.0,1149000.0,CONDO,CONDO,Waterfront Communities C1,43.6406527,-79.3957762,3,1,2,1300.0
1149900.0,1149900.0,1149900.0,CONDO,CONDO,Waterfront Communities C1,43.6453719,-79.39144859999999,3,0,2,850.0
1199000.0,1199000.0,1199000.0,CONDO,CONDO,South Parkdale,43.6384492,-79.4274302,2,0,2,950.0
1188000.0,1188000.0,1188000.0,CONDO,CONDO,Bay Street Corridor,43.6570436,-79.3820394,3,0,2,950.0
1188800.0,1188800.0,1188800.0,CONDO,CONDO,Waterfront Communities C1,43.6424635,-79.39675319999999,2,0,2,850.0
1199000.0,1199000.0,1199000.0,CONDO,CONDO,Kensington-Chinatown,43.6567324,-79.392335,3,0,2,950.0
1199900.0,1199900.0,1199900.0,CONDO,CONDO,Annex,43.6705682,-79.3906888,2,0,2,850.0
1179800.0,1179800.0,1179800.0,CONDO,CONDO,Junction Area,43.66383949999999,-79.45812529999999,2,0,2,1100.0
1199999.0,1199999.0,1199999.0,CONDO,CONDO,Bay Street Corridor,43.6668981,-79.3890419,2,0,2,850.0
1170900.0,1170900.0,1170900.0,CONDO,CONDO,Roncesvalles,43.64378809999999,-79.4329655,2,1,2,950.0
1198000.0,1198000.0,1198000.0,CONDO,CONDO,Waterfront Communities C8,43.6451075,-79.3692911,2,0,2,1300.0
1190000.0,1190000.0,1190000.0,CONDO,CONDO,Waterfront Communities C8,43.64440039999999,-79.3712891,2,1,2,950.0
1150000.0,1150000.0,1150000.0,CONDO,CONDO,Banbury Don Mills,43.7250724,-79.3287074,2,0,3,1500.0
1188888.0,1188888.0,1188888.0,CONDO,CONDO,Waterfront Communities C1,43.6453719,-79.39144859999999,3,0,2,850.0
1160000.0,1160000.0,1160000.0,CONDO,CONDO,Church Yonge Corridor,43.65631740000001,-79.37669629999999,3,0,3,1100.0
1199000.0,1199000.0,1199000.0,CONDO,CONDO,Mount Pleasant East,43.701438,-79.373823,2,0,2,850.0
1139000.0,1139000.0,1139000.0,CONDO,CONDO,Annex,43.6687408,-79.3954127,2,0,2,850.0
1168000.0,1168000.0,0.0,CONDO,CONDO,Church-Yonge Corridor,43.6700845,-79.3864005,2,0,2,850.0
1149999.0,1149999.0,0.0,CONDO,CONDO,Annex,43.6726027,-79.3953805,2,0,2,1100.0
1175000.0,1175000.0,0.0,CONDO,CONDO,Forest Hill South,43.6884978,-79.4146412,2,0,2,1300.0
1299000.0,1299000.0,1299000.0,CONDO,CONDO,East End Danforth,43.678962,-79.3024666,2,0,1,2096.0
1299000.0,1299000.0,1299000.0,CONDO,CONDO,High Park North,43.654449,-79.4680817,2,0,2,1100.0
1268000.0,1268000.0,1268000.0,CONDO,CONDO,Waterfront Communities C8,43.64394670000001,-79.37450869999999,2,1,2,950.0
1299000.0,1299000.0,1299000.0,CONDO,CONDO,Waterfront Communities The Island,43.6398212,-79.3776871,2,0,2,1500.0
1243900.0,1243900.0,1243900.0,CONDO,CONDO,Moss Park,43.6521242,-79.36526959999999,2,1,2,1100.0
1289900.0,1289900.0,1289900.0,CONDO,CONDO,Yonge St Clair,43.6865805,-79.3975526,2,0,2,1300.0
1288800.0,1288800.0,1288800.0,CONDO,CONDO,Bay Street Corridor,43.6644522,-79.3881835,3,2,2,1900.0
1249000.0,1249000.0,1249000.0,CONDO,CONDO,High Park Swansea,43.6484374,-79.4865948,2,0,2,1300.0
1240000.0,1240000.0,1240000.0,CONDO,CONDO,Waterfront Communities C1,43.6471698,-79.399339,2,0,2,950.0
1295000.0,1295000.0,1295000.0,CONDO,CONDO,Waterfront Communities The Island,43.6381358,-79.39147,2,1,2,1300.0
1240000.0,1240000.0,1240000.0,CONDO,CONDO,Bay Street Corridor,43.6667966,-79.3886683,2,0,2,850.0
1265000.0,1265000.0,1265000.0,CONDO,CONDO,Lawrence Park South,43.717648,-79.4002655,2,0,2,1500.0
1299900.0,1299900.0,1299900.0,CONDO,CONDO,Waterfront Communities The Island,43.6385874,-79.3861462,2,0,2,1700.0
1249999.0,1249999.0,1249999.0,CONDO,CONDO,Waterfront Communities C1,43.6433229,-79.40131459999999,2,1,2,1300.0
1299800.0,1299800.0,1299800.0,CONDO,CONDO,South Riverdale,43.6629934,-79.3404389,2,0,2,1300.0
1248000.0,1248000.0,1248000.0,CONDO,CONDO,Waterfront Communities C1,43.6424635,-79.39675319999999,2,1,2,950.0
1299000.0,1299000.0,1299000.0,CONDO,CONDO,Annex,43.6737189,-79.41219819999999,2,0,3,1100.0
1220000.0,1220000.0,1220000.0,CONDO,CONDO,Church-Yonge Corridor,43.6688688,-79.38351109999999,3,0,2,950.0
1230000.0,1230000.0,1230000.0,CONDO,CONDO,Bay Street Corridor,43.6617616,-79.3836302,2,0,2,1100.0
1259000.0,1259000.0,1259000.0,CONDO,CONDO,Niagara,43.641749,-79.4213942,2,0,2,1100.0
1250000.0,1250000.0,1250000.0,CONDO,CONDO,Kensington-Chinatown,43.6574556,-79.4015134,1,1,1,650.0
1285000.0,1285000.0,1285000.0,CONDO,CONDO,Waterfront Communities C1,43.6396966,-79.38378039999999,2,1,2,1300.0
1209000.0,1209000.0,1209000.0,CONDO,CONDO,Niagara,43.641749,-79.4213942,2,0,2,1100.0
1295000.0,1295000.0,1295000.0,CONDO,CONDO,Forest Hill South,43.6871601,-79.4150637,2,0,2,1500.0
1299000.0,1299000.0,1299000.0,CONDO,CONDO,Waterfront Communities C8,43.652655,-79.3575772,3,1,2,950.0
1298000.0,1298000.0,1298000.0,CONDO,CONDO,Annex,43.6705682,-79.3906888,2,0,2,950.0
1299900.0,1299900.0,1299900.0,CONDO,CONDO,TCAN - Annex,43.6687408,-79.3954127,2,0,2,790.0
1289000.0,1289000.0,1289000.0,CONDO,CONDO,Annex,43.6716658,-79.3881636,2,0,2,750.0
1299900.0,1299900.0,1299900.0,CONDO,CONDO,Waterfront Communities The Island,43.6456689,-79.3930607,2,1,2,1300.0
1299900.0,1299900.0,1299900.0,CONDO,CONDO,Annex,43.6687408,-79.3954127,2,0,2,750.0
1275000.0,1275000.0,1275000.0,CONDO,CONDO,Waterfront Communities C8,43.64394670000001,-79.37450869999999,2,1,2,950.0
1249000.0,1249000.0,1249000.0,CONDO,CONDO,South Riverdale,43.6647797,-79.3409446,2,0,2,1300.0
1248000.0,1248000.0,1248000.0,CONDO,CONDO,Forest Hill South,43.6877433,-79.4139411,3,1,2,1700.0
1279000.0,1279000.0,1279000.0,CONDO,CONDO,Waterfront Communities The Island,43.641921,-79.3758133,2,1,2,1100.0
1295000.0,1295000.0,1295000.0,CONDO,CONDO,Rosedale-Moore Park,43.67525939999999,-79.3705998,2,0,2,1300.0
1299000.0,1299000.0,1299000.0,CONDO,CONDO,Englemount Lawrence,43.7084141,-79.4275689,3,0,2,2374.0
1230000.0,1230000.0,1230000.0,CONDO,CONDO,The Beaches,43.6690097,-79.3054535,2,1,2,1100.0
1228000.0,1228000.0,1228000.0,CONDO,CONDO,Yonge-St. Clair,43.6897059,-79.40207099999999,2,1,2,850.0
1259000.0,1259000.0,1259000.0,CONDO,CONDO,Bay Street Corridor,43.6648039,-79.3869669,3,0,2,1500.0
1250000.0,1250000.0,1250000.0,CONDO,CONDO,Waterfront Communities The Island,43.642914,-79.380647,2,0,2,1300.0
1250000.0,1250000.0,1250000.0,CONDO,CONDO,Niagara,43.63664199999999,-79.4057224,2,0,2,1300.0
1248800.0,1248800.0,1248800.0,CONDO,CONDO,Waterfront Communities The Island,43.6400887,-79.3939574,2,1,2,1100.0
1249000.0,1249000.0,1249000.0,CONDO,CONDO,Annex,43.673341,-79.3892433,2,1,2,1900.0
1300000.0,1300000.0,1300000.0,CONDO,CONDO,Waterfront Communities C1,43.6453719,-79.39144859999999,3,0,2,850.0
1299000.0,1299000.0,1299000.0,CONDO,CONDO,Waterfront Communities C8,43.64440039999999,-79.3712891,3,0,2,950.0
1240000.0,1240000.0,1240000.0,CONDO,CONDO,Bay Street Corridor,43.6648412,-79.38516720000001,2,0,2,950.0
1249000.0,1249000.0,1249000.0,CONDO,CONDO,Bay Street Corridor,43.6617616,-79.3836302,3,0,2,850.0
1295000.0,1295000.0,1295000.0,CONDO,CONDO,Waterfront Communities The Island,43.6377596,-79.3951472,2,1,2,1300.0
1235900.0,1235900.0,1235900.0,CONDO,CONDO,Roncesvalles,43.64378809999999,-79.4329655,2,0,2,950.0
1299000.0,1299000.0,1299000.0,CONDO,CONDO,Annex,43.6716658,-79.3881636,2,0,2,750.0
1229900.0,1229900.0,1229900.0,CONDO,CONDO,Mount Pleasant West,43.7116476,-79.3948053,2,0,2,850.0
1269000.0,1269000.0,1269000.0,CONDO,CONDO,Annex,43.6723158,-79.3888155,2,0,2,1100.0
1288000.0,1288000.0,1288000.0,CONDO,CONDO,Church Yonge Corridor,43.6697471,-79.385887,2,0,2,1100.0
1288000.0,1288000.0,1288000.0,CONDO,CONDO,Church Yonge Corridor,43.6688688,-79.38351109999999,2,0,2,750.0
1298000.0,1298000.0,1298000.0,CONDO,CONDO,Rosedale Moore Park,43.6734731,-79.3714268,2,1,2,1500.0
1249900.0,1249900.0,0.0,CONDO,CONDO,Moss Park,43.6505002,-79.3695382,2,2,2,2124.0
1380000.0,1380000.0,1380000.0,CONDO,CONDO,Waterfront Communities C1,43.6417088,-79.3793164,3,1,2,1100.0
1395000.0,1395000.0,1395000.0,CONDO,CONDO,Annex,43.6694844,-79.3937943,2,0,2,1700.0
1349000.0,1349000.0,1349000.0,CONDO,CONDO,Waterfront Communities C8,43.6462809,-79.3613713,2,1,2,1100.0
1399900.0,1399900.0,1399900.0,CONDO,CONDO,Moss Park,43.6521242,-79.36526959999999,2,1,2,1300.0
1399000.0,1399000.0,1399000.0,CONDO,CONDO,The Beaches,43.6642589,-79.3094767,2,0,3,1100.0
1388000.0,1388000.0,1388000.0,CONDO,CONDO,Waterfront Communities C1,43.6456129,-79.39030869999999,3,0,2,1100.0
1385000.0,1385000.0,1385000.0,CONDO,CONDO,Waterfront Communities The Island,43.646841,-79.390268,2,0,2,1100.0
1399900.0,1399900.0,1399900.0,CONDO,CONDO,Waterfront Communities C1,43.6412251,-79.3809582,3,0,3,1300.0
1399000.0,1399000.0,1399000.0,CONDO,CONDO,Waterfront Communities The Island,43.6414554,-79.3912936,3,0,3,1500.0
1340000.0,1340000.0,1340000.0,CONDO,CONDO,Dovercourt-Wallace Emerson-Junction,43.6704638,-79.4279028,2,0,2,1100.0
1375000.0,1375000.0,1375000.0,CONDO,CONDO,Bay Street Corridor,43.6595866,-79.382834,2,0,2,1300.0
1398000.0,1398000.0,1398000.0,CONDO,CONDO,Annex,43.6737189,-79.41219819999999,2,1,3,1100.0
1310000.0,1310000.0,1310000.0,CONDO,CONDO,Wychwood,43.6798861,-79.432801,2,1,3,1100.0
1399000.0,1399000.0,1399000.0,CONDO,CONDO,Waterfront Communities C1,43.6456129,-79.39030869999999,3,0,2,1100.0
1349900.0,1349900.0,1349900.0,CONDO,CONDO,Forest Hill South,43.686817,-79.4136033,2,0,2,1900.0
1399000.0,1399000.0,1399000.0,CONDO,CONDO,Mount Pleasant West,43.7081974,-79.397159,2,0,2,1500.0
1399000.0,1399000.0,1399000.0,CONDO,CONDO,Annex,43.6736641,-79.3885207,2,0,2,1500.0
1399999.0,1399999.0,1399999.0,CONDO,CONDO,Waterfront Communities The Island,43.6375846,-79.3939346,2,0,2,1700.0
1350000.0,1350000.0,1350000.0,CONDO,CONDO,Annex,43.6702175,-79.3951083,1,0,2,950.0
1350000.0,1350000.0,1350000.0,CONDO,CONDO,Waterfront Communities The Island,43.6397347,-79.3920867,2,1,2,1300.0
1349900.0,1349900.0,1349900.0,CONDO,CONDO,Kensington-Chinatown,43.6553805,-79.3899405,2,1,2,1500.0
1319999.0,1319999.0,1319999.0,CONDO,CONDO,Dufferin Grove,43.6547892,-79.4447539,3,0,2,950.0
1340000.0,1340000.0,1340000.0,CONDO,CONDO,Waterfront Communities C8,43.6448352,-79.37214639999999,3,0,3,950.0
1349900.0,1349900.0,1349900.0,CONDO,CONDO,Waterfront Communities C8,43.65053270000001,-79.36852600000002,2,1,3,1500.0
1368000.0,1368000.0,1368000.0,CONDO,CONDO,Bay Street Corridor,43.6667966,-79.3886683,2,0,2,850.0
1395000.0,1395000.0,1395000.0,CONDO,CONDO,Waterfront Communities C1,43.6428617,-79.3769141,2,0,2,1300.0
1350000.0,1350000.0,1350000.0,CONDO,CONDO,Waterfront Communities C1,43.6424635,-79.39675319999999,2,0,2,950.0
1350000.0,1350000.0,1350000.0,CONDO,CONDO,Bay Street Corridor,43.664945,-79.38522549999999,3,1,2,1100.0
1380000.0,1380000.0,1380000.0,CONDO,CONDO,Kensington-Chinatown,43.6550449,-79.3890229,2,1,2,1300.0
1449999.0,1449999.0,1449999.0,CONDO,CONDO,Forest Hill South,43.7015408,-79.4217717,3,0,2,1700.0
1425000.0,1425000.0,1425000.0,CONDO,CONDO,Kensington-Chinatown,43.65316319999999,-79.3900354,3,0,3,1300.0
1499000.0,1499000.0,1499000.0,CONDO,CONDO,Dovercourt Wallace Emerson Junction,43.6639129,-79.437334,2,0,5,2390.0
1499900.0,1499900.0,1499900.0,CONDO,CONDO,Moss Park,43.6521242,-79.36526959999999,2,1,2,1300.0
1499000.0,1499000.0,1499000.0,CONDO,CONDO,Greenwood-Coxwell,43.66527989999999,-79.3182875,3,0,2,1100.0
1499900.0,1499900.0,1499900.0,CONDO,CONDO,Mount Pleasant West,43.7116577,-79.394796,3,0,2,1100.0
1438000.0,1438000.0,1438000.0,CONDO,CONDO,Mount Pleasant West,43.70904489999999,-79.3928155,2,1,2,1300.0
1429000.0,1429000.0,1429000.0,CONDO,CONDO,Mount Pleasant East,43.701438,-79.373823,2,0,3,1100.0
1489000.0,1489000.0,1489000.0,CONDO,CONDO,Yonge St Clair,43.6900995,-79.4023575,2,0,1,1300.0
1450000.0,1450000.0,1450000.0,CONDO,CONDO,University,43.6550449,-79.3890229,3,0,2,1100.0
1500000.0,1500000.0,1500000.0,CONDO,CONDO,Annex,43.67112179999999,-79.3877595,2,0,2,1100.0
1460000.0,1460000.0,1460000.0,CONDO,CONDO,Bay Street Corridor,43.6592197,-79.3824919,2,1,2,1300.0
1499000.0,1499000.0,1499000.0,CONDO,CONDO,Annex,43.669867,-79.394244,1,0,2,1100.0
1499000.0,1499000.0,1499000.0,CONDO,CONDO,Lawrence Park South,43.7185985,-79.4005694,2,0,3,1300.0
1488000.0,1488000.0,1488000.0,CONDO,CONDO,The Beaches,43.66896680000001,-79.3061951,3,0,3,1700.0
1429000.0,1429000.0,1429000.0,CONDO,CONDO,Waterfront Communities C1,43.64236469999999,-79.3725585,2,0,2,1500.0
1499000.0,1499000.0,1499000.0,CONDO,CONDO,High Park North,43.6613467,-79.4631075,2,0,4,2259.0
1489000.0,1489000.0,1489000.0,CONDO,CONDO,Annex,43.6748768,-79.3996322,3,0,2,1100.0
1495000.0,1495000.0,1495000.0,CONDO,CONDO,Mount Pleasant East,43.701438,-79.373823,2,0,3,1100.0
1459000.0,1459000.0,1459000.0,CONDO,CONDO,Waterfront Communities The Island,43.6429911,-79.37647369999999,3,0,2,1300.0
1495000.0,1495000.0,1495000.0,CONDO,CONDO,Rosedale Moore Park,43.6878595,-79.3890491,2,0,2,1100.0
1460000.0,1460000.0,1460000.0,CONDO,CONDO,Waterfront Communities C1,43.641872,-79.3796564,3,0,2,1100.0
1429800.0,1429800.0,1429800.0,CONDO,CONDO,Junction Area,43.66383949999999,-79.45812529999999,3,1,2,1500.0
1488000.0,1488000.0,1488000.0,CONDO,CONDO,North St James Town,43.6707607,-79.3773018,2,0,2,1300.0
1450000.0,1450000.0,1450000.0,CONDO,CONDO,South Parkdale,43.6384492,-79.4274302,3,1,3,1300.0
1498000.0,1498000.0,1498000.0,CONDO,CONDO,Lawrence Park North,43.7185985,-79.4005694,2,0,3,1100.0
1500000.0,1500000.0,1500000.0,CONDO,CONDO,Waterfront Communities C8,43.64440039999999,-79.3712891,2,1,2,950.0
1629000.0,1629000.0,1629000.0,CONDO,CONDO,Waterfront Communities C1,43.6433702,-79.397275,2,0,3,1100.0
1526000.0,1526000.0,1526000.0,CONDO,CONDO,Annex,43.6698751,-79.3941652,1,1,1,1100.0
1599900.0,1599900.0,1599900.0,CONDO,CONDO,TCNI - Niagara,43.6416712,-79.4215323,3,0,2,1335.0
1698000.0,1698000.0,1698000.0,CONDO,CONDO,Bay Street Corridor,43.6497827,-79.3804402,1,1,2,1300.0
1695000.0,1695000.0,1695000.0,CONDO,CONDO,South Riverdale,43.6592265,-79.347831,2,0,2,1100.0
1550000.0,1550000.0,1550000.0,CONDO,CONDO,Yonge St Clair,43.6883007,-79.3970953,2,1,2,1300.0
1559000.0,1559000.0,1559000.0,CONDO,CONDO,Waterfront Communities C1,43.6424635,-79.39675319999999,2,1,2,950.0
1650000.0,1650000.0,1650000.0,CONDO,CONDO,Church-Yonge Corridor,43.6700845,-79.3864005,2,1,3,1100.0
1699000.0,1699000.0,1699000.0,CONDO,CONDO,High Park-Swansea,43.6474425,-79.48999719999999,2,1,2,1500.0
1649000.0,1649000.0,1649000.0,CONDO,CONDO,The Beaches,43.6654531,-79.31749099999999,3,0,2,1300.0
1688000.0,1688000.0,1688000.0,CONDO,CONDO,Waterfront Communities C1,43.6414105,-79.3924115,3,0,2,1100.0
1678900.0,1678900.0,1678900.0,CONDO,CONDO,Casa Loma,43.6866156,-79.40361039999999,1,1,2,950.0
1680000.0,1680000.0,1680000.0,CONDO,CONDO,Waterfront Communities C1,43.6412251,-79.3809582,3,0,3,1500.0
1550000.0,1550000.0,1550000.0,CONDO,CONDO,Waterfront Communities The Island,43.6430829,-79.4018327,2,0,2,1300.0
1548888.0,1548888.0,1548888.0,CONDO,CONDO,Waterfront Communities C8,43.6462809,-79.3613713,2,1,3,1300.0
1599000.0,1599000.0,1599000.0,CONDO,CONDO,Bay Street Corridor,43.6490534,-79.3861546,2,0,3,1500.0
1599000.0,1599000.0,1599000.0,CONDO,CONDO,Annex,43.6737189,-79.41219819999999,2,1,2,1300.0
1680000.0,1680000.0,1680000.0,CONDO,CONDO,Bay Street Corridor,43.6497827,-79.3804402,2,0,2,1500.0
1638000.0,1638000.0,1638000.0,CONDO,CONDO,Waterfront Communities The Island,43.641921,-79.3758133,2,0,3,1700.0
1549000.0,1549000.0,1549000.0,CONDO,CONDO,Lawrence Park North,43.723116,-79.41394559999999,3,0,2,1100.0
1599990.0,1599990.0,1599990.0,CONDO,CONDO,Waterfront Communities The Island,43.6430829,-79.4018327,2,1,3,1500.0
1590000.0,1590000.0,1590000.0,CONDO,CONDO,Moss Park,43.6522784,-79.3653904,2,0,2,1100.0
1549000.0,1549000.0,1549000.0,CONDO,CONDO,Waterfront Communities C1,43.6424635,-79.39675319999999,2,0,2,1100.0
1538000.0,1538000.0,1538000.0,CONDO,CONDO,Bay Street Corridor,43.6550449,-79.3890229,3,0,2,1100.0
1680000.0,1680000.0,1680000.0,CONDO,CONDO,Yonge-Eglinton,43.700445,-79.397789,2,0,2,1100.0
1699888.0,1699888.0,1699888.0,CONDO,CONDO,Bay Street Corridor,43.6689196,-79.3905139,2,0,2,1500.0
1550000.0,1550000.0,1550000.0,CONDO,CONDO,Mount Pleasant West,43.7116204,-79.3955165,2,0,3,1100.0
1699000.0,1699000.0,1699000.0,CONDO,CONDO,Yonge St Clair,43.6870884,-79.3940321,3,0,3,1700.0
1649900.0,1649900.0,1649900.0,CONDO,CONDO,Greenwood-Coxwell,43.66527989999999,-79.3182875,3,0,3,1300.0
1679000.0,1679000.0,1679000.0,CONDO,CONDO,Rosedale Moore Park,43.6868357,-79.3919745,2,0,2,1500.0
1599000.0,1599000.0,1599000.0,CONDO,CONDO,Yonge St Clair,43.6883007,-79.3970953,2,1,2,1700.0
1599000.0,1599000.0,1599000.0,CONDO,CONDO,Rosedale Moore Park,43.6820051,-79.3905796,2,0,2,1700.0
1649000.0,1649000.0,1649000.0,CONDO,CONDO,Greenwood-Coxwell,43.66527989999999,-79.3182875,2,0,2,1300.0
1699000.0,1699000.0,1699000.0,CONDO,CONDO,Annex,43.6710984,-79.3946548,2,0,3,1500.0
1649000.0,1649000.0,1649000.0,CONDO,CONDO,Lawrence Park South,43.7185985,-79.4005694,2,0,3,1100.0
1517900.0,1517900.0,1517900.0,CONDO,CONDO,Kensington-Chinatown,43.6536686,-79.3895378,3,0,3,1100.0
1568000.0,1568000.0,1568000.0,CONDO,CONDO,University,43.6550449,-79.3890229,2,1,2,1100.0
1575000.0,1575000.0,1575000.0,CONDO,CONDO,South Riverdale,43.6653624,-79.332666,2,0,4,2500.0
1599000.0,1599000.0,1599000.0,CONDO,CONDO,Moss Park,43.6505002,-79.3695382,2,1,2,2124.0
1595000.0,1595000.0,1595000.0,CONDO,CONDO,Moss Park,43.6506604,-79.3690132,3,0,3,2874.0
1525000.0,1525000.0,1525000.0,CONDO,CONDO,Waterfront Communities C8,43.6471385,-79.37335039999999,3,1,2,1300.0
1526000.0,1526000.0,1526000.0,CONDO,CONDO,Church Yonge Corridor,43.6664338,-79.384864,2,1,2,1100.0
1680000.0,1680000.0,1680000.0,CONDO,CONDO,Mount Pleasant East,43.709515,-79.3769059,3,0,2,1100.0
1550000.0,1550000.0,1550000.0,CONDO,CONDO,Yonge Eglinton,43.7026058,-79.3978884,2,0,1,950.0
1550000.0,1550000.0,1550000.0,CONDO,CONDO,Annex,43.6716658,-79.3881636,2,0,2,850.0
1625000.0,1625000.0,1625000.0,CONDO,CONDO,Moss Park,43.6533414,-79.3598464,3,2,3,1300.0
1988000.0,1988000.0,1988000.0,CONDO,CONDO,Waterfront Communities C8,43.6462809,-79.3613713,2,0,3,1500.0
1880000.0,1880000.0,1880000.0,CONDO,CONDO,Waterfront Communities C8,43.6416054,-79.37198719999999,2,1,2,1500.0
1799000.0,1799000.0,1799000.0,CONDO,CONDO,Waterfront Communities C1,43.6455046,-79.3924571,2,1,3,1500.0
1825000.0,1825000.0,1825000.0,CONDO,CONDO,Bay Street Corridor,43.6499086,-79.38045,2,0,2,1900.0
1899000.0,1899000.0,1899000.0,CONDO,CONDO,Annex,43.6694844,-79.3937943,2,0,2,1700.0
1850000.0,1850000.0,1850000.0,CONDO,CONDO,Annex,43.6732429,-79.3898622,2,1,2,950.0
1999900.0,1999900.0,1999900.0,CONDO,CONDO,Waterfront Communities C1,43.64552920000001,-79.3918257,3,0,3,1900.0
1795000.0,1795000.0,1795000.0,CONDO,CONDO,Lawrence Park South,43.7185985,-79.4005694,2,0,3,1300.0
1799900.0,1799900.0,1799900.0,CONDO,CONDO,Palmerston Little Italy,43.6607573,-79.4289846,2,0,2,2250.0
1925000.0,1925000.0,1925000.0,CONDO,CONDO,Bay Street Corridor,43.6497827,-79.3804402,2,0,3,2124.0
1890000.0,1890000.0,1890000.0,CONDO,CONDO,Waterfront Communities C8,43.6416054,-79.37198719999999,2,1,3,1500.0
1929000.0,1929000.0,1929000.0,CONDO,CONDO,Greenwood-Coxwell,43.66527989999999,-79.3182875,3,0,2,1500.0
1798000.0,1798000.0,1798000.0,CONDO,CONDO,Kensington-Chinatown,43.6496742,-79.3981713,2,0,3,1300.0
1899000.0,1899000.0,1899000.0,CONDO,CONDO,Waterfront Communities C1,43.6398212,-79.3776871,2,0,2,1300.0
1774884.0,1774884.0,1774884.0,CONDO,CONDO,Casa Loma,43.6866156,-79.40361039999999,1,1,2,1100.0
1783875.0,1783875.0,1783875.0,CONDO,CONDO,Casa Loma,43.6866156,-79.40361039999999,1,1,2,1100.0
1888000.0,1888000.0,1888000.0,CONDO,CONDO,Waterfront Communities The Island,43.646203,-79.361412,2,0,3,1500.0
1998000.0,1998000.0,1998000.0,CONDO,CONDO,Bay Street Corridor,43.6668981,-79.3890419,2,1,2,1500.0
1795000.0,1795000.0,1795000.0,CONDO,CONDO,Waterfront Communities C1,43.64258299999999,-79.39603699999999,3,0,2,1300.0
1899999.0,1899999.0,1899999.0,CONDO,CONDO,Rosedale-Moore Park,43.6853296,-79.3925252,2,1,2,1700.0
1900000.0,1900000.0,1900000.0,CONDO,CONDO,Waterfront Communities The Island,43.6372862,-79.3909081,2,0,2,1900.0
1950000.0,1950000.0,1950000.0,CONDO,CONDO,Waterfront Communities The Island,43.6454146,-79.387361,1,0,2,1300.0
1730000.0,1730000.0,1730000.0,CONDO,CONDO,Yonge St Clair,43.6867181,-79.3965311,2,0,2,1700.0
1749000.0,1749000.0,1749000.0,CONDO,CONDO,Waterfront Communities C8,43.6551068,-79.3547166,2,0,2,1300.0
1789900.0,1789900.0,1789900.0,CONDO,CONDO,Waterfront Communities C8,43.6445245,-79.3709035,3,0,3,1300.0
1790000.0,1790000.0,1790000.0,CONDO,CONDO,Casa Loma,43.6866156,-79.40361039999999,1,1,2,1100.0
1999999.0,1999999.0,1999999.0,CONDO,CONDO,Mount Pleasant West,43.71168300000001,-79.39541530000001,2,1,3,2124.0
1775000.0,1775000.0,1775000.0,CONDO,CONDO,Waterfront Communities C1,43.6489604,-79.392576,2,0,2,1500.0
1995000.0,1995000.0,1995000.0,CONDO,CONDO,Waterfront Communities The Island,43.6454146,-79.387361,2,0,2,1500.0
1990000.0,1990000.0,1990000.0,CONDO,CONDO,Bay Street Corridor,43.6497827,-79.3804402,2,1,3,2124.0
1989000.0,1989000.0,1989000.0,CONDO,CONDO,Waterfront Communities The Island,43.6454146,-79.387361,1,0,2,1300.0
1988000.0,1988000.0,1988000.0,CONDO,CONDO,Bay Street Corridor,43.6667966,-79.3886683,2,1,2,1500.0
1799900.0,1799900.0,1799900.0,CONDO,CONDO,Moss Park,43.6616144,-79.3712383,2,0,4,1593.0
1774210.0,1774210.0,1774210.0,CONDO,CONDO,Yonge-Eglinton,43.703159,-79.3980089,3,0,2,1500.0
1951732.0,1951732.0,1951732.0,CONDO,CONDO,Yonge-Eglinton,43.703159,-79.3980089,3,0,2,1500.0
1880000.0,1880000.0,1880000.0,CONDO,CONDO,Waterfront Communities C1,43.6448352,-79.37214639999999,3,0,3,1300.0
1800000.0,1800000.0,1800000.0,CONDO,CONDO,Bay Street Corridor,43.6490534,-79.3861546,2,0,3,1500.0
1779000.0,1779000.0,1779000.0,CONDO,CONDO,Waterfront Communities C1,43.6412442,-79.39287499999999,3,0,2,1100.0
1899000.0,1899000.0,1899000.0,CONDO,CONDO,Mount Pleasant East,43.701438,-79.373823,2,1,2,1300.0
1849000.0,1849000.0,1849000.0,CONDO,CONDO,Junction Area,43.6634593,-79.4679969,2,0,3,2327.0
1897000.0,1897000.0,1897000.0,CONDO,CONDO,Lawrence Park South,43.7185985,-79.4005694,2,0,3,1300.0
1790000.0,1790000.0,1790000.0,CONDO,CONDO,Waterfront Communities C1,43.64440039999999,-79.3712891,3,0,3,1300.0
1899990.0,1899990.0,1899990.0,CONDO,CONDO,Annex,43.6712816,-79.3878259,2,1,2,1300.0
1849900.0,1849900.0,1849900.0,CONDO,CONDO,Church-Yonge Corridor,43.6654816,-79.3832754,3,0,2,1700.0
1850000.0,1850000.0,1850000.0,CONDO,CONDO,Annex,43.6753313,-79.3971281,2,0,3,1300.0
1895000.0,1895000.0,1895000.0,CONDO,CONDO,Casa Loma,43.6815627,-79.3999553,2,1,3,1500.0
1889000.0,1889000.0,1889000.0,CONDO,CONDO,Annex,43.6732429,-79.3898622,2,1,2,1500.0
1795000.0,1795000.0,1795000.0,CONDO,CONDO,Casa Loma,43.6849627,-79.4116874,2,0,2,1700.0
1748000.0,1748000.0,1748000.0,CONDO,CONDO,Bay Street Corridor,43.6630187,-79.3863345,2,1,3,2874.0
1974900.0,1974900.0,1974900.0,CONDO,CONDO,Mount Pleasant West,43.7116577,-79.394796,3,0,3,1300.0
1849000.0,1849000.0,1849000.0,CONDO,CONDO,Rosedale-Moore Park,43.6853296,-79.3925252,2,0,3,1300.0
1950000.0,1950000.0,1950000.0,CONDO,CONDO,High Park Swansea,43.6489468,-79.4855935,2,0,3,1100.0
1848000.0,1848000.0,1848000.0,CONDO,CONDO,Church-Yonge Corridor,43.6700845,-79.3864005,2,1,3,1700.0
1995000.0,1995000.0,1995000.0,CONDO,CONDO,Yonge Eglinton,43.7025996,-79.3978865,2,0,2,1100.0
1888000.0,1888000.0,1888000.0,CONDO,CONDO,Waterfront Communities C8,43.6444141,-79.36384629999999,2,1,3,1300.0
1990000.0,1990000.0,1990000.0,CONDO,CONDO,Waterfront Communities The Island,43.6393958,-79.3791778,3,0,2,2124.0
1995000.0,1995000.0,0.0,CONDO,CONDO,Waterfront Communities The Island,43.6398111,-79.3776731,2,0,2,1500.0
2095000.0,2095000.0,2095000.0,CONDO,CONDO,Annex,43.6746365,-79.395541,3,0,2,1900.0
2150000.0,2150000.0,2150000.0,CONDO,CONDO,Waterfront Communities The Island,43.6398212,-79.3776871,3,0,3,2124.0
2088800.0,2088800.0,2088800.0,CONDO,CONDO,Church-Yonge Corridor,43.6696221,-79.3835253,2,0,3,1700.0
2199000.0,2199000.0,2199000.0,CONDO,CONDO,Waterfront Communities C8,43.6460836,-79.3650117,3,1,2,1700.0
2480000.0,2480000.0,2480000.0,CONDO,CONDO,Waterfront Communities C1,43.640163,-79.37881209999999,3,0,3,2124.0
2195000.0,2195000.0,2195000.0,CONDO,CONDO,Lawrence Park South,43.7185985,-79.4005694,2,0,3,1100.0
2279900.0,2279900.0,2279900.0,CONDO,CONDO,Forest Hill South,43.686817,-79.4136033,2,0,2,1900.0
2200000.0,2200000.0,2200000.0,CONDO,CONDO,Yonge-Eglinton,43.703159,-79.3980089,3,1,3,1500.0
2055000.0,2055000.0,2055000.0,CONDO,CONDO,Waterfront Communities C1,43.6433702,-79.397275,2,1,3,1500.0
2225000.0,2225000.0,2225000.0,CONDO,CONDO,Waterfront Communities C8,43.64928159999999,-79.3615023,3,0,2,1300.0
2230000.0,2230000.0,2230000.0,CONDO,CONDO,Rosedale Moore Park,43.6810606,-79.3897705,1,0,2,1100.0
2490000.0,2490000.0,2490000.0,CONDO,CONDO,Annex,43.6687408,-79.3954127,2,1,3,1500.0
2479000.0,2479000.0,2479000.0,CONDO,CONDO,Rosedale Moore Park,43.6810606,-79.3897705,2,0,2,1300.0
2225000.0,2225000.0,2225000.0,CONDO,CONDO,Moss Park,43.6593628,-79.3671856,2,0,6,4240.0
2499000.0,2499000.0,2499000.0,CONDO,CONDO,Moss Park,43.663307,-79.3716919,2,0,12,2665.0
2399900.0,2399900.0,2399900.0,CONDO,CONDO,Annex,43.671919,-79.404367,2,0,9,3531.0
2248880.0,2248880.0,2248880.0,CONDO,CONDO,Annex,43.6721031,-79.4137099,2,0,4,3100.0
2150000.0,2150000.0,2150000.0,CONDO,CONDO,Annex,43.6720568,-79.389745,1,1,2,1300.0
2199000.0,2199000.0,2199000.0,CONDO,CONDO,Annex,43.6702658,-79.3943539,2,0,2,1100.0
2395000.0,2395000.0,2395000.0,CONDO,CONDO,Waterfront Communities The Island,43.6454146,-79.387361,1,0,2,1700.0
2299000.0,2299000.0,2299000.0,CONDO,CONDO,Waterfront Communities C8,43.6462809,-79.3613713,2,1,3,1700.0
2150000.0,2150000.0,2150000.0,CONDO,CONDO,Rosedale-Moore Park,43.6853296,-79.3925252,2,1,2,1700.0
2499900.0,2499900.0,2499900.0,CONDO,CONDO,Annex,43.674247,-79.3996095,2,0,3,1300.0
2499999.0,2499999.0,2499999.0,CONDO,CONDO,Waterfront Communities C1,43.6433229,-79.40131459999999,2,1,3,2624.0
2379000.0,2379000.0,2379000.0,CONDO,CONDO,Casa Loma,43.6866156,-79.40361039999999,2,1,3,1500.0
2489000.0,2489000.0,2489000.0,CONDO,CONDO,Casa Loma,43.6890752,-79.4030545,3,1,3,3374.0
2499000.0,2499000.0,2499000.0,CONDO,CONDO,Yonge St Clair,43.6884036,-79.3964356,2,2,3,2374.0
2250000.0,2250000.0,2250000.0,CONDO,CONDO,Forest Hill South,43.6866156,-79.40361039999999,2,1,2,1100.0
2195000.0,2195000.0,2195000.0,CONDO,CONDO,Annex,43.6732349,-79.3903302,2,0,2,1700.0
2249000.0,2249000.0,2249000.0,CONDO,CONDO,Mount Pleasant West,43.7047626,-79.3890362,3,0,3,2124.0
2095000.0,2095000.0,2095000.0,CONDO,CONDO,Waterfront Communities C1,43.6433702,-79.397275,2,1,3,1500.0
2500000.0,2500000.0,2500000.0,CONDO,CONDO,Rosedale-Moore Park,43.6868485,-79.3919366,4,0,3,3124.0
2099900.0,2099900.0,2099900.0,CONDO,CONDO,Bay Street Corridor,43.6570436,-79.3820394,3,1,3,1700.0
2239000.0,2239000.0,2239000.0,CONDO,CONDO,Waterfront Communities The Island,43.6454146,-79.387361,1,0,2,1700.0
2380000.0,2380000.0,2380000.0,CONDO,CONDO,Waterfront Communities C8,43.6462809,-79.3613713,2,0,3,1300.0
2395000.0,2395000.0,2395000.0,CONDO,CONDO,Waterfront Communities C1,43.6449716,-79.3920953,3,0,4,2374.0
2280000.0,2280000.0,2280000.0,CONDO,CONDO,Waterfront Communities C8,43.6448352,-79.37214639999999,3,0,3,1300.0
2279900.0,2279900.0,2279900.0,CONDO,CONDO,Waterfront Communities C8,43.6416066,-79.3719866,3,1,3,1700.0
2164900.0,2164900.0,2164900.0,CONDO,CONDO,South Parkdale,43.6365196,-79.4267364,3,0,2,1300.0
2399000.0,2399000.0,2399000.0,CONDO,CONDO,Mount Pleasant East,43.7137533,-79.3936945,2,2,2,1700.0
2195000.0,2195000.0,2195000.0,CONDO,CONDO,Annex,43.6717727,-79.3947803,2,0,3,1700.0
2249900.0,2249900.0,2249900.0,CONDO,CONDO,Junction Area,43.6625043,-79.4780344,2,0,2,5320.0
2399000.0,2399000.0,2399000.0,CONDO,CONDO,Mount Pleasant West,43.7115626,-79.3953878,2,1,3,2124.0
2299900.0,2299900.0,2299900.0,CONDO,CONDO,Mount Pleasant East,43.701438,-79.373823,3,0,3,1500.0
2089000.0,2089000.0,2089000.0,CONDO,CONDO,Annex,43.6732349,-79.3903302,2,0,2,1500.0
2488000.0,2488000.0,2488000.0,CONDO,CONDO,Waterfront Communities C8,43.6449794,-79.363762,3,0,3,1500.0
2499000.0,2499000.0,2499000.0,CONDO,CONDO,Annex,43.6749403,-79.3949069,2,1,3,1500.0
2050000.0,2050000.0,2050000.0,CONDO,CONDO,Annex,43.6742968,-79.3960655,2,0,3,1300.0
2469000.0,2469000.0,2469000.0,CONDO,CONDO,Rosedale Moore Park,43.6728255,-79.3856552,2,0,2,1900.0
2380000.0,2380000.0,2380000.0,CONDO,CONDO,Rosedale Moore Park,43.6728255,-79.3856552,3,0,2,1900.0
2399000.0,2399000.0,2399000.0,CONDO,CONDO,Waterfront Communities The Island,43.6454146,-79.387361,2,0,2,1500.0
2499000.0,2499000.0,2499000.0,CONDO,CONDO,Waterfront Communities C8,43.6453305,-79.3613714,2,1,3,1900.0
2149000.0,2149000.0,2149000.0,CONDO,CONDO,Bay Street Corridor,43.6490534,-79.3861546,2,0,3,1700.0
2199900.0,2199900.0,0.0,CONDO,CONDO,Waterfront Communities C1,43.6460783,-79.400577,3,0,4,1500.0
2845000.0,2845000.0,2845000.0,CONDO,CONDO,Annex,43.6726027,-79.3953805,2,0,3,2624.0
2799900.0,2799900.0,2799900.0,CONDO,CONDO,Mount Pleasant East,43.7137533,-79.3936945,2,2,2,1700.0
2600000.0,2600000.0,2600000.0,CONDO,CONDO,Waterfront Communities The Island,43.6416066,-79.3719866,2,1,3,1700.0
2595000.0,2595000.0,2595000.0,CONDO,CONDO,Waterfront Communities C1,43.6393958,-79.3791778,3,0,2,1900.0
2598888.0,2598888.0,2598888.0,CONDO,CONDO,Annex,43.6702175,-79.3951083,2,0,2,1900.0
2895900.0,2895900.0,2895900.0,CONDO,CONDO,Casa Loma,43.6866156,-79.40361039999999,2,1,3,1700.0
2795000.0,2795000.0,2795000.0,CONDO,CONDO,Greenwood-Coxwell,43.66527989999999,-79.3182875,3,1,2,1900.0
2698888.0,2698888.0,2698888.0,CONDO,CONDO,Annex,43.6722657,-79.39037429999999,2,0,2,1300.0
2825990.0,2825990.0,2825990.0,CONDO,CONDO,Annex,43.6745329,-79.401129,2,0,2,1300.0
2812250.0,2812250.0,2812250.0,CONDO,CONDO,Casa Loma,43.6866156,-79.40361039999999,2,1,2,1700.0
2600000.0,2600000.0,2600000.0,CONDO,CONDO,Bay Street Corridor,43.6490534,-79.3861546,2,1,3,1900.0
2800000.0,2800000.0,2800000.0,CONDO,CONDO,Annex,43.6698863,-79.3909824,2,1,3,1900.0
2998000.0,2998000.0,2998000.0,CONDO,CONDO,Casa Loma,43.6849627,-79.4116874,3,0,2,2624.0
2888000.0,2888000.0,2888000.0,CONDO,CONDO,North St James Town,43.6679848,-79.3755762,3,0,3,2624.0
2590000.0,2590000.0,2590000.0,CONDO,CONDO,Annex,43.6732349,-79.3903302,2,1,2,1500.0
2995000.0,2995000.0,2995000.0,CONDO,CONDO,Annex,43.6711007,-79.3957329,2,0,2,2374.0
2695000.0,2695000.0,2695000.0,CONDO,CONDO,Annex,43.6695063,-79.3921079,2,0,2,1900.0
2720000.0,2720000.0,2720000.0,CONDO,CONDO,Yonge-Eglinton,43.7137533,-79.3936945,4,1,2,1900.0
2820000.0,2820000.0,2820000.0,CONDO,CONDO,Annex,43.6698863,-79.3909824,2,1,2,1700.0
2569900.0,2569900.0,2569900.0,CONDO,CONDO,Mount Pleasant West,43.70958419999999,-79.3950823,3,0,4,1900.0
2549900.0,2549900.0,2549900.0,CONDO,CONDO,Oakwood Village,43.6803749,-79.4337199,3,1,4,2624.0
2700000.0,2700000.0,2700000.0,CONDO,CONDO,Annex,43.6698863,-79.3909824,2,1,3,1900.0
2700000.0,2700000.0,2700000.0,CONDO,CONDO,Church-Yonge Corridor,43.6695584,-79.3846569,2,0,3,1900.0
2998900.0,2998900.0,2998900.0,CONDO,CONDO,Waterfront Communities C1,43.6495841,-79.3876801,3,1,3,3124.0
2654900.0,2654900.0,2654900.0,CONDO,CONDO,Mount Pleasant West,43.70958419999999,-79.3950823,3,0,3,1900.0
2880000.0,2880000.0,2880000.0,CONDO,CONDO,Bay Street Corridor,43.6490534,-79.3861546,2,1,3,1900.0
2988888.0,2988888.0,2988888.0,CONDO,CONDO,Bay Street Corridor,43.6490534,-79.3861546,2,0,3,1500.0
2800000.0,2800000.0,2800000.0,CONDO,CONDO,Mount Pleasant East,43.7137533,-79.3936945,2,1,2,1700.0
2870000.0,2870000.0,2870000.0,CONDO,CONDO,Yonge Eglinton,43.7026058,-79.3978884,3,0,3,1700.0
3599000.0,3599000.0,3599000.0,CONDO,CONDO,Waterfront Communities C8,43.6462809,-79.3613713,2,1,3,2374.0
3295000.0,3295000.0,3295000.0,CONDO,CONDO,Niagara,43.6348247,-79.40156,3,0,4,2124.0
3800000.0,3800000.0,3800000.0,CONDO,CONDO,Waterfront Communities C8,43.6462809,-79.3613713,2,1,3,2374.0
3925000.0,3925000.0,3925000.0,CONDO,CONDO,Trinity Bellwoods,43.6507923,-79.4177179,2,0,12,7700.0
3495000.0,3495000.0,3495000.0,CONDO,CONDO,Palmerston Little Italy,43.6576541,-79.4084657,2,0,5,2510.0
3361900.0,3361900.0,3361900.0,CONDO,CONDO,Annex,43.6745678,-79.4090342,3,1,3,1500.0
3250000.0,3250000.0,3250000.0,CONDO,CONDO,Casa Loma,43.6862939,-79.4017541,2,1,3,2374.0
3595000.0,3595000.0,3595000.0,CONDO,CONDO,Casa Loma,43.6862939,-79.4017541,2,1,3,2374.0
3500000.0,3500000.0,3500000.0,CONDO,CONDO,Waterfront Communities C8,43.6462809,-79.3613713,2,0,3,2374.0
3100000.0,3100000.0,3100000.0,CONDO,CONDO,Casa Loma,43.6882475,-79.4028074,2,0,3,2874.0
3499900.0,3499900.0,3499900.0,CONDO,CONDO,Annex,43.674247,-79.3996095,2,0,3,1700.0
3150000.0,3150000.0,3150000.0,CONDO,CONDO,Bay Street Corridor,43.6490534,-79.3861546,2,1,3,1900.0
3300000.0,3300000.0,3300000.0,CONDO,CONDO,Cabbagetown South St James Town,43.6640735,-79.3702904,2,0,1,3003.0
3150000.0,3150000.0,3150000.0,CONDO,CONDO,Bay Street Corridor,43.6490534,-79.3861546,2,1,3,2124.0
3500000.0,3500000.0,3500000.0,CONDO,CONDO,Waterfront Communities The Island,43.6393958,-79.3791778,2,0,2,1900.0
3080000.0,3080000.0,3080000.0,CONDO,CONDO,North St James Town,43.6679848,-79.3755762,3,0,3,2624.0
4695000.0,4695000.0,4695000.0,CONDO,CONDO,Annex,43.6702175,-79.3951083,3,0,5,3124.0
4900000.0,4900000.0,4900000.0,CONDO,CONDO,Moss Park,43.6601202,-79.3728278,2,0,22,7841.0
4749000.0,4749000.0,4749000.0,CONDO,CONDO,Waterfront Communities C8,43.6462809,-79.3613713,2,1,4,2624.0
4498000.0,4498000.0,4498000.0,CONDO,CONDO,Annex,43.6724726,-79.39547739999999,3,1,4,3374.0
4195000.0,4195000.0,4195000.0,CONDO,CONDO,Annex,43.66869,-79.395704,2,1,3,2624.0
4300000.0,4300000.0,4300000.0,CONDO,CONDO,Casa Loma,43.6823645,-79.4060364,2,0,2,1900.0
4980000.0,4980000.0,4980000.0,CONDO,CONDO,Annex,43.6702175,-79.3951083,3,0,4,3124.0
4588000.0,4588000.0,4588000.0,CONDO,CONDO,Annex,43.67494629999999,-79.3938409,3,1,4,3124.0
4099000.0,4099000.0,4099000.0,CONDO,CONDO,Rosedale Moore Park,43.6720296,-79.3798098,3,0,3,3124.0
4250000.0,4250000.0,4250000.0,CONDO,CONDO,Waterfront Communities C1,43.6462809,-79.3613713,2,1,3,2374.0
4499000.0,4499000.0,4499000.0,CONDO,CONDO,Annex,43.66869,-79.395704,3,0,3,2624.0
4399000.0,4399000.0,4399000.0,CONDO,CONDO,Lawrence Park South,43.7218176,-79.4031234,2,0,3,1900.0
4895000.0,4895000.0,4895000.0,CONDO,CONDO,Annex,43.6778147,-79.3900616,2,0,3,2124.0
4150000.0,4150000.0,4150000.0,CONDO,CONDO,Annex,43.668542,-79.397174,2,1,3,2124.0
4465000.0,4465000.0,4465000.0,CONDO,CONDO,Mount Pleasant East,43.701438,-79.373823,3,0,3,2124.0
4036000.0,4036000.0,4036000.0,CONDO,CONDO,Annex,43.669867,-79.394244,2,1,3,2124.0
6199000.0,6199000.0,6199000.0,CONDO,CONDO,Annex,43.6749403,-79.3949069,3,1,4,2874.0
5590000.0,5590000.0,5590000.0,CONDO,CONDO,Annex,43.669984,-79.3956858,2,1,3,2374.0
5775000.0,5775000.0,5775000.0,CONDO,CONDO,Yonge St Clair,43.6884036,-79.3964356,4,0,7,5000.0
6499000.0,6499000.0,6499000.0,CONDO,CONDO,Rosedale-Moore Park,43.6740667,-79.3727912,2,2,3,2624.0
5995000.0,5995000.0,5995000.0,CONDO,CONDO,Rosedale Moore Park,43.684871,-79.3906504,2,1,3,2874.0
6524900.0,6524900.0,6524900.0,CONDO,CONDO,Annex,43.674247,-79.3996095,3,1,4,2874.0
5399000.0,5399000.0,5399000.0,CONDO,CONDO,Casa Loma,43.6866506,-79.4028799,2,1,3,2624.0
5495000.0,5495000.0,5495000.0,CONDO,CONDO,Rosedale-Moore Park,43.6740667,-79.3727912,2,0,3,2124.0
6100000.0,6100000.0,6100000.0,CONDO,CONDO,Annex,43.6749403,-79.3949069,3,0,4,2874.0
6350000.0,6350000.0,6350000.0,CONDO,CONDO,Casa Loma,43.6818578,-79.4068609,3,0,3,2374.0
5650000.0,5650000.0,5650000.0,CONDO,CONDO,North Riverdale,43.6185767,-79.49226279999999,2,0,10,5457.0
6349000.0,6349000.0,6349000.0,CONDO,CONDO,Casa Loma,43.6818578,-79.4068609,2,0,3,2624.0
6749000.0,6749000.0,6749000.0,CONDO,CONDO,Lawrence Park South,43.7218176,-79.4031234,2,0,3,2874.0
7000000.0,7000000.0,7000000.0,CONDO,CONDO,Waterfront Communities C1,43.6474069,-79.3895932,4,0,4,3374.0
6000000.0,6000000.0,6000000.0,CONDO,CONDO,Waterfront Communities C1,43.6474069,-79.3895932,3,2,3,2874.0
22500000.0,22500000.0,22500000.0,CONDO,CONDO,Waterfront Communities C1,43.6454104,-79.38770699999999,3,0,5,6000.0
8250000.0,8250000.0,8250000.0,CONDO,CONDO,Rosedale-Moore Park,43.6740667,-79.3727912,2,0,3,3374.0
7495000.0,7495000.0,7495000.0,CONDO,CONDO,Rosedale-Moore Park,43.6740667,-79.3727912,2,0,3,2874.0
8875990.0,8875990.0,8875990.0,CONDO,CONDO,Annex,43.6745329,-79.401129,3,0,4,3874.0
8474000.0,8474000.0,8474000.0,CONDO,CONDO,The Beaches,43.6711166,-79.2979955,2,0,11,11232.0
10499900.0,10499900.0,10499900.0,CONDO,CONDO,Annex,43.674247,-79.3996095,3,1,5,3624.0
18800000.0,18800000.0,18800000.0,CONDO,CONDO,Annex,43.6716865,-79.3895632,3,1,4,4874.0
23499000.0,23499000.0,23499000.0,CONDO,CONDO,Annex,43.6697778,-79.3932243,3,1,4,5000.0
16999900.0,16999900.0,16999900.0,CONDO,CONDO,Annex,43.6701085,-79.394438,3,0,4,4124.0
8080000.0,8080000.0,8080000.0,CONDO,CONDO,Lawrence Park South,43.7218176,-79.4031234,3,1,4,3374.0
18000000.0,18000000.0,18000000.0,CONDO,CONDO,Annex,43.6701085,-79.394438,3,0,4,5000.0
9900000.0,9900000.0,9900000.0,CONDO,CONDO,Annex,43.6708555,-79.3936994,3,1,5,5000.0
699000.0,699000.0,699000.0,HOUSE,HOUSE,Weston Pellam Park,43.6780292,-79.4615239,3,0,4,1750.0
698000.0,698000.0,698000.0,HOUSE,HOUSE,Greenwood Coxwell,43.675487,-79.3207773,3,2,3,900.0
699900.0,699900.0,699900.0,HOUSE,HOUSE,Woodbine-Lumsden,43.6918753,-79.3123233,2,0,2,900.0
799000.0,799000.0,799000.0,HOUSE,HOUSE,East End Danforth,43.6794184,-79.3091457,2,1,2,700.0
799000.0,799000.0,799000.0,HOUSE,HOUSE,East End Danforth,43.6887584,-79.2948281,3,1,2,1300.0
849900.0,849900.0,849900.0,HOUSE,HOUSE,Corso Italia Davenport,43.6791532,-79.4551967,2,0,2,900.0
849000.0,849000.0,849000.0,HOUSE,HOUSE,Casa Loma,43.6820411,-79.4008294,2,1,2,900.0
834900.0,834900.0,834900.0,HOUSE,HOUSE,Rosedale Moore Park,43.6749678,-79.3703908,3,4,4,900.0
849000.0,849000.0,849000.0,HOUSE,HOUSE,Weston Pellam Park,43.6682836,-79.4564803,4,0,1,900.0
849000.0,849000.0,849000.0,HOUSE,HOUSE,Wychwood,43.6790552,-79.427866,3,0,2,900.0
899900.0,899900.0,899900.0,HOUSE,HOUSE,Weston Pellam Park,43.6808365,-79.4599694,3,1,2,900.0
848888.0,848888.0,848888.0,HOUSE,HOUSE,Rosedale Moore Park,43.7520768,-79.20678629999999,3,4,4,900.0
988000.0,988000.0,988000.0,HOUSE,HOUSE,Danforth,43.6859653,-79.3270601,3,0,2,1300.0
985000.0,985000.0,985000.0,HOUSE,HOUSE,Waterfront Communities The Island,43.7084677,-79.5059485,3,1,2,1300.0
925000.0,925000.0,925000.0,HOUSE,HOUSE,Birchcliffe-Cliffside,43.6432502,-79.3734193,2,1,2,1300.0
999000.0,999000.0,999000.0,HOUSE,HOUSE,Greenwood Coxwell,43.6758094,-79.3207739,3,1,4,1300.0
999999.0,999999.0,999999.0,HOUSE,HOUSE,South Parkdale,43.6341767,-79.428347,5,0,2,1726.0
949000.0,949000.0,949000.0,HOUSE,HOUSE,East End Danforth,43.6827365,-79.3065292,3,0,2,1300.0
1000000.0,1000000.0,1000000.0,HOUSE,HOUSE,Danforth,43.6864344,-79.3155577,3,0,2,1300.0
999900.0,999900.0,999900.0,HOUSE,HOUSE,Trinity Bellwoods,43.6489412,-79.4083937,3,0,2,1300.0
999999.0,999999.0,999999.0,HOUSE,HOUSE,High Park Swansea,43.6472882,-79.4516609,5,0,3,2250.0
995000.0,995000.0,995000.0,HOUSE,HOUSE,Greenwood Coxwell,43.6733069,-79.3248662,1,1,2,900.0
999000.0,999000.0,999000.0,HOUSE,HOUSE,Corso Italia Davenport,43.6751767,-79.4415788,3,1,3,1300.0
999000.0,999000.0,999000.0,HOUSE,HOUSE,Dovercourt Wallace Emerson Junction,43.6693144,-79.4252868,3,0,1,1750.0
999999.0,999999.0,999999.0,HOUSE,HOUSE,The Beaches,43.6793016,-79.295348,3,0,2,1302.0
999999.0,999999.0,999999.0,HOUSE,HOUSE,Weston Pellam Park,43.6719103,-79.4623851,4,0,3,1750.0
999000.0,999000.0,999000.0,HOUSE,HOUSE,Dufferin Grove,43.6558844,-79.441694,4,2,2,1750.0
999999.0,999999.0,999999.0,HOUSE,HOUSE,Greenwood Coxwell,43.6736731,-79.3245232,2,1,2,900.0
999800.0,999800.0,999800.0,HOUSE,HOUSE,South Riverdale,43.6703344,-79.3374048,5,1,3,1300.0
998800.0,998800.0,998800.0,HOUSE,HOUSE,Junction Area,43.6775681,-79.4742914,4,1,3,1300.0
977000.0,977000.0,977000.0,HOUSE,HOUSE,Rouge E11,43.8057831,-79.1773493,6,2,3,2250.0
1000000.0,1000000.0,1000000.0,HOUSE,HOUSE,Rexdale-Kipling,43.725295,-79.5620781,3,1,2,1300.0
989000.0,989000.0,989000.0,HOUSE,HOUSE,Junction Area,43.6667404,-79.4728959,2,0,2,900.0
1049000.0,1049000.0,1049000.0,HOUSE,HOUSE,Wychwood,43.6770687,-79.4286813,3,1,2,1300.0
1078000.0,1078000.0,1078000.0,HOUSE,HOUSE,Lawrence Park North,43.7316111,-79.395509,2,0,1,1300.0
1059000.0,1059000.0,1059000.0,HOUSE,HOUSE,South Riverdale,43.6669384,-79.334881,4,0,3,1750.0
1029900.0,1029900.0,1029900.0,HOUSE,HOUSE,Kensington Chinatown,43.7802911,-79.4213261,3,4,2,700.0
1039000.0,1039000.0,1039000.0,HOUSE,HOUSE,Dovercourt Wallace Emerson Junction,43.6734508,-79.4372811,2,1,2,900.0
1089000.0,1089000.0,1089000.0,HOUSE,HOUSE,Blake Jones,43.6757814,-79.3381299,3,0,2,1750.0
1025000.0,1025000.0,1025000.0,HOUSE,HOUSE,Dovercourt Wallace Emerson Junction,43.6629148,-79.4368707,4,2,2,2250.0
1150000.0,1150000.0,1150000.0,HOUSE,HOUSE,Greenwood Coxwell,43.6727633,-79.3278673,3,1,2,1300.0
1150000.0,1150000.0,1150000.0,HOUSE,HOUSE,Corso Italia Davenport,43.6763058,-79.4540462,3,0,2,1300.0
1160000.0,1160000.0,1160000.0,HOUSE,HOUSE,Dovercourt Wallace Emerson Junction,43.669806,-79.4271498,3,0,2,1300.0
1149900.0,1149900.0,1149900.0,HOUSE,HOUSE,South Riverdale,43.6674181,-79.3269002,3,1,3,1300.0
1194000.0,1194000.0,1194000.0,HOUSE,HOUSE,East End Danforth,43.6752725,-79.3081058,3,0,3,1300.0
1199000.0,1199000.0,1199000.0,HOUSE,HOUSE,East End Danforth,43.6797781,-79.3007835,3,1,2,1300.0
1150000.0,1150000.0,1150000.0,HOUSE,HOUSE,East End Danforth,43.6911071,-79.2966879,4,0,3,1750.0
1168750.0,1168750.0,1168750.0,HOUSE,HOUSE,Weston Pellam Park,43.6768208,-79.4653786,3,1,3,1750.0
1180000.0,1180000.0,1180000.0,HOUSE,HOUSE,Dovercourt Wallace Emerson Junction,43.6738208,-79.4372894,3,0,2,1750.0
1149900.0,1149900.0,1149900.0,HOUSE,HOUSE,Trinity Bellwoods,43.7946774,-79.1695412,3,1,2,1300.0
1199900.0,1199900.0,1199900.0,HOUSE,HOUSE,High Park Swansea,43.6485268,-79.4756517,2,1,6,900.0
1199900.0,1199900.0,1199900.0,HOUSE,HOUSE,Corso Italia Davenport,43.6797738,-79.4549643,3,0,2,1300.0
1150000.0,1150000.0,1150000.0,HOUSE,HOUSE,Clairlea Birchmount,43.7089861,-79.2913771,2,1,3,900.0
1149000.0,1149000.0,1149000.0,HOUSE,HOUSE,Wychwood,43.6792763,-79.4297103,2,0,3,900.0
1189000.0,1189000.0,1189000.0,HOUSE,HOUSE,Malvern,43.8141531,-79.21549639999999,4,0,2,1750.0
1295000.0,1295000.0,1295000.0,HOUSE,HOUSE,High Park Swansea,43.6400268,-79.4762137,3,1,3,1750.0
1288000.0,1288000.0,1288000.0,HOUSE,HOUSE,Lawrence Park North,43.73107210000001,-79.3963175,3,0,2,1300.0
1299999.0,1299999.0,1299999.0,HOUSE,HOUSE,The Beaches,43.6747093,-79.2890201,3,1,2,1300.0
1280000.0,1280000.0,1280000.0,HOUSE,HOUSE,Playter Estates Danforth,43.6783394,-79.3507144,3,0,2,1750.0
1235000.0,1235000.0,1235000.0,HOUSE,HOUSE,Junction Area,43.6662941,-79.4794374,3,0,2,1300.0
1245500.0,1245500.0,1245500.0,HOUSE,HOUSE,Wychwood,43.6809687,-79.4213376,2,1,1,3250.0
1269000.0,1269000.0,1269000.0,HOUSE,HOUSE,Danforth,43.680884,-79.3434283,3,0,2,1300.0
1268000.0,1268000.0,1268000.0,HOUSE,HOUSE,Lawrence Park North,43.7260457,-79.4043419,2,2,2,900.0
1299000.0,1299000.0,1299000.0,HOUSE,HOUSE,Danforth,43.6820654,-79.3323607,5,0,2,1750.0
1220000.0,1220000.0,1220000.0,HOUSE,HOUSE,Danforth,43.6825547,-79.3296941,4,1,3,1750.0
1299000.0,1299000.0,1299000.0,HOUSE,HOUSE,Corso Italia Davenport,43.6766195,-79.4427983,3,1,2,1300.0
1299000.0,1299000.0,1299000.0,HOUSE,HOUSE,Danforth,43.6808288,-79.3433955,3,0,2,1300.0
1249999.0,1249999.0,1249999.0,HOUSE,HOUSE,Blake Jones,43.676318,-79.3383887,4,1,4,900.0
1259000.0,1259000.0,1259000.0,HOUSE,HOUSE,Corso Italia Davenport,43.6746846,-79.4502039,3,0,3,1750.0
1299000.0,1299000.0,1299000.0,HOUSE,HOUSE,East End Danforth,43.6880613,-79.290601,3,0,3,2250.0
1249999.0,1249999.0,1249999.0,HOUSE,HOUSE,Dovercourt Wallace Emerson Junction,43.6653788,-79.4553868,4,0,3,1750.0
1299999.0,1299999.0,1299999.0,HOUSE,HOUSE,Palmerston Little Italy,43.6593144,-79.424334,4,0,2,1300.0
1249990.0,1249990.0,1249990.0,HOUSE,HOUSE,Woodbine Corridor,43.6701718,-79.3135589,4,0,2,1300.0
1229000.0,1229000.0,1229000.0,HOUSE,HOUSE,Corso Italia Davenport,43.6798777,-79.4563656,3,1,3,1750.0
1299000.0,1299000.0,1299000.0,HOUSE,HOUSE,Danforth,43.6842844,-79.3225753,4,2,5,1300.0
1225000.0,1225000.0,1225000.0,HOUSE,HOUSE,Dovercourt Wallace Emerson Junction,43.6648923,-79.4278844,4,1,3,1750.0
1249000.0,1249000.0,1249000.0,HOUSE,HOUSE,Roncesvalles,43.6479922,-79.4465123,2,1,2,1300.0
1289000.0,1289000.0,1289000.0,HOUSE,HOUSE,Wychwood,43.6769125,-79.4180089,4,0,2,1750.0
1399900.0,1399900.0,1399900.0,HOUSE,HOUSE,Agincourt South Malvern West,43.7791602,-79.2750247,5,0,2,2250.0
1349000.0,1349000.0,1349000.0,HOUSE,HOUSE,East End Danforth,43.6816795,-79.2964136,3,0,1,1300.0
1399000.0,1399000.0,1399000.0,HOUSE,HOUSE,Dovercourt Wallace Emerson Junction,43.6609677,-79.451955,3,1,3,1750.0
1399999.0,1399999.0,1399999.0,HOUSE,HOUSE,Niagara,43.6440909,-79.4060395,2,0,2,900.0
1349000.0,1349000.0,1349000.0,HOUSE,HOUSE,Dovercourt Wallace Emerson Junction,43.6620916,-79.4272306,4,2,4,1750.0
1399000.0,1399000.0,1399000.0,HOUSE,HOUSE,The Beaches,43.6711309,-79.3005393,3,0,3,1300.0
1400000.0,1400000.0,1400000.0,HOUSE,HOUSE,Mount Pleasant West,43.7021608,-79.3928302,3,1,2,1750.0
1380000.0,1380000.0,1380000.0,HOUSE,HOUSE,Moss Park,43.6574514,-79.3688194,3,1,3,1750.0
1350000.0,1350000.0,1350000.0,HOUSE,HOUSE,High Park Swansea,43.6501635,-79.4761366,3,1,3,1270.0
1350000.0,1350000.0,1350000.0,HOUSE,HOUSE,High Park Swansea,43.6501635,-79.4761366,3,1,3,1300.0
1399900.0,1399900.0,1399900.0,HOUSE,HOUSE,Mount Pleasant East,43.7047153,-79.3856639,3,0,1,1300.0
1388000.0,1388000.0,1388000.0,HOUSE,HOUSE,Mount Pleasant East,43.7051063,-79.3814013,1,1,1,900.0
1388000.0,1388000.0,1388000.0,HOUSE,HOUSE,Corso Italia-Davenport,43.6756323,-79.4418018,5,0,3,1750.0
1349000.0,1349000.0,1349000.0,HOUSE,HOUSE,Niagara,43.6455249,-79.4074758,2,1,2,1750.0
1300888.0,1300888.0,1300888.0,HOUSE,HOUSE,Dovercourt Wallace Emerson Junction,43.6655509,-79.4545537,3,0,4,1300.0
1399000.0,1399000.0,1399000.0,HOUSE,HOUSE,Lawrence Park South,43.7118133,-79.4096677,3,0,2,1300.0
1348000.0,1348000.0,1348000.0,HOUSE,HOUSE,Playter Estates Danforth,43.6781285,-79.3578282,3,1,3,1300.0
1399000.0,1399000.0,1399000.0,HOUSE,HOUSE,Little Portugal,43.6512616,-79.428979,3,0,2,1750.0
1348888.0,1348888.0,0.0,HOUSE,HOUSE,Dovercourt Wallace Emerson Junction,43.6734508,-79.4372811,2,1,2,900.0
1499999.0,1499999.0,1499999.0,HOUSE,HOUSE,Yonge Eglinton,43.7084417,-79.4028034,3,1,3,1300.0
1499000.0,1499000.0,1499000.0,HOUSE,HOUSE,Lawrence Park North,43.7254706,-79.4035924,2,1,3,1300.0
1474900.0,1474900.0,1474900.0,HOUSE,HOUSE,The Beaches,43.6718952,-79.302012,3,1,3,1300.0
1499000.0,1499000.0,1499000.0,HOUSE,HOUSE,East End Danforth,43.6778043,-79.3077981,3,0,2,2750.0
1499000.0,1499000.0,1499000.0,HOUSE,HOUSE,High Park North,43.6583374,-79.4564773,4,0,2,1750.0
1449000.0,1449000.0,1449000.0,HOUSE,HOUSE,Greenwood Coxwell,43.6711835,-79.3222798,3,1,3,1300.0
1499000.0,1499000.0,1499000.0,HOUSE,HOUSE,High Park North,43.6608171,-79.4758818,3,1,2,1300.0
1499000.0,1499000.0,1499000.0,HOUSE,HOUSE,High Park Swansea,43.6439911,-79.4719123,3,0,2,1300.0
1499000.0,1499000.0,1499000.0,HOUSE,HOUSE,Yonge Eglinton,43.7117553,-79.4078549,3,0,2,1300.0
1450000.0,1450000.0,1450000.0,HOUSE,HOUSE,Junction Area,43.6648351,-79.4821268,3,1,3,1300.0
1450000.0,1450000.0,1450000.0,HOUSE,HOUSE,Wychwood,43.6726891,-79.4330396,4,1,5,1750.0
1499000.0,1499000.0,1499000.0,HOUSE,HOUSE,Lawrence Park North,43.7341457,-79.4031009,2,1,2,900.0
1449999.0,1449999.0,1449999.0,HOUSE,HOUSE,Annex,43.6687018,-79.4202001,4,0,3,1750.0
1470000.0,1470000.0,1470000.0,HOUSE,HOUSE,High Park North,43.6561958,-79.4701256,3,0,2,1300.0
1499900.0,1499900.0,1499900.0,HOUSE,HOUSE,South Parkdale,43.6392669,-79.4325601,3,1,3,1300.0
1460000.0,1460000.0,1460000.0,HOUSE,HOUSE,Dovercourt Wallace Emerson Junction,43.6695247,-79.4447474,5,1,3,1750.0
1498000.0,1498000.0,1498000.0,HOUSE,HOUSE,L Amoreaux,43.7896279,-79.3291426,3,2,3,1300.0
1450000.0,1450000.0,1450000.0,HOUSE,HOUSE,South Riverdale,43.667266,-79.3268272,4,0,4,1750.0
1499999.0,1499999.0,1499999.0,HOUSE,HOUSE,High Park Swansea,43.642487,-79.4485728,5,0,2,1750.0
1445000.0,1445000.0,0.0,HOUSE,HOUSE,Dovercourt Wallace Emerson Junction,43.6716713,-79.4345597,3,0,3,1300.0
1699900.0,1699900.0,1699900.0,HOUSE,HOUSE,Dovercourt Wallace Emerson Junction,43.6603226,-79.4382763,5,1,3,1750.0
1599000.0,1599000.0,1599000.0,HOUSE,HOUSE,North Riverdale,43.6716802,-79.3467363,4,0,3,1750.0
1595000.0,1595000.0,1595000.0,HOUSE,HOUSE,Yonge Eglinton,43.7105433,-79.4021852,3,0,2,1300.0
1529000.0,1529000.0,1529000.0,HOUSE,HOUSE,Lawrence Park North,43.7282979,-79.4084785,3,0,2,1300.0
1598000.0,1598000.0,1598000.0,HOUSE,HOUSE,Junction Area,43.6616229,-79.4802943,5,0,3,1750.0
1679000.0,1679000.0,1679000.0,HOUSE,HOUSE,Forest Hill North,43.7055784,-79.417552,3,2,2,1300.0
1699999.0,1699999.0,1699999.0,HOUSE,HOUSE,Mount Pleasant East,43.7054011,-79.3870115,3,1,2,1300.0
1649000.0,1649000.0,1649000.0,HOUSE,HOUSE,Mount Pleasant East,43.7019357,-79.3776939,3,0,3,1750.0
1549900.0,1549900.0,1549900.0,HOUSE,HOUSE,Lawrence Park North,43.73371,-79.414269,3,0,2,1300.0
1699000.0,1699000.0,1699000.0,HOUSE,HOUSE,Yonge Eglinton,43.7112576,-79.4013537,3,2,4,1300.0
1599000.0,1599000.0,1599000.0,HOUSE,HOUSE,Yonge St Clair,43.6967758,-79.4038199,2,1,3,1300.0
1698800.0,1698800.0,1698800.0,HOUSE,HOUSE,The Beaches,43.678601,-79.2967344,3,1,2,1300.0
1599000.0,1599000.0,1599000.0,HOUSE,HOUSE,Wychwood,43.6806121,-79.4187747,4,1,3,1750.0
1658000.0,1658000.0,1658000.0,HOUSE,HOUSE,High Park North,43.6539492,-79.468712,4,1,3,2250.0
1560000.0,1560000.0,1560000.0,HOUSE,HOUSE,Wychwood,43.6797294,-79.4272211,3,2,3,1750.0
1650000.0,1650000.0,1650000.0,HOUSE,HOUSE,Dovercourt Wallace Emerson Junction,43.6697151,-79.4290862,3,2,5,1750.0
1575000.0,1575000.0,1575000.0,HOUSE,HOUSE,Little Portugal,43.6477339,-79.4362653,3,1,2,1300.0
1649900.0,1649900.0,1649900.0,HOUSE,HOUSE,Weston Pellam Park,43.6762571,-79.4622753,4,1,5,2750.0
1699900.0,1699900.0,1699900.0,HOUSE,HOUSE,Lawrence Park South,43.7048216,-79.412259,3,0,3,1750.0
1649900.0,1649900.0,1649900.0,HOUSE,HOUSE,Eringate Centennial West Deane,43.6579601,-79.584404,3,0,4,1750.0
1669900.0,1669900.0,1669900.0,HOUSE,HOUSE,Yonge-St. Clair,43.6962717,-79.40235369999999,2,2,4,1750.0
1549900.0,1549900.0,1549900.0,HOUSE,HOUSE,Dovercourt Wallace Emerson Junction,43.6653717,-79.4312553,4,1,4,2250.0
1549000.0,1549000.0,1549000.0,HOUSE,HOUSE,Little Portugal,43.6450732,-79.4265695,4,1,4,1300.0
1690000.0,1690000.0,1690000.0,HOUSE,HOUSE,Yonge Eglinton,43.7105185,-79.4023847,4,0,4,1750.0
1585000.0,1585000.0,1585000.0,HOUSE,HOUSE,Mount Pleasant East,43.7029884,-79.3750267,3,0,2,1300.0
1599000.0,1599000.0,1599000.0,HOUSE,HOUSE,Dovercourt Wallace Emerson Junction,43.667021,-79.4354002,4,1,2,2250.0
1695000.0,1695000.0,1695000.0,HOUSE,HOUSE,Dovercourt Wallace Emerson Junction,43.6606811,-79.438972,4,0,2,1750.0
1519900.0,1519900.0,1519900.0,HOUSE,HOUSE,Corso Italia Davenport,43.6786097,-79.4501812,5,1,3,1750.0
1690000.0,1690000.0,1690000.0,HOUSE,HOUSE,Mount Pleasant East,43.7159879,-79.3975247,4,0,1,1750.0
1599000.0,1599000.0,1599000.0,HOUSE,HOUSE,Forest Hill North,43.7062443,-79.4180706,5,1,2,1750.0
1599000.0,1599000.0,1599000.0,HOUSE,HOUSE,Willowdale West,43.651495,-79.4243825,3,1,3,1300.0
1595000.0,1595000.0,1595000.0,HOUSE,HOUSE,Lawrence Park North,43.7290107,-79.4136547,2,1,2,900.0
1599000.0,1599000.0,1599000.0,HOUSE,HOUSE,Guildwood,43.6742026,-79.3738895,4,0,5,3250.0
1600000.0,1600000.0,1600000.0,HOUSE,HOUSE,Dovercourt Wallace Emerson Junction,43.6694216,-79.4311101,5,2,7,1750.0
1589990.0,1589990.0,1589990.0,HOUSE,HOUSE,Palmerston Little Italy,43.6587384,-79.420177,4,1,3,1750.0
1699000.0,1699000.0,1699000.0,HOUSE,HOUSE,Lawrence Park South,43.7166298,-79.417792,3,0,2,1300.0
1659000.0,1659000.0,1659000.0,HOUSE,HOUSE,High Park Swansea,43.6474208,-79.4759939,3,0,2,1300.0
1749000.0,1749000.0,1749000.0,HOUSE,HOUSE,Rosedale Moore Park,43.6940582,-79.3809801,3,0,2,1750.0
1799000.0,1799000.0,1799000.0,HOUSE,HOUSE,Forest Hill South,43.6972424,-79.4160178,4,1,4,1750.0
1900000.0,1900000.0,1900000.0,HOUSE,HOUSE,Yonge Eglinton,43.7115229,-79.4020953,3,1,4,2250.0
1949000.0,1949000.0,1949000.0,HOUSE,HOUSE,Lawrence Park North,43.7253202,-79.411955,3,1,3,1300.0
1799000.0,1799000.0,1799000.0,HOUSE,HOUSE,Rosedale Moore Park,43.6864676,-79.3734568,6,0,3,2750.0
1950000.0,1950000.0,1950000.0,HOUSE,HOUSE,Yonge St Clair,43.6857241,-79.3996723,6,0,3,2750.0
1749900.0,1749900.0,1749900.0,HOUSE,HOUSE,Cabbagetown South St James Town,43.6648434,-79.3608029,3,1,4,2250.0
1999900.0,1999900.0,1999900.0,HOUSE,HOUSE,North Riverdale,43.6673427,-79.3505812,3,0,3,1750.0
1980000.0,1980000.0,1980000.0,HOUSE,HOUSE,South Riverdale,43.6599041,-79.3356918,4,1,5,1750.0
1849000.0,1849000.0,1849000.0,HOUSE,HOUSE,The Beaches,43.6721298,-79.2994985,3,0,2,1750.0
1987500.0,1987500.0,1987500.0,HOUSE,HOUSE,Roncesvalles,43.6443737,-79.4383813,3,1,2,2250.0
1895000.0,1895000.0,1895000.0,HOUSE,HOUSE,Dovercourt Wallace Emerson Junction,43.6665706,-79.4229844,4,0,4,2250.0
1995000.0,1995000.0,1995000.0,HOUSE,HOUSE,Lawrence Park South,43.7244795,-79.3968288,4,0,3,1750.0
1849900.0,1849900.0,1849900.0,HOUSE,HOUSE,University,43.6621945,-79.4033948,4,0,2,1300.0
1999999.0,1999999.0,1999999.0,HOUSE,HOUSE,The Beaches,43.6774515,-79.3015889,3,0,4,1750.0
1780000.0,1780000.0,1780000.0,HOUSE,HOUSE,Lawrence Park North,43.7288256,-79.4041825,4,1,2,1300.0
1749000.0,1749000.0,1749000.0,HOUSE,HOUSE,Dovercourt Wallace Emerson Junction,43.6643292,-79.4313013,4,3,4,1750.0
1750000.0,1750000.0,1750000.0,HOUSE,HOUSE,Lawrence Park South,43.7141134,-79.4032784,4,0,3,1750.0
1750000.0,1750000.0,1750000.0,HOUSE,HOUSE,Mount Pleasant West,43.7049169,-79.391151,3,0,2,1750.0
1999900.0,1999900.0,1999900.0,HOUSE,HOUSE,Corso Italia Davenport,43.6768772,-79.440757,4,1,3,2250.0
1999900.0,1999900.0,1999900.0,HOUSE,HOUSE,High Park Swansea,43.6421126,-79.4797025,4,1,2,2250.0
1749000.0,1749000.0,1749000.0,HOUSE,HOUSE,Wychwood,43.6794169,-79.4336432,5,0,2,2250.0
1990000.0,1990000.0,1990000.0,HOUSE,HOUSE,High Park Swansea,43.6420865,-79.450713,4,0,4,2250.0
1850000.0,1850000.0,1850000.0,HOUSE,HOUSE,Greenwood Coxwell,43.6685312,-79.3204392,5,0,4,2250.0
1988000.0,1988000.0,1988000.0,HOUSE,HOUSE,Bedford Park Nortown,43.7212902,-79.4192054,5,0,4,2250.0
1799000.0,1799000.0,1799000.0,HOUSE,HOUSE,Blake Jones,43.6773457,-79.3435274,3,0,3,1300.0
1799000.0,1799000.0,1799000.0,HOUSE,HOUSE,Dovercourt Wallace Emerson Junction,43.6704388,-79.4220686,3,2,5,1750.0
1795000.0,1795000.0,1795000.0,HOUSE,HOUSE,Cabbagetown South St James Town,43.6657462,-79.3642351,3,0,2,1750.0
1799999.0,1799999.0,1799999.0,HOUSE,HOUSE,Corso Italia Davenport,43.6790085,-79.4499019,6,1,5,1750.0
1725000.0,1725000.0,1725000.0,HOUSE,HOUSE,East End Danforth,43.6873721,-79.3086364,4,1,3,2250.0
1999000.0,1999000.0,1999000.0,HOUSE,HOUSE,Cabbagetown South St James Town,43.6669136,-79.3632015,2,0,3,2750.0
1799000.0,1799000.0,1799000.0,HOUSE,HOUSE,Greenwood Coxwell,43.6706659,-79.3192426,5,1,5,2750.0
1999000.0,1999000.0,1999000.0,HOUSE,HOUSE,Wychwood,43.6778476,-79.4277973,4,1,3,1750.0
1798000.0,1798000.0,1798000.0,HOUSE,HOUSE,South Riverdale,43.6668231,-79.3354103,3,1,4,1300.0
1799000.0,1799000.0,1799000.0,HOUSE,HOUSE,High Park-Swansea,43.6406809,-79.47796819999999,3,1,3,1750.0
1799999.0,1799999.0,1799999.0,HOUSE,HOUSE,The Beaches,43.675165,-79.28272,3,1,3,1750.0
1790000.0,1790000.0,1790000.0,HOUSE,HOUSE,The Beaches,43.6709286,-79.3052004,3,1,2,1750.0
1758888.0,1758888.0,1758888.0,HOUSE,HOUSE,Lawrence Park North,43.7296018,-79.4159181,3,0,2,1300.0
1999900.0,1999900.0,1999900.0,HOUSE,HOUSE,Annex,43.6678103,-79.4164102,3,1,4,1750.0
1999000.0,1999000.0,1999000.0,HOUSE,HOUSE,Mount Pleasant East,43.7083475,-79.3870061,4,1,4,2750.0
1788000.0,1788000.0,1788000.0,HOUSE,HOUSE,Lawrence Park North,43.7288297,-79.4058683,3,0,3,1300.0
1948000.0,1948000.0,1948000.0,HOUSE,HOUSE,Rosedale Moore Park,43.6904074,-79.3822286,3,2,3,1300.0
1899000.0,1899000.0,1899000.0,HOUSE,HOUSE,Lawrence Park North,43.7296284,-79.4087297,3,0,3,1750.0
1928000.0,1928000.0,1928000.0,HOUSE,HOUSE,Junction Area,43.6634265,-79.4786219,4,1,3,1750.0
1995000.0,1995000.0,1995000.0,HOUSE,HOUSE,Lawrence Park South,43.7151961,-79.4172404,4,0,3,1750.0
1949000.0,1949000.0,1949000.0,HOUSE,HOUSE,High Park North,43.6577889,-79.45396,4,1,4,1750.0
1899900.0,1899900.0,1899900.0,HOUSE,HOUSE,East End Danforth,43.6838353,-79.3047646,4,1,4,2250.0
1998000.0,1998000.0,1998000.0,HOUSE,HOUSE,Lawrence Park North,43.7316194,-79.4025987,5,0,3,1750.0
1799900.0,1799900.0,1799900.0,HOUSE,HOUSE,Lawrence Park North,43.7289329,-79.4005875,3,0,2,900.0
1875000.0,1875000.0,1875000.0,HOUSE,HOUSE,Junction Area,43.6768462,-79.4733973,3,1,4,1750.0
1999999.0,1999999.0,1999999.0,HOUSE,HOUSE,Bridle Path Sunnybrook York Mills,43.6325213,-79.4935272,4,0,4,1750.0
1999900.0,1999900.0,1999900.0,HOUSE,HOUSE,Yonge Eglinton,43.7050171,-79.4010407,4,2,3,2250.0
1948880.0,1948880.0,1948880.0,HOUSE,HOUSE,Trinity Bellwoods,43.6489448,-79.407667,5,0,2,1750.0
1945000.0,1945000.0,1945000.0,HOUSE,HOUSE,High Park Swansea,43.6458848,-79.4823511,1,1,2,900.0
1868000.0,1868000.0,1868000.0,HOUSE,HOUSE,Palmerston Little Italy,43.6601031,-79.415491,3,3,3,1750.0
1849000.0,1849000.0,1849000.0,HOUSE,HOUSE,Junction Area,43.6634593,-79.4679969,3,0,3,2250.0
1789000.0,1789000.0,1789000.0,HOUSE,HOUSE,Rosedale Moore Park,43.6920288,-79.3841928,3,1,3,1300.0
1849000.0,1849000.0,1849000.0,HOUSE,HOUSE,Palmerston Little Italy,43.6580657,-79.4230271,3,0,2,1300.0
1849000.0,1849000.0,1849000.0,HOUSE,HOUSE,South Parkdale,43.6340315,-79.4321157,3,1,3,1750.0
1799000.0,1799000.0,1799000.0,HOUSE,HOUSE,The Beaches,43.6683001,-79.3016215,3,0,3,1300.0
1995000.0,1995000.0,1995000.0,HOUSE,HOUSE,Islington-City Centre West,43.6251486,-79.5202462,3,2,6,2250.0
1999999.0,1999999.0,1999999.0,HOUSE,HOUSE,Danforth Village-East York,43.6870286,-79.3382408,3,2,5,2250.0
1799000.0,1799000.0,1799000.0,HOUSE,HOUSE,Dovercourt Wallace Emerson Junction,43.6649582,-79.4305119,3,1,3,1300.0
1795000.0,1795000.0,0.0,HOUSE,HOUSE,Yonge Eglinton,43.7109849,-79.4091763,3,0,3,1750.0
2449000.0,2449000.0,2449000.0,HOUSE,HOUSE,Yonge-Eglinton,43.7108932,-79.40137279999999,3,1,5,2250.0
2250000.0,2250000.0,2250000.0,HOUSE,HOUSE,Mount Pleasant East,43.7103636,-79.3825804,3,1,5,1750.0
2199000.0,2199000.0,2199000.0,HOUSE,HOUSE,The Beaches,43.6715436,-79.3013632,5,0,4,2250.0
2175000.0,2175000.0,2175000.0,HOUSE,HOUSE,Lawrence Park South,43.7110897,-79.4130896,4,0,2,1750.0
2395000.0,2395000.0,2395000.0,HOUSE,HOUSE,Mount Pleasant East,43.711742,-79.382616,3,2,4,2250.0
2499900.0,2499900.0,2499900.0,HOUSE,HOUSE,Lawrence Park South,43.7202403,-79.3946397,5,1,4,2250.0
2359000.0,2359000.0,2359000.0,HOUSE,HOUSE,Yonge St Clair,43.6939992,-79.3996528,4,0,4,1300.0
2349000.0,2349000.0,2349000.0,HOUSE,HOUSE,The Beaches,43.6686478,-79.3104513,4,1,5,2250.0
2075000.0,2075000.0,2075000.0,HOUSE,HOUSE,High Park Swansea,43.6481034,-79.4503053,3,1,2,1300.0
2498000.0,2498000.0,2498000.0,HOUSE,HOUSE,Lawrence Park North,43.7332979,-79.4017181,3,1,4,1750.0
2285000.0,2285000.0,2285000.0,HOUSE,HOUSE,Rosedale Moore Park,43.6870246,-79.3743971,4,0,2,1750.0
2349000.0,2349000.0,2349000.0,HOUSE,HOUSE,The Beaches,43.6721348,-79.294588,4,2,4,2250.0
2495000.0,2495000.0,2495000.0,HOUSE,HOUSE,Lawrence Park South,43.7260989,-79.3960241,4,1,2,1750.0
2500000.0,2500000.0,2500000.0,HOUSE,HOUSE,Dovercourt Wallace Emerson Junction,43.6648232,-79.4425418,6,2,8,700.0
2495000.0,2495000.0,2495000.0,HOUSE,HOUSE,Little Portugal,43.6448354,-79.4270748,3,1,4,2250.0
2499000.0,2499000.0,2499000.0,HOUSE,HOUSE,St Andrew Windfields,43.7519082,-79.3957631,5,3,5,2750.0
2295000.0,2295000.0,2295000.0,HOUSE,HOUSE,Mount Pleasant East,43.6991668,-79.3828973,4,2,4,2250.0
2350000.0,2350000.0,2350000.0,HOUSE,HOUSE,High Park North,43.6598596,-79.4770988,5,1,2,2250.0
2199900.0,2199900.0,2199900.0,HOUSE,HOUSE,South Riverdale,43.666733,-79.3308746,5,2,3,2250.0
2295000.0,2295000.0,2295000.0,HOUSE,HOUSE,Mount Pleasant West,43.7030317,-79.3939139,4,0,3,2250.0
2300000.0,2300000.0,2300000.0,HOUSE,HOUSE,University,43.6585128,-79.40241979999999,2,0,2,1750.0
2200000.0,2200000.0,2200000.0,HOUSE,HOUSE,Yonge Eglinton,43.6981525,-79.3985524,4,0,3,2750.0
2195000.0,2195000.0,2195000.0,HOUSE,HOUSE,Rosedale Moore Park,43.6867299,-79.3738367,7,0,3,4250.0
2095000.0,2095000.0,2095000.0,HOUSE,HOUSE,Lawrence Park South,43.723246,-79.4080302,4,0,3,1750.0
2350000.0,2350000.0,2350000.0,HOUSE,HOUSE,The Beaches,43.6682688,-79.3010146,3,1,5,1750.0
2249999.0,2249999.0,2249999.0,HOUSE,HOUSE,High Park North,43.6527408,-79.4720385,4,0,4,2750.0
2100000.0,2100000.0,2100000.0,HOUSE,HOUSE,Palmerston Little Italy,43.6601802,-79.4279389,6,0,1,1750.0
2050000.0,2050000.0,2050000.0,HOUSE,HOUSE,Woodbine Corridor,43.6762639,-79.3193616,5,1,6,1750.0
2397000.0,2397000.0,2397000.0,HOUSE,HOUSE,Lawrence Park South,43.7225773,-79.4091549,3,0,2,1300.0
2349000.0,2349000.0,2349000.0,HOUSE,HOUSE,North Riverdale,43.672825,-79.3437403,4,1,4,1750.0
2495000.0,2495000.0,2495000.0,HOUSE,HOUSE,Yonge-Eglinton,43.6986096,-79.4038616,4,1,4,1750.0
2399000.0,2399000.0,2399000.0,HOUSE,HOUSE,Mount Pleasant East,43.7139948,-79.3902752,5,1,5,3250.0
2449000.0,2449000.0,2449000.0,HOUSE,HOUSE,Cabbagetown South St James Town,43.6642629,-79.3608958,3,2,3,2250.0
2495000.0,2495000.0,2495000.0,HOUSE,HOUSE,Yonge-Eglinton,43.7015418,-79.4049975,4,0,3,1750.0
2098000.0,2098000.0,2098000.0,HOUSE,HOUSE,High Park North,43.6585573,-79.4729639,4,1,5,1750.0
2180000.0,2180000.0,2180000.0,HOUSE,HOUSE,Cabbagetown South St James Town,43.6678825,-79.3677198,3,2,4,2750.0
2074000.0,2074000.0,2074000.0,HOUSE,HOUSE,Palmerston Little Italy,43.6583224,-79.4231754,5,2,5,2250.0
2499000.0,2499000.0,2499000.0,HOUSE,HOUSE,Wychwood,43.6812638,-79.4223121,4,1,4,2750.0
2495000.0,2495000.0,2495000.0,HOUSE,HOUSE,Trinity Bellwoods,43.6530489,-79.4105958,3,1,4,1750.0
2495000.0,2495000.0,2495000.0,HOUSE,HOUSE,The Beaches,43.6704726,-79.3072961,3,0,5,2250.0
2288000.0,2288000.0,2288000.0,HOUSE,HOUSE,Trinity Bellwoods,43.6519077,-79.4130021,3,4,4,1300.0
2188000.0,2188000.0,2188000.0,HOUSE,HOUSE,Forest Hill South,43.6974519,-79.4160988,3,1,3,1750.0
2199900.0,2199900.0,2199900.0,HOUSE,HOUSE,High Park North,43.6581306,-79.4751033,4,1,3,2250.0
2499000.0,2499000.0,2499000.0,HOUSE,HOUSE,High Park Swansea,43.64231,-79.4548666,4,0,5,2750.0
2299000.0,2299000.0,2299000.0,HOUSE,HOUSE,Dufferin Grove,43.6566091,-79.4476793,4,1,3,2250.0
2375000.0,2375000.0,2375000.0,HOUSE,HOUSE,Roncesvalles,43.6431676,-79.4450947,4,1,5,1750.0
2148000.0,2148000.0,2148000.0,HOUSE,HOUSE,Mount Pleasant East,43.7062032,-79.3782047,4,1,4,2250.0
2149000.0,2149000.0,2149000.0,HOUSE,HOUSE,High Park Swansea,43.6538983,-79.4593272,5,0,4,2250.0
2180000.0,2180000.0,2180000.0,HOUSE,HOUSE,Lawrence Park North,43.7294013,-79.4025597,4,1,4,2250.0
2498000.0,2498000.0,2498000.0,HOUSE,HOUSE,Lawrence Park North,43.7288619,-79.405787,3,1,2,1300.0
2499000.0,2499000.0,2499000.0,HOUSE,HOUSE,Trinity Bellwoods,43.6491806,-79.4105793,3,0,3,1750.0
2211000.0,2211000.0,2211000.0,HOUSE,HOUSE,South Parkdale,43.6372363,-79.4370707,6,1,5,2750.0
2175000.0,2175000.0,2175000.0,HOUSE,HOUSE,Little Portugal,43.6527725,-79.4278825,5,2,6,2250.0
2238000.0,2238000.0,2238000.0,HOUSE,HOUSE,Trinity Bellwoods,43.650483,-79.4055893,3,1,4,2250.0
2099000.0,2099000.0,2099000.0,HOUSE,HOUSE,Lawrence Park South,43.7232698,-79.4057986,3,0,3,1750.0
2290000.0,2290000.0,2290000.0,HOUSE,HOUSE,O Connor Parkview,43.7045151,-79.3198348,4,0,5,2750.0
2445000.0,2445000.0,2445000.0,HOUSE,HOUSE,Yonge St Clair,43.6834494,-79.3993741,6,0,4,4250.0
2388000.0,2388000.0,2388000.0,HOUSE,HOUSE,Little Portugal,43.6479189,-79.4294676,3,1,4,1750.0
2400000.0,2400000.0,2400000.0,HOUSE,HOUSE,Annex,43.6740302,-79.3931783,2,1,3,1750.0
2089000.0,2089000.0,2089000.0,HOUSE,HOUSE,Runnymede Bloor West Village,43.6512348,-79.4805098,4,1,3,1750.0
2299000.0,2299000.0,2299000.0,HOUSE,HOUSE,Willowridge Martingrove Richview,43.6816875,-79.5382222,4,0,4,3250.0
2295000.0,2295000.0,2295000.0,HOUSE,HOUSE,Yonge Eglinton,43.7024613,-79.4027318,4,1,3,1750.0
2299000.0,2299000.0,2299000.0,HOUSE,HOUSE,Woodbine Corridor,43.6820167,-79.3161847,3,4,5,2250.0
2299000.0,2299000.0,2299000.0,HOUSE,HOUSE,High Park Swansea,43.6438997,-79.4535938,4,0,2,2750.0
2235000.0,2235000.0,2235000.0,HOUSE,HOUSE,Danforth,43.6834147,-79.3264695,3,1,3,2750.0
2199900.0,2199900.0,2199900.0,HOUSE,HOUSE,Corso Italia Davenport,43.675317,-79.4347437,3,1,4,2250.0
2099000.0,2099000.0,2099000.0,HOUSE,HOUSE,Willowdale East,43.7727767,-79.40884559999999,5,3,7,3250.0
2298000.0,2298000.0,2298000.0,HOUSE,HOUSE,Alderwood,43.6074286,-79.5380469,3,0,4,2250.0
2499800.0,2499800.0,2499800.0,HOUSE,HOUSE,Greenwood Coxwell,43.7891177,-79.41987309999999,5,0,7,4250.0
2599000.0,2599000.0,2599000.0,HOUSE,HOUSE,Mount Pleasant East,43.7059188,-79.3844707,4,1,6,2250.0
2850000.0,2850000.0,2850000.0,HOUSE,HOUSE,Forest Hill South,43.7027716,-79.412606,4,1,4,2750.0
2998000.0,2998000.0,2998000.0,HOUSE,HOUSE,Rosedale Moore Park,43.688514,-79.3711864,4,1,5,2250.0
2595000.0,2595000.0,2595000.0,HOUSE,HOUSE,Lawrence Park North,43.7315296,-79.3964618,3,0,4,1750.0
2599000.0,2599000.0,2599000.0,HOUSE,HOUSE,Mount Pleasant East,43.7146456,-79.3870908,4,1,4,2250.0
2749000.0,2749000.0,2749000.0,HOUSE,HOUSE,Roncesvalles,43.6407419,-79.4430458,4,1,5,2750.0
2888000.0,2888000.0,2888000.0,HOUSE,HOUSE,Lawrence Park South,43.7202954,-79.3889012,4,0,4,1750.0
2980000.0,2980000.0,2980000.0,HOUSE,HOUSE,Moss Park,43.6561036,-79.3583964,4,0,3,2750.0
2699000.0,2699000.0,2699000.0,HOUSE,HOUSE,Mount Pleasant East,43.7129297,-79.3911276,4,0,6,2750.0
2549000.0,2549000.0,2549000.0,HOUSE,HOUSE,High Park North,43.6608682,-79.4655723,5,0,4,2250.0
2695000.0,2695000.0,2695000.0,HOUSE,HOUSE,Lawrence Park South,43.710955,-79.4184099,4,0,3,2250.0
2749000.0,2749000.0,2749000.0,HOUSE,HOUSE,Playter Estates Danforth,43.6806511,-79.3475076,4,1,7,2250.0
2875000.0,2875000.0,2875000.0,HOUSE,HOUSE,Mount Pleasant East,43.7164281,-79.3922162,6,0,5,2750.0
2759000.0,2759000.0,2759000.0,HOUSE,HOUSE,Roncesvalles,43.6440229,-79.4406668,4,0,5,2250.0
2700000.0,2700000.0,2700000.0,HOUSE,HOUSE,East End Danforth,43.6808074,-79.2977694,4,0,3,3250.0
2995000.0,2995000.0,2995000.0,HOUSE,HOUSE,The Beaches,43.6690801,-79.3087431,4,1,5,2250.0
2595000.0,2595000.0,2595000.0,HOUSE,HOUSE,Wychwood,43.6726447,-79.433021,4,0,5,2250.0
2750000.0,2750000.0,2750000.0,HOUSE,HOUSE,Casa Loma,43.6775683,-79.3996914,4,0,5,2250.0
2798800.0,2798800.0,2798800.0,HOUSE,HOUSE,Junction Area,43.661952,-79.4768229,4,1,5,2250.0
2699950.0,2699950.0,2699950.0,HOUSE,HOUSE,Trinity Bellwoods,43.6531052,-79.4234928,6,2,2,4250.0
2990000.0,2990000.0,2990000.0,HOUSE,HOUSE,Rosedale Moore Park,43.6852396,-79.3785465,3,2,4,2250.0
2599000.0,2599000.0,2599000.0,HOUSE,HOUSE,High Park Swansea,43.75455290000001,-79.1807709,4,0,5,2250.0
2849000.0,2849000.0,2849000.0,HOUSE,HOUSE,Dovercourt Wallace Emerson Junction,43.6706648,-79.4423026,3,1,4,2250.0
2998000.0,2998000.0,2998000.0,HOUSE,HOUSE,Banbury Don Mills,43.7309032,-79.3378964,4,1,6,3250.0
2999900.0,2999900.0,2999900.0,HOUSE,HOUSE,Mount Pleasant East,43.7108629,-79.3822931,3,1,4,1750.0
2699999.0,2699999.0,2699999.0,HOUSE,HOUSE,South Riverdale,43.6658182,-79.3271377,3,1,5,2250.0
2599900.0,2599900.0,2599900.0,HOUSE,HOUSE,The Beaches,43.6669379,-79.2999097,3,1,2,1750.0
2799900.0,2799900.0,2799900.0,HOUSE,HOUSE,South Parkdale,43.6410663,-79.430025,4,2,5,3250.0
2600000.0,2600000.0,2600000.0,HOUSE,HOUSE,Yonge Eglinton,43.7032746,-79.4102136,4,1,4,2250.0
2600000.0,2600000.0,2600000.0,HOUSE,HOUSE,Yonge Eglinton,43.7032746,-79.4102136,4,1,4,2188.0
2599000.0,2599000.0,2599000.0,HOUSE,HOUSE,The Beaches,43.6671491,-79.3085377,3,1,3,2750.0
2595000.0,2595000.0,2595000.0,HOUSE,HOUSE,Rosedale Moore Park,43.6930405,-79.3814094,3,1,5,2250.0
2795000.0,2795000.0,2795000.0,HOUSE,HOUSE,The Beaches,43.665507,-79.3059791,3,1,4,2250.0
2698000.0,2698000.0,2698000.0,HOUSE,HOUSE,Mount Pleasant East,43.7129239,-79.3912309,4,0,6,2750.0
2788000.0,2788000.0,2788000.0,HOUSE,HOUSE,Wychwood,43.6765261,-79.420346,4,1,4,2250.0
2799000.0,2799000.0,2799000.0,HOUSE,HOUSE,Roncesvalles,43.6463625,-79.4479176,5,1,5,2250.0
2995000.0,2995000.0,2995000.0,HOUSE,HOUSE,Roncesvalles,43.6408556,-79.4416148,4,0,4,2750.0
2699000.0,2699000.0,2699000.0,HOUSE,HOUSE,Mount Pleasant West,43.7030513,-79.3923087,5,1,3,2750.0
2799888.0,2799888.0,2799888.0,HOUSE,HOUSE,Yonge Eglinton,43.7121565,-79.4015569,4,1,5,2750.0
2998000.0,2998000.0,2998000.0,HOUSE,HOUSE,Lawrence Park South,43.7164169,-79.4115244,3,2,3,2750.0
2888800.0,2888800.0,2888800.0,HOUSE,HOUSE,Lawrence Park South,43.7271865,-79.3916224,3,1,3,1300.0
2739500.0,2739500.0,2739500.0,HOUSE,HOUSE,Mount Pleasant East,43.7140982,-79.3896984,4,1,5,2250.0
2789000.0,2789000.0,2789000.0,HOUSE,HOUSE,The Beaches,43.6727651,-79.3012176,5,2,6,2750.0
2990000.0,2990000.0,2990000.0,HOUSE,HOUSE,North St James Town,43.7901957,-79.4237643,4,1,6,4250.0
2890000.0,2890000.0,2890000.0,HOUSE,HOUSE,Islington City Centre West,43.6455218,-79.5502549,4,1,4,3250.0
2699999.0,2699999.0,2699999.0,HOUSE,HOUSE,Lawrence Park North,43.7303115,-79.4126867,3,1,4,2750.0
2795000.0,2795000.0,2795000.0,HOUSE,HOUSE,Rosedale Moore Park,43.6907275,-79.3807033,5,0,4,2250.0
2699000.0,2699000.0,2699000.0,HOUSE,HOUSE,Mount Pleasant East,43.7047004,-79.381238,6,0,3,2250.0
2850000.0,2850000.0,2850000.0,HOUSE,HOUSE,Trinity Bellwoods,43.6527567,-79.4086045,4,1,5,1750.0
2995000.0,2995000.0,2995000.0,HOUSE,HOUSE,High Park Swansea,43.6400234,-79.4780399,4,1,5,2750.0
2890000.0,2890000.0,2890000.0,HOUSE,HOUSE,Mount Pleasant West,43.704477,-79.3963363,3,1,3,2250.0
2699000.0,2699000.0,2699000.0,HOUSE,HOUSE,Briar Hill Belgravia,43.6993533,-79.4543962,3,0,1,700.0
2609000.0,2609000.0,2609000.0,HOUSE,HOUSE,Maple Leaf,43.721036,-79.4778657,4,0,4,4250.0
2995000.0,2995000.0,2995000.0,HOUSE,HOUSE,Trinity Bellwoods,43.650628,-79.4240731,3,1,5,2250.0
2725000.0,2725000.0,2725000.0,HOUSE,HOUSE,University,43.6645903,-79.407299,5,1,3,1750.0
2988000.0,2988000.0,2988000.0,HOUSE,HOUSE,Rosedale Moore Park,43.675223,-79.3694332,5,1,5,2750.0
2895000.0,2895000.0,2895000.0,HOUSE,HOUSE,Mount Pleasant East,43.7065368,-79.3860899,4,1,5,2750.0
2696000.0,2696000.0,0.0,HOUSE,HOUSE,South Riverdale,43.6684607,-79.3321858,9,1,7,4250.0
3599000.0,3599000.0,3599000.0,HOUSE,HOUSE,Forest Hill South,43.695683,-79.4160767,4,1,4,2750.0
3895000.0,3895000.0,3895000.0,HOUSE,HOUSE,Rosedale Moore Park,43.6858876,-79.3821703,5,1,5,4250.0
3395000.0,3395000.0,3395000.0,HOUSE,HOUSE,Rosedale Moore Park,43.6867771,-79.3798427,4,1,4,2750.0
3195000.0,3195000.0,3195000.0,HOUSE,HOUSE,Lawrence Park South,43.7212747,-79.3948149,3,1,4,2750.0
3299900.0,3299900.0,3299900.0,HOUSE,HOUSE,High Park Swansea,43.7628241,-79.1844141,4,2,4,2750.0
3999999.0,3999999.0,3999999.0,HOUSE,HOUSE,Forest Hill South,43.6913306,-79.4135019,4,0,5,2750.0
3200000.0,3200000.0,3200000.0,HOUSE,HOUSE,High Park Swansea,43.6420661,-79.4819272,4,0,4,2250.0
3099999.0,3099999.0,3099999.0,HOUSE,HOUSE,Forest Hill North,43.7003266,-79.4377098,4,1,5,3250.0
3295000.0,3295000.0,3295000.0,HOUSE,HOUSE,Rosedale Moore Park,43.6924365,-79.3868475,4,0,4,1750.0
3799000.0,3799000.0,3799000.0,HOUSE,HOUSE,Yonge St Clair,43.6795136,-79.3971352,4,1,5,2750.0
3595000.0,3595000.0,3595000.0,HOUSE,HOUSE,Lawrence Park North,43.7252249,-79.4123993,4,2,6,2750.0
3999000.0,3999000.0,3999000.0,HOUSE,HOUSE,Yonge St Clair,43.6898192,-79.4013081,4,1,5,2750.0
3099900.0,3099900.0,3099900.0,HOUSE,HOUSE,The Beaches,43.6781806,-79.2895667,6,1,5,2750.0
3699900.0,3699900.0,3699900.0,HOUSE,HOUSE,Lawrence Park South,43.7197282,-79.3886604,4,1,4,2750.0
3680000.0,3680000.0,3680000.0,HOUSE,HOUSE,Mount Pleasant West,43.7023179,-79.3948272,5,1,5,2750.0
3100000.0,3100000.0,3100000.0,HOUSE,HOUSE,Little Portugal,43.6441121,-79.4261745,4,1,5,3250.0
3388000.0,3388000.0,3388000.0,HOUSE,HOUSE,The Beaches,43.6772819,-79.3015142,5,1,5,3250.0
3499000.0,3499000.0,3499000.0,HOUSE,HOUSE,Trinity Bellwoods,43.6478539,-79.4211688,3,2,5,2750.0
3295000.0,3295000.0,3295000.0,HOUSE,HOUSE,High Park-Swansea,43.6515301,-79.4568524,6,1,4,4250.0
3250000.0,3250000.0,3250000.0,HOUSE,HOUSE,Lawrence Park South,43.7219518,-79.4056819,5,0,3,2250.0
3995000.0,3995000.0,3995000.0,HOUSE,HOUSE,Yonge Eglinton,43.6996955,-79.40754,4,1,4,3250.0
3449000.0,3449000.0,3449000.0,HOUSE,HOUSE,The Beaches,43.6716925,-79.3034622,5,1,5,3250.0
3495000.0,3495000.0,3495000.0,HOUSE,HOUSE,Lawrence Park South,43.7193571,-79.407746,5,0,4,2750.0
3195000.0,3195000.0,3195000.0,HOUSE,HOUSE,Rosedale Moore Park,43.6881192,-79.3730739,3,0,4,2250.0
3900000.0,3900000.0,3900000.0,HOUSE,HOUSE,Forest Hill South,43.6874023,-79.4125598,5,2,3,3250.0
3500000.0,3500000.0,3500000.0,HOUSE,HOUSE,Forest Hill South,43.697433,-79.4213573,4,1,4,3250.0
3165000.0,3165000.0,3165000.0,HOUSE,HOUSE,Lawrence Park South,43.7146194,-79.4124585,4,1,6,2750.0
3495000.0,3495000.0,3495000.0,HOUSE,HOUSE,Yonge Eglinton,43.7128433,-79.4028628,4,1,5,2250.0
3295000.0,3295000.0,3295000.0,HOUSE,HOUSE,Casa Loma,43.6888632,-79.4107482,4,2,4,3250.0
3499000.0,3499000.0,3499000.0,HOUSE,HOUSE,High Park-Swansea,43.65228740000001,-79.4578193,4,1,4,2750.0
4000000.0,4000000.0,4000000.0,HOUSE,HOUSE,Lawrence Park South,43.7210525,-79.3889291,5,0,4,3250.0
3500000.0,3500000.0,3500000.0,HOUSE,HOUSE,The Beaches,43.6708548,-79.2993578,4,1,6,3250.0
3900000.0,3900000.0,3900000.0,HOUSE,HOUSE,Trinity-Bellwoods,43.6531218,-79.4179692,13,2,8,5000.0
3898000.0,3898000.0,3898000.0,HOUSE,HOUSE,High Park Swansea,43.6446272,-79.4538741,6,0,4,2750.0
3195000.0,3195000.0,3195000.0,HOUSE,HOUSE,Rosedale Moore Park,43.6886136,-79.3852582,3,1,4,2250.0
3980000.0,3980000.0,3980000.0,HOUSE,HOUSE,Casa Loma,43.6857755,-79.4101514,6,0,4,3250.0
3299999.0,3299999.0,3299999.0,HOUSE,HOUSE,Wychwood,43.6798338,-79.4193176,4,1,6,2750.0
3249000.0,3249000.0,3249000.0,HOUSE,HOUSE,High Park-Swansea,43.6463271,-79.4760587,3,1,6,2750.0
3520000.0,3520000.0,3520000.0,HOUSE,HOUSE,Lawrence Park North,43.7310555,-79.41425939999999,4,2,6,1750.0
3578000.0,3578000.0,3578000.0,HOUSE,HOUSE,Trinity Bellwoods,43.6488788,-79.4186315,4,0,4,2750.0
3995000.0,3995000.0,3995000.0,HOUSE,HOUSE,Casa Loma,43.6791193,-79.4142058,4,0,2,2750.0
3280000.0,3280000.0,3280000.0,HOUSE,HOUSE,Palmerston Little Italy,43.6595277,-79.4236326,6,2,7,3250.0
3495000.0,3495000.0,3495000.0,HOUSE,HOUSE,Rosedale Moore Park,43.6880577,-79.3716264,4,1,5,2750.0
3889000.0,3889000.0,3889000.0,HOUSE,HOUSE,Forest Hill North,43.7023759,-79.4237533,5,1,4,4250.0
3399000.0,3399000.0,3399000.0,HOUSE,HOUSE,High Park Swansea,43.6511391,-79.4554857,5,1,5,2750.0
3898000.0,3898000.0,3898000.0,HOUSE,HOUSE,Rosedale Moore Park,43.6823275,-79.3760536,4,1,4,2750.0
3499000.0,3499000.0,3499000.0,HOUSE,HOUSE,Forest Hill North,43.7027449,-79.4273127,5,1,4,3250.0
3549000.0,3549000.0,3549000.0,HOUSE,HOUSE,Junction Area,43.6635351,-79.4581133,8,2,8,2750.0
3098800.0,3098800.0,3098800.0,HOUSE,HOUSE,Yonge-Eglinton,43.7084021,-79.4077441,4,1,4,2250.0
3799000.0,3799000.0,3799000.0,HOUSE,HOUSE,High Park Swansea,43.6438116,-79.4526693,8,3,6,4250.0
3495000.0,3495000.0,3495000.0,HOUSE,HOUSE,The Beaches,43.6717727,-79.2886276,4,1,5,2750.0
3099000.0,3099000.0,3099000.0,HOUSE,HOUSE,Lawrence Park North,43.7341787,-79.4030014,4,1,5,2250.0
3800000.0,3800000.0,3800000.0,HOUSE,HOUSE,Lawrence Park South,43.7179942,-79.3947791,5,0,5,5000.0
3499000.0,3499000.0,3499000.0,HOUSE,HOUSE,The Beaches,43.6691862,-79.301406,4,1,5,3250.0
3695000.0,3695000.0,3695000.0,HOUSE,HOUSE,Lawrence Park South,43.7201252,-79.3927164,3,0,3,1750.0
3300000.0,3300000.0,3300000.0,HOUSE,HOUSE,Casa Loma,43.6799433,-79.402301,4,2,5,3250.0
3945000.0,3945000.0,3945000.0,HOUSE,HOUSE,Wychwood,43.677783,-79.4224546,5,0,3,4250.0
3699000.0,3699000.0,3699000.0,HOUSE,HOUSE,Casa Loma,43.6847198,-79.4029346,4,0,4,4250.0
3895000.0,3895000.0,3895000.0,HOUSE,HOUSE,Trinity Bellwoods,43.6488903,-79.4070602,3,0,4,2750.0
3145000.0,3145000.0,3145000.0,HOUSE,HOUSE,Trinity Bellwoods,43.6530017,-79.4100058,4,1,5,2250.0
3380000.0,3380000.0,3380000.0,HOUSE,HOUSE,Mount Pleasant East,43.7109173,-79.3817787,4,1,5,4250.0
3099000.0,3099000.0,3099000.0,HOUSE,HOUSE,Niagara,43.6453134,-79.4069576,3,1,5,2250.0
3650000.0,3650000.0,3650000.0,HOUSE,HOUSE,Annex,43.6722645,-79.4044902,6,0,5,4250.0
3200000.0,3200000.0,3200000.0,HOUSE,HOUSE,The Beaches,43.6671442,-79.3047514,4,0,5,4250.0
3638000.0,3638000.0,3638000.0,HOUSE,HOUSE,Niagara,43.6453824,-79.4083561,4,0,5,2750.0
3999999.0,3999999.0,3999999.0,HOUSE,HOUSE,Forest Hill South,43.6989256,-79.4212444,5,0,4,2750.0
4049000.0,4049000.0,4049000.0,HOUSE,HOUSE,Lawrence Park South,43.7208068,-79.388939,4,1,5,4250.0
4595000.0,4595000.0,4595000.0,HOUSE,HOUSE,Lawrence Park South,43.7160442,-79.4031119,3,1,5,3250.0
4798000.0,4798000.0,4798000.0,HOUSE,HOUSE,Forest Hill North,43.7084484,-79.4213654,4,2,6,4250.0
4295000.0,4295000.0,4295000.0,HOUSE,HOUSE,Annex,43.6732268,-79.3930419,3,0,3,4250.0
4995000.0,4995000.0,4995000.0,HOUSE,HOUSE,Forest Hill South,43.6946035,-79.4192866,4,1,5,4250.0
4200000.0,4200000.0,4200000.0,HOUSE,HOUSE,Annex,43.6718389,-79.4141098,3,0,4,2750.0
4759000.0,4759000.0,4759000.0,HOUSE,HOUSE,The Beaches,43.67151,-79.2818048,4,1,4,4250.0
4995000.0,4995000.0,4995000.0,HOUSE,HOUSE,Forest Hill South,43.699722,-79.4128578,5,0,4,3250.0
4998800.0,4998800.0,4998800.0,HOUSE,HOUSE,Lawrence Park South,43.724988,-79.3957993,4,1,5,3250.0
4599000.0,4599000.0,4599000.0,HOUSE,HOUSE,University,43.6645469,-79.407868,3,1,5,2250.0
4950000.0,4950000.0,4950000.0,HOUSE,HOUSE,Forest Hill South,43.7014819,-79.4191735,5,1,5,4250.0
4750000.0,4750000.0,4750000.0,HOUSE,HOUSE,Casa Loma,43.6847789,-79.4041892,4,1,5,4250.0
4988000.0,4988000.0,4988000.0,HOUSE,HOUSE,High Park Swansea,43.6431802,-79.4708058,4,1,4,2750.0
4999900.0,4999900.0,4999900.0,HOUSE,HOUSE,Rosedale Moore Park,43.6761335,-79.3717779,4,0,3,3250.0
4199000.0,4199000.0,4199000.0,HOUSE,HOUSE,High Park Swansea,43.6455642,-79.454254,6,2,7,4250.0
4850000.0,4850000.0,4850000.0,HOUSE,HOUSE,Rosedale Moore Park,43.6818873,-79.3873307,4,1,6,4250.0
4245000.0,4245000.0,4245000.0,HOUSE,HOUSE,Rosedale Moore Park,43.6841178,-79.3873774,5,1,5,2750.0
4499000.0,4499000.0,4499000.0,HOUSE,HOUSE,Forest Hill South,43.7015238,-79.4126678,3,1,5,2250.0
4499000.0,4499000.0,4499000.0,HOUSE,HOUSE,The Beaches,43.6709163,-79.2846314,4,0,3,1750.0
4749000.0,4749000.0,4749000.0,HOUSE,HOUSE,Lawrence Park South,43.7176738,-79.3965832,5,1,5,4250.0
4200000.0,4200000.0,4200000.0,HOUSE,HOUSE,Casa Loma,43.6825902,-79.4145693,5,0,5,3250.0
4850000.0,4850000.0,4850000.0,HOUSE,HOUSE,Corso Italia Davenport,43.6742451,-79.439372,4,1,5,3250.0
4795000.0,4795000.0,4795000.0,HOUSE,HOUSE,Lawrence Park South,43.7235845,-79.3985321,5,2,5,2750.0
4890000.0,4890000.0,4890000.0,HOUSE,HOUSE,Yonge-St. Clair,43.6842439,-79.3965418,4,0,4,4250.0
4999000.0,4999000.0,4999000.0,HOUSE,HOUSE,Forest Hill South,43.6970427,-79.4060537,4,1,7,4250.0
4500000.0,4500000.0,4500000.0,HOUSE,HOUSE,Forest Hill South,43.6917468,-79.4187272,4,1,4,2250.0
4995000.0,4995000.0,4995000.0,HOUSE,HOUSE,Forest Hill South,43.68764,-79.4179344,4,1,6,3250.0
5595000.0,5595000.0,5595000.0,HOUSE,HOUSE,Yonge St Clair,43.6843001,-79.3954177,4,0,5,3250.0
6500000.0,6500000.0,6500000.0,HOUSE,HOUSE,Annex,43.6730598,-79.3995836,4,0,5,4250.0
5900000.0,5900000.0,5900000.0,HOUSE,HOUSE,Forest Hill South,43.6914987,-79.4199485,4,2,6,4250.0
5595000.0,5595000.0,5595000.0,HOUSE,HOUSE,Dovercourt Wallace Emerson Junction,43.6620067,-79.4290375,1,0,3,5000.0
5980000.0,5980000.0,5980000.0,HOUSE,HOUSE,Lawrence Park South,43.7136417,-79.4171189,4,1,6,4250.0
6795000.0,6795000.0,6795000.0,HOUSE,HOUSE,Forest Hill South,43.6978718,-79.4214053,6,2,7,5200.0
5395000.0,5395000.0,5395000.0,HOUSE,HOUSE,Forest Hill South,43.6918658,-79.4195396,6,0,5,4250.0
6495000.0,6495000.0,6495000.0,HOUSE,HOUSE,Lawrence Park South,43.7117365,-79.4191509,5,2,8,4250.0
6495000.0,6495000.0,6495000.0,HOUSE,HOUSE,Casa Loma,43.6845209,-79.4034357,5,0,5,4250.0
6498000.0,6498000.0,6498000.0,HOUSE,HOUSE,Casa Loma,43.6860726,-79.4110131,4,0,5,5000.0
6995000.0,6995000.0,6995000.0,HOUSE,HOUSE,Rosedale Moore Park,43.6826928,-79.3749707,6,1,5,4250.0
5699000.0,5699000.0,5699000.0,HOUSE,HOUSE,Casa Loma,43.6843538,-79.4015495,4,1,6,4250.0
5998000.0,5998000.0,5998000.0,HOUSE,HOUSE,High Park Swansea,43.6502349,-79.4735169,4,0,5,4250.0
6880000.0,6880000.0,6880000.0,HOUSE,HOUSE,Palmerston Little Italy,43.6570666,-79.4108882,4,1,6,3250.0
6822000.0,6822000.0,6822000.0,HOUSE,HOUSE,Lawrence Park South,43.7167858,-79.4210899,6,2,8,5000.0
5660000.0,5660000.0,5660000.0,HOUSE,HOUSE,Forest Hill South,43.6991742,-79.4213703,5,0,8,5000.0
6395000.0,6395000.0,6395000.0,HOUSE,HOUSE,Rosedale Moore Park,43.6848276,-79.3756564,5,2,5,4250.0
5490000.0,5490000.0,5490000.0,HOUSE,HOUSE,Casa Loma,43.6867519,-79.411307,4,0,3,5000.0
5995000.0,5995000.0,5995000.0,HOUSE,HOUSE,Yonge St Clair,43.6832385,-79.3970091,6,1,4,4250.0
5695000.0,5695000.0,5695000.0,HOUSE,HOUSE,Rosedale Moore Park,43.6817136,-79.377753,7,0,5,4250.0
6495000.0,6495000.0,6495000.0,HOUSE,HOUSE,Forest Hill South,43.6974732,-79.4133208,5,1,5,5000.0
5399999.0,5399999.0,5399999.0,HOUSE,HOUSE,Rosedale Moore Park,43.68111,-79.3808769,4,0,5,3243.0
5795000.0,5795000.0,5795000.0,HOUSE,HOUSE,Rosedale Moore Park,43.6831084,-79.3703729,4,1,5,3250.0
5995000.0,5995000.0,5995000.0,HOUSE,HOUSE,High Park Swansea,43.6498843,-79.4736081,4,1,5,5000.0
5695000.0,5695000.0,5695000.0,HOUSE,HOUSE,Rosedale Moore Park,43.6828074,-79.3734802,5,1,5,4250.0
5979000.0,5979000.0,5979000.0,HOUSE,HOUSE,Lawrence Park South,43.7129923,-79.4176,4,2,7,4250.0
5290000.0,5290000.0,5290000.0,HOUSE,HOUSE,Annex,43.6705313,-79.3962519,4,0,5,5000.0
5199000.0,5199000.0,5199000.0,HOUSE,HOUSE,Mount Pleasant East,43.7150544,-79.3933862,4,1,5,2750.0
5198000.0,5198000.0,5198000.0,HOUSE,HOUSE,Forest Hill South,43.6960212,-79.4061785,5,1,5,4250.0
6999000.0,6999000.0,6999000.0,HOUSE,HOUSE,Lawrence Park South,43.7126026,-79.4174319,5,1,7,4250.0
6695000.0,6695000.0,6695000.0,HOUSE,HOUSE,Lawrence Park South,43.7126313,-79.4128101,4,1,6,4250.0
5495000.0,5495000.0,5495000.0,HOUSE,HOUSE,Lawrence Park South,43.7206096,-79.3889928,6,0,5,4250.0
5749900.0,5749900.0,5749900.0,HOUSE,HOUSE,Palmerston Little Italy,43.6587236,-79.411536,4,2,7,4250.0
6879000.0,6879000.0,6879000.0,HOUSE,HOUSE,The Beaches,43.6755165,-79.2936199,5,1,8,5000.0
5399999.0,5399999.0,5399999.0,HOUSE,HOUSE,Rosedale Moore Park,43.68111,-79.3808769,4,0,5,3250.0
6699000.0,6699000.0,6699000.0,HOUSE,HOUSE,Forest Hill South,43.6962751,-79.4220752,4,1,6,4250.0
5300000.0,5300000.0,5300000.0,HOUSE,HOUSE,Rosedale Moore Park,43.6842099,-79.3790157,5,0,5,4250.0
6298000.0,6298000.0,6298000.0,HOUSE,HOUSE,Bridle Path-Sunnybrook-York Mills,43.7270229,-79.39003819999999,4,1,7,4250.0
5695000.0,5695000.0,5695000.0,HOUSE,HOUSE,Rosedale Moore Park,43.6751321,-79.3732601,4,2,5,4250.0
6300000.0,6300000.0,6300000.0,HOUSE,HOUSE,Casa Loma,43.6799322,-79.4022456,4,1,5,3250.0
5299000.0,5299000.0,5299000.0,HOUSE,HOUSE,Lawrence Park South,43.7234433,-79.4048982,4,1,6,3250.0
5699000.0,5699000.0,5699000.0,HOUSE,HOUSE,Forest Hill South,43.6936661,-79.4169982,5,1,5,4250.0
5988000.0,5988000.0,5988000.0,HOUSE,HOUSE,Rosedale Moore Park,43.6833304,-79.3900497,4,1,5,3250.0
5780000.0,5780000.0,5780000.0,HOUSE,HOUSE,Forest Hill South,43.6960641,-79.4058345,6,1,5,3250.0
6785000.0,6785000.0,6785000.0,HOUSE,HOUSE,Yonge-St. Clair,43.6834271,-79.3994508,4,0,5,4250.0
5850000.0,5850000.0,5850000.0,HOUSE,HOUSE,Rosedale Moore Park,43.674665,-79.3787536,6,2,6,4250.0
5250000.0,5250000.0,5250000.0,HOUSE,HOUSE,High Park North,43.6591543,-79.4681704,5,1,5,4250.0
6488000.0,6488000.0,6488000.0,HOUSE,HOUSE,Bridle Path Sunnybrook York Mills,43.7249247,-79.3844784,4,1,6,4250.0
5999000.0,5999000.0,5999000.0,HOUSE,HOUSE,Forest Hill North,43.7027908,-79.4270193,5,0,7,4250.0
6950000.0,6950000.0,6950000.0,HOUSE,HOUSE,Yonge St Clair,43.6902117,-79.3972038,4,1,5,4250.0
5950000.0,5950000.0,5950000.0,HOUSE,HOUSE,Rosedale Moore Park,43.6765463,-79.3836006,5,0,5,4250.0
6950000.0,6950000.0,6950000.0,HOUSE,HOUSE,Rosedale Moore Park,43.6747371,-79.3720025,4,2,8,4250.0
6699000.0,6699000.0,6699000.0,HOUSE,HOUSE,Bedford Park-Nortown,43.738647,-79.41282559999999,4,1,7,5000.0
5995000.0,5995000.0,5995000.0,HOUSE,HOUSE,Bridle Path-Sunnybrook-York Mills,43.7426032,-79.400965,4,0,3,4250.0
5300000.0,5300000.0,5300000.0,HOUSE,HOUSE,Lawrence Park South,43.7177741,-79.3963297,5,1,5,3250.0
5595000.0,5595000.0,5595000.0,HOUSE,HOUSE,Rosedale Moore Park,43.6903172,-79.3778441,6,0,5,4250.0
6950000.0,6950000.0,6950000.0,HOUSE,HOUSE,Rosedale Moore Park,43.6765463,-79.3836006,5,0,5,4250.0
7890000.0,7890000.0,7890000.0,HOUSE,HOUSE,Lawrence Park North,43.7335964,-79.392788,4,1,5,4250.0
10995000.0,10995000.0,10995000.0,HOUSE,HOUSE,Forest Hill South,43.698249,-79.4109701,5,1,8,5000.0
7880000.0,7880000.0,7880000.0,HOUSE,HOUSE,Rosedale Moore Park,43.6803707,-79.3711488,6,0,5,5000.0
12295000.0,12295000.0,12295000.0,HOUSE,HOUSE,Forest Hill South,43.6964468,-79.4097641,4,0,6,5000.0
10000000.0,10000000.0,10000000.0,HOUSE,HOUSE,Lawrence Park South,43.7129304,-79.4204522,5,1,8,4250.0
12800000.0,12800000.0,12800000.0,HOUSE,HOUSE,Forest Hill South,43.6932383,-79.418724,5,1,8,5000.0
7788000.0,7788000.0,7788000.0,HOUSE,HOUSE,Mount Pleasant East,43.7146095,-79.395542,4,2,5,4250.0
12488000.0,12488000.0,12488000.0,HOUSE,HOUSE,Forest Hill South,43.6943911,-79.4186168,5,1,10,5000.0
9468000.0,9468000.0,9468000.0,HOUSE,HOUSE,Forest Hill South,43.6982914,-79.4156355,6,1,7,5000.0
9200000.0,9200000.0,9200000.0,HOUSE,HOUSE,Forest Hill South,43.6914352,-79.4203519,4,1,7,5000.0
7395000.0,7395000.0,7395000.0,HOUSE,HOUSE,Lawrence Park South,43.7174314,-79.4180634,4,1,8,5000.0
10880000.0,10880000.0,10880000.0,HOUSE,HOUSE,Lawrence Park South,43.7183039,-79.4055276,6,1,7,5000.0
12500000.0,12500000.0,12500000.0,HOUSE,HOUSE,Casa Loma,43.6894092,-79.4064867,4,1,7,5000.0
13999000.0,13999000.0,13999000.0,HOUSE,HOUSE,Forest Hill South,43.6984839,-79.4114865,6,1,8,5000.0
8980000.0,8980000.0,8980000.0,HOUSE,HOUSE,Lawrence Park North,43.73264,-79.3927453,4,0,6,5000.0
11500000.0,11500000.0,11500000.0,HOUSE,HOUSE,Rosedale Moore Park,43.6848467,-79.3717523,5,1,9,5000.0
9750000.0,9750000.0,9750000.0,HOUSE,HOUSE,Forest Hill South,43.6951316,-79.4194827,6,1,7,5000.0
11498000.0,11498000.0,11498000.0,HOUSE,HOUSE,Bridle Path Sunnybrook York Mills,43.7406645,-79.4026766,4,1,7,5000.0
11700000.0,11700000.0,11700000.0,HOUSE,HOUSE,The Beaches,43.6732524,-79.2926964,4,1,7,5000.0
8950000.0,8950000.0,8950000.0,HOUSE,HOUSE,Casa Loma,43.6796599,-79.4057145,4,1,6,5000.0
9500000.0,9500000.0,9500000.0,HOUSE,HOUSE,Lawrence Park North,43.733011,-79.4028757,5,1,8,5000.0
10800000.0,10800000.0,10800000.0,HOUSE,HOUSE,Lawrence Park North,43.7342414,-79.3968724,5,1,9,5000.0
12200000.0,12200000.0,12200000.0,HOUSE,HOUSE,Rosedale-Moore Park,43.6745891,-79.3701462,5,0,6,5000.0
7889000.0,7889000.0,7889000.0,HOUSE,HOUSE,Lawrence Park South,43.7211675,-79.39236,4,1,6,4250.0
7900000.0,7900000.0,7900000.0,HOUSE,HOUSE,Forest Hill North,43.7026156,-79.4250832,4,1,6,4250.0
12700000.0,12700000.0,12700000.0,HOUSE,HOUSE,Forest Hill South,43.6992616,-79.4209151,5,1,10,5000.0
7150000.0,7150000.0,7150000.0,HOUSE,HOUSE,Forest Hill South,43.6905962,-79.4163053,4,1,7,4250.0
13800000.0,13800000.0,13800000.0,HOUSE,HOUSE,High Park Swansea,43.6406441,-79.4833194,5,0,7,5000.0
8495000.0,8495000.0,8495000.0,HOUSE,HOUSE,Forest Hill South,43.69691,-79.4136854,5,1,7,4250.0
12500000.0,12500000.0,12500000.0,HOUSE,HOUSE,Rosedale-Moore Park,43.68010140000001,-79.3833483,4,1,6,5000.0
10180000.0,10180000.0,10180000.0,HOUSE,HOUSE,Forest Hill South,43.6922318,-79.4191758,4,1,7,5000.0
17000000.0,17000000.0,17000000.0,HOUSE,HOUSE,Rosedale Moore Park,43.683075,-79.3706727,6,1,7,5000.0
12900000.0,12900000.0,12900000.0,HOUSE,HOUSE,Casa Loma,43.6861468,-79.410803,4,2,7,5000.0
13950000.0,13950000.0,13950000.0,HOUSE,HOUSE,Forest Hill South,43.6993835,-79.4204452,5,1,6,5000.0
9395000.0,9395000.0,9395000.0,HOUSE,HOUSE,Forest Hill South,43.7010363,-79.4160649,6,1,5,4250.0
7295000.0,7295000.0,7295000.0,HOUSE,HOUSE,Rosedale Moore Park,43.6746698,-79.3844218,4,1,7,4250.0
9488888.0,9488888.0,9488888.0,HOUSE,HOUSE,Casa Loma,43.6871225,-79.4082193,4,2,7,4250.0
8999000.0,8999000.0,8999000.0,HOUSE,HOUSE,Lawrence Park South,43.7157388,-79.4206516,7,1,10,5000.0
7995000.0,7995000.0,7995000.0,HOUSE,HOUSE,Annex,43.6706996,-79.3976942,5,1,6,4250.0
22000000.0,22000000.0,22000000.0,HOUSE,HOUSE,Forest Hill South,43.6981664,-79.4106264,5,1,8,5000.0
12300000.0,12300000.0,12300000.0,HOUSE,HOUSE,Lawrence Park South,43.7205391,-79.4026529,7,1,7,5000.0
7900000.0,7900000.0,7900000.0,HOUSE,HOUSE,Rosedale Moore Park,43.6846289,-79.3706711,4,1,6,5000.0
11995000.0,11995000.0,11995000.0,HOUSE,HOUSE,Rosedale Moore Park,43.6764826,-79.3862638,5,0,7,5000.0
15599000.0,15599000.0,15599000.0,HOUSE,HOUSE,Bridle Path Sunnybrook York Mills,43.7434287,-79.380702,5,1,8,5000.0
12250000.0,12250000.0,12250000.0,HOUSE,HOUSE,Rosedale Moore Park,43.6771038,-79.3825472,6,2,7,5000.0
10789000.0,10789000.0,10789000.0,HOUSE,HOUSE,Lawrence Park South,43.7117711,-79.4168292,5,2,7,5000.0
7615000.0,7615000.0,7615000.0,HOUSE,HOUSE,High Park Swansea,43.6516717,-79.4558115,4,1,7,4250.0
34500000.0,34500000.0,34500000.0,HOUSE,HOUSE,Casa Loma,43.6788443,-79.406816,6,2,11,5000.0
10795000.0,10795000.0,10795000.0,HOUSE,HOUSE,Lawrence Park North,43.7338553,-79.4015504,4,1,8,5000.0
7375000.0,7375000.0,7375000.0,HOUSE,HOUSE,Forest Hill South,43.694392,-79.4119348,5,0,5,4250.0
11900000.0,11900000.0,11900000.0,HOUSE,HOUSE,Forest Hill South,43.6965095,-79.4121692,4,1,6,5000.0
8990000.0,8990000.0,8990000.0,HOUSE,HOUSE,Rosedale Moore Park,43.6768732,-79.3785362,4,1,7,4250.0
16995000.0,16995000.0,16995000.0,HOUSE,HOUSE,Rosedale Moore Park,43.6841677,-79.3700236,6,1,9,5000.0
16800000.0,16800000.0,16800000.0,HOUSE,HOUSE,Bridle Path Sunnybrook York Mills,43.7387522,-79.3727846,4,0,4,3250.0
539900.0,539900.0,539900.0,TOWNHOUSE,TOWNHOUSE,Niagara,43.6397574,-79.4130731,1,0,1,460.0
660000.0,660000.0,660000.0,TOWNHOUSE,TOWNHOUSE,TCNI - Niagara,43.6336235,-79.4002941,2,0,1,670.0
688888.0,688888.0,688888.0,DUPLEX_TRIPLEX_FOURPLEX,DUPLEX_TRIPLEX_FOURPLEX,Corso Italia Davenport,43.6741781,-79.4371145,3,1,3,1300.0
988000.0,988000.0,988000.0,DUPLEX_TRIPLEX_FOURPLEX,DUPLEX_TRIPLEX_FOURPLEX,Dovercourt Wallace Emerson Junction,43.6627655,-79.4433444,5,2,4,900.0
999000.0,999000.0,999000.0,DUPLEX_TRIPLEX_FOURPLEX,DUPLEX_TRIPLEX_FOURPLEX,Greenwood Coxwell,43.6700506,-79.3229274,5,2,3,1750.0
999000.0,999000.0,999000.0,DUPLEX_TRIPLEX_FOURPLEX,DUPLEX_TRIPLEX_FOURPLEX,Dovercourt Wallace Emerson Junction,43.6638146,-79.432053,5,1,3,1300.0
975000.0,975000.0,975000.0,DUPLEX_TRIPLEX_FOURPLEX,DUPLEX_TRIPLEX_FOURPLEX,Dufferin Grove,43.6559793,-79.447795,3,0,3,1300.0
1075000.0,1075000.0,1075000.0,DUPLEX_TRIPLEX_FOURPLEX,DUPLEX_TRIPLEX_FOURPLEX,Weston Pellam Park,43.6773415,-79.4613153,4,1,6,1750.0
1028000.0,1028000.0,1028000.0,DUPLEX_TRIPLEX_FOURPLEX,DUPLEX_TRIPLEX_FOURPLEX,Greenwood Coxwell,43.6730266,-79.3268915,2,1,2,900.0
1150000.0,1150000.0,1150000.0,DUPLEX_TRIPLEX_FOURPLEX,DUPLEX_TRIPLEX_FOURPLEX,Greenwood Coxwell,43.6659009,-79.3194893,4,2,3,1750.0
1149000.0,1149000.0,1149000.0,DUPLEX_TRIPLEX_FOURPLEX,DUPLEX_TRIPLEX_FOURPLEX,Moss Park,43.6530206,-79.3714643,1,1,2,1750.0
1160000.0,1160000.0,1160000.0,DUPLEX_TRIPLEX_FOURPLEX,DUPLEX_TRIPLEX_FOURPLEX,Little Portugal,43.6489425,-79.4270189,7,0,2,2250.0
1200000.0,1200000.0,1200000.0,DUPLEX_TRIPLEX_FOURPLEX,DUPLEX_TRIPLEX_FOURPLEX,Annex,43.6692003,-79.4124542,3,0,3,1750.0
1200000.0,1200000.0,1200000.0,DUPLEX_TRIPLEX_FOURPLEX,DUPLEX_TRIPLEX_FOURPLEX,Annex,43.6692517,-79.4124643,3,0,3,1750.0
1175000.0,1175000.0,1175000.0,DUPLEX_TRIPLEX_FOURPLEX,DUPLEX_TRIPLEX_FOURPLEX,Greenwood Coxwell,43.6755491,-79.3213109,5,3,4,1750.0
1299000.0,1299000.0,1299000.0,DUPLEX_TRIPLEX_FOURPLEX,DUPLEX_TRIPLEX_FOURPLEX,East End Danforth,43.6855383,-79.2917576,6,1,3,2250.0
1298000.0,1298000.0,1298000.0,DUPLEX_TRIPLEX_FOURPLEX,DUPLEX_TRIPLEX_FOURPLEX,Palmerston Little Italy,43.660747,-79.4247487,3,1,3,1300.0
1299900.0,1299900.0,1299900.0,DUPLEX_TRIPLEX_FOURPLEX,DUPLEX_TRIPLEX_FOURPLEX,Humewood Cedarvale,43.6885673,-79.4241682,4,1,3,1750.0
1399000.0,1399000.0,1399000.0,DUPLEX_TRIPLEX_FOURPLEX,DUPLEX_TRIPLEX_FOURPLEX,Dovercourt Wallace Emerson Junction,43.6645404,-79.4457844,4,2,3,1300.0
1397500.0,1397500.0,1397500.0,DUPLEX_TRIPLEX_FOURPLEX,DUPLEX_TRIPLEX_FOURPLEX,Lawrence Park North,43.7264453,-79.3980486,4,0,2,2250.0
1499000.0,1499000.0,1499000.0,DUPLEX_TRIPLEX_FOURPLEX,DUPLEX_TRIPLEX_FOURPLEX,Casa Loma,43.6764458,-79.4130494,4,1,3,1300.0
1499000.0,1499000.0,1499000.0,DUPLEX_TRIPLEX_FOURPLEX,DUPLEX_TRIPLEX_FOURPLEX,Danforth,43.6831934,-79.3409185,4,1,8,2750.0
1488000.0,1488000.0,1488000.0,DUPLEX_TRIPLEX_FOURPLEX,DUPLEX_TRIPLEX_FOURPLEX,Corso Italia Davenport,43.6796772,-79.443391,4,2,3,1750.0
1488000.0,1488000.0,1488000.0,DUPLEX_TRIPLEX_FOURPLEX,DUPLEX_TRIPLEX_FOURPLEX,Little Portugal,43.649376,-79.4284827,2,0,4,1750.0
1500000.0,1500000.0,1500000.0,DUPLEX_TRIPLEX_FOURPLEX,DUPLEX_TRIPLEX_FOURPLEX,High Park North,43.6580982,-79.4590976,4,0,4,2250.0
1499000.0,1499000.0,1499000.0,DUPLEX_TRIPLEX_FOURPLEX,DUPLEX_TRIPLEX_FOURPLEX,Niagara,43.6412598,-79.404845,4,0,2,1750.0
1499000.0,1499000.0,1499000.0,DUPLEX_TRIPLEX_FOURPLEX,DUPLEX_TRIPLEX_FOURPLEX,High Park North,43.6613467,-79.4631075,3,1,4,1750.0
1425000.0,1425000.0,1425000.0,DUPLEX_TRIPLEX_FOURPLEX,DUPLEX_TRIPLEX_FOURPLEX,Kensington Chinatown,43.6486337,-79.3996693,3,0,1,1300.0
1499000.0,1499000.0,1499000.0,DUPLEX_TRIPLEX_FOURPLEX,DUPLEX_TRIPLEX_FOURPLEX,Moss Park,43.657699,-79.3689042,4,1,4,2250.0
1499000.0,1499000.0,1499000.0,DUPLEX_TRIPLEX_FOURPLEX,DUPLEX_TRIPLEX_FOURPLEX,Cabbagetown South St James Town,43.6693357,-79.3652552,4,0,3,1750.0
1500000.0,1500000.0,1500000.0,DUPLEX_TRIPLEX_FOURPLEX,DUPLEX_TRIPLEX_FOURPLEX,Trinity Bellwoods,43.6539945,-79.4215053,4,1,3,1750.0
1599000.0,1599000.0,1599000.0,DUPLEX_TRIPLEX_FOURPLEX,DUPLEX_TRIPLEX_FOURPLEX,Junction Area,43.6608744,-79.4697654,8,0,3,2750.0
1550000.0,1550000.0,1550000.0,DUPLEX_TRIPLEX_FOURPLEX,DUPLEX_TRIPLEX_FOURPLEX,South Parkdale,43.6355652,-79.4276225,6,1,4,2250.0
1549900.0,1549900.0,1549900.0,DUPLEX_TRIPLEX_FOURPLEX,DUPLEX_TRIPLEX_FOURPLEX,High Park North,43.6567573,-79.4584644,4,0,4,2750.0
1579000.0,1579000.0,1579000.0,DUPLEX_TRIPLEX_FOURPLEX,DUPLEX_TRIPLEX_FOURPLEX,Dovercourt Wallace Emerson Junction,43.6680967,-79.4372397,5,0,3,2250.0
1650000.0,1650000.0,1650000.0,DUPLEX_TRIPLEX_FOURPLEX,DUPLEX_TRIPLEX_FOURPLEX,Junction Area,43.6664042,-79.4629175,4,1,4,2250.0
1649000.0,1649000.0,1649000.0,DUPLEX_TRIPLEX_FOURPLEX,DUPLEX_TRIPLEX_FOURPLEX,South Parkdale,43.6376283,-79.4428458,3,1,4,2250.0
1699000.0,1699000.0,1699000.0,DUPLEX_TRIPLEX_FOURPLEX,DUPLEX_TRIPLEX_FOURPLEX,South Parkdale,43.63761,-79.431447,3,1,4,2250.0
1529000.0,1529000.0,1529000.0,DUPLEX_TRIPLEX_FOURPLEX,DUPLEX_TRIPLEX_FOURPLEX,East End Danforth,43.6824515,-79.2850171,5,1,4,2250.0
1550000.0,1550000.0,1550000.0,DUPLEX_TRIPLEX_FOURPLEX,DUPLEX_TRIPLEX_FOURPLEX,The Beaches,43.6700055,-79.306641,4,1,3,1750.0
1575000.0,1575000.0,1575000.0,DUPLEX_TRIPLEX_FOURPLEX,DUPLEX_TRIPLEX_FOURPLEX,South Riverdale,43.6653624,-79.332666,4,2,5,700.0
1599000.0,1599000.0,1599000.0,DUPLEX_TRIPLEX_FOURPLEX,DUPLEX_TRIPLEX_FOURPLEX,Little Portugal,43.6491236,-79.4293908,3,1,3,2250.0
1729000.0,1729000.0,1729000.0,DUPLEX_TRIPLEX_FOURPLEX,DUPLEX_TRIPLEX_FOURPLEX,Cabbagetown South St James Town,43.6676642,-79.3657408,3,1,2,2750.0
1799000.0,1799000.0,1799000.0,DUPLEX_TRIPLEX_FOURPLEX,DUPLEX_TRIPLEX_FOURPLEX,Annex,43.6752867,-79.3925189,5,1,3,1750.0
1999000.0,1999000.0,1999000.0,DUPLEX_TRIPLEX_FOURPLEX,DUPLEX_TRIPLEX_FOURPLEX,High Park Swansea,43.6490126,-79.4828281,5,1,2,2250.0
1899000.0,1899000.0,1899000.0,DUPLEX_TRIPLEX_FOURPLEX,DUPLEX_TRIPLEX_FOURPLEX,Moss Park,43.6601161,-79.3687588,5,1,3,2250.0
1790000.0,1790000.0,1790000.0,DUPLEX_TRIPLEX_FOURPLEX,DUPLEX_TRIPLEX_FOURPLEX,Corso Italia Davenport,43.6745859,-79.4413794,8,0,7,4250.0
1988800.0,1988800.0,1988800.0,DUPLEX_TRIPLEX_FOURPLEX,DUPLEX_TRIPLEX_FOURPLEX,Palmerston Little Italy,43.6560206,-79.4188727,4,1,3,1750.0
1999000.0,1999000.0,1999000.0,DUPLEX_TRIPLEX_FOURPLEX,DUPLEX_TRIPLEX_FOURPLEX,High Park Swansea,43.6451123,-79.451443,5,1,4,2750.0
1949999.0,1949999.0,1949999.0,DUPLEX_TRIPLEX_FOURPLEX,DUPLEX_TRIPLEX_FOURPLEX,Lawrence Park South,43.7124295,-79.4119687,4,1,5,2250.0
1889000.0,1889000.0,1889000.0,DUPLEX_TRIPLEX_FOURPLEX,DUPLEX_TRIPLEX_FOURPLEX,Roncesvalles,43.6400192,-79.4448989,6,0,4,2750.0
1999000.0,1999000.0,1999000.0,DUPLEX_TRIPLEX_FOURPLEX,DUPLEX_TRIPLEX_FOURPLEX,High Park Swansea,43.6442825,-79.4557166,5,1,4,2750.0
1799000.0,1799000.0,1799000.0,DUPLEX_TRIPLEX_FOURPLEX,DUPLEX_TRIPLEX_FOURPLEX,Kensington-Chinatown,43.6530566,-79.3998203,3,0,2,1750.0
2250000.0,2250000.0,2250000.0,DUPLEX_TRIPLEX_FOURPLEX,DUPLEX_TRIPLEX_FOURPLEX,Palmerston Little Italy,43.6625869,-79.4210188,4,1,4,2250.0
2249100.0,2249100.0,2249100.0,DUPLEX_TRIPLEX_FOURPLEX,DUPLEX_TRIPLEX_FOURPLEX,Yonge-St. Clair,43.695842,-79.4021059,6,2,6,4250.0
2389000.0,2389000.0,2389000.0,DUPLEX_TRIPLEX_FOURPLEX,DUPLEX_TRIPLEX_FOURPLEX,Kensington Chinatown,43.6523291,-79.3946436,2,1,5,2750.0
2498000.0,2498000.0,2498000.0,DUPLEX_TRIPLEX_FOURPLEX,DUPLEX_TRIPLEX_FOURPLEX,Dovercourt-Wallace Emerson-Junction,43.6694897,-79.4324791,2,0,2,700.0
2295000.0,2295000.0,2295000.0,DUPLEX_TRIPLEX_FOURPLEX,DUPLEX_TRIPLEX_FOURPLEX,High Park Swansea,43.6473901,-79.4849558,6,0,5,2250.0
2148888.0,2148888.0,2148888.0,DUPLEX_TRIPLEX_FOURPLEX,DUPLEX_TRIPLEX_FOURPLEX,Corso Italia Davenport,43.6779982,-79.4404395,8,0,4,4250.0
2275000.0,2275000.0,2275000.0,DUPLEX_TRIPLEX_FOURPLEX,DUPLEX_TRIPLEX_FOURPLEX,Trinity Bellwoods,43.6536547,-79.4134565,7,0,5,4250.0
2499000.0,2499000.0,2499000.0,DUPLEX_TRIPLEX_FOURPLEX,DUPLEX_TRIPLEX_FOURPLEX,The Beaches,43.6690257,-79.2961408,4,0,3,2250.0
2150000.0,2150000.0,2150000.0,DUPLEX_TRIPLEX_FOURPLEX,DUPLEX_TRIPLEX_FOURPLEX,Annex,43.6739568,-79.3954711,5,0,3,2250.0
2324900.0,2324900.0,2324900.0,DUPLEX_TRIPLEX_FOURPLEX,DUPLEX_TRIPLEX_FOURPLEX,Annex,43.6712247,-79.4066813,8,0,6,4250.0
2499900.0,2499900.0,2499900.0,DUPLEX_TRIPLEX_FOURPLEX,DUPLEX_TRIPLEX_FOURPLEX,Regent Park,43.6582673,-79.3571748,4,2,5,2250.0
2500000.0,2500000.0,2500000.0,DUPLEX_TRIPLEX_FOURPLEX,DUPLEX_TRIPLEX_FOURPLEX,Annex,43.6733743,-79.4042803,4,1,4,2750.0
2300000.0,2300000.0,2300000.0,DUPLEX_TRIPLEX_FOURPLEX,DUPLEX_TRIPLEX_FOURPLEX,Moss Park,43.6616298,-79.371158,10,0,4,1750.0
2550000.0,2550000.0,2550000.0,DUPLEX_TRIPLEX_FOURPLEX,DUPLEX_TRIPLEX_FOURPLEX,The Beaches,43.6719786,-79.2932917,4,1,3,2750.0
2999000.0,2999000.0,2999000.0,DUPLEX_TRIPLEX_FOURPLEX,DUPLEX_TRIPLEX_FOURPLEX,University,43.6644039,-79.4078111,8,4,6,2750.0
2900000.0,2900000.0,2900000.0,DUPLEX_TRIPLEX_FOURPLEX,DUPLEX_TRIPLEX_FOURPLEX,Annex,43.6789794,-79.3920334,5,0,4,2250.0
2990000.0,2990000.0,2990000.0,DUPLEX_TRIPLEX_FOURPLEX,DUPLEX_TRIPLEX_FOURPLEX,Lawrence Park North,43.7276772,-79.4012861,12,0,3,2750.0
2999999.0,2999999.0,2999999.0,DUPLEX_TRIPLEX_FOURPLEX,DUPLEX_TRIPLEX_FOURPLEX,Mount Pleasant East,43.7075824,-79.3796329,8,1,5,4250.0
2599800.0,2599800.0,2599800.0,DUPLEX_TRIPLEX_FOURPLEX,DUPLEX_TRIPLEX_FOURPLEX,Greenwood Coxwell,43.664097,-79.3257047,7,6,6,5000.0
2999999.0,2999999.0,2999999.0,DUPLEX_TRIPLEX_FOURPLEX,DUPLEX_TRIPLEX_FOURPLEX,University,43.6637335,-79.4050375,5,2,3,1750.0
2999900.0,2999900.0,2999900.0,DUPLEX_TRIPLEX_FOURPLEX,DUPLEX_TRIPLEX_FOURPLEX,Trinity Bellwoods,43.6483932,-79.4223134,4,1,5,2250.0
2795000.0,2795000.0,2795000.0,DUPLEX_TRIPLEX_FOURPLEX,DUPLEX_TRIPLEX_FOURPLEX,Roncesvalles,43.6431314,-79.4327745,7,0,5,2750.0
3490000.0,3490000.0,3490000.0,DUPLEX_TRIPLEX_FOURPLEX,DUPLEX_TRIPLEX_FOURPLEX,Trinity Bellwoods,43.6467027,-79.4202212,6,0,5,5000.0
3495000.0,3495000.0,3495000.0,DUPLEX_TRIPLEX_FOURPLEX,DUPLEX_TRIPLEX_FOURPLEX,Yonge Eglinton,43.7025019,-79.4062317,6,1,6,4250.0
3498000.0,3498000.0,3498000.0,DUPLEX_TRIPLEX_FOURPLEX,DUPLEX_TRIPLEX_FOURPLEX,Dufferin Grove,43.6544405,-79.4411315,9,2,8,4250.0
3498000.0,3498000.0,3498000.0,DUPLEX_TRIPLEX_FOURPLEX,DUPLEX_TRIPLEX_FOURPLEX,Dufferin Grove,43.6543778,-79.4411099,8,2,9,2250.0
3995000.0,3995000.0,3995000.0,DUPLEX_TRIPLEX_FOURPLEX,DUPLEX_TRIPLEX_FOURPLEX,University,43.6634558,-79.4034727,5,1,3,2250.0
3299000.0,3299000.0,3299000.0,DUPLEX_TRIPLEX_FOURPLEX,DUPLEX_TRIPLEX_FOURPLEX,Wychwood,43.6744092,-79.4325681,4,4,11,3250.0
4500000.0,4500000.0,4500000.0,DUPLEX_TRIPLEX_FOURPLEX,DUPLEX_TRIPLEX_FOURPLEX,Rosedale Moore Park,43.6890325,-79.3919798,4,1,4,2250.0
5500000.0,5500000.0,5500000.0,DUPLEX_TRIPLEX_FOURPLEX,DUPLEX_TRIPLEX_FOURPLEX,Niagara,43.64415,-79.4090971,8,1,9,4250.0
8875000.0,8875000.0,8875000.0,DUPLEX_TRIPLEX_FOURPLEX,DUPLEX_TRIPLEX_FOURPLEX,Dovercourt Wallace Emerson Junction,43.6640481,-79.4456995,6,0,5,5000.0
4195900.0,4195900.0,4195900.0,OTHER_RESIDENTIAL,OTHER_RESIDENTIAL,Greenwood Coxwell,43.6718625,-79.3230026,11,0,8,8075.0
475000.0,499000.0,475000.0,CONDO,CONDO,Moss Park,43.6573754,-79.3740866,2,0,1,550.0
466000.0,469000.0,466000.0,CONDO,CONDO,Rosedale Moore Park,43.6736768,-79.3755145,1,0,1,750.0
500000.0,515000.0,500000.0,CONDO,CONDO,High Park North,43.6543545,-79.4632051,1,0,1,550.0
448500.0,399999.0,448500.0,CONDO,CONDO,Waterfront Communities C1,43.6375677,-79.3995487,1,0,1,350.0
498888.0,550000.0,498888.0,CONDO,CONDO,Lawrence Park South,43.7209346,-79.411508,1,1,1,750.0
490000.0,519000.0,490000.0,CONDO,CONDO,Regent Park,43.6610187,-79.3635907,1,1,2,650.0
450000.0,465000.0,450000.0,CONDO,CONDO,Niagara,43.6387756,-79.4163147,1,1,1,650.0
400000.0,409000.0,400000.0,CONDO,CONDO,Regent Park,43.6614865,-79.3584054,1,0,1,550.0
500000.0,530000.0,500000.0,CONDO,CONDO,Waterfront Communities C1,43.6411905,-79.3829556,1,0,1,550.0
400000.0,410000.0,400000.0,CONDO,CONDO,Mount Pleasant West,43.7105383,-79.3932829,1,0,1,350.0
495000.0,499000.0,495000.0,CONDO,CONDO,Waterfront Communities The Island,43.647282,-79.3974191,1,0,1,550.0
490000.0,499000.0,490000.0,CONDO,CONDO,Yonge-Eglinton,43.7080568,-79.400489,1,1,1,550.0
475000.0,499999.0,475000.0,CONDO,CONDO,Waterfront Communities C1,43.647656,-79.38736759999999,1,0,1,350.0
400000.0,425000.0,400000.0,CONDO,CONDO,High Park-Swansea,43.63625529999999,-79.47087189999999,1,0,1,350.0
425000.0,409900.0,425000.0,CONDO,CONDO,Church-Yonge Corridor,43.6519098,-79.3770909,1,0,1,350.0
496000.0,489000.0,496000.0,CONDO,CONDO,Niagara,43.6430001,-79.4038183,1,1,1,850.0
442775.0,398800.0,442775.0,CONDO,CONDO,Church-Yonge Corridor,43.6533456,-79.3793731,1,1,1,650.0
400000.0,399000.0,400000.0,CONDO,CONDO,South Parkdale,43.6404251,-79.4246524,1,0,1,550.0
415000.0,449900.0,415000.0,CONDO,CONDO,Waterfront Communities The Island,43.6401213,-79.3812266,1,0,1,550.0
450000.0,465000.0,450000.0,CONDO,CONDO,Moss Park,43.6528409,-79.3670217,1,0,1,550.0
499900.0,499900.0,499900.0,CONDO,CONDO,Waterfront Communities C1,43.6454698,-79.3962931,1,0,1,550.0
495000.0,468000.0,495000.0,CONDO,CONDO,Lansing Westgate,43.765639,-79.4127414,1,1,1,650.0
474900.0,490000.0,474900.0,CONDO,CONDO,Niagara,43.6427421,-79.4070732,1,1,1,650.0
485900.0,499000.0,485900.0,CONDO,CONDO,Niagara,43.6387756,-79.4163147,1,1,2,650.0
450000.0,459000.0,450000.0,CONDO,CONDO,Mount Pleasant West,43.7087689,-79.3937974,1,1,1,550.0
500000.0,500000.0,500000.0,CONDO,CONDO,Niagara,43.6432744,-79.404727,2,1,1,850.0
492000.0,599000.0,492000.0,CONDO,CONDO,Annex,43.6675198,-79.4011128,1,1,1,650.0
433000.0,443000.0,433000.0,CONDO,CONDO,Mount Pleasant West,43.7070855,-79.3977452,1,0,1,350.0
500000.0,529999.0,500000.0,CONDO,CONDO,Waterfront Communities The Island,43.6409947,-79.3945703,1,1,1,550.0
499000.0,499800.0,499000.0,CONDO,CONDO,Yonge-St. Clair,43.6866509,-79.3995111,1,1,1,650.0
489000.0,499999.0,489000.0,CONDO,CONDO,Junction Area,43.6650994,-79.46000649999999,1,0,1,650.0
420693.0,448900.0,420693.0,CONDO,CONDO,Dovercourt-Wallace Emerson-Junction,43.6668483,-79.4482513,1,1,1,550.0
490000.0,498800.0,490000.0,CONDO,CONDO,Waterfront Communities The Island,43.639712,-79.384169,1,0,1,550.0
437500.0,470000.0,437500.0,CONDO,CONDO,Bay Street Corridor,43.665388,-79.3880211,1,0,1,350.0
463000.0,488000.0,463000.0,CONDO,CONDO,Bay Street Corridor,43.6648039,-79.3869669,1,1,1,550.0
441000.0,495000.0,441000.0,CONDO,CONDO,Mount Pleasant West,43.7070855,-79.3977452,1,0,1,350.0
492000.0,499900.0,492000.0,CONDO,CONDO,Westminster Branson,43.7804885,-79.4470239,2,1,1,850.0
455000.0,469000.0,455000.0,CONDO,CONDO,Waterfront Communities C1,43.6468455,-79.4028294,1,0,1,350.0
490000.0,509900.0,490000.0,CONDO,CONDO,Kensington-Chinatown,43.650405,-79.3921684,1,1,1,650.0
452000.0,459900.0,452000.0,CONDO,CONDO,Church Yonge Corridor,43.6646354,-79.3780832,1,0,1,650.0
460000.0,488000.0,460000.0,CONDO,CONDO,Mount Pleasant West,43.7087689,-79.3937974,1,1,1,550.0
460000.0,479000.0,460000.0,CONDO,CONDO,Westminster Branson,43.7901767,-79.4495948,2,0,2,1300.0
500000.0,499999.0,500000.0,CONDO,CONDO,Dovercourt Wallace Emerson Junction,43.6650324,-79.447587,2,0,2,750.0
408500.0,449900.0,408500.0,CONDO,CONDO,Niagara,43.6387841,-79.41201439999999,1,0,1,550.0
433888.0,399000.0,433888.0,CONDO,CONDO,Waterfront Communities C8,43.6500434,-79.3675082,1,0,1,350.0
463500.0,464999.0,463500.0,CONDO,CONDO,Waterfront Communities The Island,43.6439126,-79.4001147,1,0,1,550.0
415000.0,440000.0,415000.0,CONDO,CONDO,Church-Yonge Corridor,43.6574957,-79.3743712,1,1,1,550.0
419000.0,429000.0,419000.0,CONDO,CONDO,Mount Pleasant West,43.7105383,-79.3932829,1,1,1,350.0
430000.0,458000.0,430000.0,CONDO,CONDO,Church-Yonge Corridor,43.6561669,-79.3751316,1,0,1,350.0
415000.0,425000.0,415000.0,CONDO,CONDO,Mount Pleasant West,43.71015939999999,-79.3924041,1,0,1,350.0
438000.0,468888.0,438000.0,CONDO,CONDO,Waterfront Communities C1,43.6478311,-79.391115,1,0,1,350.0
489000.0,499000.0,489000.0,CONDO,CONDO,Moss Park,43.6510089,-79.3679305,1,1,1,650.0
438000.0,459000.0,438000.0,CONDO,CONDO,Banbury Don Mills,43.7314159,-79.3285681,1,1,1,850.0
473000.0,480000.0,473000.0,CONDO,CONDO,Waterfront Communities The Island,43.646841,-79.390268,1,0,1,550.0
450000.0,488000.0,450000.0,CONDO,CONDO,Waterfront Communities C1,43.6383693,-79.3986981,1,0,1,550.0
462000.0,475000.0,462000.0,CONDO,CONDO,Mount Pleasant West,43.7087689,-79.3937974,1,1,1,550.0
475000.0,499000.0,475000.0,CONDO,CONDO,Yonge-St. Clair,43.6866509,-79.3995111,1,0,1,550.0
490000.0,495000.0,490000.0,CONDO,CONDO,Church-Yonge Corridor,43.6551052,-79.3762548,1,1,1,550.0
430000.0,449000.0,430000.0,CONDO,CONDO,South Parkdale,43.636309,-79.46625759999999,1,0,1,550.0
460000.0,499000.0,460000.0,CONDO,CONDO,Waterfront Communities C8,43.6460836,-79.3650117,1,0,1,550.0
420000.0,419000.0,420000.0,CONDO,CONDO,Niagara,43.6366747,-79.40647,1,0,1,350.0
445000.0,389900.0,445000.0,CONDO,CONDO,Waterfront Communities C1,43.6475103,-79.3927254,1,0,1,350.0
489000.0,499000.0,489000.0,CONDO,CONDO,Church-Yonge Corridor,43.6557976,-79.3750325,2,0,2,550.0
450000.0,399000.0,450000.0,CONDO,CONDO,Lansing Westgate,43.7653441,-79.4126151,1,0,1,550.0
400000.0,419000.0,400000.0,CONDO,CONDO,Niagara,43.6409419,-79.40371499999999,1,0,1,350.0
460000.0,479900.0,460000.0,CONDO,CONDO,Moss Park,43.6522051,-79.3707929,1,0,1,550.0
460000.0,499000.0,460000.0,CONDO,CONDO,Annex,43.6698751,-79.3941652,1,0,1,350.0
455000.0,479000.0,455000.0,CONDO,CONDO,Church-Yonge Corridor,43.6533456,-79.3793731,1,1,1,650.0
480000.0,509900.0,480000.0,CONDO,CONDO,High Park-Swansea,43.640769,-79.4732799,2,0,1,950.0
430000.0,499000.0,430000.0,CONDO,CONDO,Waterfront Communities The Island,43.6429451,-79.3805034,1,0,1,550.0
432500.0,449000.0,432500.0,CONDO,CONDO,Mount Pleasant West,43.7060573,-79.3977655,1,1,2,650.0
450000.0,495000.0,450000.0,CONDO,CONDO,Westminster Branson,43.7802816,-79.4455163,2,0,2,1100.0
430000.0,437000.0,430000.0,CONDO,CONDO,Wychwood,43.6832467,-79.419345,1,0,1,550.0
495000.0,499900.0,495000.0,CONDO,CONDO,Englemount Lawrence,43.717294,-79.4418502,2,0,1,950.0
470000.0,498000.0,470000.0,CONDO,CONDO,Niagara,43.6427421,-79.4070732,1,1,1,650.0
450000.0,399000.0,450000.0,CONDO,CONDO,Waterfront Communities C1,43.6383693,-79.3986981,1,0,1,650.0
460000.0,469900.0,460000.0,CONDO,CONDO,Bay Street Corridor,43.657776,-79.383296,1,0,2,750.0
460000.0,495000.0,460000.0,CONDO,CONDO,Moss Park,43.6533142,-79.3683904,1,1,1,550.0
489000.0,549000.0,489000.0,CONDO,CONDO,Westminster Branson,43.7901767,-79.4495948,2,1,2,1100.0
490000.0,495000.0,490000.0,CONDO,CONDO,Junction Area,43.6548253,-79.388447,1,0,1,650.0
445000.0,479900.0,445000.0,CONDO,CONDO,Kensington Chinatown,43.6539796,-79.3885197,1,0,1,550.0
418000.0,429000.0,418000.0,CONDO,CONDO,Niagara,43.6432744,-79.404727,1,1,1,650.0
432000.0,435000.0,432000.0,CONDO,CONDO,Church-Yonge Corridor,43.6627217,-79.3794411,1,0,1,350.0
412000.0,428000.0,412000.0,CONDO,CONDO,Waterfront Communities C1,43.6456213,-79.3919338,1,0,1,550.0
425800.0,438000.0,425800.0,CONDO,CONDO,Waterfront Communities The Island,43.6468825,-79.4008445,1,0,1,550.0
472000.0,549999.0,472000.0,CONDO,CONDO,Moss Park,43.656969,-79.3741222,2,0,1,650.0
470000.0,525000.0,470000.0,CONDO,CONDO,High Park North,43.6559939,-79.4669626,1,0,1,550.0
480000.0,520000.0,480000.0,CONDO,CONDO,Waterfront Communities C1,43.6456213,-79.3919338,1,0,1,350.0
490000.0,499999.0,490000.0,CONDO,CONDO,Niagara,43.643012,-79.406201,1,1,1,650.0
471000.0,399000.0,471000.0,CONDO,CONDO,Waterfront Communities C1,43.6444928,-79.3891282,1,0,1,350.0
475000.0,499900.0,475000.0,CONDO,CONDO,Waterfront Communities The Island,43.6409947,-79.3945703,1,1,1,550.0
407000.0,399000.0,407000.0,CONDO,CONDO,Waterfront Communities The Island,43.6505719,-79.3572672,1,0,1,350.0
440000.0,465000.0,440000.0,CONDO,CONDO,North St James Town,43.6722218,-79.37735959999999,1,1,1,650.0
405000.0,388000.0,405000.0,CONDO,CONDO,Waterfront Communities C1,43.6383693,-79.3986981,1,0,1,550.0
440000.0,399999.0,440000.0,CONDO,CONDO,Bay Street Corridor,43.6648469,-79.3861096,1,1,1,650.0
500000.0,530000.0,500000.0,CONDO,CONDO,Bay Street Corridor,43.6667966,-79.3886683,1,0,1,550.0
489000.0,489000.0,489000.0,CONDO,CONDO,Kensington-Chinatown,43.650405,-79.3921684,1,0,1,550.0
490000.0,499000.0,490000.0,CONDO,CONDO,High Park-Swansea,43.640769,-79.4732799,2,0,1,950.0
474900.0,479900.0,474900.0,CONDO,CONDO,Mount Pleasant West,43.7067244,-79.3971563,1,1,1,750.0
420000.0,399000.0,420000.0,CONDO,CONDO,Waterfront Communities The Island,43.6450088,-79.3912754,1,0,1,550.0
418000.0,439000.0,418000.0,CONDO,CONDO,Yonge-Eglinton,43.7080568,-79.400489,1,0,1,550.0
447000.0,459990.0,447000.0,CONDO,CONDO,Waterfront Communities C1,43.6475103,-79.3927254,1,0,1,550.0
457000.0,469900.0,457000.0,CONDO,CONDO,Mount Pleasant West,43.7084796,-79.3975213,1,0,1,550.0
500000.0,530000.0,500000.0,CONDO,CONDO,High Park North,43.6536498,-79.4679454,1,0,1,550.0
484900.0,399000.0,484900.0,CONDO,CONDO,Islington City Centre West,43.639823,-79.5597887,1,1,1,750.0
490000.0,499000.0,490000.0,CONDO,CONDO,Bay Street Corridor,43.665786,-79.3855809,1,0,1,550.0
400000.0,439000.0,400000.0,CONDO,CONDO,Waterfront Communities C1,43.6469907,-79.3922487,1,0,1,350.0
490000.0,535000.0,490000.0,CONDO,CONDO,Niagara,43.6398765,-79.4167372,1,0,1,550.0
492500.0,544000.0,492500.0,CONDO,CONDO,Annex,43.6739939,-79.388627,1,1,1,750.0
480000.0,499000.0,480000.0,CONDO,CONDO,Waterfront Communities The Island,43.6398049,-79.3979687,1,1,1,650.0
495777.0,499880.0,495777.0,CONDO,CONDO,Regent Park,43.659783,-79.362653,1,1,2,650.0
500000.0,510000.0,500000.0,CONDO,CONDO,Regent Park,43.6601105,-79.3605898,1,0,1,650.0
483000.0,499900.0,483000.0,CONDO,CONDO,Niagara,43.6373148,-79.4029448,1,0,1,550.0
439000.0,439000.0,439000.0,CONDO,CONDO,Forest Hill South,43.7016568,-79.4212468,2,0,1,1100.0
412000.0,420000.0,412000.0,CONDO,CONDO,Moss Park,43.6524379,-79.3611118,1,0,1,550.0
440000.0,449888.0,440000.0,CONDO,CONDO,Cabbagetown-South St. James Town,43.6573813,-79.3744799,2,0,1,550.0
442000.0,459900.0,442000.0,CONDO,CONDO,Niagara,43.6369794,-79.4060787,1,0,1,550.0
490000.0,499000.0,490000.0,CONDO,CONDO,Regent Park,43.6602279,-79.3649687,1,1,1,550.0
449900.0,449900.0,449900.0,CONDO,CONDO,Waterfront Communities The Island,43.6401213,-79.3812266,1,0,1,550.0
420000.0,428000.0,420000.0,CONDO,CONDO,Waterfront Communities C8,43.652622,-79.357361,1,0,1,350.0
490000.0,499900.0,490000.0,CONDO,CONDO,Moss Park,43.6515395,-79.3680908,1,1,2,650.0
427000.0,450000.0,427000.0,CONDO,CONDO,High Park Swansea,43.6401028,-79.4717508,2,0,1,950.0
490000.0,499990.0,490000.0,CONDO,CONDO,Church-Yonge Corridor,43.6518936,-79.377217,1,1,1,650.0
420000.0,449500.0,420000.0,CONDO,CONDO,Regent Park,43.6614865,-79.3584054,1,0,1,550.0
485000.0,518000.0,485000.0,CONDO,CONDO,Church-Yonge Corridor,43.6533456,-79.3793731,1,1,1,650.0
449998.0,499900.0,449998.0,CONDO,CONDO,Waterfront Communities The Island,43.6432587,-79.3764035,1,0,1,550.0
460000.0,470000.0,460000.0,CONDO,CONDO,Kensington Chinatown,43.6539796,-79.3885197,1,0,1,350.0
450000.0,499999.0,450000.0,CONDO,CONDO,Mount Olive Silverstone Jamestown,43.7582885,-79.586393,2,1,2,1100.0
432000.0,399000.0,432000.0,CONDO,CONDO,Waterfront Communities C8,43.6496501,-79.3664093,1,0,1,550.0
500000.0,518000.0,500000.0,CONDO,CONDO,Waterfront Communities C1,43.6404408,-79.3971889,1,0,1,550.0
485000.0,495000.0,485000.0,CONDO,CONDO,Keelesdale Eglinton West,43.6815022,-79.471876,2,0,1,750.0
442000.0,449000.0,442000.0,CONDO,CONDO,North St James Town,43.6714676,-79.3716943,1,0,1,550.0
472566.0,571000.0,472566.0,CONDO,CONDO,Moss Park,43.6533131,-79.3598823,1,1,2,550.0
420000.0,469000.0,420000.0,CONDO,CONDO,Bay Street Corridor,43.6694723,-79.3874877,1,0,1,350.0
490000.0,523800.0,490000.0,CONDO,CONDO,Moss Park,43.652588,-79.3676913,1,1,2,750.0
423000.0,439000.0,423000.0,CONDO,CONDO,Bay Street Corridor,43.6667966,-79.3886683,2,0,1,350.0
465000.0,489900.0,465000.0,CONDO,CONDO,Bay Street Corridor,43.665786,-79.3855809,1,0,1,550.0
494800.0,508900.0,494800.0,CONDO,CONDO,Church-Yonge Corridor,43.6631942,-79.3836379,1,1,1,550.0
428000.0,399000.0,428000.0,CONDO,CONDO,Church-Yonge Corridor,43.6627041,-79.37922429999999,1,0,1,350.0
495000.0,529900.0,495000.0,CONDO,CONDO,Waterfront Communities The Island,43.639182,-79.3863917,1,0,1,850.0
480000.0,499800.0,480000.0,CONDO,CONDO,Waterfront Communities C1,43.6466285,-79.4017026,1,0,1,550.0
425500.0,429900.0,425500.0,CONDO,CONDO,Elms Old Rexdale,43.721194,-79.5441255,3,0,2,1100.0
425000.0,425000.0,425000.0,CONDO,CONDO,Waterfront Communities C8,43.655305,-79.3537502,1,0,1,350.0
415000.0,449800.0,415000.0,CONDO,CONDO,North St James Town,43.6667987,-79.40319939999999,1,1,1,550.0
426000.0,439000.0,426000.0,CONDO,CONDO,Waterfront Communities C1,43.6489003,-79.38802989999999,1,0,1,550.0
490000.0,529000.0,490000.0,CONDO,CONDO,Waterfront Communities C8,43.6494123,-79.37088,1,0,1,550.0
454500.0,470000.0,454500.0,CONDO,CONDO,Waterfront Communities C8,43.6455213,-79.3687484,1,0,1,550.0
474000.0,489000.0,474000.0,CONDO,CONDO,Niagara,43.6348247,-79.40156,1,0,1,650.0
400000.0,408000.0,400000.0,CONDO,CONDO,Moss Park,43.650212,-79.3666425,1,0,1,350.0
410000.0,415000.0,410000.0,CONDO,CONDO,Niagara,43.6386152,-79.4127418,1,0,1,350.0
480000.0,479990.0,480000.0,CONDO,CONDO,Waterfront Communities C1,43.6457753,-79.3925057,1,1,1,650.0
440000.0,478000.0,440000.0,CONDO,CONDO,Bay Street Corridor,43.6676702,-79.3864205,1,0,1,550.0
500000.0,530000.0,500000.0,CONDO,CONDO,Moss Park,43.6500434,-79.3675082,2,0,2,650.0
445000.0,445000.0,445000.0,CONDO,CONDO,Mount Pleasant West,43.7105383,-79.3932829,1,0,1,550.0
490000.0,499000.0,490000.0,CONDO,CONDO,Kensington-Chinatown,43.653957,-79.3886581,1,1,1,750.0
427000.0,399900.0,427000.0,CONDO,CONDO,Yonge-Eglinton,43.7087651,-79.399575,1,0,1,350.0
489000.0,495000.0,489000.0,CONDO,CONDO,Church-Yonge Corridor,43.6655348,-79.3801464,1,0,1,650.0
488000.0,524800.0,488000.0,CONDO,CONDO,South Riverdale,43.6580467,-79.3415625,1,1,2,550.0
417000.0,439000.0,417000.0,CONDO,CONDO,Agincourt South Malvern West,43.7853277,-79.2885086,2,0,2,1100.0
500000.0,529000.0,500000.0,CONDO,CONDO,Church-Yonge Corridor,43.6533456,-79.3793731,1,1,1,650.0
447500.0,469000.0,447500.0,CONDO,CONDO,Waterfront Communities The Island,43.6412475,-79.4001678,1,0,1,550.0
425000.0,449000.0,425000.0,CONDO,CONDO,Waterfront Communities The Island,43.6456689,-79.3930607,1,0,1,550.0
450000.0,399000.0,450000.0,CONDO,CONDO,Casa Loma,43.6830274,-79.4179185,1,1,1,650.0
419500.0,439900.0,419500.0,CONDO,CONDO,Waterfront Communities C8,43.6496501,-79.3664093,1,0,1,550.0
415600.0,428000.0,415600.0,CONDO,CONDO,South Parkdale,43.6401441,-79.4239168,1,1,1,550.0
415000.0,368000.0,415000.0,CONDO,CONDO,Waterfront Communities C1,43.6406527,-79.3957762,1,0,1,350.0
415000.0,459000.0,415000.0,CONDO,CONDO,Bay Street Corridor,43.6617046,-79.38465120000001,1,1,1,750.0
405000.0,429900.0,405000.0,CONDO,CONDO,Waterfront Communities C1,43.6455046,-79.3924571,1,0,1,350.0
485000.0,509888.0,485000.0,CONDO,CONDO,Niagara,43.6383872,-79.4010639,1,1,1,650.0
462000.0,469000.0,462000.0,CONDO,CONDO,Yonge-Eglinton,43.7087651,-79.399575,1,0,1,350.0
440000.0,399000.0,440000.0,CONDO,CONDO,Tam O Shanter Sullivan,43.785601,-79.292103,1,1,1,650.0
440000.0,450000.0,440000.0,CONDO,CONDO,Regent Park,43.659783,-79.362653,1,0,1,550.0
412000.0,449900.0,412000.0,CONDO,CONDO,Waterfront Communities The Island,43.6400003,-79.3788904,2,1,1,350.0
453000.0,475000.0,453000.0,CONDO,CONDO,Kensington Chinatown,43.6525638,-79.3905158,1,0,1,750.0
425000.0,439900.0,425000.0,CONDO,CONDO,South Riverdale,43.66513339999999,-79.3414981,1,0,1,350.0
413000.0,429900.0,413000.0,CONDO,CONDO,Dovercourt-Wallace Emerson-Junction,43.6668483,-79.4482513,1,1,1,550.0
465000.0,475000.0,465000.0,CONDO,CONDO,Moss Park,43.6500434,-79.3675082,1,1,1,550.0
489000.0,499900.0,489000.0,CONDO,CONDO,Westminster Branson,43.7949432,-79.3139497,2,0,1,1100.0
482000.0,498800.0,482000.0,CONDO,CONDO,Church-Yonge Corridor,43.6564629,-79.3765629,1,1,1,550.0
470000.0,499000.0,470000.0,CONDO,CONDO,Waterfront Communities C1,43.6475172,-79.39270309999999,1,0,1,550.0
425000.0,469000.0,425000.0,CONDO,CONDO,Moss Park,43.65053270000001,-79.36852600000002,1,0,1,550.0
440000.0,469900.0,440000.0,CONDO,CONDO,Moss Park,43.6551874,-79.3548449,1,1,1,550.0
495000.0,499000.0,495000.0,CONDO,CONDO,Junction Area,43.6667815,-79.4637755,1,1,1,650.0
465000.0,479000.0,465000.0,CONDO,CONDO,Waterfront Communities The Island,43.6432587,-79.3764035,1,0,1,550.0
427500.0,469900.0,427500.0,CONDO,CONDO,Elms Old Rexdale,43.7220795,-79.5439469,3,0,2,1100.0
470000.0,499900.0,470000.0,CONDO,CONDO,Bay Street Corridor,43.6620882,-79.3856802,1,0,1,550.0
422000.0,434999.0,422000.0,CONDO,CONDO,Niagara,43.6387756,-79.4163147,1,0,1,550.0
430000.0,439000.0,430000.0,CONDO,CONDO,Bay Street Corridor,43.6505114,-79.3820778,1,0,1,350.0
480000.0,488000.0,480000.0,CONDO,CONDO,Church-Yonge Corridor,43.6519098,-79.3770909,1,1,1,550.0
464500.0,479900.0,464500.0,CONDO,CONDO,South Parkdale,43.6404251,-79.4246524,1,0,2,650.0
462500.0,484900.0,462500.0,CONDO,CONDO,Waterfront Communities The Island,43.6431621,-79.3762619,1,0,1,550.0
420000.0,448800.0,420000.0,CONDO,CONDO,Waterfront Communities The Island,43.6450517,-79.3988327,1,0,1,550.0
455000.0,479999.0,455000.0,CONDO,CONDO,Waterfront Communities C1,43.6461914,-79.39106269999999,1,0,1,550.0
475000.0,499000.0,475000.0,CONDO,CONDO,Bay Street Corridor,43.665412,-79.3871187,1,0,1,650.0
495000.0,509800.0,495000.0,CONDO,CONDO,Church Yonge Corridor,43.6695584,-79.3846569,1,0,1,650.0
417000.0,433000.0,417000.0,CONDO,CONDO,Kensington Chinatown,43.6539796,-79.3885197,1,0,1,350.0
455700.0,459700.0,455700.0,CONDO,CONDO,Dovercourt-Wallace Emerson-Junction,43.6669742,-79.4473037,1,0,1,550.0
461000.0,470000.0,461000.0,CONDO,CONDO,Mount Pleasant West,43.7087689,-79.3937974,1,0,1,550.0
455000.0,469900.0,455000.0,CONDO,CONDO,Eringate Centennial West Deane,43.6562666,-79.5707858,1,1,1,950.0
415000.0,429000.0,415000.0,CONDO,CONDO,Mount Pleasant West,43.7060573,-79.3977655,1,0,1,350.0
430000.0,478000.0,430000.0,CONDO,CONDO,Waterfront Communities C8,43.64440039999999,-79.3712891,1,0,1,350.0
470000.0,482900.0,470000.0,CONDO,CONDO,Bay Street Corridor,43.6620882,-79.3856802,1,0,1,550.0
415000.0,425990.0,415000.0,CONDO,CONDO,Niagara,43.6409419,-79.40371499999999,1,0,1,350.0
498000.0,508888.0,498000.0,CONDO,CONDO,Waterfront Communities C1,43.6469907,-79.3922487,1,0,1,550.0
420000.0,462000.0,420000.0,CONDO,CONDO,Mount Pleasant West,43.7070855,-79.3977452,1,0,1,550.0
410000.0,449900.0,410000.0,CONDO,CONDO,Niagara,43.6367062,-79.4000807,1,0,1,550.0
480000.0,469000.0,480000.0,CONDO,CONDO,Waterfront Communities The Island,43.6394695,-79.3850744,1,0,1,850.0
435000.0,399000.0,435000.0,CONDO,CONDO,Church-Yonge Corridor,43.6627041,-79.37922429999999,1,0,1,350.0
438000.0,445000.0,438000.0,CONDO,CONDO,Regent Park,43.6605751,-79.35632989999999,1,1,1,550.0
475000.0,483800.0,475000.0,CONDO,CONDO,Annex,43.6698751,-79.3941652,1,0,1,350.0
455000.0,499999.0,455000.0,CONDO,CONDO,Waterfront Communities The Island,43.6494893,-79.3871808,1,0,1,650.0
490000.0,510000.0,490000.0,CONDO,CONDO,Cabbagetown South St James Town,43.6642374,-79.3755383,1,0,1,750.0
427000.0,440000.0,427000.0,CONDO,CONDO,Dovercourt-Wallace Emerson-Junction,43.6668483,-79.4482513,1,1,1,550.0
445000.0,459000.0,445000.0,CONDO,CONDO,Waterfront Communities C1,43.7736875,-79.2554225,1,1,1,550.0
420888.0,490000.0,420888.0,CONDO,CONDO,Annex,43.6698751,-79.3941652,1,0,1,350.0
500000.0,519900.0,500000.0,CONDO,CONDO,Waterfront Communities The Island,43.6427017,-79.3933634,1,1,1,650.0
448000.0,499000.0,448000.0,CONDO,CONDO,Waterfront Communities The Island,43.639182,-79.3863917,1,1,1,750.0
446000.0,449800.0,446000.0,CONDO,CONDO,Little Portugal,43.6420244,-79.4233813,2,0,2,550.0
430000.0,420000.0,430000.0,CONDO,CONDO,Bay Street Corridor,43.661781,-79.384218,1,0,1,350.0
479000.0,509800.0,479000.0,CONDO,CONDO,Moss Park,43.6597894,-79.3754391,2,0,2,650.0
470000.0,499800.0,470000.0,CONDO,CONDO,Church-Yonge Corridor,43.6564629,-79.3765629,1,1,1,550.0
500000.0,505000.0,500000.0,CONDO,CONDO,Niagara,43.6432744,-79.404727,1,1,1,650.0
445000.0,430000.0,445000.0,CONDO,CONDO,Church-Yonge Corridor,43.6560563,-79.3772154,1,0,1,350.0
487000.0,499000.0,487000.0,CONDO,CONDO,Mount Pleasant West,43.7065237,-79.3920212,1,0,1,550.0
455000.0,479000.0,455000.0,CONDO,CONDO,Waterfront Communities The Island,43.642422,-79.3755829,1,0,1,550.0
470000.0,499900.0,470000.0,CONDO,CONDO,Waterfront Communities C8,43.6471385,-79.37335039999999,1,1,1,350.0
486000.0,499900.0,486000.0,CONDO,CONDO,Waterfront Communities The Island,43.6511969,-79.3589449,1,1,1,750.0
400000.0,429990.0,400000.0,CONDO,CONDO,Moss Park,43.6493321,-79.3708156,1,0,1,550.0
458000.0,488000.0,458000.0,CONDO,CONDO,Palmerston Little Italy,43.6566249,-79.4083695,1,1,1,650.0
490000.0,499900.0,490000.0,CONDO,CONDO,Yonge-St. Clair,43.6866172,-79.40068000000001,1,1,1,550.0
455000.0,500000.0,455000.0,CONDO,CONDO,Bay Street Corridor,43.6691837,-79.3873558,1,0,1,350.0
462000.0,489000.0,462000.0,CONDO,CONDO,Moss Park,43.6563754,-79.355321,1,1,1,550.0
470000.0,499000.0,470000.0,CONDO,CONDO,East End-Danforth,43.6867119,-79.3076241,1,1,1,550.0
480000.0,490000.0,480000.0,CONDO,CONDO,Niagara,43.6457396,-79.4037327,1,0,1,550.0
435000.0,399900.0,435000.0,CONDO,CONDO,Niagara,43.6433727,-79.4041107,1,1,1,750.0
500000.0,535000.0,500000.0,CONDO,CONDO,Waterfront Communities C8,43.6458823,-79.375992,1,1,1,650.0
480000.0,499000.0,480000.0,CONDO,CONDO,Dovercourt-Wallace Emerson-Junction,43.6650324,-79.447587,1,1,1,650.0
457000.0,448888.0,457000.0,CONDO,CONDO,Waterfront Communities The Island,43.6409947,-79.3945703,1,1,1,550.0
475000.0,479000.0,475000.0,CONDO,CONDO,Briar Hill Belgravia,43.7049416,-79.4399755,2,0,1,1100.0
430000.0,438000.0,430000.0,CONDO,CONDO,Waterfront Communities C1,43.6469907,-79.3922487,1,0,1,350.0
485000.0,388000.0,485000.0,CONDO,CONDO,Moss Park,43.6535832,-79.3688449,1,1,1,550.0
460000.0,514900.0,460000.0,CONDO,CONDO,The Beaches,43.6671343,-79.3139759,1,0,1,550.0
410000.0,410000.0,410000.0,CONDO,CONDO,Waterfront Communities C1,43.64669,-79.39698,1,0,1,350.0
406000.0,409000.0,406000.0,CONDO,CONDO,Church Yonge Corridor,43.6518649,-79.3760066,1,0,1,550.0
490000.0,560000.0,490000.0,CONDO,CONDO,Church Yonge Corridor,43.6518649,-79.3760066,1,0,1,750.0
440000.0,449000.0,440000.0,CONDO,CONDO,Downsview Roding Cfb,43.7260965,-79.4796815,1,0,1,550.0
420000.0,399000.0,420000.0,CONDO,CONDO,Church-Yonge Corridor,43.6636845,-79.38347259999999,1,0,1,350.0
425000.0,450000.0,425000.0,CONDO,CONDO,Niagara,43.6427421,-79.4070732,1,0,1,550.0
450000.0,475000.0,450000.0,CONDO,CONDO,Church Yonge Corridor,43.6632004,-79.3777681,1,0,1,550.0
500000.0,500000.0,500000.0,CONDO,CONDO,Cabbagetown South St James Town,43.6642374,-79.3755383,1,1,1,750.0
475000.0,489000.0,475000.0,CONDO,CONDO,Dovercourt Wallace Emerson Junction,43.6657347,-79.447861,1,1,1,650.0
463800.0,459000.0,463800.0,CONDO,CONDO,Church-Yonge Corridor,43.6616592,-79.3767151,1,1,2,550.0
460000.0,479900.0,460000.0,CONDO,CONDO,Kensington-Chinatown,43.6567324,-79.392335,1,0,1,350.0
410000.0,435000.0,410000.0,CONDO,CONDO,Niagara,43.6397434,-79.4125013,1,0,1,350.0
465000.0,484000.0,465000.0,CONDO,CONDO,Moss Park,43.6529119,-79.3703524,1,0,1,550.0
425000.0,439000.0,425000.0,CONDO,CONDO,Church-Yonge Corridor,43.6561669,-79.3751316,1,0,1,350.0
435000.0,469900.0,435000.0,CONDO,CONDO,Waterfront Communities The Island,43.6383693,-79.3986981,1,0,1,550.0
485000.0,468999.0,485000.0,CONDO,CONDO,Waterfront Communities C1,43.6410633,-79.4011122,1,1,1,550.0
410988.0,450000.0,410988.0,CONDO,CONDO,Bay Street Corridor,43.6596665,-79.3859262,1,0,1,550.0
465000.0,489900.0,465000.0,CONDO,CONDO,Waterfront Communities C1,43.6404408,-79.3971889,1,0,1,750.0
450000.0,474900.0,450000.0,CONDO,CONDO,Church-Yonge Corridor,43.6561669,-79.3751316,1,1,1,550.0
445000.0,449900.0,445000.0,CONDO,CONDO,Moss Park,43.6534041,-79.3680104,1,1,1,550.0
433000.0,435000.0,433000.0,CONDO,CONDO,Moss Park,43.6598311,-79.37560739999999,1,0,1,350.0
485000.0,499990.0,485000.0,CONDO,CONDO,Bay Street Corridor,43.6645609,-79.3852342,1,0,1,350.0
465000.0,499000.0,465000.0,CONDO,CONDO,Waterfront Communities C1,43.6383693,-79.3986981,1,1,1,650.0
450000.0,459000.0,450000.0,CONDO,CONDO,Waterfront Communities C1,43.641379,-79.39215469999999,1,0,1,350.0
460000.0,479999.0,460000.0,CONDO,CONDO,Waterfront Communities C1,43.6411905,-79.3829556,1,1,1,550.0
485000.0,499000.0,485000.0,CONDO,CONDO,Church-Yonge Corridor,43.6557976,-79.3750325,1,1,2,550.0
500000.0,568000.0,500000.0,CONDO,CONDO,Bay Street Corridor,43.6595018,-79.3847849,1,0,1,650.0
406000.0,419000.0,406000.0,CONDO,CONDO,Taylor Massey,43.6968373,-79.293353,2,0,1,1100.0
450000.0,528000.0,450000.0,CONDO,CONDO,University,43.6657959,-79.4036131,1,0,1,650.0
499800.0,499800.0,499800.0,CONDO,CONDO,Church-Yonge Corridor,43.6631942,-79.3836379,1,1,1,550.0
498000.0,499000.0,498000.0,CONDO,CONDO,Weston-Pellam Park,43.6735315,-79.46210479999999,1,1,1,550.0
435000.0,445000.0,435000.0,CONDO,CONDO,Bay Street Corridor,43.657776,-79.383296,1,0,1,650.0
460000.0,480000.0,460000.0,CONDO,CONDO,Church Yonge Corridor,43.6704872,-79.3845738,1,1,1,650.0
422500.0,439000.0,422500.0,CONDO,CONDO,Waterfront Communities C1,43.6375677,-79.3995487,1,0,1,550.0
495000.0,499900.0,495000.0,CONDO,CONDO,Bay Street Corridor,43.665786,-79.3855809,1,0,1,550.0
410000.0,449000.0,410000.0,CONDO,CONDO,Niagara,43.6396262,-79.4157955,1,0,1,350.0
410000.0,443000.0,410000.0,CONDO,CONDO,Waterfront Communities C8,43.6449381,-79.363673,1,0,1,350.0
450000.0,479000.0,450000.0,CONDO,CONDO,Waterfront Communities C1,43.6461914,-79.39106269999999,1,0,1,350.0
490000.0,499000.0,490000.0,CONDO,CONDO,Church Yonge Corridor,43.6523954,-79.3730743,1,0,1,550.0
473000.0,499900.0,473000.0,CONDO,CONDO,Waterfront Communities The Island,43.6399005,-79.3905103,1,0,1,550.0
499999.0,499999.0,499999.0,CONDO,CONDO,Mount Pleasant West,43.705293,-79.3972641,1,1,1,550.0
465000.0,478000.0,465000.0,CONDO,CONDO,Waterfront Communities C8,43.6496501,-79.3664093,1,1,1,550.0
482000.0,515000.0,482000.0,CONDO,CONDO,Waterfront Communities C1,43.6417001,-79.3823197,1,1,1,550.0
442000.0,449000.0,442000.0,CONDO,CONDO,Church-Yonge Corridor,43.6557672,-79.3763377,1,0,1,350.0
475000.0,399000.0,475000.0,CONDO,CONDO,Church-Yonge Corridor,43.6608176,-79.3787419,1,1,1,550.0
400000.0,440000.0,400000.0,CONDO,CONDO,Kensington Chinatown,43.6530931,-79.3907353,1,0,1,650.0
400000.0,424000.0,400000.0,CONDO,CONDO,Waterfront Communities The Island,43.6488825,-79.3652193,1,1,1,650.0
500000.0,518000.0,500000.0,CONDO,CONDO,Kensington-Chinatown,43.6571925,-79.4014703,1,0,1,550.0
440000.0,499800.0,440000.0,CONDO,CONDO,Church-Yonge Corridor,43.6574957,-79.3743712,2,0,1,550.0
460000.0,470000.0,460000.0,CONDO,CONDO,Waterfront Communities C1,43.6469907,-79.3922487,1,0,1,550.0
475000.0,499000.0,475000.0,CONDO,CONDO,Mount Pleasant East,43.7089649,-79.3929849,1,1,1,650.0
465000.0,475000.0,465000.0,CONDO,CONDO,South Riverdale,43.6580467,-79.3415625,1,0,1,550.0
428000.0,428000.0,428000.0,CONDO,CONDO,Kensington Chinatown,43.6540697,-79.3904086,1,0,1,550.0
445000.0,489900.0,445000.0,CONDO,CONDO,University,43.6539796,-79.3885197,1,0,1,550.0
408000.0,378000.0,408000.0,CONDO,CONDO,Niagara,43.638827,-79.4116344,1,0,1,350.0
480000.0,499000.0,480000.0,CONDO,CONDO,Church-Yonge Corridor,43.6551052,-79.3762548,1,1,1,650.0
455000.0,450800.0,455000.0,CONDO,CONDO,Regent Park,43.6605932,-79.3593489,1,1,1,550.0
438000.0,449000.0,438000.0,CONDO,CONDO,Waterfront Communities The Island,43.6417001,-79.3823197,1,1,1,550.0
500000.0,499990.0,500000.0,CONDO,CONDO,Church-Yonge Corridor,43.6622339,-79.3792506,1,1,1,650.0
495000.0,499999.0,495000.0,CONDO,CONDO,Regent Park,43.6609714,-79.3603967,1,1,1,650.0
449888.0,449888.0,449888.0,CONDO,CONDO,Church-Yonge Corridor,43.6622339,-79.3792506,1,1,1,550.0
430000.0,460000.0,430000.0,CONDO,CONDO,Church-Yonge Corridor,43.6659044,-79.3834934,1,0,1,550.0
473000.0,499000.0,473000.0,CONDO,CONDO,Waterfront Communities The Island,43.6409947,-79.3945703,1,0,1,550.0
495000.0,499000.0,495000.0,CONDO,CONDO,Niagara,43.6387756,-79.4163147,1,1,1,650.0
469000.0,499000.0,469000.0,CONDO,CONDO,Waterfront Communities C1,43.6457753,-79.3925057,1,0,1,550.0
475000.0,495000.0,475000.0,CONDO,CONDO,Waterfront Communities C8,43.6471385,-79.37335039999999,1,1,1,550.0
455000.0,469000.0,455000.0,CONDO,CONDO,South Riverdale,43.65780850000001,-79.351512,1,0,1,550.0
500000.0,524900.0,500000.0,CONDO,CONDO,Mount Pleasant West,43.6981309,-79.3962528,2,0,2,850.0
500000.0,499900.0,500000.0,CONDO,CONDO,Niagara,43.6415894,-79.4157619,1,0,1,650.0
400000.0,435000.0,400000.0,CONDO,CONDO,Mount Pleasant West,43.7075225,-79.392402,1,0,1,350.0
431500.0,449990.0,431500.0,CONDO,CONDO,South Parkdale,43.6404251,-79.4246524,1,0,1,550.0
450000.0,479990.0,450000.0,CONDO,CONDO,Moss Park,43.6574957,-79.3743712,2,0,1,550.0
440000.0,499000.0,440000.0,CONDO,CONDO,Waterfront Communities C1,43.6374106,-79.3994896,1,1,1,550.0
400000.0,415000.0,400000.0,CONDO,CONDO,Woodbine Corridor,43.6666065,-79.31589629999999,1,0,1,550.0
488000.0,499000.0,488000.0,CONDO,CONDO,Waterfront Communities C1,43.6466285,-79.4017026,1,1,1,550.0
470000.0,485000.0,470000.0,CONDO,CONDO,Church-Yonge Corridor,43.6471385,-79.37335039999999,1,1,1,550.0
460000.0,399900.0,460000.0,CONDO,CONDO,Church-Yonge Corridor,43.6636845,-79.38347259999999,1,1,1,550.0
490000.0,495900.0,490000.0,CONDO,CONDO,Waterfront Communities The Island,43.6461536,-79.3752086,1,0,1,650.0
462000.0,489500.0,462000.0,CONDO,CONDO,East End-Danforth,43.6881879,-79.2959713,1,0,1,550.0
475000.0,498000.0,475000.0,CONDO,CONDO,South Riverdale,43.6580467,-79.3415625,1,0,1,350.0
499000.0,499000.0,499000.0,CONDO,CONDO,Church Yonge Corridor,43.6553047,-79.375328,1,1,1,550.0
490000.0,505000.0,490000.0,CONDO,CONDO,Annex,43.6703836,-79.3944212,1,0,1,350.0
445000.0,465000.0,445000.0,CONDO,CONDO,Church-Yonge Corridor,43.6659283,-79.383465,1,0,1,350.0
425000.0,449000.0,425000.0,CONDO,CONDO,Elms Old Rexdale,43.721194,-79.5441255,2,0,1,1100.0
460000.0,470000.0,460000.0,CONDO,CONDO,Church Yonge Corridor,43.6695584,-79.3846569,1,0,1,550.0
465000.0,475000.0,465000.0,CONDO,CONDO,Dovercourt-Wallace Emerson-Junction,43.6650324,-79.447587,1,0,1,550.0
460000.0,499000.0,460000.0,CONDO,CONDO,Waterfront Communities C1,43.6404408,-79.3971889,1,0,1,550.0
450000.0,460000.0,450000.0,CONDO,CONDO,Regent Park,43.659783,-79.362653,1,0,1,550.0
500000.0,449900.0,500000.0,CONDO,CONDO,Waterfront Communities The Island,43.6400887,-79.3939574,1,0,1,550.0
490000.0,519000.0,490000.0,CONDO,CONDO,Bay Street Corridor,43.665786,-79.3855809,1,0,1,550.0
475000.0,479000.0,475000.0,CONDO,CONDO,Rosedale Moore Park,43.6724987,-79.3774996,1,0,1,750.0
475000.0,449000.0,475000.0,CONDO,CONDO,Niagara,43.6383649,-79.4145613,2,1,1,350.0
490000.0,539000.0,490000.0,CONDO,CONDO,South Parkdale,43.6404251,-79.4246524,2,0,1,650.0
470000.0,489000.0,470000.0,CONDO,CONDO,Waterfront Communities The Island,43.6475103,-79.3927254,1,1,1,650.0
445000.0,488000.0,445000.0,CONDO,CONDO,Church Yonge Corridor,43.6687952,-79.3839693,1,0,1,550.0
450000.0,495000.0,450000.0,CONDO,CONDO,Bay Street Corridor,43.6676702,-79.3864205,1,0,1,550.0
425000.0,449000.0,425000.0,CONDO,CONDO,Moss Park,43.6510089,-79.3679305,1,0,1,550.0
415000.0,425000.0,415000.0,CONDO,CONDO,Church Yonge Corridor,43.6651864,-79.3842887,1,0,1,550.0
490000.0,515000.0,490000.0,CONDO,CONDO,Bay Street Corridor,43.658924,-79.3840439,1,1,1,650.0
500000.0,519800.0,500000.0,CONDO,CONDO,Bay Street Corridor,43.6620243,-79.3865463,1,0,1,350.0
445000.0,449900.0,445000.0,CONDO,CONDO,Waterfront Communities C1,43.6458064,-79.39205,1,0,1,550.0
480000.0,499000.0,480000.0,CONDO,CONDO,Moss Park,43.6529119,-79.3703524,1,0,1,650.0
480000.0,499000.0,480000.0,CONDO,CONDO,Tam O Shanter Sullivan,43.785601,-79.292103,2,0,1,650.0
440000.0,380000.0,440000.0,CONDO,CONDO,South Riverdale,43.6580467,-79.3415625,1,0,1,350.0
475000.0,475000.0,475000.0,CONDO,CONDO,Regent Park,43.66142989999999,-79.3585118,1,0,1,550.0
405000.0,428000.0,405000.0,CONDO,CONDO,Yorkdale Glen Park,43.7145019,-79.4535044,1,0,1,350.0
500000.0,469000.0,500000.0,CONDO,CONDO,High Park-Swansea,43.63625529999999,-79.47087189999999,1,1,1,650.0
408000.0,449000.0,408000.0,CONDO,CONDO,Niagara,43.638563,-79.412811,1,0,1,550.0
500000.0,529000.0,500000.0,CONDO,CONDO,Waterfront Communities C1,43.6368129,-79.3975163,1,1,1,650.0
430000.0,459900.0,430000.0,CONDO,CONDO,Bay Street Corridor,43.6659675,-79.3871076,1,0,1,550.0
475000.0,499999.0,475000.0,CONDO,CONDO,Regent Park,43.6594036,-79.3611785,1,0,1,550.0
465000.0,479900.0,465000.0,CONDO,CONDO,Waterfront Communities C8,43.6472458,-79.3711376,1,1,1,550.0
495000.0,515000.0,495000.0,CONDO,CONDO,Niagara,43.6387983,-79.415507,1,0,1,550.0
425000.0,450000.0,425000.0,CONDO,CONDO,Church Yonge Corridor,43.6557758,-79.3759895,1,0,1,550.0
480000.0,499000.0,480000.0,CONDO,CONDO,Waterfront Communities C8,43.64516099999999,-79.3645093,1,0,1,550.0
500000.0,499000.0,500000.0,CONDO,CONDO,Rosedale Moore Park,43.6712941,-79.384925,1,1,1,850.0
400000.0,399000.0,400000.0,CONDO,CONDO,Bay Street Corridor,43.665412,-79.3871187,1,0,1,550.0
470000.0,485000.0,470000.0,CONDO,CONDO,Mount Pleasant West,43.7116204,-79.3955165,1,0,1,350.0
485000.0,499900.0,485000.0,CONDO,CONDO,East End-Danforth,43.6867122,-79.3071428,1,1,1,550.0
440000.0,466900.0,440000.0,CONDO,CONDO,Flemingdon Park,43.6548253,-79.388447,2,0,1,850.0
496000.0,525000.0,496000.0,CONDO,CONDO,Waterfront Communities C8,43.6501177,-79.3579349,1,1,1,650.0
445000.0,470000.0,445000.0,CONDO,CONDO,Waterfront Communities C8,43.6455213,-79.3687484,1,0,1,350.0
485000.0,535000.0,485000.0,CONDO,CONDO,Moss Park,43.6522223,-79.3708763,1,1,1,550.0
488000.0,488000.0,488000.0,CONDO,CONDO,Annex,43.6698521,-79.39418049999999,1,0,1,350.0
470000.0,498000.0,470000.0,CONDO,CONDO,Kensington Chinatown,43.6539796,-79.3885197,1,0,1,550.0
438888.0,459000.0,438888.0,CONDO,CONDO,Moss Park,43.656969,-79.3741222,1,1,1,550.0
460000.0,529000.0,460000.0,CONDO,CONDO,South Parkdale,43.6404251,-79.4246524,1,0,1,550.0
440700.0,399999.0,440700.0,CONDO,CONDO,Niagara,43.6394709,-79.4112754,1,0,1,350.0
485000.0,509000.0,485000.0,CONDO,CONDO,Yonge St Clair,43.6863873,-79.4001771,1,0,1,550.0
448000.0,499999.0,448000.0,CONDO,CONDO,South Riverdale,43.6601502,-79.34247189999999,1,0,1,550.0
441000.0,449000.0,441000.0,CONDO,CONDO,Waterfront Communities C1,43.6469907,-79.3922487,1,0,1,350.0
440000.0,460000.0,440000.0,CONDO,CONDO,Church Yonge Corridor,43.6704872,-79.3845738,1,0,1,550.0
441000.0,465000.0,441000.0,CONDO,CONDO,Bay Street Corridor,43.6648039,-79.3869669,1,1,1,650.0
416000.0,419000.0,416000.0,CONDO,CONDO,Little Portugal,43.6430625,-79.4281337,1,0,1,350.0
493000.0,499000.0,493000.0,CONDO,CONDO,Mount Pleasant West,43.706012,-79.3953296,1,1,2,650.0
450000.0,519900.0,450000.0,CONDO,CONDO,Bay Street Corridor,43.6568586,-79.3836642,2,0,2,950.0
485000.0,499000.0,485000.0,CONDO,CONDO,Church-Yonge Corridor,43.6656662,-79.3826067,1,1,1,550.0
460000.0,475000.0,460000.0,CONDO,CONDO,Dovercourt Wallace Emerson Junction,43.6650324,-79.447587,1,0,1,550.0
420000.0,449900.0,420000.0,CONDO,CONDO,Church Yonge Corridor,43.6632004,-79.3777681,1,0,1,550.0
475000.0,489000.0,475000.0,CONDO,CONDO,Weston Pellam Park,43.6735315,-79.46210479999999,1,0,1,550.0
465000.0,499000.0,465000.0,CONDO,CONDO,Mount Pleasant West,43.7061448,-79.3976991,1,1,2,650.0
482500.0,499000.0,482500.0,CONDO,CONDO,Niagara,43.6412424,-79.414406,1,1,1,650.0
412000.0,459900.0,412000.0,CONDO,CONDO,Waterfront Communities C1,43.6469907,-79.3922487,1,0,1,350.0
499000.0,499000.0,499000.0,CONDO,CONDO,Regent Park,43.6594036,-79.3611785,1,1,1,650.0
430000.0,479900.0,430000.0,CONDO,CONDO,Church Yonge Corridor,43.650055,-79.3749505,1,1,1,650.0
465000.0,480000.0,465000.0,CONDO,CONDO,Mount Pleasant East,43.7087689,-79.3937974,1,0,1,350.0
405000.0,419900.0,405000.0,CONDO,CONDO,Dovercourt Wallace Emerson Junction,43.6670935,-79.44742769999999,1,0,1,350.0
420000.0,429900.0,420000.0,CONDO,CONDO,Eringate Centennial West Deane,43.6562666,-79.5707858,1,1,1,950.0
422275.0,429900.0,422275.0,CONDO,CONDO,Mount Pleasant West,43.7089649,-79.3929849,1,0,1,550.0
485000.0,499000.0,485000.0,CONDO,CONDO,Waterfront Communities C1,43.6421205,-79.3836315,1,0,1,550.0
420000.0,399000.0,420000.0,CONDO,CONDO,Niagara,43.6395782,-79.4113325,1,0,1,550.0
410000.0,428000.0,410000.0,CONDO,CONDO,Niagara,43.6395782,-79.4113325,1,0,1,350.0
420000.0,449900.0,420000.0,CONDO,CONDO,Islington-City Centre West,43.6197346,-79.5217531,1,0,1,350.0
465000.0,399000.0,465000.0,CONDO,CONDO,Clanton Park,43.7335649,-79.448836,2,0,1,550.0
408000.0,428000.0,408000.0,CONDO,CONDO,Church-Yonge Corridor,43.6659283,-79.383465,1,1,1,550.0
460000.0,489000.0,460000.0,CONDO,CONDO,Mimico,43.6186753,-79.48571609999999,1,0,1,750.0
400000.0,415000.0,400000.0,CONDO,CONDO,Mimico,43.6243329,-79.4883164,1,0,1,650.0
406000.0,459900.0,406000.0,CONDO,CONDO,Bendale,43.7729009,-79.2540288,1,1,1,650.0
441000.0,495000.0,441000.0,CONDO,CONDO,Henry Farm,43.7744471,-79.3295345,1,1,1,550.0
416000.0,468800.0,416000.0,CONDO,CONDO,Clanton Park,43.7515559,-79.4565164,2,0,2,750.0
480000.0,488800.0,480000.0,CONDO,CONDO,Mimico,43.6233284,-79.47957319999999,1,0,1,550.0
433000.0,399000.0,433000.0,CONDO,CONDO,Bayview Woods-Steeles,43.7882988,-79.3904499,1,1,1,650.0
405000.0,419900.0,405000.0,CONDO,CONDO,Woburn,43.7811723,-79.2454666,1,1,1,650.0
415000.0,445000.0,415000.0,CONDO,CONDO,Tam O'Shanter-Sullivan,43.7786046,-79.3107898,1,1,1,650.0
496000.0,499900.0,496000.0,CONDO,CONDO,Yorkdale-Glen Park,43.7153243,-79.4544995,2,0,2,750.0
485000.0,510000.0,485000.0,CONDO,CONDO,Regent Park,43.6605932,-79.3593489,1,1,1,550.0
430000.0,459900.0,430000.0,CONDO,CONDO,High Park Swansea,43.6376021,-79.473026,1,1,1,650.0
485000.0,499000.0,485000.0,CONDO,CONDO,Waterfront Communities C1,43.6455046,-79.3924571,1,1,1,550.0
418000.0,449000.0,418000.0,CONDO,CONDO,Bayview Village,43.7652817,-79.3827745,1,0,1,550.0
490000.0,529900.0,490000.0,CONDO,CONDO,Waterfront Communities C8,43.6496501,-79.3664093,1,1,2,650.0
499000.0,499000.0,499000.0,CONDO,CONDO,Maple Leaf,43.71497660000001,-79.4797268,2,0,2,750.0
430000.0,439000.0,430000.0,CONDO,CONDO,Woburn,43.7808628,-79.24780849999999,2,0,1,750.0
450000.0,460000.0,450000.0,CONDO,CONDO,Clanton Park,43.7337138,-79.4488767,2,0,1,550.0
410000.0,449900.0,410000.0,CONDO,CONDO,Church Yonge Corridor,43.6522442,-79.3776386,1,0,1,650.0
405000.0,439000.0,405000.0,CONDO,CONDO,Tam O Shanter Sullivan,43.78587530000001,-79.2909523,1,0,1,550.0
474900.0,479900.0,474900.0,CONDO,CONDO,Church-Yonge Corridor,43.6693009,-79.3841709,1,0,1,350.0
460000.0,489000.0,460000.0,CONDO,CONDO,Banbury-Don Mills,43.7301778,-79.3321957,1,1,2,650.0
465000.0,499900.0,465000.0,CONDO,CONDO,Willowdale East,43.7632771,-79.39374409999999,2,0,2,950.0
468000.0,399900.0,468000.0,CONDO,CONDO,Clanton Park,43.7330701,-79.44853169999999,2,0,2,550.0
480000.0,490000.0,480000.0,CONDO,CONDO,Bay Street Corridor,43.6648412,-79.38516720000001,1,0,1,350.0
480000.0,490000.0,480000.0,CONDO,CONDO,Church-Yonge Corridor,43.66499659999999,-79.3851763,1,0,1,350.0
455000.0,469000.0,455000.0,CONDO,CONDO,Islington-City Centre West,43.6097506,-79.5572576,1,0,1,550.0
438000.0,446000.0,438000.0,CONDO,CONDO,Agincourt South-Malvern West,43.7775433,-79.28127680000001,1,1,1,650.0
490000.0,399000.0,490000.0,CONDO,CONDO,Church-Yonge Corridor,43.6557976,-79.3750325,1,1,2,650.0
450000.0,475000.0,450000.0,CONDO,CONDO,Waterfront Communities C1,43.6456671,-79.3915454,1,1,1,550.0
475000.0,489000.0,475000.0,CONDO,CONDO,Niagara,43.6414039,-79.4105973,1,0,1,550.0
450000.0,453888.0,450000.0,CONDO,CONDO,Islington City Centre West,43.644402,-79.5286903,1,0,1,550.0
480000.0,495000.0,480000.0,CONDO,CONDO,South Riverdale,43.6580515,-79.3512131,1,0,1,550.0
410000.0,388000.0,410000.0,CONDO,CONDO,Mount Pleasant West,43.7036869,-79.3971647,1,0,1,350.0
440000.0,399000.0,440000.0,CONDO,CONDO,Moss Park,43.652588,-79.3676913,1,0,1,550.0
425000.0,449000.0,425000.0,CONDO,CONDO,Church Yonge Corridor,43.6704872,-79.3845738,1,0,1,350.0
490000.0,468000.0,490000.0,CONDO,CONDO,Yonge-Eglinton,43.708749,-79.3995696,1,0,1,550.0
483000.0,499000.0,483000.0,CONDO,CONDO,Bay Street Corridor,43.6617616,-79.3836302,1,0,1,550.0
430000.0,429900.0,430000.0,CONDO,CONDO,Waterfront Communities C1,43.6469907,-79.3922487,1,0,1,350.0
430000.0,459000.0,430000.0,CONDO,CONDO,Moss Park,43.656969,-79.3741222,1,1,1,550.0
470000.0,489999.0,470000.0,CONDO,CONDO,Mount Olive Silverstone Jamestown,43.7582885,-79.586393,2,1,2,950.0
415000.0,419900.0,415000.0,CONDO,CONDO,Mount Pleasant West,43.7067341,-79.39693559999999,1,0,1,650.0
491000.0,499999.0,491000.0,CONDO,CONDO,Waterfront Communities C1,43.6402683,-79.3960141,1,1,1,650.0
450000.0,452000.0,450000.0,CONDO,CONDO,Niagara,43.6412424,-79.414406,1,0,1,550.0
430000.0,436888.0,430000.0,CONDO,CONDO,Niagara,43.6387756,-79.4163147,1,0,1,650.0
463000.0,489000.0,463000.0,CONDO,CONDO,Moss Park,43.6500434,-79.3675082,1,1,1,550.0
499800.0,499800.0,499800.0,CONDO,CONDO,Waterfront Communities C1,43.6405658,-79.3970126,1,1,1,650.0
475000.0,500000.0,475000.0,CONDO,CONDO,Waterfront Communities The Island,43.6488825,-79.3652193,1,1,1,650.0
500000.0,549000.0,500000.0,CONDO,CONDO,Moss Park,43.65053270000001,-79.36852600000002,1,1,1,550.0
500000.0,529900.0,500000.0,CONDO,CONDO,Waterfront Communities C8,43.6501177,-79.3579349,1,0,1,550.0
424000.0,459900.0,424000.0,CONDO,CONDO,Waterfront Communities The Island,43.6393941,-79.3997862,1,0,1,550.0
462000.0,474500.0,462000.0,CONDO,CONDO,Niagara,43.6409419,-79.40371499999999,1,1,1,550.0
469000.0,479000.0,469000.0,CONDO,CONDO,Moss Park,43.6544263,-79.3630493,1,1,1,650.0
540000.0,579000.0,540000.0,CONDO,CONDO,Waterfront Communities C1,43.641872,-79.3796564,1,0,1,550.0
513499.0,499900.0,513499.0,CONDO,CONDO,Niagara,43.6395782,-79.4113325,1,0,1,550.0
550000.0,559000.0,550000.0,CONDO,CONDO,Church Yonge Corridor,43.6572009,-79.3766327,2,0,1,750.0
555000.0,548800.0,555000.0,CONDO,CONDO,Waterfront Communities The Island,43.6488825,-79.3652193,1,0,1,650.0
570000.0,579000.0,570000.0,CONDO,CONDO,Niagara,43.6387756,-79.4163147,1,1,1,650.0
554000.0,596000.0,554000.0,CONDO,CONDO,Bay Street Corridor,43.6617616,-79.3836302,1,0,1,550.0
565000.0,599900.0,565000.0,CONDO,CONDO,Waterfront Communities C8,43.65281359999999,-79.35544329999999,2,0,2,750.0
569000.0,589000.0,569000.0,CONDO,CONDO,Regent Park,43.660575,-79.3563298,2,0,2,650.0
585000.0,599999.0,585000.0,CONDO,CONDO,North St James Town,43.6707607,-79.3773018,1,1,1,650.0
585000.0,598000.0,585000.0,CONDO,CONDO,Little Portugal,43.6430625,-79.4281337,1,1,1,650.0
557900.0,565000.0,557900.0,CONDO,CONDO,Waterfront Communities C1,43.648321,-79.3928867,1,1,1,650.0
510000.0,518888.0,510000.0,CONDO,CONDO,Niagara,43.638563,-79.412811,1,1,1,650.0
505000.0,535000.0,505000.0,CONDO,CONDO,The Beaches,43.6742201,-79.3071393,1,1,1,550.0
550000.0,599900.0,550000.0,CONDO,CONDO,The Beaches,43.6721638,-79.2884945,1,0,1,750.0
590000.0,599000.0,590000.0,CONDO,CONDO,Bay Street Corridor,43.6658043,-79.3856944,1,0,1,650.0
542172.0,569900.0,542172.0,CONDO,CONDO,Mount Pleasant West,43.7069544,-79.395016,1,1,1,650.0
564000.0,579000.0,564000.0,CONDO,CONDO,Niagara,43.6382738,-79.415117,1,1,2,750.0
592000.0,599000.0,592000.0,CONDO,CONDO,Waterfront Communities C1,43.6409222,-79.3939829,2,0,2,750.0
600000.0,635000.0,600000.0,CONDO,CONDO,Moss Park,43.6504199,-79.3686377,1,1,1,650.0
575000.0,529000.0,575000.0,CONDO,CONDO,Mount Pleasant West,43.70804340000001,-79.3972732,1,1,2,650.0
549000.0,549000.0,549000.0,CONDO,CONDO,Agincourt South Malvern West,43.7793201,-79.2814437,2,0,2,950.0
540000.0,560000.0,540000.0,CONDO,CONDO,Waterfront Communities C1,43.6480809,-79.3910262,1,1,1,550.0
570000.0,599900.0,570000.0,CONDO,CONDO,Bay Street Corridor,43.6599507,-79.3849463,1,1,1,650.0
525000.0,545000.0,525000.0,CONDO,CONDO,Mount Pleasant West,43.7081974,-79.397159,1,1,2,650.0
590000.0,615000.0,590000.0,CONDO,CONDO,Junction Area,43.6667815,-79.4637755,1,1,1,650.0
544000.0,574900.0,544000.0,CONDO,CONDO,Niagara,43.6412424,-79.414406,1,1,1,650.0
580000.0,589999.0,580000.0,CONDO,CONDO,Waterfront Communities C1,43.6476915,-79.3933074,2,0,2,650.0
575000.0,579000.0,575000.0,CONDO,CONDO,Waterfront Communities The Island,43.6392884,-79.3857185,1,1,1,850.0
520000.0,539000.0,520000.0,CONDO,CONDO,Waterfront Communities The Island,43.6476241,-79.3991681,1,0,1,750.0
549000.0,598000.0,549000.0,CONDO,CONDO,Westminster Branson,43.778008,-79.4527173,2,1,2,1500.0
585000.0,598000.0,585000.0,CONDO,CONDO,Mount Pleasant West,43.6981309,-79.3962528,1,1,2,850.0
525000.0,525000.0,525000.0,CONDO,CONDO,Palmerston Little Italy,43.6602538,-79.428648,1,0,1,550.0
505000.0,519000.0,505000.0,CONDO,CONDO,Waterfront Communities C1,43.6471782,-79.3910623,1,0,1,550.0
575000.0,585000.0,575000.0,CONDO,CONDO,Church Yonge Corridor,43.6611534,-79.3816303,1,1,1,750.0
525000.0,537500.0,525000.0,CONDO,CONDO,Regent Park,43.6601105,-79.3605898,1,0,1,650.0
535000.0,539000.0,535000.0,CONDO,CONDO,Waterfront Communities The Island,43.6457578,-79.3946255,1,0,1,550.0
530000.0,539000.0,530000.0,CONDO,CONDO,Waterfront Communities C1,43.6476771,-79.39335820000001,1,1,1,550.0
585000.0,599000.0,585000.0,CONDO,CONDO,Moss Park,43.652818,-79.3666347,1,1,1,650.0
575000.0,599900.0,575000.0,CONDO,CONDO,Mount Pleasant West,43.7098418,-79.396432,1,1,1,650.0
502500.0,529800.0,502500.0,CONDO,CONDO,Trinity-Bellwoods,43.6491887,-79.4235115,1,0,1,350.0
505000.0,495000.0,505000.0,CONDO,CONDO,Church Yonge Corridor,43.6704872,-79.3845738,1,1,1,650.0
585000.0,599500.0,585000.0,CONDO,CONDO,Niagara,43.6369794,-79.4060787,2,0,2,750.0
571000.0,579000.0,571000.0,CONDO,CONDO,Bay Street Corridor,43.6648469,-79.3861096,1,1,2,750.0
530000.0,550000.0,530000.0,CONDO,CONDO,Church-Yonge Corridor,43.6663783,-79.38456,1,0,1,550.0
590000.0,589000.0,590000.0,CONDO,CONDO,Waterfront Communities The Island,43.6494123,-79.37088,1,1,2,750.0
550000.0,599000.0,550000.0,CONDO,CONDO,Bay Street Corridor,43.6656459,-79.3859491,1,0,1,650.0
510000.0,518000.0,510000.0,CONDO,CONDO,Agincourt South Malvern West,43.7785806,-79.2811718,2,1,2,850.0
530000.0,559000.0,530000.0,CONDO,CONDO,Church Yonge Corridor,43.6547114,-79.3792073,1,1,2,750.0
550000.0,599888.0,550000.0,CONDO,CONDO,Waterfront Communities C1,43.6388732,-79.3986617,1,1,1,650.0
592500.0,628000.0,592500.0,CONDO,CONDO,The Beaches,43.6784907,-79.2988979,2,0,1,750.0
600000.0,615000.0,600000.0,CONDO,CONDO,Regent Park,43.6590965,-79.3629015,2,0,1,650.0
549000.0,549000.0,549000.0,CONDO,CONDO,Waterfront Communities The Island,43.6412475,-79.4001678,1,0,1,550.0
575000.0,580000.0,575000.0,CONDO,CONDO,Waterfront Communities C8,43.6494123,-79.37088,1,1,1,750.0
585000.0,609900.0,585000.0,CONDO,CONDO,Westminster Branson,43.7907581,-79.4508033,2,1,2,1300.0
529000.0,539000.0,529000.0,CONDO,CONDO,Niagara,43.6398765,-79.4167372,1,0,1,550.0
535000.0,555000.0,535000.0,CONDO,CONDO,Waterfront Communities The Island,43.6439126,-79.4001147,1,0,1,550.0
520000.0,525000.0,520000.0,CONDO,CONDO,Moss Park,43.652588,-79.3676913,1,1,1,650.0
520000.0,549000.0,520000.0,CONDO,CONDO,Moss Park,43.652588,-79.3676913,1,1,2,650.0
585000.0,598000.0,585000.0,CONDO,CONDO,High Park Swansea,43.6481789,-79.4874357,1,0,1,550.0
503000.0,519900.0,503000.0,CONDO,CONDO,Waterfront Communities C1,43.6474722,-79.39958709999999,1,0,1,550.0
514000.0,519000.0,514000.0,CONDO,CONDO,South Riverdale,43.6604674,-79.3418283,1,0,1,650.0
502000.0,514900.0,502000.0,CONDO,CONDO,East End-Danforth,43.6881879,-79.2959713,1,1,1,650.0
535000.0,569000.0,535000.0,CONDO,CONDO,High Park North,43.6602898,-79.4542617,1,0,1,550.0
560000.0,579000.0,560000.0,CONDO,CONDO,Niagara,43.6398765,-79.4167372,1,1,2,650.0
535000.0,559900.0,535000.0,CONDO,CONDO,North St James Town,43.6679848,-79.3755762,1,1,1,650.0
587500.0,599000.0,587500.0,CONDO,CONDO,Waterfront Communities The Island,43.6368129,-79.3975163,1,1,1,650.0
550000.0,559000.0,550000.0,CONDO,CONDO,Mount Pleasant West,43.705293,-79.3972641,1,0,1,650.0
538000.0,568000.0,538000.0,CONDO,CONDO,Waterfront Communities C1,43.6403179,-79.397373,1,1,1,550.0
595000.0,609000.0,595000.0,CONDO,CONDO,High Park-Swansea,43.6362926,-79.47046279999999,2,0,2,850.0
526500.0,545000.0,526500.0,CONDO,CONDO,Kensington-Chinatown,43.64938189999999,-79.39800629999999,1,0,1,550.0
560000.0,588000.0,560000.0,CONDO,CONDO,Waterfront Communities C8,43.6455213,-79.3687484,1,1,1,550.0
567000.0,598000.0,567000.0,CONDO,CONDO,Waterfront Communities C1,43.648321,-79.3928867,1,1,1,650.0
528800.0,430000.0,528800.0,CONDO,CONDO,Church-Yonge Corridor,43.6557672,-79.3763377,2,0,1,350.0
575000.0,651000.0,575000.0,CONDO,CONDO,Kensington Chinatown,43.6539796,-79.3885197,2,0,1,750.0
535000.0,569000.0,535000.0,CONDO,CONDO,Bay Street Corridor,43.665786,-79.3855809,1,1,2,650.0
545000.0,549900.0,545000.0,CONDO,CONDO,Waterfront Communities C1,43.641872,-79.3796564,1,0,1,550.0
510000.0,529000.0,510000.0,CONDO,CONDO,Waterfront Communities C1,43.6489003,-79.38802989999999,1,1,1,650.0
529900.0,529900.0,529900.0,CONDO,CONDO,Niagara,43.6409911,-79.4143265,1,0,1,550.0
590000.0,628000.0,590000.0,CONDO,CONDO,Church-Yonge Corridor,43.6610047,-79.3786891,2,0,2,750.0
519999.0,549000.0,519999.0,CONDO,CONDO,Waterfront Communities The Island,43.6397205,-79.384172,1,0,1,550.0
560000.0,569000.0,560000.0,CONDO,CONDO,Moss Park,43.6521176,-79.3714605,1,0,1,650.0
550000.0,579900.0,550000.0,CONDO,CONDO,Church Yonge Corridor,43.6637914,-79.3830261,1,0,1,950.0
519000.0,539000.0,519000.0,CONDO,CONDO,North St James Town,43.6679848,-79.3755762,1,1,1,650.0
565000.0,525000.0,565000.0,CONDO,CONDO,Bay Street Corridor,43.6568586,-79.3836642,1,1,1,850.0
505000.0,519000.0,505000.0,CONDO,CONDO,Annex,43.6753218,-79.3890506,1,0,1,750.0
595000.0,599999.0,595000.0,CONDO,CONDO,South Riverdale,43.66513339999999,-79.3414981,1,1,1,650.0
550000.0,579000.0,550000.0,CONDO,CONDO,Niagara,43.6382738,-79.415117,1,0,1,650.0
500500.0,549000.0,500500.0,CONDO,CONDO,Kensington Chinatown,43.6530828,-79.3900382,1,0,1,750.0
550000.0,599990.0,550000.0,CONDO,CONDO,Annex,43.6716658,-79.3881636,2,0,1,350.0
540000.0,549000.0,540000.0,CONDO,CONDO,High Park-Swansea,43.640484,-79.47204599999999,3,0,1,1300.0
580000.0,580000.0,580000.0,CONDO,CONDO,Dufferin Grove,43.6574768,-79.445671,1,1,1,650.0
525000.0,539000.0,525000.0,CONDO,CONDO,North St James Town,43.6674577,-79.378493,1,0,1,750.0
588888.0,615000.0,588888.0,CONDO,CONDO,Church-Yonge Corridor,43.6568058,-79.3750924,2,0,2,650.0
555000.0,575000.0,555000.0,CONDO,CONDO,Church Yonge Corridor,43.6493456,-79.3758022,1,0,1,650.0
523988.0,529988.0,523988.0,CONDO,CONDO,Waterfront Communities C1,43.6413637,-79.3924383,1,1,1,550.0
525000.0,569999.0,525000.0,CONDO,CONDO,University,43.6645164,-79.4105865,1,1,1,550.0
519000.0,519000.0,519000.0,CONDO,CONDO,Waterfront Communities C1,43.6411375,-79.4007447,1,1,1,550.0
560000.0,588000.0,560000.0,CONDO,CONDO,Waterfront Communities The Island,43.6429911,-79.37647369999999,1,0,1,550.0
600000.0,599000.0,600000.0,CONDO,CONDO,Church-Yonge Corridor,43.6697471,-79.385887,1,1,1,650.0
531250.0,480000.0,531250.0,CONDO,CONDO,Church-Yonge Corridor,43.656969,-79.3741222,2,0,1,550.0
565000.0,580000.0,565000.0,CONDO,CONDO,West Humber Clairville,43.7908781,-79.44683959999999,2,1,2,1100.0
505000.0,529000.0,505000.0,CONDO,CONDO,Cabbagetown South St James Town,43.6644413,-79.3751085,1,1,1,750.0
585000.0,558000.0,585000.0,CONDO,CONDO,Bay Street Corridor,43.6595018,-79.3847849,1,1,2,750.0
575000.0,599900.0,575000.0,CONDO,CONDO,Waterfront Communities C1,43.6374165,-79.3983037,2,0,1,850.0
575000.0,599000.0,575000.0,CONDO,CONDO,Regent Park,43.6601105,-79.3605898,2,0,2,750.0
550000.0,579900.0,550000.0,CONDO,CONDO,Annex,43.6746538,-79.3890069,1,1,1,650.0
503000.0,529000.0,503000.0,CONDO,CONDO,Bay Street Corridor,43.666815,-79.3875312,1,1,1,750.0
510028.0,508000.0,510028.0,CONDO,CONDO,Church Yonge Corridor,43.6705792,-79.3805895,1,1,1,650.0
585000.0,598000.0,585000.0,CONDO,CONDO,Church-Yonge Corridor,43.6692159,-79.3840396,2,0,1,650.0
570000.0,599000.0,570000.0,CONDO,CONDO,Waterfront Communities C1,43.6421205,-79.3836315,1,1,1,650.0
510000.0,545000.0,510000.0,CONDO,CONDO,Clairlea Birchmount,43.7165398,-79.2845142,2,0,2,750.0
520000.0,485000.0,520000.0,CONDO,CONDO,Waterfront Communities The Island,43.639182,-79.3863917,2,1,1,850.0
521000.0,538000.0,521000.0,CONDO,CONDO,Lansing Westgate,43.7653441,-79.4126151,1,1,1,650.0
575000.0,590000.0,575000.0,CONDO,CONDO,Waterfront Communities C8,43.6471385,-79.37335039999999,1,1,2,650.0
580000.0,595000.0,580000.0,CONDO,CONDO,Niagara,43.6415894,-79.4157619,1,1,1,650.0
560000.0,598000.0,560000.0,CONDO,CONDO,Mount Pleasant West,43.7105383,-79.3932829,2,0,2,650.0
502500.0,509900.0,502500.0,CONDO,CONDO,East End-Danforth,43.6881879,-79.2959713,1,1,1,650.0
525000.0,531900.0,525000.0,CONDO,CONDO,Bay Street Corridor,43.6488273,-79.3780964,1,0,1,350.0
531330.0,539000.0,531330.0,CONDO,CONDO,Islington City Centre West,43.6450881,-79.5299001,2,0,2,850.0
595000.0,628000.0,595000.0,CONDO,CONDO,Waterfront Communities C8,43.6458823,-79.375992,1,1,1,650.0
526000.0,542000.0,526000.0,CONDO,CONDO,Waterfront Communities C8,43.6543316,-79.35407769999999,1,1,2,650.0
585888.0,618000.0,585888.0,CONDO,CONDO,Mount Pleasant West,43.7069544,-79.395016,1,1,1,650.0
542100.0,549900.0,542100.0,CONDO,CONDO,Mount Pleasant West,43.7060573,-79.3977655,1,1,2,650.0
575000.0,598000.0,575000.0,CONDO,CONDO,Annex,43.6725539,-79.389571,1,0,1,650.0
585000.0,599900.0,585000.0,CONDO,CONDO,High Park Swansea,43.6361579,-79.4706161,2,0,2,850.0
600000.0,619000.0,600000.0,CONDO,CONDO,Church-Yonge Corridor,43.6484128,-79.3764665,1,1,1,550.0
580000.0,595000.0,580000.0,CONDO,CONDO,Rosedale Moore Park,43.6879283,-79.389193,1,0,1,750.0
531000.0,574900.0,531000.0,CONDO,CONDO,Bay Street Corridor,43.6659675,-79.3871076,1,1,1,750.0
570000.0,579000.0,570000.0,CONDO,CONDO,Islington City Centre West,43.644402,-79.5286903,2,0,2,850.0
541000.0,499990.0,541000.0,CONDO,CONDO,Church-Yonge Corridor,43.6574957,-79.3743712,2,1,2,750.0
505500.0,550000.0,505500.0,CONDO,CONDO,Kensington Chinatown,43.652508,-79.3885848,1,1,1,650.0
525000.0,514900.0,525000.0,CONDO,CONDO,Waterfront Communities The Island,43.6457578,-79.3946255,1,0,1,550.0
525000.0,534999.0,525000.0,CONDO,CONDO,Waterfront Communities C1,43.6463498,-79.3936293,1,0,1,350.0
540000.0,589000.0,540000.0,CONDO,CONDO,Bay Street Corridor,43.6611357,-79.3856052,1,1,2,750.0
565000.0,575000.0,565000.0,CONDO,CONDO,Niagara,43.6357104,-79.3988424,1,2,1,750.0
550000.0,599000.0,550000.0,CONDO,CONDO,High Park-Swansea,43.63625520000001,-79.4708718,1,1,1,750.0
565000.0,589900.0,565000.0,CONDO,CONDO,Roncesvalles,43.6503421,-79.4444185,1,1,1,650.0
568000.0,598000.0,568000.0,CONDO,CONDO,Niagara,43.6382738,-79.415117,1,1,2,750.0
580000.0,600000.0,580000.0,CONDO,CONDO,Niagara,43.6372054,-79.4035754,1,1,1,650.0
515000.0,529900.0,515000.0,CONDO,CONDO,Waterfront Communities The Island,43.6461536,-79.3752086,1,0,1,650.0
535000.0,579900.0,535000.0,CONDO,CONDO,Annex,43.6725539,-79.389571,1,1,1,650.0
535000.0,565000.0,535000.0,CONDO,CONDO,High Park-Swansea,43.6362926,-79.47046279999999,1,1,1,750.0
515000.0,549000.0,515000.0,CONDO,CONDO,Church-Yonge Corridor,43.6627217,-79.3794411,1,1,1,550.0
565000.0,599000.0,565000.0,CONDO,CONDO,Waterfront Communities The Island,43.6429911,-79.37647369999999,1,1,1,650.0
536500.0,549999.0,536500.0,CONDO,CONDO,Waterfront Communities The Island,43.6429911,-79.37647369999999,1,0,1,650.0
538000.0,519900.0,538000.0,CONDO,CONDO,North St James Town,43.6718748,-79.3723871,1,1,2,650.0
518000.0,539000.0,518000.0,CONDO,CONDO,South Parkdale,43.6404251,-79.4246524,2,0,1,650.0
580000.0,619900.0,580000.0,CONDO,CONDO,South Riverdale,43.6601382,-79.3424223,1,0,1,550.0
525000.0,549000.0,525000.0,CONDO,CONDO,Cabbagetown-South St. James Town,43.6667853,-79.3749198,1,1,2,650.0
590000.0,595000.0,590000.0,CONDO,CONDO,Church-Yonge Corridor,43.6560452,-79.377275,1,1,2,650.0
525000.0,539000.0,525000.0,CONDO,CONDO,Niagara,43.6415894,-79.4157619,1,1,1,550.0
540000.0,549000.0,540000.0,CONDO,CONDO,Regent Park,43.6601105,-79.3605898,1,1,1,650.0
575000.0,599000.0,575000.0,CONDO,CONDO,Church Yonge Corridor,43.6649767,-79.3782139,2,0,1,750.0
520000.0,534900.0,520000.0,CONDO,CONDO,Yonge St Clair,43.6839132,-79.3998833,1,0,1,650.0
503900.0,519000.0,503900.0,CONDO,CONDO,Waterfront Communities C1,43.636608,-79.4048673,1,1,1,550.0
595000.0,595000.0,595000.0,CONDO,CONDO,Waterfront Communities The Island,43.6439014,-79.3994795,1,0,1,650.0
580000.0,598800.0,580000.0,CONDO,CONDO,Waterfront Communities C8,43.6471385,-79.37335039999999,1,1,2,650.0
513000.0,549000.0,513000.0,CONDO,CONDO,Annex,43.6675198,-79.4011128,1,1,1,650.0
573500.0,589000.0,573500.0,CONDO,CONDO,Mount Pleasant West,43.7060573,-79.3977655,1,1,1,650.0
517300.0,488750.0,517300.0,CONDO,CONDO,Greenwood-Coxwell,43.6645969,-79.3218774,1,0,1,550.0
550000.0,579000.0,550000.0,CONDO,CONDO,Moss Park,43.6522223,-79.3708763,1,1,2,650.0
516750.0,549000.0,516750.0,CONDO,CONDO,Regent Park,43.6594036,-79.3611785,1,0,1,650.0
550000.0,580000.0,550000.0,CONDO,CONDO,Waterfront Communities C1,43.64440039999999,-79.3712891,1,0,1,550.0
590000.0,589999.0,590000.0,CONDO,CONDO,Niagara,43.6372054,-79.4035754,1,1,1,650.0
550000.0,578800.0,550000.0,CONDO,CONDO,Mount Pleasant West,43.7116204,-79.3955165,1,1,1,650.0
570000.0,619000.0,570000.0,CONDO,CONDO,South Parkdale,43.6384492,-79.4274302,2,0,2,650.0
548000.0,579000.0,548000.0,CONDO,CONDO,Niagara,43.6363712,-79.4027602,1,0,1,550.0
590613.0,599000.0,590613.0,CONDO,CONDO,Waterfront Communities C1,43.648321,-79.3928867,2,0,1,650.0
600000.0,599999.0,600000.0,CONDO,CONDO,Briar Hill Belgravia,43.7021881,-79.4408194,2,0,2,1100.0
548000.0,499900.0,548000.0,CONDO,CONDO,Church-Yonge Corridor,43.6663783,-79.38456,1,0,1,550.0
555000.0,549000.0,555000.0,CONDO,CONDO,Waterfront Communities The Island,43.6457578,-79.3946255,1,1,2,750.0
518000.0,529000.0,518000.0,CONDO,CONDO,Waterfront Communities C1,43.6383693,-79.3986981,1,1,1,650.0
535000.0,549000.0,535000.0,CONDO,CONDO,Bay Street Corridor,43.6630187,-79.3863345,1,0,1,650.0
550000.0,588000.0,550000.0,CONDO,CONDO,South Riverdale,43.6580515,-79.3512131,2,0,1,650.0
570000.0,574900.0,570000.0,CONDO,CONDO,South Parkdale,43.6401441,-79.4239168,2,0,2,850.0
582000.0,624000.0,582000.0,CONDO,CONDO,Waterfront Communities C1,43.6490923,-79.3885042,1,1,1,650.0
537000.0,555000.0,537000.0,CONDO,CONDO,Niagara,43.638563,-79.412811,1,1,1,550.0
506000.0,649900.0,506000.0,CONDO,CONDO,Annex,43.6753218,-79.3890506,1,0,1,750.0
577500.0,598000.0,577500.0,CONDO,CONDO,North St James Town,43.6714676,-79.3716943,1,1,2,650.0
512000.0,518800.0,512000.0,CONDO,CONDO,Church-Yonge Corridor,43.6631942,-79.3836379,1,1,1,550.0
575000.0,585000.0,575000.0,CONDO,CONDO,Yonge St Clair,43.6866509,-79.3995111,1,1,1,650.0
535000.0,550000.0,535000.0,CONDO,CONDO,Yonge-Eglinton,43.7079238,-79.40069810000001,1,1,1,550.0
590000.0,599000.0,590000.0,CONDO,CONDO,Waterfront Communities C8,43.65281359999999,-79.35544329999999,2,1,2,850.0
555000.0,549900.0,555000.0,CONDO,CONDO,Church Yonge Corridor,43.650055,-79.3749505,2,1,2,950.0
578000.0,589900.0,578000.0,CONDO,CONDO,High Park-Swansea,43.6360472,-79.4671475,1,1,2,750.0
578000.0,595999.0,578000.0,CONDO,CONDO,Waterfront Communities C8,43.65053270000001,-79.36852600000002,1,1,1,650.0
585000.0,599900.0,585000.0,CONDO,CONDO,Niagara,43.6398765,-79.4167372,1,1,2,650.0
560000.0,499000.0,560000.0,CONDO,CONDO,Bay Street Corridor,43.6505114,-79.3820778,1,1,1,650.0
543500.0,556000.0,543500.0,CONDO,CONDO,Niagara,43.6387841,-79.41201439999999,1,1,2,650.0
565000.0,599000.0,565000.0,CONDO,CONDO,North St. James Town,43.6679848,-79.3755762,1,1,1,650.0
509900.0,509900.0,509900.0,CONDO,CONDO,Junction Area,43.6668979,-79.4642771,1,0,1,550.0
575000.0,598000.0,575000.0,CONDO,CONDO,South Parkdale,43.6358618,-79.4671784,2,0,2,750.0
535000.0,549000.0,535000.0,CONDO,CONDO,Waterfront Communities The Island,43.6412475,-79.4001678,1,0,1,550.0
503000.0,499000.0,503000.0,CONDO,CONDO,Waterfront Communities C1,43.6406527,-79.3957762,1,1,1,650.0
550000.0,575000.0,550000.0,CONDO,CONDO,Waterfront Communities The Island,43.6480159,-79.3968889,1,0,1,650.0
530000.0,549000.0,530000.0,CONDO,CONDO,Bay Street Corridor,43.6620243,-79.3865463,1,0,1,650.0
599000.0,620000.0,599000.0,CONDO,CONDO,Annex,43.6698521,-79.39418049999999,1,1,1,550.0
550000.0,574900.0,550000.0,CONDO,CONDO,Waterfront Communities C1,43.641872,-79.3796564,1,0,1,550.0
600000.0,628000.0,600000.0,CONDO,CONDO,Church-Yonge Corridor,43.661635,-79.37673149999999,2,1,2,750.0
545000.0,529900.0,545000.0,CONDO,CONDO,Cliffcrest,43.7203781,-79.23745,3,0,3,1100.0
575000.0,595000.0,575000.0,CONDO,CONDO,Mount Pleasant West,43.7073389,-79.394278,1,1,1,650.0
600000.0,619000.0,600000.0,CONDO,CONDO,Waterfront Communities The Island,43.6412475,-79.4001678,1,1,1,650.0
515000.0,520000.0,515000.0,CONDO,CONDO,Waterfront Communities C1,43.6411905,-79.3829556,1,1,1,550.0
574900.0,574900.0,574900.0,CONDO,CONDO,Mount Pleasant West,43.708965,-79.392985,1,1,1,550.0
528000.0,535000.0,528000.0,CONDO,CONDO,South Riverdale,43.6638888,-79.3266817,1,0,1,550.0
552500.0,580000.0,552500.0,CONDO,CONDO,Waterfront Communities The Island,43.6429911,-79.37647369999999,1,0,1,550.0
577500.0,650000.0,577500.0,CONDO,CONDO,Waterfront Communities C8,43.6446015,-79.3677372,2,0,2,650.0
550000.0,569900.0,550000.0,CONDO,CONDO,Waterfront Communities The Island,43.6404948,-79.3808155,1,1,1,650.0
525000.0,529000.0,525000.0,CONDO,CONDO,Waterfront Communities The Island,43.6406527,-79.3957762,1,1,1,650.0
527000.0,534800.0,527000.0,CONDO,CONDO,North St James Town,43.6718748,-79.3723871,1,1,2,650.0
575000.0,589900.0,575000.0,CONDO,CONDO,Waterfront Communities C1,43.646985,-79.3916675,2,0,2,650.0
530000.0,549000.0,530000.0,CONDO,CONDO,Little Portugal,43.641523,-79.4240871,2,0,2,750.0
525000.0,569000.0,525000.0,CONDO,CONDO,Waterfront Communities C1,43.6417001,-79.3823197,1,1,1,550.0
579000.0,569000.0,579000.0,CONDO,CONDO,Mount Pleasant West,43.7072471,-79.3942776,1,1,2,650.0
537500.0,549000.0,537500.0,CONDO,CONDO,Annex,43.6726511,-79.388732,1,1,1,650.0
592000.0,488000.0,592000.0,CONDO,CONDO,Mount Pleasant West,43.7116204,-79.3955165,1,1,1,550.0
575000.0,630000.0,575000.0,CONDO,CONDO,Waterfront Communities C1,43.64128400000001,-79.3928926,1,0,1,550.0
590000.0,579000.0,590000.0,CONDO,CONDO,Waterfront Communities The Island,43.6428671,-79.3927744,1,1,1,650.0
507000.0,529000.0,507000.0,CONDO,CONDO,Yonge-Eglinton,43.7002631,-79.3965898,1,1,1,550.0
552000.0,565000.0,552000.0,CONDO,CONDO,Waterfront Communities The Island,43.6444922,-79.3908577,1,1,1,750.0
520000.0,545000.0,520000.0,CONDO,CONDO,Waterfront Communities C1,43.641379,-79.39215469999999,1,0,1,350.0
507000.0,510000.0,507000.0,CONDO,CONDO,Church Yonge Corridor,43.6515293,-79.375757,1,0,1,550.0
535000.0,398000.0,535000.0,CONDO,CONDO,Waterfront Communities C8,43.6449794,-79.363762,1,0,1,550.0
565000.0,529900.0,565000.0,CONDO,CONDO,L Amoreaux,43.7958074,-79.3251799,2,1,2,1500.0
510000.0,525000.0,510000.0,CONDO,CONDO,Moss Park,43.6574957,-79.3743712,2,0,1,550.0
540000.0,575000.0,540000.0,CONDO,CONDO,Moss Park,43.6544384,-79.3630252,2,0,2,650.0
570000.0,599999.0,570000.0,CONDO,CONDO,Niagara,43.6375103,-79.4005804,1,1,1,650.0
505000.0,509000.0,505000.0,CONDO,CONDO,South Parkdale,43.6360472,-79.4671475,1,1,2,650.0
555000.0,585000.0,555000.0,CONDO,CONDO,Mount Pleasant West,43.7056504,-79.3973799,1,0,1,650.0
530000.0,549000.0,530000.0,CONDO,CONDO,Regent Park,43.6601105,-79.3605898,1,1,1,650.0
550000.0,579000.0,550000.0,CONDO,CONDO,Junction Area,43.665169,-79.4623901,1,1,1,650.0
550000.0,599000.0,550000.0,CONDO,CONDO,Moss Park,43.65053270000001,-79.36852600000002,2,1,1,850.0
580000.0,599000.0,580000.0,CONDO,CONDO,Bay Street Corridor,43.6642638,-79.3855084,1,1,1,550.0
600000.0,639900.0,600000.0,CONDO,CONDO,Church Yonge Corridor,43.6611081,-79.3765785,2,1,2,1100.0
510000.0,535000.0,510000.0,CONDO,CONDO,Waterfront Communities The Island,43.6445412,-79.3764773,1,0,1,550.0
505000.0,525800.0,505000.0,CONDO,CONDO,South Riverdale,43.65780850000001,-79.351512,1,1,1,550.0
510000.0,537800.0,510000.0,CONDO,CONDO,Bay Street Corridor,43.6624074,-79.3858983,1,1,1,650.0
505000.0,499000.0,505000.0,CONDO,CONDO,Downsview Roding Cfb,43.7260965,-79.4796815,1,1,2,750.0
550000.0,595000.0,550000.0,CONDO,CONDO,Niagara,43.6418932,-79.4144587,1,1,1,750.0
570000.0,589990.0,570000.0,CONDO,CONDO,North St James Town,43.6671746,-79.3763191,1,1,1,650.0
530000.0,569900.0,530000.0,CONDO,CONDO,Waterfront Communities C1,43.6411905,-79.3829556,1,1,1,550.0
575000.0,699000.0,575000.0,CONDO,CONDO,Annex,43.6705682,-79.3906888,1,0,1,550.0
580000.0,559000.0,580000.0,CONDO,CONDO,Moss Park,43.6521176,-79.3714605,1,1,1,750.0
518000.0,539000.0,518000.0,CONDO,CONDO,Regent Park,43.6605932,-79.3593489,1,1,1,650.0
540000.0,579990.0,540000.0,CONDO,CONDO,Niagara,43.6371667,-79.404733,1,1,1,650.0
512000.0,515000.0,512000.0,CONDO,CONDO,Islington City Centre West,43.6438543,-79.5291731,1,1,1,750.0
515000.0,449000.0,515000.0,CONDO,CONDO,Mount Pleasant West,43.7101663,-79.3934897,1,1,2,650.0
530000.0,538000.0,530000.0,CONDO,CONDO,Mount Pleasant West,43.705293,-79.3972641,1,1,1,650.0
562500.0,579000.0,562500.0,CONDO,CONDO,Waterfront Communities The Island,43.6432587,-79.3764035,1,1,2,650.0
575000.0,599900.0,575000.0,CONDO,CONDO,Waterfront Communities C1,43.6375103,-79.4005804,1,1,1,650.0
556000.0,568800.0,556000.0,CONDO,CONDO,Waterfront Communities The Island,43.6430971,-79.3916393,1,1,1,650.0
570000.0,570000.0,570000.0,CONDO,CONDO,Casa Loma,43.6856818,-79.4047339,1,1,1,650.0
508380.0,518880.0,508380.0,CONDO,CONDO,Bay Street Corridor,43.6548441,-79.3846797,1,1,2,650.0
535000.0,547700.0,535000.0,CONDO,CONDO,Niagara,43.6383649,-79.4145613,1,1,1,650.0
518000.0,518500.0,518000.0,CONDO,CONDO,Bay Street Corridor,43.6548852,-79.38469309999999,1,1,2,650.0
550000.0,560000.0,550000.0,CONDO,CONDO,Parkwoods Donalda,43.7642862,-79.3441063,2,1,1,1100.0
578000.0,588000.0,578000.0,CONDO,CONDO,Waterfront Communities The Island,43.6383693,-79.3986981,1,1,1,650.0
508000.0,525000.0,508000.0,CONDO,CONDO,Moss Park,43.6522223,-79.3708763,1,1,1,550.0
538000.0,559000.0,538000.0,CONDO,CONDO,Niagara,43.639723,-79.409766,1,0,1,650.0
538000.0,565000.0,538000.0,CONDO,CONDO,Bay Street Corridor,43.6648469,-79.3861096,1,0,1,750.0
525000.0,549900.0,525000.0,CONDO,CONDO,Church Yonge Corridor,43.6700844,-79.3805554,1,1,1,650.0
526000.0,538000.0,526000.0,CONDO,CONDO,Agincourt South Malvern West,43.7785806,-79.2811718,2,1,2,850.0
600000.0,610000.0,600000.0,CONDO,CONDO,Mount Pleasant West,43.7052295,-79.3964318,2,0,2,1100.0
505000.0,469000.0,505000.0,CONDO,CONDO,Moss Park,43.652588,-79.3676913,1,1,1,650.0
600000.0,639900.0,600000.0,CONDO,CONDO,Annex,43.6709631,-79.4018934,2,0,2,950.0
595000.0,599000.0,595000.0,CONDO,CONDO,Waterfront Communities C1,43.6475103,-79.3927254,1,1,1,650.0
518000.0,538000.0,518000.0,CONDO,CONDO,Waterfront Communities C1,43.6402683,-79.3960141,1,1,1,550.0
540000.0,549000.0,540000.0,CONDO,CONDO,Trinity-Bellwoods,43.6492223,-79.4235719,1,0,1,650.0
590000.0,619000.0,590000.0,CONDO,CONDO,Niagara,43.6415894,-79.4157619,1,1,1,650.0
600000.0,639800.0,600000.0,CONDO,CONDO,Mount Pleasant West,43.7073389,-79.394278,1,1,1,550.0
535000.0,499900.0,535000.0,CONDO,CONDO,Niagara,43.64331960000001,-79.40470119999999,1,1,1,750.0
555000.0,588000.0,555000.0,CONDO,CONDO,Moss Park,43.652818,-79.3666347,1,1,1,650.0
540000.0,559000.0,540000.0,CONDO,CONDO,North St James Town,43.6707607,-79.3773018,1,1,1,650.0
555000.0,558000.0,555000.0,CONDO,CONDO,High Park North,43.6545082,-79.4631138,1,0,1,550.0
570000.0,528000.0,570000.0,CONDO,CONDO,Niagara,43.6372054,-79.4035754,1,1,1,650.0
587000.0,600000.0,587000.0,CONDO,CONDO,Cabbagetown South St James Town,43.6652923,-79.3763335,1,1,1,850.0
504000.0,549000.0,504000.0,CONDO,CONDO,Roncesvalles,43.6519444,-79.450175,1,0,1,550.0
567500.0,599900.0,567500.0,CONDO,CONDO,Church-Yonge Corridor,43.65501680000001,-79.3746312,1,1,1,550.0
545000.0,499900.0,545000.0,CONDO,CONDO,East End-Danforth,43.6867119,-79.3076241,2,0,2,650.0
505000.0,519000.0,505000.0,CONDO,CONDO,Mount Pleasant West,43.7073389,-79.394278,1,0,1,550.0
510000.0,575000.0,510000.0,CONDO,CONDO,Church-Yonge Corridor,43.6551052,-79.3762548,1,1,2,650.0
528000.0,539000.0,528000.0,CONDO,CONDO,Waterfront Communities C1,43.6410736,-79.4012987,2,0,2,650.0
565000.0,549000.0,565000.0,CONDO,CONDO,Greenwood-Coxwell,43.6645969,-79.3218774,1,0,1,650.0
580000.0,589000.0,580000.0,CONDO,CONDO,Mount Pleasant West,43.7107674,-79.3943498,1,0,1,650.0
590000.0,529000.0,590000.0,CONDO,CONDO,Lansing Westgate,43.7653441,-79.4126151,2,0,1,750.0
550000.0,599900.0,550000.0,CONDO,CONDO,Briar Hill Belgravia,43.7021881,-79.4408194,2,0,2,950.0
575000.0,519000.0,575000.0,CONDO,CONDO,Niagara,43.6373148,-79.4029448,1,1,1,650.0
520000.0,480000.0,520000.0,CONDO,CONDO,Regent Park,43.6609714,-79.3603967,1,1,1,650.0
580000.0,559000.0,580000.0,CONDO,CONDO,Birchcliffe Cliffside,43.6808441,-79.2826526,1,1,1,750.0
577000.0,499999.0,577000.0,CONDO,CONDO,Waterfront Communities C8,43.6448352,-79.37214639999999,1,1,1,650.0
565000.0,599900.0,565000.0,CONDO,CONDO,Mount Pleasant West,43.6980064,-79.38836,1,1,1,750.0
563000.0,579000.0,563000.0,CONDO,CONDO,South Riverdale,43.65846070000001,-79.3510086,2,0,1,650.0
515000.0,539000.0,515000.0,CONDO,CONDO,Annex,43.6725539,-79.389571,1,0,1,650.0
550000.0,589900.0,550000.0,CONDO,CONDO,Waterfront Communities C8,43.6500104,-79.3578275,1,1,1,650.0
595000.0,619000.0,595000.0,CONDO,CONDO,Oakwood Village,43.68078149999999,-79.4316101,1,1,1,650.0
550000.0,597000.0,550000.0,CONDO,CONDO,Waterfront Communities C1,43.6476771,-79.39335820000001,1,1,1,550.0
569000.0,590000.0,569000.0,CONDO,CONDO,Casa Loma,43.6850916,-79.40980210000001,2,0,1,650.0
538000.0,569000.0,538000.0,CONDO,CONDO,Yonge-Eglinton,43.7087651,-79.399575,2,0,1,650.0
525000.0,548000.0,525000.0,CONDO,CONDO,Waterfront Communities The Island,43.6456689,-79.3930607,1,0,1,350.0
520000.0,550000.0,520000.0,CONDO,CONDO,Church Yonge Corridor,43.6705792,-79.3805895,1,1,1,650.0
530000.0,545000.0,530000.0,CONDO,CONDO,Moss Park,43.6544384,-79.3630252,2,0,2,550.0
510000.0,569000.0,510000.0,CONDO,CONDO,Annex,43.6720081,-79.3879319,1,1,1,650.0
517000.0,524900.0,517000.0,CONDO,CONDO,Mount Pleasant West,43.7086965,-79.3967069,1,1,1,650.0
510000.0,498800.0,510000.0,CONDO,CONDO,Bay Street Corridor,43.6636845,-79.38347259999999,1,1,1,550.0
572000.0,599000.0,572000.0,CONDO,CONDO,Church-Yonge Corridor,43.6622339,-79.3792506,2,0,1,650.0
540000.0,575000.0,540000.0,CONDO,CONDO,Cabbagetown-South St. James Town,43.6667853,-79.3749198,2,0,1,650.0
578000.0,599000.0,578000.0,CONDO,CONDO,Bay Street Corridor,43.6636287,-79.3864511,1,0,1,550.0
525000.0,499000.0,525000.0,CONDO,CONDO,Palmerston Little Italy,43.6566249,-79.4083695,1,1,1,650.0
528000.0,535000.0,528000.0,CONDO,CONDO,Mount Pleasant West,43.7105383,-79.3932829,1,1,2,550.0
588000.0,610000.0,588000.0,CONDO,CONDO,Church-Yonge Corridor,43.6484128,-79.3764665,1,1,1,650.0
588000.0,609000.0,588000.0,CONDO,CONDO,Trinity-Bellwoods,43.6491887,-79.4235115,1,0,1,650.0
542600.0,549000.0,542600.0,CONDO,CONDO,Waterfront Communities C1,43.6435845,-79.3759544,1,1,1,550.0
535000.0,499000.0,535000.0,CONDO,CONDO,Waterfront Communities C1,43.6454752,-79.3923183,1,1,1,650.0
575000.0,598888.0,575000.0,CONDO,CONDO,Mount Pleasant West,43.7073389,-79.394278,1,1,1,650.0
545000.0,579000.0,545000.0,CONDO,CONDO,Bay Street Corridor,43.6592713,-79.3849163,1,1,1,750.0
525000.0,499000.0,525000.0,CONDO,CONDO,Church-Yonge Corridor,43.6557976,-79.3750325,2,0,2,650.0
600000.0,628888.0,600000.0,CONDO,CONDO,Mount Pleasant West,43.705293,-79.3972641,1,1,1,650.0
585000.0,599000.0,585000.0,CONDO,CONDO,Waterfront Communities The Island,43.6456689,-79.3930607,1,1,2,650.0
557500.0,569000.0,557500.0,CONDO,CONDO,Waterfront Communities The Island,43.6428502,-79.3917462,1,1,1,650.0
599900.0,599900.0,599900.0,CONDO,CONDO,Church-Yonge Corridor,43.6688688,-79.38351109999999,1,0,1,550.0
520000.0,529900.0,520000.0,CONDO,CONDO,Mount Pleasant West,43.6978398,-79.3871947,1,0,1,550.0
537500.0,555000.0,537500.0,CONDO,CONDO,Mount Pleasant West,43.705293,-79.3972641,1,0,1,550.0
565000.0,574999.0,565000.0,CONDO,CONDO,Regent Park,43.6611063,-79.3595908,2,0,2,650.0
512000.0,525000.0,512000.0,CONDO,CONDO,North St James Town,43.6671746,-79.3763191,1,0,1,550.0
570000.0,599000.0,570000.0,CONDO,CONDO,Church Yonge Corridor,43.6705684,-79.3814562,1,1,2,750.0
513000.0,517000.0,513000.0,CONDO,CONDO,Bay Street Corridor,43.6595018,-79.3847849,1,0,1,550.0
538000.0,539900.0,538000.0,CONDO,CONDO,North St James Town,43.6671746,-79.3763191,1,1,1,650.0
525000.0,532000.0,525000.0,CONDO,CONDO,Moss Park,43.6544384,-79.3630252,1,1,1,550.0
540000.0,559900.0,540000.0,CONDO,CONDO,Niagara,43.6383649,-79.4145613,1,1,1,650.0
512500.0,549000.0,512500.0,CONDO,CONDO,Bay Street Corridor,43.6659675,-79.3871076,1,1,1,750.0
545000.0,559000.0,545000.0,CONDO,CONDO,Yonge-Eglinton,43.7040059,-79.3998499,1,1,1,650.0
585900.0,589000.0,585900.0,CONDO,CONDO,Waterfront Communities C1,43.6456547,-79.39044779999999,2,0,2,650.0
509000.0,529000.0,509000.0,CONDO,CONDO,Waterfront Communities The Island,43.6466424,-79.3942627,1,0,1,550.0
538000.0,549000.0,538000.0,CONDO,CONDO,Waterfront Communities C1,43.6417088,-79.3793164,1,0,1,550.0
528000.0,525000.0,528000.0,CONDO,CONDO,Waterfront Communities The Island,43.645072,-79.390868,1,1,1,750.0
580000.0,599880.0,580000.0,CONDO,CONDO,Rosedale-Moore Park,43.6853296,-79.3925252,1,0,1,650.0
502000.0,510000.0,502000.0,CONDO,CONDO,West Humber Clairville,43.7248194,-79.6160451,2,0,1,850.0
528800.0,539900.0,528800.0,CONDO,CONDO,Waterfront Communities C8,43.6537014,-79.35529439999999,1,1,2,650.0
544000.0,579999.0,544000.0,CONDO,CONDO,Waterfront Communities The Island,43.6383693,-79.3986981,1,1,1,650.0
550000.0,599000.0,550000.0,CONDO,CONDO,Kensington-Chinatown,43.6518197,-79.3905377,1,1,1,550.0
510000.0,529000.0,510000.0,CONDO,CONDO,Mount Pleasant East,43.7002631,-79.3965898,1,1,1,550.0
537000.0,549900.0,537000.0,CONDO,CONDO,Westminster Branson,43.778008,-79.4527173,2,0,2,1500.0
501000.0,519900.0,501000.0,CONDO,CONDO,Waterfront Communities The Island,43.6393958,-79.3791778,2,1,1,350.0
591888.0,590888.0,591888.0,CONDO,CONDO,Junction Area,43.6668979,-79.4642771,2,1,1,750.0
516000.0,499900.0,516000.0,CONDO,CONDO,Moss Park,43.6499658,-79.3674492,1,1,2,650.0
600000.0,630000.0,600000.0,CONDO,CONDO,Church Yonge Corridor,43.6487382,-79.3801648,2,1,2,950.0
580000.0,499000.0,580000.0,CONDO,CONDO,Church-Yonge Corridor,43.6557976,-79.3750325,2,0,2,750.0
582000.0,588000.0,582000.0,CONDO,CONDO,Mount Pleasant West,43.7075225,-79.392402,1,1,1,550.0
590000.0,688000.0,590000.0,CONDO,CONDO,Bay Street Corridor,43.6570436,-79.3820394,2,0,1,550.0
525000.0,549900.0,525000.0,CONDO,CONDO,Niagara,43.6396436,-79.4151851,1,1,1,650.0
540000.0,550000.0,540000.0,CONDO,CONDO,Bay Street Corridor,43.6667966,-79.3886683,1,0,1,550.0
585000.0,589888.0,585000.0,CONDO,CONDO,Waterfront Communities The Island,43.6456503,-79.3964914,1,1,1,650.0
522990.0,524990.0,522990.0,CONDO,CONDO,Waterfront Communities C1,43.6466285,-79.4017026,1,0,1,550.0
577000.0,599000.0,577000.0,CONDO,CONDO,Waterfront Communities The Island,43.6494123,-79.37088,1,1,2,750.0
530000.0,548000.0,530000.0,CONDO,CONDO,Niagara,43.6396998,-79.40901559999999,1,1,1,650.0
590000.0,579880.0,590000.0,CONDO,CONDO,Waterfront Communities The Island,43.6459582,-79.3898731,1,1,1,550.0
535000.0,618000.0,535000.0,CONDO,CONDO,Waterfront Communities C8,43.6460886,-79.3762764,2,0,1,750.0
580000.0,599900.0,580000.0,CONDO,CONDO,Waterfront Communities The Island,43.6434094,-79.3923139,1,1,1,650.0
540000.0,559900.0,540000.0,CONDO,CONDO,Niagara,43.6409911,-79.4143265,1,1,1,550.0
525000.0,552600.0,525000.0,CONDO,CONDO,Waterfront Communities C1,43.6458064,-79.39205,1,1,1,650.0
595000.0,629000.0,595000.0,CONDO,CONDO,Regent Park,43.6601105,-79.3605898,2,0,2,750.0
600000.0,609900.0,600000.0,CONDO,CONDO,Church-Yonge Corridor,43.6561669,-79.3751316,2,0,2,650.0
525000.0,538000.0,525000.0,CONDO,CONDO,Mount Pleasant West,43.7060208,-79.3952793,1,1,2,650.0
584000.0,649000.0,584000.0,CONDO,CONDO,Waterfront Communities C8,43.6448352,-79.37214639999999,1,1,1,650.0
545000.0,600000.0,545000.0,CONDO,CONDO,Waterfront Communities C1,43.641872,-79.3796564,1,0,1,550.0
525000.0,535000.0,525000.0,CONDO,CONDO,Bay Street Corridor,43.665412,-79.3871187,1,0,1,650.0
565000.0,609000.0,565000.0,CONDO,CONDO,Niagara,43.6415894,-79.4157619,1,1,1,550.0
582888.0,594000.0,582888.0,CONDO,CONDO,Church-Yonge Corridor,43.6557672,-79.3763377,2,0,2,650.0
599990.0,599990.0,599990.0,CONDO,CONDO,Church-Yonge Corridor,43.6564615,-79.3767046,2,0,2,650.0
560000.0,560000.0,560000.0,CONDO,CONDO,Bay Street Corridor,43.6648412,-79.38516720000001,1,1,1,550.0
600000.0,599900.0,600000.0,CONDO,CONDO,Mount Pleasant West,43.7081974,-79.397159,1,1,2,650.0
570000.0,584999.0,570000.0,CONDO,CONDO,Waterfront Communities C1,43.6371837,-79.4018766,2,0,1,750.0
600000.0,620000.0,600000.0,CONDO,CONDO,Waterfront Communities C1,43.6476028,-79.39076,2,0,2,750.0
543800.0,518000.0,543800.0,CONDO,CONDO,North St James Town,43.6714676,-79.3716943,2,0,2,750.0
522000.0,545000.0,522000.0,CONDO,CONDO,Eringate Centennial West Deane,43.6561334,-79.5712675,2,1,1,1300.0
568000.0,598000.0,568000.0,CONDO,CONDO,Waterfront Communities C8,43.6502609,-79.36741839999999,2,0,2,650.0
542500.0,579900.0,542500.0,CONDO,CONDO,Waterfront Communities The Island,43.6420815,-79.3828097,1,1,1,650.0
590000.0,620000.0,590000.0,CONDO,CONDO,Mount Pleasant West,43.7036869,-79.3971647,1,1,1,550.0
560000.0,574900.0,560000.0,CONDO,CONDO,Waterfront Communities C8,43.6501177,-79.3579349,1,0,1,550.0
550000.0,559000.0,550000.0,CONDO,CONDO,Church Yonge Corridor,43.6705792,-79.3805895,1,1,1,650.0
575000.0,599000.0,575000.0,CONDO,CONDO,Kensington-Chinatown,43.6571925,-79.4014703,1,1,1,550.0
510000.0,549000.0,510000.0,CONDO,CONDO,Rosedale Moore Park,43.6746785,-79.3860744,1,1,1,950.0
540000.0,549000.0,540000.0,CONDO,CONDO,Mount Pleasant West,43.7075225,-79.392402,1,1,2,650.0
515088.0,399000.0,515088.0,CONDO,CONDO,South Riverdale,43.65780850000001,-79.351512,1,1,1,550.0
540000.0,549000.0,540000.0,CONDO,CONDO,Trinity Bellwoods,43.6556582,-79.4103878,1,1,1,650.0
585000.0,599888.0,585000.0,CONDO,CONDO,Bay Street Corridor,43.665786,-79.3855809,1,1,1,650.0
585000.0,628000.0,585000.0,CONDO,CONDO,East End-Danforth,43.6874621,-79.30186359999999,2,0,2,650.0
577000.0,589000.0,577000.0,CONDO,CONDO,Moss Park,43.6539455,-79.36392,2,1,1,650.0
585000.0,619000.0,585000.0,CONDO,CONDO,Mount Pleasant West,43.7065237,-79.3920212,1,1,1,650.0
505000.0,499000.0,505000.0,CONDO,CONDO,East End-Danforth,43.6878454,-79.3019439,1,0,1,550.0
593000.0,598000.0,593000.0,CONDO,CONDO,Waterfront Communities C1,43.649428,-79.388411,1,1,1,650.0
505000.0,548500.0,505000.0,CONDO,CONDO,Stonegate Queensway,43.626067,-79.4906182,1,1,1,750.0
530000.0,574900.0,530000.0,CONDO,CONDO,Waterfront Communities The Island,43.6411905,-79.3829556,1,1,1,550.0
553000.0,605000.0,553000.0,CONDO,CONDO,Waterfront Communities C8,43.6543316,-79.35407769999999,1,1,2,650.0
520000.0,539000.0,520000.0,CONDO,CONDO,Waterfront Communities C1,43.6469907,-79.3922487,1,1,1,650.0
503000.0,589000.0,503000.0,CONDO,CONDO,Bay Street Corridor,43.6620882,-79.3856802,1,1,1,650.0
590000.0,599900.0,590000.0,CONDO,CONDO,Waterfront Communities C1,43.648321,-79.3928867,1,1,1,550.0
525000.0,550000.0,525000.0,CONDO,CONDO,Regent Park,43.6611063,-79.3595908,1,1,1,550.0
510000.0,519990.0,510000.0,CONDO,CONDO,Waterfront Communities The Island,43.6397205,-79.384172,1,0,1,550.0
520000.0,534900.0,520000.0,CONDO,CONDO,Waterfront Communities C1,43.63951429999999,-79.3938695,1,1,1,650.0
570000.0,579900.0,570000.0,CONDO,CONDO,Moss Park,43.6510089,-79.3679305,1,1,1,750.0
558000.0,568880.0,558000.0,CONDO,CONDO,Niagara,43.6395782,-79.4113325,2,0,1,650.0
600000.0,610000.0,600000.0,CONDO,CONDO,Niagara,43.6412424,-79.414406,1,1,1,650.0
510000.0,520000.0,510000.0,CONDO,CONDO,Waterfront Communities The Island,43.6415332,-79.3826529,1,0,1,550.0
600000.0,569900.0,600000.0,CONDO,CONDO,Church-Yonge Corridor,43.649504,-79.3744937,1,0,1,650.0
569200.0,590000.0,569200.0,CONDO,CONDO,Waterfront Communities The Island,43.6398182,-79.3836155,1,0,1,550.0
580000.0,595000.0,580000.0,CONDO,CONDO,Waterfront Communities The Island,43.6430829,-79.4018327,1,0,1,650.0
515000.0,529000.0,515000.0,CONDO,CONDO,North St James Town,43.6722218,-79.37735959999999,1,1,1,550.0
600000.0,629900.0,600000.0,CONDO,CONDO,Waterfront Communities C8,43.6496507,-79.3675025,2,0,2,750.0
540000.0,599000.0,540000.0,CONDO,CONDO,Mount Pleasant West,43.6974804,-79.388455,2,0,1,750.0
510000.0,549000.0,510000.0,CONDO,CONDO,Waterfront Communities C1,43.6476028,-79.39076,1,0,1,550.0
525000.0,558000.0,525000.0,CONDO,CONDO,Little Portugal,43.641523,-79.4240871,1,1,1,650.0
575000.0,599900.0,575000.0,CONDO,CONDO,Church Yonge Corridor,43.6647658,-79.3840887,2,0,2,850.0
580000.0,598000.0,580000.0,CONDO,CONDO,North St James Town,43.6717167,-79.3716472,1,1,1,550.0
525000.0,549000.0,525000.0,CONDO,CONDO,Waterfront Communities C1,43.6463498,-79.3936293,1,0,1,350.0
525000.0,536000.0,525000.0,CONDO,CONDO,Little Portugal,43.6423906,-79.4247385,2,0,1,650.0
563000.0,499999.0,563000.0,CONDO,CONDO,Little Portugal,43.6430625,-79.4281337,2,0,1,650.0
600000.0,550000.0,600000.0,CONDO,CONDO,Waterfront Communities The Island,43.6420815,-79.3828097,1,1,1,650.0
589000.0,599000.0,589000.0,CONDO,CONDO,Niagara,43.6357104,-79.3988424,1,2,1,750.0
523000.0,549900.0,523000.0,CONDO,CONDO,Waterfront Communities C1,43.6457753,-79.3925057,1,0,1,550.0
540000.0,579000.0,540000.0,CONDO,CONDO,Annex,43.6720081,-79.3879319,1,0,1,550.0
535000.0,499900.0,535000.0,CONDO,CONDO,Clairlea Birchmount,43.7145503,-79.281557,2,0,2,750.0
600000.0,628000.0,600000.0,CONDO,CONDO,The Beaches,43.6784907,-79.2988979,2,0,2,750.0
535000.0,535000.0,535000.0,CONDO,CONDO,Niagara,43.6396436,-79.4151851,1,1,1,550.0
540000.0,548000.0,540000.0,CONDO,CONDO,Stonegate Queensway,43.6245754,-79.5116023,1,0,1,550.0
509500.0,524900.0,509500.0,CONDO,CONDO,Waterfront Communities The Island,43.6397205,-79.384172,1,0,1,550.0
530000.0,539900.0,530000.0,CONDO,CONDO,Waterfront Communities C8,43.655305,-79.3537502,1,0,1,550.0
509000.0,529000.0,509000.0,CONDO,CONDO,Mount Pleasant East,43.7100927,-79.3831586,1,1,1,550.0
585000.0,619900.0,585000.0,CONDO,CONDO,Roncesvalles,43.6503421,-79.4444185,1,0,1,550.0
595000.0,608900.0,595000.0,CONDO,CONDO,Bay Street Corridor,43.6620243,-79.3865463,1,1,1,650.0
550000.0,555000.0,550000.0,CONDO,CONDO,Niagara,43.6371962,-79.4006886,1,1,1,550.0
523000.0,559000.0,523000.0,CONDO,CONDO,Waterfront Communities C1,43.6387206,-79.3994587,1,1,1,650.0
580000.0,624900.0,580000.0,CONDO,CONDO,South Parkdale,43.6358618,-79.4671784,1,1,2,750.0
532000.0,549900.0,532000.0,CONDO,CONDO,Annex,43.6723158,-79.3888155,1,1,1,650.0
521500.0,598800.0,521500.0,CONDO,CONDO,Niagara,43.6398765,-79.4167372,1,1,1,550.0
538000.0,549900.0,538000.0,CONDO,CONDO,Bay Street Corridor,43.6636287,-79.3864511,1,0,1,550.0
550000.0,599000.0,550000.0,CONDO,CONDO,Waterfront Communities C8,43.6502072,-79.3666482,2,0,2,650.0
550000.0,555000.0,550000.0,CONDO,CONDO,Waterfront Communities C1,43.648321,-79.3928867,1,1,1,550.0
540000.0,608800.0,540000.0,CONDO,CONDO,Niagara,43.6387841,-79.41201439999999,1,1,2,650.0
538000.0,579900.0,538000.0,CONDO,CONDO,Mount Pleasant West,43.7075225,-79.392402,1,1,2,650.0
522000.0,539000.0,522000.0,CONDO,CONDO,North St James Town,43.6714676,-79.3716943,1,1,2,650.0
580000.0,595000.0,580000.0,CONDO,CONDO,Niagara,43.6384589,-79.4140635,1,1,1,650.0
510000.0,529000.0,510000.0,CONDO,CONDO,Niagara,43.6386152,-79.4127418,1,0,1,650.0
550000.0,565000.0,550000.0,CONDO,CONDO,Niagara,43.6383649,-79.4145613,1,1,1,650.0
560000.0,579000.0,560000.0,CONDO,CONDO,Church-Yonge Corridor,43.6705792,-79.3805895,1,1,1,650.0
525000.0,539000.0,525000.0,CONDO,CONDO,Waterfront Communities The Island,43.6404408,-79.3971889,1,0,1,550.0
522000.0,525000.0,522000.0,CONDO,CONDO,Bay Street Corridor,43.6488273,-79.3780964,2,0,1,350.0
525000.0,560000.0,525000.0,CONDO,CONDO,Moss Park,43.6454587,-79.3845522,1,0,1,350.0
505000.0,519900.0,505000.0,CONDO,CONDO,South Riverdale,43.6584655,-79.3527106,1,0,1,550.0
570000.0,575000.0,570000.0,CONDO,CONDO,High Park North,43.6536498,-79.4679454,1,0,1,550.0
655000.0,675000.0,655000.0,CONDO,CONDO,Little Portugal,43.6430625,-79.4281337,2,0,1,650.0
643000.0,699000.0,643000.0,CONDO,CONDO,Church-Yonge Corridor,43.6700845,-79.3864005,1,1,1,650.0
695000.0,699999.0,695000.0,CONDO,CONDO,Little Portugal,43.6430625,-79.4281337,2,0,2,650.0
615000.0,629000.0,615000.0,CONDO,CONDO,South Riverdale,43.6601382,-79.3424223,1,0,1,650.0
680000.0,699999.0,680000.0,CONDO,CONDO,Waterfront Communities C1,43.6475103,-79.3927254,2,0,2,750.0
615000.0,649000.0,615000.0,CONDO,CONDO,Little Portugal,43.641523,-79.4240871,2,0,2,750.0
642000.0,680000.0,642000.0,CONDO,CONDO,Waterfront Communities C8,43.6502072,-79.3666482,2,0,2,750.0
690700.0,759000.0,690700.0,CONDO,CONDO,Waterfront Communities C1,43.6476771,-79.39335820000001,2,0,2,750.0
620000.0,660000.0,620000.0,CONDO,CONDO,South Riverdale,43.6623657,-79.3413343,1,0,1,550.0
640000.0,680000.0,640000.0,CONDO,CONDO,Niagara,43.6396436,-79.4151851,2,0,2,750.0
640000.0,659000.0,640000.0,CONDO,CONDO,Mount Pleasant West,43.704232,-79.3973465,2,0,2,750.0
680500.0,699000.0,680500.0,CONDO,CONDO,Junction Area,43.6703996,-79.47805269999999,2,0,2,950.0
680000.0,710000.0,680000.0,CONDO,CONDO,Niagara,43.63993980000001,-79.415865,1,1,1,750.0
615000.0,639000.0,615000.0,CONDO,CONDO,Mount Pleasant West,43.7002631,-79.3965898,1,1,2,650.0
625000.0,639000.0,625000.0,CONDO,CONDO,Waterfront Communities C1,43.6459582,-79.3898731,1,1,1,650.0
620000.0,649999.0,620000.0,CONDO,CONDO,Englemount Lawrence,43.7211033,-79.4320603,2,0,2,950.0
650000.0,650000.0,650000.0,CONDO,CONDO,Niagara,43.6441326,-79.403265,2,0,2,850.0
645000.0,659000.0,645000.0,CONDO,CONDO,Dovercourt-Wallace Emerson-Junction,43.6633203,-79.4264764,1,0,1,650.0
605000.0,629000.0,605000.0,CONDO,CONDO,Moss Park,43.6565512,-79.3574839,1,0,1,650.0
660000.0,689000.0,660000.0,CONDO,CONDO,The Beaches,43.6642589,-79.3094767,1,0,1,550.0
627000.0,688000.0,627000.0,CONDO,CONDO,Kensington-Chinatown,43.6585742,-79.3953228,1,1,1,550.0
670000.0,699000.0,670000.0,CONDO,CONDO,Church Yonge Corridor,43.650055,-79.3749505,2,1,2,950.0
640000.0,695000.0,640000.0,CONDO,CONDO,Waterfront Communities The Island,43.6439014,-79.3994795,1,0,1,850.0
605000.0,625000.0,605000.0,CONDO,CONDO,Waterfront Communities C1,43.6429141,-79.3806469,1,1,1,650.0
605000.0,629900.0,605000.0,CONDO,CONDO,Waterfront Communities The Island,43.6468329,-79.3752164,1,0,1,650.0
695000.0,699000.0,695000.0,CONDO,CONDO,Niagara,43.6412424,-79.414406,2,0,2,850.0
635000.0,579000.0,635000.0,CONDO,CONDO,Westminster Branson,43.7803283,-79.4481677,3,0,2,1300.0
690000.0,699900.0,690000.0,CONDO,CONDO,Regent Park,43.6590965,-79.3629015,2,0,2,750.0
611000.0,589000.0,611000.0,CONDO,CONDO,Lansing Westgate,43.7603324,-79.4116522,2,1,2,950.0
640000.0,650000.0,640000.0,CONDO,CONDO,Waterfront Communities C8,43.6461099,-79.3762378,1,1,2,750.0
690000.0,728800.0,690000.0,CONDO,CONDO,Moss Park,43.6558379,-79.3574385,1,1,1,750.0
699000.0,699000.0,699000.0,CONDO,CONDO,Mount Pleasant West,43.703692,-79.39675299999999,2,0,2,850.0
605000.0,629000.0,605000.0,CONDO,CONDO,Rockcliffe Smythe,43.6756399,-79.5081844,3,0,2,1100.0
680000.0,699000.0,680000.0,CONDO,CONDO,High Park North,43.7639326,-79.4069236,2,1,2,1300.0
695000.0,725000.0,695000.0,CONDO,CONDO,Waterfront Communities The Island,43.6457578,-79.3946255,1,1,2,750.0
657000.0,699000.0,657000.0,CONDO,CONDO,University,43.6550449,-79.3890229,1,1,1,650.0
685000.0,749900.0,685000.0,CONDO,CONDO,Church Yonge Corridor,43.6686162,-79.3843472,2,0,1,850.0
695000.0,699000.0,695000.0,CONDO,CONDO,Little Portugal,43.6430625,-79.4281337,2,0,2,750.0
650000.0,599000.0,650000.0,CONDO,CONDO,Moss Park,43.65053270000001,-79.36852600000002,2,0,1,750.0
650000.0,695000.0,650000.0,CONDO,CONDO,Mount Pleasant West,43.7060573,-79.3977655,2,0,2,750.0
690000.0,699000.0,690000.0,CONDO,CONDO,Waterfront Communities The Island,43.6457578,-79.3946255,2,0,2,750.0
640000.0,629000.0,640000.0,CONDO,CONDO,South Riverdale,43.6638595,-79.3409635,1,0,1,850.0
680000.0,719000.0,680000.0,CONDO,CONDO,Little Portugal,43.641523,-79.4240871,2,0,2,850.0
698500.0,700000.0,698500.0,CONDO,CONDO,Waterfront Communities The Island,43.646841,-79.390268,1,1,1,750.0
673000.0,680000.0,673000.0,CONDO,CONDO,Niagara,43.6366747,-79.40647,2,0,3,950.0
630000.0,660000.0,630000.0,CONDO,CONDO,Waterfront Communities C1,43.6448465,-79.4022849,1,1,2,750.0
675000.0,700000.0,675000.0,CONDO,CONDO,Waterfront Communities C1,43.6415332,-79.3826529,2,0,2,950.0
620000.0,629000.0,620000.0,CONDO,CONDO,Kensington Chinatown,43.6501593,-79.3926005,1,1,2,750.0
610000.0,650000.0,610000.0,CONDO,CONDO,South Parkdale,43.6404251,-79.4246524,2,0,2,850.0
635000.0,649000.0,635000.0,CONDO,CONDO,Banbury Don Mills,43.737573,-79.3463132,2,0,2,850.0
699000.0,699000.0,699000.0,CONDO,CONDO,Niagara,43.6382738,-79.415117,2,0,2,750.0
691500.0,705000.0,691500.0,CONDO,CONDO,Regent Park,43.6610187,-79.3635907,2,1,2,950.0
625000.0,629000.0,625000.0,CONDO,CONDO,Bay Street Corridor,43.6548441,-79.3846797,2,0,2,750.0
608000.0,639000.0,608000.0,CONDO,CONDO,Waterfront Communities C1,43.6384307,-79.39826529999999,1,1,1,750.0
700000.0,725000.0,700000.0,CONDO,CONDO,Blake-Jones,43.6811252,-79.3324348,2,0,2,750.0
605000.0,625000.0,605000.0,CONDO,CONDO,Waterfront Communities C1,43.6476915,-79.3933074,1,1,2,650.0
601800.0,659000.0,601800.0,CONDO,CONDO,Casa Loma,43.6852887,-79.4097884,2,0,2,650.0
678800.0,690000.0,678800.0,CONDO,CONDO,Regent Park,43.6614865,-79.3584054,2,0,2,750.0
629900.0,629900.0,629900.0,CONDO,CONDO,Church-Yonge Corridor,43.6688688,-79.38351109999999,1,0,1,550.0
680000.0,749900.0,680000.0,CONDO,CONDO,Annex,43.6702658,-79.3943539,2,0,2,750.0
700000.0,689000.0,700000.0,CONDO,CONDO,Mount Pleasant West,43.7107674,-79.3943498,3,0,2,950.0
620000.0,599000.0,620000.0,CONDO,CONDO,Waterfront Communities C1,43.64798769999999,-79.39183899999999,2,0,1,650.0
635000.0,649900.0,635000.0,CONDO,CONDO,Moss Park,43.6540434,-79.3639312,2,0,2,750.0
625000.0,649000.0,625000.0,CONDO,CONDO,Waterfront Communities C8,43.65281359999999,-79.35544329999999,2,1,2,650.0
639000.0,679990.0,639000.0,CONDO,CONDO,Waterfront Communities The Island,43.6416066,-79.3719866,1,0,1,550.0
700000.0,729000.0,700000.0,CONDO,CONDO,The Beaches,43.668862,-79.304919,2,0,2,850.0
695000.0,719000.0,695000.0,CONDO,CONDO,Mount Pleasant West,43.6959683,-79.3957747,1,1,1,750.0
678000.0,698000.0,678000.0,CONDO,CONDO,Waterfront Communities C1,43.6393446,-79.3929716,1,1,1,650.0
668400.0,719000.0,668400.0,CONDO,CONDO,Church Yonge Corridor,43.6611024,-79.3819277,2,0,2,850.0
665000.0,665000.0,665000.0,CONDO,CONDO,Niagara,43.6432744,-79.404727,2,0,2,950.0
640000.0,670000.0,640000.0,CONDO,CONDO,Kensington-Chinatown,43.6518042,-79.3906707,2,0,1,650.0
615000.0,648000.0,615000.0,CONDO,CONDO,Moss Park,43.6525884,-79.3637912,1,1,1,750.0
615000.0,624000.0,615000.0,CONDO,CONDO,Forest Hill South,43.7020783,-79.4191322,2,0,2,1100.0
675000.0,689900.0,675000.0,CONDO,CONDO,Mount Pleasant West,43.7116204,-79.3955165,2,0,2,750.0
605000.0,619000.0,605000.0,CONDO,CONDO,South Riverdale,43.6623402,-79.3410964,1,0,1,650.0
645000.0,665000.0,645000.0,CONDO,CONDO,Church Yonge Corridor,43.6700844,-79.3805554,1,1,1,750.0
605000.0,625000.0,605000.0,CONDO,CONDO,South Riverdale,43.6601382,-79.3424223,1,1,1,650.0
625000.0,649000.0,625000.0,CONDO,CONDO,Niagara,43.6387841,-79.41201439999999,2,0,2,750.0
625000.0,648800.0,625000.0,CONDO,CONDO,Waterfront Communities C8,43.6551874,-79.3548449,1,0,1,650.0
620000.0,649000.0,620000.0,CONDO,CONDO,Church-Yonge Corridor,43.6705792,-79.3805895,2,0,1,750.0
611300.0,619000.0,611300.0,CONDO,CONDO,Niagara,43.6357104,-79.3988424,1,2,1,750.0
640000.0,670000.0,640000.0,CONDO,CONDO,Annex,43.6717424,-79.3878028,1,1,2,550.0
627000.0,698000.0,627000.0,CONDO,CONDO,Casa Loma,43.6856818,-79.4047339,1,1,1,650.0
692000.0,788000.0,692000.0,CONDO,CONDO,Bay Street Corridor,43.6676702,-79.3864205,2,0,2,750.0
695000.0,699000.0,695000.0,CONDO,CONDO,High Park North,43.6543545,-79.4632051,1,1,2,650.0
635000.0,639900.0,635000.0,CONDO,CONDO,Yonge-Eglinton,43.700445,-79.397789,2,0,2,750.0
634000.0,649900.0,634000.0,CONDO,CONDO,Annex,43.6712816,-79.3878259,1,1,1,550.0
687500.0,709000.0,687500.0,CONDO,CONDO,Mount Pleasant West,43.7057158,-79.393101,2,0,2,750.0
625000.0,675000.0,625000.0,CONDO,CONDO,Waterfront Communities The Island,43.6411464,-79.3830668,2,0,1,650.0
630000.0,650000.0,630000.0,CONDO,CONDO,Niagara,43.6386152,-79.4127418,2,0,2,850.0
680888.0,700000.0,680888.0,CONDO,CONDO,Moss Park,43.6521176,-79.3714605,1,1,1,850.0
625000.0,649900.0,625000.0,CONDO,CONDO,Rosedale-Moore Park,43.6729857,-79.3870289,1,1,1,850.0
645000.0,669880.0,645000.0,CONDO,CONDO,Roncesvalles,43.6503421,-79.4444185,1,1,1,650.0
670000.0,599000.0,670000.0,CONDO,CONDO,Yonge Eglinton,43.700445,-79.397789,2,0,2,850.0
690000.0,699900.0,690000.0,CONDO,CONDO,Regent Park,43.6610068,-79.3603549,2,0,2,850.0
618000.0,650000.0,618000.0,CONDO,CONDO,Moss Park,43.6525884,-79.3637912,1,0,1,750.0
615000.0,629900.0,615000.0,CONDO,CONDO,Mount Pleasant West,43.7056504,-79.3973799,1,1,1,750.0
652000.0,675000.0,652000.0,CONDO,CONDO,Yonge-Eglinton,43.7043834,-79.4067665,2,0,1,850.0
625000.0,638000.0,625000.0,CONDO,CONDO,Niagara,43.6384589,-79.4140635,1,0,1,750.0
620000.0,649900.0,620000.0,CONDO,CONDO,Waterfront Communities C8,43.6449794,-79.363762,1,0,1,550.0
628000.0,648000.0,628000.0,CONDO,CONDO,Waterfront Communities The Island,43.6403228,-79.3917567,1,1,1,650.0
674000.0,669000.0,674000.0,CONDO,CONDO,Mount Pleasant West,43.7052295,-79.3964318,2,1,2,1100.0
700000.0,729000.0,700000.0,CONDO,CONDO,Waterfront Communities The Island,43.6420815,-79.3828097,2,0,2,850.0
680000.0,699000.0,680000.0,CONDO,CONDO,North St James Town,43.6718748,-79.3723871,2,0,2,750.0
671000.0,679800.0,671000.0,CONDO,CONDO,Waterfront Communities The Island,43.6368129,-79.3975163,1,1,1,750.0
615000.0,638000.0,615000.0,CONDO,CONDO,Bay Street Corridor,43.6659675,-79.3871076,1,1,1,750.0
658000.0,698000.0,658000.0,CONDO,CONDO,Niagara,43.6372054,-79.4035754,2,1,2,850.0
630000.0,649900.0,630000.0,CONDO,CONDO,Bay Street Corridor,43.6592713,-79.3849163,1,2,1,850.0
680990.0,680990.0,680990.0,CONDO,CONDO,Annex,43.6712816,-79.3878259,1,1,1,550.0
699900.0,699900.0,699900.0,CONDO,CONDO,Little Portugal,43.6423402,-79.4259346,2,0,1,750.0
625000.0,649000.0,625000.0,CONDO,CONDO,Waterfront Communities C8,43.65281359999999,-79.35544329999999,2,1,2,750.0
625000.0,648000.0,625000.0,CONDO,CONDO,University,43.6645164,-79.4105865,1,1,1,650.0
630000.0,579000.0,630000.0,CONDO,CONDO,Bay Street Corridor,43.6595018,-79.3847849,1,1,2,750.0
605000.0,639900.0,605000.0,CONDO,CONDO,Waterfront Communities The Island,43.6429451,-79.3805034,1,1,1,650.0
620000.0,649000.0,620000.0,CONDO,CONDO,Waterfront Communities C1,43.641429,-79.3922187,1,1,2,750.0
610000.0,619900.0,610000.0,CONDO,CONDO,Kensington-Chinatown,43.6518042,-79.3906707,1,1,2,650.0
668500.0,679900.0,668500.0,CONDO,CONDO,Birchcliffe Cliffside,43.6743273,-79.2808373,2,0,1,850.0
650000.0,669900.0,650000.0,CONDO,CONDO,Waterfront Communities C1,43.6417001,-79.3823197,2,0,1,650.0
650000.0,679000.0,650000.0,CONDO,CONDO,Waterfront Communities C1,43.6409222,-79.39398299999999,2,0,2,750.0
693000.0,715000.0,693000.0,CONDO,CONDO,Yonge-St. Clair,43.6866172,-79.40068000000001,2,0,1,750.0
652000.0,674000.0,652000.0,CONDO,CONDO,Annex,43.6708266,-79.4058999,2,0,1,850.0
665000.0,679888.0,665000.0,CONDO,CONDO,Trinity-Bellwoods,43.6432244,-79.4223999,1,1,1,750.0
608000.0,628000.0,608000.0,CONDO,CONDO,Waterfront Communities C1,43.6476915,-79.3933074,1,1,2,650.0
620000.0,588000.0,620000.0,CONDO,CONDO,Waterfront Communities C1,43.6476915,-79.3933074,1,1,2,650.0
621200.0,588000.0,621200.0,CONDO,CONDO,Bay Street Corridor,43.6648469,-79.3861096,2,1,2,950.0
700000.0,699999.0,700000.0,CONDO,CONDO,Waterfront Communities The Island,43.6381358,-79.39147,1,1,1,850.0
625000.0,654900.0,625000.0,CONDO,CONDO,Mount Pleasant West,43.7107674,-79.3943498,1,0,1,650.0
630000.0,638000.0,630000.0,CONDO,CONDO,Mount Pleasant West,43.7056504,-79.3973799,1,1,1,650.0
615000.0,625000.0,615000.0,CONDO,CONDO,Church-Yonge Corridor,43.6697471,-79.385887,1,1,1,650.0
655500.0,695000.0,655500.0,CONDO,CONDO,Casa Loma,43.67711389999999,-79.40591739999999,1,1,1,750.0
680000.0,499000.0,680000.0,CONDO,CONDO,Waterfront Communities C1,43.641872,-79.3796564,1,1,1,650.0
658000.0,668000.0,658000.0,CONDO,CONDO,South Riverdale,43.6626024,-79.3396401,1,0,1,650.0
665000.0,680000.0,665000.0,CONDO,CONDO,Roncesvalles,43.6523661,-79.4501217,2,0,1,850.0
675000.0,699999.0,675000.0,CONDO,CONDO,Bay Street Corridor,43.6570436,-79.3820394,2,1,2,650.0
625000.0,649999.0,625000.0,CONDO,CONDO,High Park-Swansea,43.63625529999999,-79.47087189999999,2,0,2,850.0
668000.0,689990.0,668000.0,CONDO,CONDO,Waterfront Communities C1,43.6457753,-79.3925057,2,0,2,950.0
643000.0,699000.0,643000.0,CONDO,CONDO,Rosedale-Moore Park,43.6729857,-79.3870289,1,1,1,650.0
612000.0,699000.0,612000.0,CONDO,CONDO,Lawrence Park North,43.72661,-79.4029839,2,0,2,1100.0
640000.0,645000.0,640000.0,CONDO,CONDO,Roncesvalles,43.6519444,-79.450175,1,1,1,650.0
685000.0,699990.0,685000.0,CONDO,CONDO,Moss Park,43.6544384,-79.3630252,3,1,2,950.0
700000.0,712500.0,700000.0,CONDO,CONDO,High Park North,43.7639326,-79.4069236,2,0,2,1300.0
625000.0,629000.0,625000.0,CONDO,CONDO,Bay Street Corridor,43.6642638,-79.3855084,1,1,1,550.0
631000.0,499000.0,631000.0,CONDO,CONDO,Kensington-Chinatown,43.6533209,-79.38873889999999,2,0,2,650.0
685000.0,749000.0,685000.0,CONDO,CONDO,Waterfront Communities The Island,43.6440617,-79.3894386,1,1,1,650.0
625000.0,629000.0,625000.0,CONDO,CONDO,Kensington Chinatown,43.6501593,-79.3926005,1,1,1,750.0
633888.0,678000.0,633888.0,CONDO,CONDO,Waterfront Communities C1,43.6476803,-79.3969205,2,0,2,750.0
620000.0,639000.0,620000.0,CONDO,CONDO,Waterfront Communities The Island,43.646841,-79.390268,1,1,1,650.0
698800.0,698800.0,698800.0,CONDO,CONDO,High Park Swansea,43.6481789,-79.4874357,1,1,1,650.0
662000.0,678000.0,662000.0,CONDO,CONDO,Cabbagetown South St James Town,43.6649311,-79.3768619,2,0,2,850.0
675000.0,684900.0,675000.0,CONDO,CONDO,Waterfront Communities The Island,43.640149,-79.3924625,2,1,2,850.0
630000.0,675000.0,630000.0,CONDO,CONDO,Mount Pleasant West,43.70875969999999,-79.3937828,2,0,2,650.0
660000.0,599000.0,660000.0,CONDO,CONDO,Bay Street Corridor,43.66184,-79.3841317,2,0,2,750.0
610000.0,618000.0,610000.0,CONDO,CONDO,Mount Pleasant West,43.6972775,-79.3896236,1,1,1,650.0
670000.0,779000.0,670000.0,CONDO,CONDO,Waterfront Communities C1,43.6425442,-79.3814615,1,1,1,650.0
650000.0,669999.0,650000.0,CONDO,CONDO,Moss Park,43.6500434,-79.3675082,2,0,2,750.0
660000.0,698000.0,660000.0,CONDO,CONDO,Mount Pleasant West,43.7060208,-79.3952793,2,0,2,750.0
663000.0,649900.0,663000.0,CONDO,CONDO,Waterfront Communities C1,43.6409222,-79.3939829,2,0,2,750.0
643500.0,665900.0,643500.0,CONDO,CONDO,Waterfront Communities C1,43.6448465,-79.4022849,1,1,2,650.0
617500.0,639900.0,617500.0,CONDO,CONDO,Waterfront Communities C8,43.6449599,-79.3643305,1,1,1,650.0
700000.0,750000.0,700000.0,CONDO,CONDO,Annex,43.6748768,-79.3996322,2,0,2,750.0
692000.0,695000.0,692000.0,CONDO,CONDO,North St James Town,43.6718748,-79.3723871,2,0,2,850.0
610000.0,625000.0,610000.0,CONDO,CONDO,Cabbagetown South St James Town,43.6673247,-79.3727384,2,0,2,950.0
628000.0,599000.0,628000.0,CONDO,CONDO,Waterfront Communities The Island,43.6434094,-79.3923139,2,0,2,750.0
610000.0,645000.0,610000.0,CONDO,CONDO,Church Yonge Corridor,43.6687952,-79.3839693,1,1,1,750.0
685000.0,699000.0,685000.0,CONDO,CONDO,Yonge-Eglinton,43.700445,-79.397789,2,0,2,650.0
680000.0,715000.0,680000.0,CONDO,CONDO,Yonge St Clair,43.6892416,-79.3952485,1,0,1,650.0
699000.0,739900.0,699000.0,CONDO,CONDO,Waterfront Communities The Island,43.6438059,-79.3916717,2,0,2,850.0
685000.0,699999.0,685000.0,CONDO,CONDO,Niagara,43.6384589,-79.4140635,2,0,2,750.0
675000.0,699999.0,675000.0,CONDO,CONDO,Bay Street Corridor,43.6505301,-79.3821482,2,1,2,750.0
650000.0,650000.0,650000.0,CONDO,CONDO,Annex,43.6708266,-79.4058999,2,0,1,850.0
660000.0,599900.0,660000.0,CONDO,CONDO,Mount Pleasant West,43.7105383,-79.3932829,2,0,2,650.0
625000.0,645000.0,625000.0,CONDO,CONDO,Waterfront Communities C8,43.6460855,-79.3648886,1,1,1,650.0
650000.0,684000.0,650000.0,CONDO,CONDO,Niagara,43.6409944,-79.4162623,1,1,2,750.0
685000.0,735000.0,685000.0,CONDO,CONDO,The Beaches,43.6709818,-79.2941485,2,0,1,750.0
630000.0,639000.0,630000.0,CONDO,CONDO,Waterfront Communities The Island,43.6421741,-79.4015782,1,1,1,650.0
620000.0,638000.0,620000.0,CONDO,CONDO,South Riverdale,43.6580403,-79.3512409,2,0,2,650.0
697500.0,699999.0,697500.0,CONDO,CONDO,High Park North,43.6543545,-79.4632051,1,1,2,650.0
680000.0,689900.0,680000.0,CONDO,CONDO,The Beaches,43.66765,-79.3038,1,1,1,650.0
630000.0,649000.0,630000.0,CONDO,CONDO,Niagara,43.6409911,-79.4143265,1,1,1,650.0
642000.0,654900.0,642000.0,CONDO,CONDO,Moss Park,43.6529119,-79.3703524,1,1,1,750.0
635000.0,648800.0,635000.0,CONDO,CONDO,Dovercourt Wallace Emerson Junction,43.6657347,-79.447861,2,0,2,850.0
693000.0,729000.0,693000.0,CONDO,CONDO,Junction Area,43.6668979,-79.4642771,2,1,1,750.0
645000.0,695000.0,645000.0,CONDO,CONDO,Church Yonge Corridor,43.6687952,-79.3839693,1,1,1,750.0
662000.0,678800.0,662000.0,CONDO,CONDO,Waterfront Communities C1,43.6404932,-79.3949157,2,0,2,750.0
640000.0,679900.0,640000.0,CONDO,CONDO,Church-Yonge Corridor,43.65501680000001,-79.3746312,2,0,2,650.0
672000.0,675000.0,672000.0,CONDO,CONDO,North St James Town,43.6722218,-79.37735959999999,2,0,1,650.0
670000.0,749000.0,670000.0,CONDO,CONDO,Forest Hill South,43.6889744,-79.4203647,2,2,1,1100.0
695000.0,699900.0,695000.0,CONDO,CONDO,Waterfront Communities The Island,43.6392884,-79.3857185,2,0,1,850.0
675000.0,1189000.0,675000.0,CONDO,CONDO,Annex,43.6716658,-79.3881636,1,0,1,650.0
675000.0,1179000.0,675000.0,CONDO,CONDO,Annex,43.6716658,-79.3881636,1,0,1,650.0
629949.0,629949.0,629949.0,CONDO,CONDO,Niagara,43.6415894,-79.4157619,1,1,1,650.0
687000.0,699999.0,687000.0,CONDO,CONDO,South Riverdale,43.66513339999999,-79.3414981,2,1,1,750.0
682000.0,698900.0,682000.0,CONDO,CONDO,Waterfront Communities C8,43.65135530000001,-79.3580771,2,1,1,950.0
690000.0,699800.0,690000.0,CONDO,CONDO,Waterfront Communities C8,43.6449381,-79.363673,1,1,1,650.0
682000.0,699000.0,682000.0,CONDO,CONDO,High Park Swansea,43.636943,-79.4689321,2,0,2,950.0
685000.0,749900.0,685000.0,CONDO,CONDO,Junction Area,43.6738836,-79.4624341,2,0,2,750.0
620000.0,599000.0,620000.0,CONDO,CONDO,Waterfront Communities The Island,43.6371859,-79.3961552,1,1,1,850.0
609000.0,579000.0,609000.0,CONDO,CONDO,Greenwood-Coxwell,43.6645969,-79.3218774,1,0,1,650.0
626000.0,619000.0,626000.0,CONDO,CONDO,North St James Town,43.6671746,-79.3763191,1,1,1,650.0
690000.0,710000.0,690000.0,CONDO,CONDO,Mount Pleasant West,43.7060387,-79.39779539999999,2,0,2,750.0
653000.0,668000.0,653000.0,CONDO,CONDO,Mount Pleasant West,43.6968333,-79.3939934,2,0,2,750.0
690000.0,699900.0,690000.0,CONDO,CONDO,Little Portugal,43.6431601,-79.4224878,2,0,2,650.0
680000.0,725000.0,680000.0,CONDO,CONDO,Yonge St Clair,43.6867181,-79.3965311,1,0,1,850.0
650000.0,669000.0,650000.0,CONDO,CONDO,Mount Pleasant West,43.6974804,-79.388455,2,0,1,750.0
625000.0,629000.0,625000.0,CONDO,CONDO,Annex,43.6737189,-79.41219819999999,1,1,2,650.0
672000.0,698000.0,672000.0,CONDO,CONDO,Mount Pleasant East,43.7054442,-79.39577039999999,2,0,2,750.0
631000.0,649999.0,631000.0,CONDO,CONDO,Bay Street Corridor,43.665388,-79.3880211,1,1,1,550.0
659900.0,659900.0,659900.0,CONDO,CONDO,Waterfront Communities C1,43.641379,-79.39215469999999,2,0,2,750.0
655000.0,655000.0,655000.0,CONDO,CONDO,Annex,43.6675198,-79.4011128,2,0,1,750.0
680000.0,699000.0,680000.0,CONDO,CONDO,Waterfront Communities C8,43.641973,-79.3735899,2,0,2,750.0
700000.0,730000.0,700000.0,CONDO,CONDO,Waterfront Communities The Island,43.6416066,-79.3719866,1,1,2,750.0
634000.0,688000.0,634000.0,CONDO,CONDO,Annex,43.6712816,-79.3878259,1,1,1,550.0
670000.0,738000.0,670000.0,CONDO,CONDO,Waterfront Communities The Island,43.6445412,-79.3764773,2,0,2,850.0
645000.0,660000.0,645000.0,CONDO,CONDO,Waterfront Communities C1,43.6476771,-79.39335820000001,2,0,2,650.0
655000.0,669000.0,655000.0,CONDO,CONDO,Mount Pleasant West,43.7089649,-79.3929849,2,0,2,750.0
612000.0,650000.0,612000.0,CONDO,CONDO,Niagara,43.643048,-79.4054414,2,0,1,750.0
678000.0,699000.0,678000.0,CONDO,CONDO,Waterfront Communities The Island,43.6393446,-79.3929716,1,1,1,650.0
605000.0,615900.0,605000.0,CONDO,CONDO,Church-Yonge Corridor,43.6484128,-79.3764665,1,0,1,650.0
608000.0,568000.0,608000.0,CONDO,CONDO,Waterfront Communities C8,43.6461928,-79.36505129999999,1,1,1,650.0
648400.0,669000.0,648400.0,CONDO,CONDO,Waterfront Communities C1,43.6489604,-79.392576,2,0,2,650.0
606000.0,628000.0,606000.0,CONDO,CONDO,Mount Pleasant West,43.7081974,-79.397159,2,0,2,650.0
695000.0,699900.0,695000.0,CONDO,CONDO,Waterfront Communities C1,43.6416066,-79.3719866,1,1,1,650.0
621500.0,635000.0,621500.0,CONDO,CONDO,Waterfront Communities The Island,43.6505719,-79.3572672,1,1,1,650.0
671000.0,689900.0,671000.0,CONDO,CONDO,Waterfront Communities C1,43.6449468,-79.4027332,1,1,1,750.0
670000.0,699000.0,670000.0,CONDO,CONDO,Church Yonge Corridor,43.6700844,-79.3805554,2,0,2,850.0
610000.0,648888.0,610000.0,CONDO,CONDO,Lawrence Park South,43.7244305,-79.4023692,1,0,1,650.0
649999.0,649999.0,649999.0,CONDO,CONDO,Palmerston Little Italy,43.6566249,-79.4083695,1,1,2,850.0
650000.0,668000.0,650000.0,CONDO,CONDO,Waterfront Communities C1,43.649428,-79.388411,2,0,2,750.0
620000.0,624800.0,620000.0,CONDO,CONDO,Niagara,43.6415894,-79.4157619,2,0,2,650.0
643000.0,650000.0,643000.0,CONDO,CONDO,Niagara,43.6372054,-79.4035754,1,1,2,750.0
615000.0,629000.0,615000.0,CONDO,CONDO,Waterfront Communities The Island,43.6368129,-79.3975163,1,1,1,750.0
650000.0,688000.0,650000.0,CONDO,CONDO,Mount Pleasant West,43.7117356,-79.3919084,2,0,2,850.0
620000.0,599000.0,620000.0,CONDO,CONDO,North St James Town,43.6718748,-79.3723871,2,0,2,750.0
660000.0,688000.0,660000.0,CONDO,CONDO,Waterfront Communities C1,43.6458064,-79.39205,2,1,2,750.0
630000.0,665000.0,630000.0,CONDO,CONDO,Waterfront Communities C1,43.6450517,-79.3988327,2,0,2,750.0
620000.0,619900.0,620000.0,CONDO,CONDO,Waterfront Communities C1,43.64026430000001,-79.3923803,2,0,2,850.0
685000.0,708000.0,685000.0,CONDO,CONDO,Mount Pleasant West,43.7075225,-79.392402,2,0,2,750.0
648500.0,598000.0,648500.0,CONDO,CONDO,Mount Pleasant West,43.7054442,-79.39577039999999,2,0,2,750.0
650000.0,599900.0,650000.0,CONDO,CONDO,Waterfront Communities C1,43.6458064,-79.39205,2,1,2,750.0
642000.0,698000.0,642000.0,CONDO,CONDO,Waterfront Communities C1,43.6456213,-79.3919338,2,1,2,750.0
610000.0,649000.0,610000.0,CONDO,CONDO,Bay Street Corridor,43.6592713,-79.3849163,2,1,2,1100.0
630000.0,650000.0,630000.0,CONDO,CONDO,Yonge-Eglinton,43.708749,-79.3995696,2,0,2,650.0
635000.0,645000.0,635000.0,CONDO,CONDO,Church-Yonge Corridor,43.6655834,-79.3827749,2,0,1,650.0
610000.0,599000.0,610000.0,CONDO,CONDO,Bay Street Corridor,43.665412,-79.3871187,2,0,2,850.0
650000.0,699500.0,650000.0,CONDO,CONDO,Annex,43.6712816,-79.3878259,1,1,1,550.0
650000.0,599999.0,650000.0,CONDO,CONDO,Waterfront Communities C8,43.650212,-79.3666425,2,1,2,750.0
615000.0,625000.0,615000.0,CONDO,CONDO,Waterfront Communities C1,43.641131,-79.4004463,1,1,2,650.0
650000.0,699900.0,650000.0,CONDO,CONDO,Bay Street Corridor,43.6505301,-79.3821482,2,0,2,750.0
610000.0,649000.0,610000.0,CONDO,CONDO,Yonge St Clair,43.6855437,-79.3934229,1,0,1,650.0
627500.0,649000.0,627500.0,CONDO,CONDO,Waterfront Communities C8,43.64491109999999,-79.3719318,2,0,2,750.0
690000.0,699900.0,690000.0,CONDO,CONDO,Annex,43.6716658,-79.3881636,1,1,1,550.0
625000.0,689900.0,625000.0,CONDO,CONDO,Waterfront Communities The Island,43.6411905,-79.3829556,2,1,2,750.0
680000.0,696990.0,680000.0,CONDO,CONDO,Niagara,43.6409419,-79.40371499999999,2,1,2,850.0
610000.0,625000.0,610000.0,CONDO,CONDO,Bay Street Corridor,43.6648412,-79.38516720000001,1,1,2,650.0
665000.0,689900.0,665000.0,CONDO,CONDO,South Parkdale,43.6361883,-79.46728569999999,2,1,2,750.0
695000.0,699000.0,695000.0,CONDO,CONDO,Waterfront Communities C8,43.6489911,-79.3652252,1,1,2,1300.0
610000.0,629900.0,610000.0,CONDO,CONDO,Waterfront Communities The Island,43.6445254,-79.4025822,1,0,1,650.0
655000.0,699000.0,655000.0,CONDO,CONDO,Rosedale-Moore Park,43.6736417,-79.37410349999999,2,0,1,850.0
615000.0,615000.0,615000.0,CONDO,CONDO,Mount Pleasant West,43.7081885,-79.3970681,2,0,2,650.0
695000.0,719000.0,695000.0,CONDO,CONDO,Lansing Westgate,43.7654478,-79.4141909,2,0,2,1100.0
645000.0,699000.0,645000.0,CONDO,CONDO,Yonge St Clair,43.687539,-79.3978735,1,1,2,850.0
675000.0,679900.0,675000.0,CONDO,CONDO,Church Yonge Corridor,43.6655014,-79.3833327,2,0,2,950.0
650000.0,725000.0,650000.0,CONDO,CONDO,Roncesvalles,43.6523866,-79.4511934,1,0,1,650.0
632000.0,599000.0,632000.0,CONDO,CONDO,Waterfront Communities The Island,43.6414554,-79.3912936,1,1,1,750.0
685000.0,719990.0,685000.0,CONDO,CONDO,Church Yonge Corridor,43.6515293,-79.375757,2,0,1,750.0
665000.0,679999.0,665000.0,CONDO,CONDO,Moss Park,43.6521363,-79.3714833,1,1,1,750.0
680000.0,699000.0,680000.0,CONDO,CONDO,Annex,43.6736641,-79.3885207,1,0,2,1500.0
660000.0,680000.0,660000.0,CONDO,CONDO,Niagara,43.6364747,-79.4020594,1,1,1,750.0
635000.0,670000.0,635000.0,CONDO,CONDO,Church Yonge Corridor,43.6700844,-79.3805554,1,1,1,750.0
674500.0,689000.0,674500.0,CONDO,CONDO,Waterfront Communities The Island,43.6393446,-79.3929716,1,1,1,750.0
670000.0,699000.0,670000.0,CONDO,CONDO,Trinity Bellwoods,43.6465326,-79.4232565,1,0,1,650.0
645000.0,649900.0,645000.0,CONDO,CONDO,North St James Town,43.6671746,-79.3763191,1,0,1,750.0
645000.0,650000.0,645000.0,CONDO,CONDO,Casa Loma,43.6770215,-79.4063849,1,1,2,650.0
650000.0,675000.0,650000.0,CONDO,CONDO,Annex,43.6746365,-79.395541,1,1,1,850.0
625000.0,648000.0,625000.0,CONDO,CONDO,Niagara,43.6383872,-79.4010639,1,1,1,650.0
700000.0,749000.0,700000.0,CONDO,CONDO,Leaside Bennington,43.7098945,-79.3642721,2,0,2,1100.0
615000.0,639900.0,615000.0,CONDO,CONDO,Waterfront Communities C8,43.6551874,-79.3548449,2,0,2,650.0
620000.0,629000.0,620000.0,CONDO,CONDO,Trinity Bellwoods,43.6491887,-79.4235115,1,1,1,750.0
687000.0,709900.0,687000.0,CONDO,CONDO,Niagara,43.6427421,-79.4070732,2,0,2,850.0
625000.0,649000.0,625000.0,CONDO,CONDO,High Park Swansea,43.6361579,-79.4706161,2,0,2,850.0
602000.0,624900.0,602000.0,CONDO,CONDO,High Park Swansea,43.6481789,-79.4874357,1,0,1,650.0
670000.0,699900.0,670000.0,CONDO,CONDO,South Parkdale,43.6361883,-79.46728569999999,2,0,2,750.0
685000.0,699000.0,685000.0,CONDO,CONDO,Bay Street Corridor,43.6656459,-79.3859491,2,0,3,850.0
700000.0,769000.0,700000.0,CONDO,CONDO,Church Yonge Corridor,43.6593548,-79.3758049,3,1,2,1700.0
635000.0,649000.0,635000.0,CONDO,CONDO,Mount Pleasant West,43.6972775,-79.3896236,1,1,1,650.0
620000.0,699000.0,620000.0,CONDO,CONDO,Rosedale Moore Park,43.6712941,-79.384925,2,0,2,1100.0
610000.0,620000.0,610000.0,CONDO,CONDO,Niagara,43.6382738,-79.415117,1,1,1,650.0
618000.0,625000.0,618000.0,CONDO,CONDO,Mount Pleasant West,43.7099274,-79.3939021,2,0,2,950.0
660000.0,699000.0,660000.0,CONDO,CONDO,Waterfront Communities C1,43.6409222,-79.39398299999999,2,0,2,750.0
659500.0,674900.0,659500.0,CONDO,CONDO,Cabbagetown-South St. James Town,43.6671898,-79.3733748,2,0,1,850.0
678000.0,699000.0,678000.0,CONDO,CONDO,Waterfront Communities C1,43.6417088,-79.3793164,2,0,2,650.0
620000.0,649000.0,620000.0,CONDO,CONDO,Lawrence Park South,43.7243318,-79.4024013,1,0,1,650.0
638800.0,649900.0,638800.0,CONDO,CONDO,Waterfront Communities The Island,43.6397347,-79.3920867,1,1,1,650.0
620000.0,649000.0,620000.0,CONDO,CONDO,Wychwood,43.6832467,-79.419345,1,1,1,750.0
680000.0,749900.0,680000.0,CONDO,CONDO,Waterfront Communities C8,43.6448352,-79.37214639999999,2,0,2,750.0
660000.0,685000.0,660000.0,CONDO,CONDO,Mount Pleasant West,43.7081974,-79.397159,2,1,2,750.0
624000.0,699880.0,624000.0,CONDO,CONDO,Moss Park,43.6558379,-79.3574385,1,1,1,750.0
650000.0,650000.0,650000.0,CONDO,CONDO,Waterfront Communities The Island,43.6400003,-79.3788904,1,0,1,750.0
690000.0,698000.0,690000.0,CONDO,CONDO,Regent Park,43.6594036,-79.3611785,2,0,2,750.0
630000.0,649900.0,630000.0,CONDO,CONDO,Church Yonge Corridor,43.6651864,-79.3842887,2,0,2,950.0
635000.0,649999.0,635000.0,CONDO,CONDO,Wychwood,43.6832467,-79.419345,1,1,1,750.0
625000.0,649900.0,625000.0,CONDO,CONDO,Cabbagetown South St James Town,43.6652923,-79.3763335,2,0,1,850.0
625000.0,639000.0,625000.0,CONDO,CONDO,Annex,43.6746538,-79.3890069,1,1,1,750.0
600000.0,639000.0,600000.0,CONDO,CONDO,Waterfront Communities The Island,43.641921,-79.3758133,1,0,1,750.0
680000.0,719000.0,680000.0,CONDO,CONDO,Niagara,43.6369794,-79.4060787,2,0,2,750.0
645000.0,699990.0,645000.0,CONDO,CONDO,Waterfront Communities C8,43.6500434,-79.3675082,2,0,2,750.0
670000.0,679900.0,670000.0,CONDO,CONDO,Church Yonge Corridor,43.6647658,-79.3840887,2,1,2,1100.0
620000.0,645000.0,620000.0,CONDO,CONDO,Moss Park,43.6522223,-79.3708763,2,0,2,750.0
620000.0,638000.0,620000.0,CONDO,CONDO,Mount Pleasant West,43.7065237,-79.3920212,1,1,2,650.0
699900.0,699900.0,699900.0,CONDO,CONDO,High Park Swansea,43.6481789,-79.4874357,1,1,1,650.0
635000.0,678888.0,635000.0,CONDO,CONDO,Bay Street Corridor,43.6592713,-79.3849163,2,1,2,1100.0
655000.0,665000.0,655000.0,CONDO,CONDO,Church Yonge Corridor,43.6700844,-79.3805554,1,1,1,750.0
685000.0,675990.0,685000.0,CONDO,CONDO,Mount Pleasant West,43.7117356,-79.3919084,2,0,2,850.0
610000.0,629000.0,610000.0,CONDO,CONDO,Dovercourt-Wallace Emerson-Junction,43.6657347,-79.447861,2,0,2,850.0
618500.0,652700.0,618500.0,CONDO,CONDO,Niagara,43.638563,-79.412811,1,1,2,750.0
625000.0,549000.0,625000.0,CONDO,CONDO,Church Yonge Corridor,43.6705792,-79.3805895,2,0,1,750.0
660000.0,699900.0,660000.0,CONDO,CONDO,North St James Town,43.6707607,-79.3773018,2,0,2,850.0
640000.0,665000.0,640000.0,CONDO,CONDO,L'Amoreaux,43.7989328,-79.3204451,2,1,3,1900.0
620000.0,639000.0,620000.0,CONDO,CONDO,Niagara,43.6384589,-79.4140635,2,0,1,750.0
660000.0,679900.0,660000.0,CONDO,CONDO,Bay Street Corridor,43.666815,-79.3875312,2,1,1,950.0
610000.0,599900.0,610000.0,CONDO,CONDO,Waterfront Communities C8,43.65281359999999,-79.35544329999999,2,1,2,750.0
620000.0,639950.0,620000.0,CONDO,CONDO,Niagara,43.6366747,-79.40647,1,1,1,650.0
630000.0,650000.0,630000.0,CONDO,CONDO,Bay Street Corridor,43.657776,-79.383296,2,0,2,1100.0
660000.0,688000.0,660000.0,CONDO,CONDO,Bay Street Corridor,43.6593726,-79.3825439,2,0,2,850.0
620000.0,635000.0,620000.0,CONDO,CONDO,Roncesvalles,43.6503421,-79.4444185,1,1,1,650.0
665000.0,680000.0,665000.0,CONDO,CONDO,Waterfront Communities C8,43.6451075,-79.3692911,2,0,2,750.0
633000.0,685000.0,633000.0,CONDO,CONDO,Willowdale East,43.7651156,-79.4115241,1,1,2,650.0
649000.0,649000.0,649000.0,CONDO,CONDO,Henry Farm,43.7755918,-79.3374742,2,0,2,850.0
605000.0,699000.0,605000.0,CONDO,CONDO,L'Amoreaux,43.80069290000001,-79.3172292,2,0,2,1700.0
675000.0,688000.0,675000.0,CONDO,CONDO,Niagara,43.6369794,-79.4060787,2,0,2,850.0
680000.0,729000.0,680000.0,CONDO,CONDO,Little Portugal,43.6430625,-79.4281337,2,0,2,750.0
695000.0,740000.0,695000.0,CONDO,CONDO,Church-Yonge Corridor,43.6655348,-79.3801464,2,0,2,1100.0
690000.0,729000.0,690000.0,CONDO,CONDO,High Park Swansea,43.6484374,-79.4865948,1,1,2,850.0
690000.0,728000.0,690000.0,CONDO,CONDO,High Park Swansea,43.6399438,-79.4735875,3,0,2,1300.0
660000.0,698800.0,660000.0,CONDO,CONDO,Mount Pleasant West,43.703692,-79.39675299999999,2,0,2,750.0
677000.0,679990.0,677000.0,CONDO,CONDO,Waterfront Communities C1,43.6466285,-79.4017026,2,1,2,850.0
700000.0,749000.0,700000.0,CONDO,CONDO,Casa Loma,43.6852887,-79.4097884,2,0,2,750.0
665000.0,688000.0,665000.0,CONDO,CONDO,Mimico,43.6233581,-79.483608,2,1,2,850.0
677500.0,718000.0,677500.0,CONDO,CONDO,Waterfront Communities C1,43.6458064,-79.39205,2,1,2,750.0
617000.0,649000.0,617000.0,CONDO,CONDO,Stonegate-Queensway,43.6377965,-79.4877127,2,0,2,850.0
605000.0,629000.0,605000.0,CONDO,CONDO,Regent Park,43.6594036,-79.3611785,2,0,2,750.0
673000.0,698000.0,673000.0,CONDO,CONDO,Bay Street Corridor,43.6630187,-79.3863345,2,0,2,850.0
600000.0,638000.0,600000.0,CONDO,CONDO,Church-Yonge Corridor,43.6693009,-79.3841709,2,0,1,650.0
639000.0,685000.0,639000.0,CONDO,CONDO,Little Portugal,43.6427532,-79.4274654,2,1,1,750.0
660000.0,625000.0,660000.0,CONDO,CONDO,High Park Swansea,43.6363049,-79.4702129,2,1,2,950.0
695000.0,715000.0,695000.0,CONDO,CONDO,Bay Street Corridor,43.65886,-79.384741,2,1,2,1100.0
628000.0,648800.0,628000.0,CONDO,CONDO,Waterfront Communities C8,43.6455213,-79.3687484,2,0,2,650.0
657000.0,699000.0,657000.0,CONDO,CONDO,High Park Swansea,43.6356107,-79.4675475,2,1,2,750.0
700000.0,799000.0,700000.0,CONDO,CONDO,Rosedale Moore Park,43.6807098,-79.3894335,2,0,2,850.0
628000.0,688000.0,628000.0,CONDO,CONDO,Kensington-Chinatown,43.6585742,-79.3953228,1,1,1,650.0
618000.0,648000.0,618000.0,CONDO,CONDO,Mount Pleasant West,43.7084796,-79.3975213,2,0,2,750.0
615000.0,649999.0,615000.0,CONDO,CONDO,Niagara,43.6364747,-79.4020594,1,1,1,750.0
600000.0,615000.0,600000.0,CONDO,CONDO,Waterfront Communities C8,43.6469073,-79.3709274,1,1,1,650.0
640000.0,649000.0,640000.0,CONDO,CONDO,Waterfront Communities The Island,43.6368129,-79.3975163,2,0,1,750.0
680000.0,689000.0,680000.0,CONDO,CONDO,Waterfront Communities The Island,43.6400086,-79.3820669,2,0,2,950.0
639000.0,699888.0,639000.0,CONDO,CONDO,Waterfront Communities C1,43.64798769999999,-79.39183899999999,2,0,1,650.0
600000.0,599000.0,600000.0,CONDO,CONDO,Moss Park,43.6544384,-79.3630252,3,0,2,1100.0
655000.0,669000.0,655000.0,CONDO,CONDO,Bay Street Corridor,43.6694723,-79.3874877,1,1,1,750.0
655000.0,675000.0,655000.0,CONDO,CONDO,Bay Street Corridor,43.6462325,-79.3835846,1,1,2,850.0
690000.0,725000.0,690000.0,CONDO,CONDO,Waterfront Communities C8,43.6469073,-79.3709274,1,1,1,650.0
620000.0,599888.0,620000.0,CONDO,CONDO,Waterfront Communities The Island,43.641921,-79.3758133,1,1,1,950.0
635000.0,675000.0,635000.0,CONDO,CONDO,Annex,43.6733118,-79.415925,2,0,2,650.0
690000.0,725000.0,690000.0,CONDO,CONDO,Mount Pleasant West,43.7047626,-79.3890362,2,0,2,950.0
639800.0,668000.0,639800.0,CONDO,CONDO,Waterfront Communities C1,43.6417088,-79.3793164,1,1,1,650.0
675000.0,649000.0,675000.0,CONDO,CONDO,Annex,43.6737189,-79.41219819999999,1,1,2,650.0
600000.0,638000.0,600000.0,CONDO,CONDO,Waterfront Communities C8,43.6502072,-79.3666482,2,0,2,650.0
650000.0,658000.0,650000.0,CONDO,CONDO,East End-Danforth,43.6867119,-79.3076241,2,0,2,850.0
660000.0,699000.0,660000.0,CONDO,CONDO,Cabbagetown South St James Town,43.6667853,-79.3749198,3,0,2,850.0
620000.0,648888.0,620000.0,CONDO,CONDO,Niagara,43.6363712,-79.4027602,1,1,1,650.0
670000.0,695000.0,670000.0,CONDO,CONDO,Regent Park,43.6601105,-79.3605898,2,0,2,850.0
667000.0,649000.0,667000.0,CONDO,CONDO,Waterfront Communities C1,43.6417002,-79.38231979999999,2,0,2,750.0
645000.0,669000.0,645000.0,CONDO,CONDO,Junction Area,43.6668979,-79.4642771,2,1,1,750.0
610000.0,639900.0,610000.0,CONDO,CONDO,Niagara,43.6414039,-79.4105973,1,0,1,750.0
675000.0,675000.0,675000.0,CONDO,CONDO,Rosedale Moore Park,43.6879283,-79.389193,1,0,1,750.0
677000.0,729900.0,677000.0,CONDO,CONDO,Waterfront Communities C1,43.6449468,-79.4027332,1,1,1,750.0
630000.0,679000.0,630000.0,CONDO,CONDO,Mount Pleasant West,43.7065237,-79.3920212,1,1,2,650.0
700000.0,739000.0,700000.0,CONDO,CONDO,Church Yonge Corridor,43.6700844,-79.3805554,2,0,2,850.0
660000.0,679900.0,660000.0,CONDO,CONDO,Waterfront Communities C8,43.6449599,-79.3643305,1,1,1,650.0
620000.0,639000.0,620000.0,CONDO,CONDO,Waterfront Communities The Island,43.6397347,-79.3920867,1,1,1,650.0
655000.0,675000.0,655000.0,CONDO,CONDO,Cabbagetown South St James Town,43.6649311,-79.3768619,2,0,2,850.0
615000.0,625000.0,615000.0,CONDO,CONDO,Waterfront Communities The Island,43.6445575,-79.4021809,1,0,1,650.0
685000.0,729000.0,685000.0,CONDO,CONDO,Waterfront Communities The Island,43.6448836,-79.3920974,1,1,2,850.0
666000.0,549000.0,666000.0,CONDO,CONDO,Waterfront Communities C8,43.6448352,-79.37214639999999,2,0,2,750.0
662900.0,685000.0,662900.0,CONDO,CONDO,Weston Pellam Park,43.6738836,-79.4624341,2,0,2,750.0
677500.0,699000.0,677500.0,CONDO,CONDO,Mount Pleasant West,43.7081974,-79.397159,2,1,2,750.0
690000.0,715000.0,690000.0,CONDO,CONDO,Church Yonge Corridor,43.6700844,-79.3805554,1,1,1,750.0
600000.0,609000.0,600000.0,CONDO,CONDO,Mount Pleasant West,43.7081974,-79.397159,2,0,2,650.0
620000.0,634900.0,620000.0,CONDO,CONDO,Moss Park,43.65032,-79.36670149999999,2,0,2,750.0
690000.0,725000.0,690000.0,CONDO,CONDO,Niagara,43.6369794,-79.4060787,2,0,2,750.0
643000.0,750000.0,643000.0,CONDO,CONDO,Annex,43.6756017,-79.3978774,1,1,2,750.0
665000.0,685000.0,665000.0,CONDO,CONDO,Bay Street Corridor,43.665786,-79.3855809,1,1,2,750.0
612000.0,629000.0,612000.0,CONDO,CONDO,Waterfront Communities C1,43.6458064,-79.39205,2,1,2,750.0
630000.0,649000.0,630000.0,CONDO,CONDO,Dovercourt Wallace Emerson Junction,43.6670935,-79.44742769999999,2,0,2,850.0
637500.0,660000.0,637500.0,CONDO,CONDO,Annex,43.6725539,-79.389571,1,0,1,650.0
636000.0,675000.0,636000.0,CONDO,CONDO,Kensington Chinatown,43.652508,-79.3885848,1,1,1,750.0
619990.0,619990.0,619990.0,CONDO,CONDO,Regent Park,43.660575,-79.3563298,2,0,2,650.0
610000.0,629000.0,610000.0,CONDO,CONDO,Waterfront Communities The Island,43.6371859,-79.3961552,1,1,1,750.0
640000.0,665000.0,640000.0,CONDO,CONDO,Mount Pleasant West,43.7089649,-79.3929849,2,0,2,650.0
672000.0,699000.0,672000.0,CONDO,CONDO,Waterfront Communities C1,43.6473801,-79.3872741,1,1,1,750.0
680000.0,688000.0,680000.0,CONDO,CONDO,Church-Yonge Corridor,43.6552121,-79.375727,2,1,2,750.0
633100.0,638800.0,633100.0,CONDO,CONDO,Mount Pleasant East,43.7069544,-79.395016,1,1,1,650.0
639800.0,648000.0,639800.0,CONDO,CONDO,Church Yonge Corridor,43.6705792,-79.3805895,2,0,1,750.0
630000.0,669000.0,630000.0,CONDO,CONDO,South Riverdale,43.6580467,-79.3415625,2,0,2,650.0
620000.0,599000.0,620000.0,CONDO,CONDO,Mount Pleasant West,43.7081974,-79.397159,2,0,2,650.0
625000.0,699000.0,625000.0,CONDO,CONDO,Church Yonge Corridor,43.6687952,-79.3839693,2,0,2,750.0
640000.0,599990.0,640000.0,CONDO,CONDO,Waterfront Communities C1,43.6466285,-79.4017026,1,1,1,750.0
640000.0,660000.0,640000.0,CONDO,CONDO,Bay Street Corridor,43.6599507,-79.3849463,1,1,1,650.0
630000.0,640000.0,630000.0,CONDO,CONDO,Annex,43.6702658,-79.3943539,1,1,1,650.0
630000.0,659990.0,630000.0,CONDO,CONDO,Church Yonge Corridor,43.6549683,-79.3751236,2,0,2,750.0
699000.0,715000.0,699000.0,CONDO,CONDO,Waterfront Communities C1,43.6402683,-79.3960141,2,0,2,850.0
660000.0,688888.0,660000.0,CONDO,CONDO,Niagara,43.6366747,-79.40647,2,0,1,750.0
685000.0,709000.0,685000.0,CONDO,CONDO,High Park Swansea,43.6363049,-79.4702129,2,0,2,950.0
670000.0,699999.0,670000.0,CONDO,CONDO,Moss Park,43.6569796,-79.3554171,1,1,1,750.0
642000.0,649000.0,642000.0,CONDO,CONDO,Waterfront Communities C8,43.6448352,-79.37214639999999,2,0,2,750.0
678000.0,610000.0,678000.0,CONDO,CONDO,Waterfront Communities The Island,43.6431621,-79.3762619,2,1,2,850.0
623000.0,679900.0,623000.0,CONDO,CONDO,Waterfront Communities C1,43.6411454,-79.38131249999999,1,0,1,650.0
645000.0,665000.0,645000.0,CONDO,CONDO,Annex,43.6741119,-79.3957326,1,1,2,850.0
608000.0,650000.0,608000.0,CONDO,CONDO,Cabbagetown South St James Town,43.6673247,-79.3727384,2,1,2,950.0
690000.0,699000.0,690000.0,CONDO,CONDO,Waterfront Communities The Island,43.6428671,-79.3927744,1,1,1,750.0
638000.0,599000.0,638000.0,CONDO,CONDO,Bay Street Corridor,43.6505114,-79.3820778,2,1,2,750.0
690000.0,699000.0,690000.0,CONDO,CONDO,Annex,43.6716658,-79.3881636,1,0,1,550.0
670000.0,715000.0,670000.0,CONDO,CONDO,Englemount Lawrence,43.7209349,-79.4314882,2,0,2,1100.0
690000.0,699000.0,690000.0,CONDO,CONDO,Waterfront Communities C1,43.6393446,-79.3929716,1,1,1,650.0
645000.0,658000.0,645000.0,CONDO,CONDO,Parkwoods Donalda,43.7642862,-79.3441063,3,0,2,1300.0
650000.0,695000.0,650000.0,CONDO,CONDO,Niagara,43.6372054,-79.4035754,1,1,2,750.0
687000.0,719000.0,687000.0,CONDO,CONDO,Mount Pleasant West,43.7070855,-79.3977452,2,1,2,750.0
665000.0,728800.0,665000.0,CONDO,CONDO,Waterfront Communities C1,43.6412251,-79.3809582,1,1,2,650.0
620000.0,650000.0,620000.0,CONDO,CONDO,Regent Park,43.6616154,-79.3575672,1,0,1,750.0
630000.0,699000.0,630000.0,CONDO,CONDO,Church Yonge Corridor,43.6696427,-79.3805547,2,0,2,750.0
650800.0,639000.0,650800.0,CONDO,CONDO,Church Yonge Corridor,43.6705792,-79.3805895,2,0,1,750.0
617500.0,625000.0,617500.0,CONDO,CONDO,Mount Pleasant West,43.708378,-79.3921009,2,0,2,850.0
605000.0,599999.0,605000.0,CONDO,CONDO,Niagara,43.6398765,-79.4167372,1,1,2,650.0
625000.0,694000.0,625000.0,CONDO,CONDO,Church Yonge Corridor,43.6689111,-79.383977,2,0,2,750.0
695000.0,714999.0,695000.0,CONDO,CONDO,Waterfront Communities The Island,43.6415332,-79.3826529,2,0,2,750.0
665000.0,688000.0,665000.0,CONDO,CONDO,Waterfront Communities C1,43.6409222,-79.39398299999999,2,0,2,850.0
680000.0,699000.0,680000.0,CONDO,CONDO,Bridle Path Sunnybrook York Mills,43.7180212,-79.3768816,1,1,1,750.0
632000.0,599000.0,632000.0,CONDO,CONDO,Bay Street Corridor,43.6505114,-79.3820778,2,1,2,750.0
627000.0,642000.0,627000.0,CONDO,CONDO,Waterfront Communities C1,43.6406527,-79.3957762,2,0,2,750.0
640000.0,668000.0,640000.0,CONDO,CONDO,Waterfront Communities C8,43.6465406,-79.3761004,1,1,1,650.0
610000.0,654900.0,610000.0,CONDO,CONDO,Niagara,43.6363712,-79.4027602,1,1,1,650.0
665000.0,660000.0,665000.0,CONDO,CONDO,Bay Street Corridor,43.6570436,-79.3820394,2,1,2,750.0
655000.0,688000.0,655000.0,CONDO,CONDO,Annex,43.6732429,-79.3898622,1,1,1,650.0
615000.0,639900.0,615000.0,CONDO,CONDO,Waterfront Communities C1,43.6490923,-79.3885042,1,1,1,650.0
649000.0,649000.0,649000.0,CONDO,CONDO,High Park North,43.6543545,-79.4632051,1,1,2,650.0
664000.0,699900.0,664000.0,CONDO,CONDO,Waterfront Communities C8,43.6461573,-79.3649984,2,1,2,950.0
697500.0,729000.0,697500.0,CONDO,CONDO,Bay Street Corridor,43.6676702,-79.3864205,2,0,2,850.0
685000.0,729000.0,685000.0,CONDO,CONDO,Mount Pleasant West,43.6974804,-79.388455,2,0,1,750.0
741000.0,688000.0,741000.0,CONDO,CONDO,Church-Yonge Corridor,43.6695584,-79.3846569,2,1,2,850.0
795000.0,815000.0,795000.0,CONDO,CONDO,Mount Pleasant West,43.705293,-79.3972641,2,0,2,950.0
800000.0,829000.0,800000.0,CONDO,CONDO,Niagara,43.636608,-79.4048673,2,0,2,950.0
727000.0,749000.0,727000.0,CONDO,CONDO,Niagara,43.6422495,-79.4025059,1,1,1,750.0
739000.0,769000.0,739000.0,CONDO,CONDO,Mount Pleasant West,43.704232,-79.3973465,2,0,3,750.0
705000.0,709000.0,705000.0,CONDO,CONDO,Waterfront Communities The Island,43.6511969,-79.3589449,2,0,2,1100.0
770000.0,799000.0,770000.0,CONDO,CONDO,Waterfront Communities C1,43.6455537,-79.3909453,2,1,2,750.0
780000.0,789000.0,780000.0,CONDO,CONDO,Waterfront Communities The Island,43.6429911,-79.37647369999999,2,1,2,950.0
778000.0,789900.0,778000.0,CONDO,CONDO,Niagara,43.6366747,-79.40647,2,0,2,850.0
770000.0,799000.0,770000.0,CONDO,CONDO,East End-Danforth,43.6865664,-79.30603459999999,2,1,2,950.0
715000.0,748000.0,715000.0,CONDO,CONDO,Regent Park,43.6602279,-79.3649687,2,0,2,850.0
715000.0,729000.0,715000.0,CONDO,CONDO,Mount Pleasant West,43.7073389,-79.394278,2,0,2,850.0
785000.0,795000.0,785000.0,CONDO,CONDO,Church-Yonge Corridor,43.6515293,-79.375757,2,0,1,750.0
715000.0,729000.0,715000.0,CONDO,CONDO,Moss Park,43.65053270000001,-79.36852600000002,2,0,2,750.0
758000.0,799000.0,758000.0,CONDO,CONDO,Waterfront Communities C1,43.6459498,-79.3897558,2,1,2,850.0
800000.0,849000.0,800000.0,CONDO,CONDO,Annex,43.6726027,-79.3953805,1,0,1,850.0
770000.0,799900.0,770000.0,CONDO,CONDO,South Riverdale,43.6580044,-79.3500316,1,1,1,950.0
790000.0,799900.0,790000.0,CONDO,CONDO,Church Yonge Corridor,43.6677676,-79.3808901,2,0,2,1100.0
791000.0,829000.0,791000.0,CONDO,CONDO,Bay Street Corridor,43.6648039,-79.3869669,2,0,2,750.0
775000.0,799900.0,775000.0,CONDO,CONDO,Waterfront Communities The Island,43.6505719,-79.3572672,2,1,2,850.0
749000.0,749000.0,749000.0,CONDO,CONDO,Mount Pleasant West,43.7117356,-79.3919084,2,1,2,850.0
713300.0,699000.0,713300.0,CONDO,CONDO,Church Yonge Corridor,43.6565085,-79.3746408,2,0,2,1300.0
750000.0,775000.0,750000.0,CONDO,CONDO,Waterfront Communities The Island,43.6399031,-79.3771893,2,0,2,850.0
707000.0,774000.0,707000.0,CONDO,CONDO,North St James Town,43.6714676,-79.3716943,2,0,2,750.0
735000.0,780000.0,735000.0,CONDO,CONDO,South Riverdale,43.6653459,-79.34028520000001,2,0,2,850.0
721000.0,749000.0,721000.0,CONDO,CONDO,Waterfront Communities The Island,43.6416066,-79.3719866,1,1,2,750.0
705000.0,729900.0,705000.0,CONDO,CONDO,Roncesvalles,43.6519568,-79.4496954,2,0,2,750.0
740000.0,749900.0,740000.0,CONDO,CONDO,Mount Pleasant West,43.6978398,-79.3871947,2,0,2,850.0
735000.0,749000.0,735000.0,CONDO,CONDO,Niagara,43.6396649,-79.4146468,2,0,2,850.0
735100.0,756100.0,735100.0,CONDO,CONDO,Waterfront Communities C1,43.6412251,-79.3809582,2,0,2,850.0
710000.0,759000.0,710000.0,CONDO,CONDO,Mount Pleasant West,43.7107674,-79.3943498,2,0,2,950.0
715000.0,730000.0,715000.0,CONDO,CONDO,Mount Pleasant West,43.7069544,-79.395016,2,0,2,750.0
766000.0,799900.0,766000.0,CONDO,CONDO,Church Yonge Corridor,43.6687952,-79.3839693,2,0,2,750.0
770000.0,749000.0,770000.0,CONDO,CONDO,Annex,43.6753218,-79.3890506,2,0,2,1100.0
712000.0,799000.0,712000.0,CONDO,CONDO,Yonge St Clair,43.6869763,-79.3957614,2,0,2,950.0
790000.0,815000.0,790000.0,CONDO,CONDO,Waterfront Communities C1,43.6399031,-79.3771893,2,0,2,750.0
750000.0,769000.0,750000.0,CONDO,CONDO,Bay Street Corridor,43.6691837,-79.3873558,2,0,2,750.0
740000.0,799000.0,740000.0,CONDO,CONDO,Waterfront Communities C1,43.6471698,-79.399339,2,0,1,650.0
721000.0,729900.0,721000.0,CONDO,CONDO,High Park North,43.6542783,-79.4630112,1,1,2,650.0
778000.0,795000.0,778000.0,CONDO,CONDO,Waterfront Communities C8,43.641973,-79.3735899,2,0,1,750.0
709200.0,724900.0,709200.0,CONDO,CONDO,Moss Park,43.6569796,-79.3554171,2,0,2,750.0
790000.0,838000.0,790000.0,CONDO,CONDO,Waterfront Communities C1,43.6385781,-79.3993661,3,0,2,1100.0
725000.0,765000.0,725000.0,CONDO,CONDO,Waterfront Communities C8,43.6500104,-79.3578275,2,0,2,850.0
750000.0,775000.0,750000.0,CONDO,CONDO,Yonge-Eglinton,43.7080568,-79.400489,2,0,2,850.0
725000.0,749000.0,725000.0,CONDO,CONDO,The Beaches,43.6690097,-79.3054535,2,0,2,850.0
795000.0,828888.0,795000.0,CONDO,CONDO,Niagara,43.6409419,-79.40371499999999,3,0,2,850.0
800000.0,819000.0,800000.0,CONDO,CONDO,Niagara,43.6418932,-79.4144587,2,0,2,950.0
755000.0,899000.0,755000.0,CONDO,CONDO,Annex,43.6736641,-79.3885207,2,0,2,1700.0
795000.0,810000.0,795000.0,CONDO,CONDO,Niagara,43.6357104,-79.3988424,2,1,2,950.0
756000.0,719900.0,756000.0,CONDO,CONDO,Church Yonge Corridor,43.6696427,-79.3805547,2,0,2,850.0
760000.0,775000.0,760000.0,CONDO,CONDO,Waterfront Communities The Island,43.6428502,-79.3917462,2,1,2,1100.0
728000.0,758000.0,728000.0,CONDO,CONDO,Waterfront Communities C8,43.6416066,-79.3719866,1,1,2,850.0
750000.0,789000.0,750000.0,CONDO,CONDO,Bay Street Corridor,43.6462325,-79.3835846,2,0,2,1300.0
730000.0,745000.0,730000.0,CONDO,CONDO,Church Yonge Corridor,43.6613867,-79.3804382,2,1,2,1300.0
745000.0,765900.0,745000.0,CONDO,CONDO,Stonegate Queensway,43.626067,-79.4906182,2,0,2,1100.0
710000.0,799900.0,710000.0,CONDO,CONDO,Waterfront Communities C1,43.6453719,-79.39144859999999,2,0,2,750.0
745000.0,765000.0,745000.0,CONDO,CONDO,Waterfront Communities The Island,43.6432587,-79.3764035,2,0,2,850.0
715000.0,729900.0,715000.0,CONDO,CONDO,Moss Park,43.6524379,-79.3611118,2,1,1,850.0
781000.0,778000.0,781000.0,CONDO,CONDO,Waterfront Communities C1,43.6406527,-79.3957762,2,1,2,950.0
752000.0,799000.0,752000.0,CONDO,CONDO,Church-Yonge Corridor,43.6656662,-79.3826067,2,0,2,750.0
720000.0,788000.0,720000.0,CONDO,CONDO,Bay Street Corridor,43.6593726,-79.3825439,2,0,2,850.0
755000.0,779000.0,755000.0,CONDO,CONDO,Waterfront Communities C1,43.6402683,-79.3960141,2,0,2,850.0
735000.0,769000.0,735000.0,CONDO,CONDO,Dufferin Grove,43.6574768,-79.445671,2,0,2,850.0
715000.0,699000.0,715000.0,CONDO,CONDO,Annex,43.6732429,-79.3898622,2,0,2,750.0
750000.0,779000.0,750000.0,CONDO,CONDO,Rosedale Moore Park,43.6746785,-79.3860744,2,0,2,1500.0
728000.0,699000.0,728000.0,CONDO,CONDO,Church-Yonge Corridor,43.6627041,-79.37922429999999,2,1,2,750.0
730000.0,769000.0,730000.0,CONDO,CONDO,Lansing Westgate,43.7624163,-79.4128224,3,0,2,1300.0
750000.0,799900.0,750000.0,CONDO,CONDO,Waterfront Communities C1,43.6469907,-79.3922487,2,0,2,750.0
720000.0,765000.0,720000.0,CONDO,CONDO,Waterfront Communities The Island,43.6368129,-79.3975163,2,1,2,850.0
780000.0,849000.0,780000.0,CONDO,CONDO,Waterfront Communities The Island,43.6429141,-79.3806469,2,1,2,1100.0
765000.0,799900.0,765000.0,CONDO,CONDO,Waterfront Communities C8,43.6536918,-79.3552269,2,1,2,850.0
726280.0,670000.0,726280.0,CONDO,CONDO,Kensington Chinatown,43.652508,-79.3885848,2,0,2,750.0
723000.0,749000.0,723000.0,CONDO,CONDO,Moss Park,43.655305,-79.3537502,2,0,2,750.0
792000.0,799000.0,792000.0,CONDO,CONDO,Niagara,43.6387744,-79.4117185,3,1,2,850.0
735000.0,749500.0,735000.0,CONDO,CONDO,Islington City Centre West,43.6463253,-79.5213639,2,0,2,1100.0
792500.0,799000.0,792500.0,CONDO,CONDO,Waterfront Communities C1,43.6476771,-79.39335820000001,2,1,2,750.0
710000.0,739000.0,710000.0,CONDO,CONDO,Church-Yonge Corridor,43.6519098,-79.3770909,2,0,2,850.0
750000.0,787500.0,750000.0,CONDO,CONDO,Kingsview Village The Westway,43.6974803,-79.5480506,2,0,2,1500.0
742000.0,749900.0,742000.0,CONDO,CONDO,Waterfront Communities The Island,43.6429141,-79.3806469,2,1,2,750.0
731000.0,689900.0,731000.0,CONDO,CONDO,Eringate Centennial West Deane,43.6404162,-79.5856861,2,0,2,1100.0
785000.0,789000.0,785000.0,CONDO,CONDO,Mount Pleasant West,43.7107674,-79.3943498,2,0,2,1100.0
800000.0,799999.0,800000.0,CONDO,CONDO,Niagara,43.6372054,-79.4035754,2,1,2,950.0
725000.0,759000.0,725000.0,CONDO,CONDO,Junction Area,43.6668979,-79.4642771,3,0,2,1100.0
712000.0,750000.0,712000.0,CONDO,CONDO,Waterfront Communities C1,43.6383693,-79.3986981,2,0,2,850.0
708000.0,749000.0,708000.0,CONDO,CONDO,Waterfront Communities The Island,43.6461536,-79.3752086,1,1,2,1100.0
760000.0,779900.0,760000.0,CONDO,CONDO,North St James Town,43.6671746,-79.3763191,2,0,2,850.0
790000.0,829900.0,790000.0,CONDO,CONDO,Junction Area,43.6668979,-79.4642771,2,0,2,1100.0
788000.0,799000.0,788000.0,CONDO,CONDO,High Park North,43.7641885,-79.40493,2,1,2,1500.0
723000.0,724900.0,723000.0,CONDO,CONDO,Annex,43.673341,-79.3892433,2,0,2,1500.0
765000.0,785000.0,765000.0,CONDO,CONDO,Church Yonge Corridor,43.6652947,-79.3816751,2,0,2,1300.0
733000.0,650000.0,733000.0,CONDO,CONDO,Church-Yonge Corridor,43.6563439,-79.377259,2,0,2,750.0
735000.0,739900.0,735000.0,CONDO,CONDO,Junction Area,43.6738836,-79.4624341,2,0,2,950.0
740000.0,800000.0,740000.0,CONDO,CONDO,Rosedale-Moore Park,43.6711219,-79.38702579999999,2,0,2,750.0
785000.0,815000.0,785000.0,CONDO,CONDO,Wychwood,43.6802289,-79.4317975,2,0,2,850.0
728000.0,749800.0,728000.0,CONDO,CONDO,Bay Street Corridor,43.6596665,-79.3859262,2,0,2,950.0
798000.0,818000.0,798000.0,CONDO,CONDO,Bay Street Corridor,43.665388,-79.3880211,2,0,2,750.0
740000.0,759999.0,740000.0,CONDO,CONDO,Mount Pleasant West,43.7116204,-79.3955165,2,0,2,850.0
760000.0,815000.0,760000.0,CONDO,CONDO,Mount Pleasant East,43.7125911,-79.3776798,2,0,2,1100.0
750000.0,789000.0,750000.0,CONDO,CONDO,Church Yonge Corridor,43.6634632,-79.3781203,2,0,2,850.0
733300.0,748000.0,733300.0,CONDO,CONDO,Waterfront Communities The Island,43.6458819,-79.3973406,1,1,1,750.0
750000.0,799000.0,750000.0,CONDO,CONDO,Banbury Don Mills,43.7292605,-79.3281088,2,0,2,1900.0
779500.0,799000.0,779500.0,CONDO,CONDO,Rosedale Moore Park,43.6720296,-79.3798098,2,0,2,750.0
800000.0,799000.0,800000.0,CONDO,CONDO,Waterfront Communities C1,43.6455537,-79.3909453,2,0,2,750.0
715000.0,750000.0,715000.0,CONDO,CONDO,Weston Pellam Park,43.673631,-79.460674,2,1,2,950.0
737000.0,798000.0,737000.0,CONDO,CONDO,Banbury Don Mills,43.7267929,-79.3281245,2,0,2,1300.0
718000.0,799000.0,718000.0,CONDO,CONDO,Bay Street Corridor,43.6677502,-79.38646600000001,2,0,2,750.0
704888.0,728000.0,704888.0,CONDO,CONDO,Waterfront Communities C1,43.6476803,-79.3969205,3,0,2,850.0
751000.0,764900.0,751000.0,CONDO,CONDO,Roncesvalles,43.6525644,-79.4511968,1,1,1,850.0
750000.0,769900.0,750000.0,CONDO,CONDO,Niagara,43.6366747,-79.40647,2,0,2,950.0
747600.0,799999.0,747600.0,CONDO,CONDO,Waterfront Communities The Island,43.6404948,-79.3808155,2,1,2,1100.0
740000.0,749900.0,740000.0,CONDO,CONDO,North Riverdale,43.6673814,-79.345098,2,0,2,850.0
778000.0,799000.0,778000.0,CONDO,CONDO,Bay Street Corridor,43.6570436,-79.3820394,2,1,2,850.0
735000.0,699000.0,735000.0,CONDO,CONDO,North St James Town,43.6714676,-79.3716943,2,0,2,850.0
800000.0,849900.0,800000.0,CONDO,CONDO,Church Yonge Corridor,43.6700844,-79.3805554,2,0,2,950.0
715000.0,765000.0,715000.0,CONDO,CONDO,Rosedale-Moore Park,43.6752665,-79.3706162,2,0,1,950.0
795000.0,815000.0,795000.0,CONDO,CONDO,Church-Yonge Corridor,43.6693009,-79.3841709,2,0,2,750.0
725000.0,749000.0,725000.0,CONDO,CONDO,Mount Pleasant East,43.7038354,-79.3760217,2,0,2,1100.0
749000.0,749000.0,749000.0,CONDO,CONDO,Rosedale Moore Park,43.6763033,-79.3838065,2,0,1,1100.0
775000.0,798000.0,775000.0,CONDO,CONDO,Bay Street Corridor,43.6593726,-79.3825439,2,0,2,850.0
780000.0,789000.0,780000.0,CONDO,CONDO,Church Yonge Corridor,43.6515293,-79.375757,2,0,1,750.0
715000.0,739000.0,715000.0,CONDO,CONDO,Waterfront Communities C1,43.6402683,-79.3960141,2,1,2,750.0
760000.0,839000.0,760000.0,CONDO,CONDO,Kensington Chinatown,43.6558252,-79.3901984,2,1,2,1100.0
750000.0,774900.0,750000.0,CONDO,CONDO,Mount Pleasant West,43.7098418,-79.396432,2,0,2,850.0
791000.0,849000.0,791000.0,CONDO,CONDO,Church Yonge Corridor,43.6687952,-79.3839693,1,1,1,750.0
720000.0,749888.0,720000.0,CONDO,CONDO,Church Yonge Corridor,43.650055,-79.3749505,2,0,2,950.0
705000.0,717500.0,705000.0,CONDO,CONDO,Waterfront Communities The Island,43.642422,-79.3755829,1,1,1,950.0
705000.0,720000.0,705000.0,CONDO,CONDO,Waterfront Communities C1,43.6457563,-79.391927,2,0,2,850.0
750000.0,769000.0,750000.0,CONDO,CONDO,Regent Park,43.6610068,-79.3603549,3,0,2,1100.0
703000.0,745000.0,703000.0,CONDO,CONDO,North St James Town,43.6714676,-79.3716943,2,1,2,850.0
795000.0,699000.0,795000.0,CONDO,CONDO,Church-Yonge Corridor,43.6663783,-79.38456,2,1,2,650.0
780000.0,797000.0,780000.0,CONDO,CONDO,Waterfront Communities The Island,43.6428671,-79.3927744,2,1,2,850.0
775000.0,799000.0,775000.0,CONDO,CONDO,Waterfront Communities The Island,43.6430829,-79.4018327,1,0,1,750.0
705000.0,714900.0,705000.0,CONDO,CONDO,Waterfront Communities The Island,43.64236469999999,-79.3725585,1,1,1,650.0
712512.0,749000.0,712512.0,CONDO,CONDO,Waterfront Communities C1,43.6388732,-79.3986617,2,0,2,850.0
720000.0,738800.0,720000.0,CONDO,CONDO,South Riverdale,43.66513339999999,-79.3414981,2,1,2,750.0
705000.0,755000.0,705000.0,CONDO,CONDO,Mount Pleasant West,43.70436979999999,-79.3971126,2,0,2,850.0
775000.0,775000.0,775000.0,CONDO,CONDO,Trinity-Bellwoods,43.6466631,-79.4193289,1,1,1,750.0
735000.0,725000.0,735000.0,CONDO,CONDO,Church Yonge Corridor,43.6705684,-79.3814562,2,0,1,850.0
775000.0,698000.0,775000.0,CONDO,CONDO,Waterfront Communities The Island,43.6401213,-79.3812266,1,2,2,850.0
755000.0,788000.0,755000.0,CONDO,CONDO,Bay Street Corridor,43.65886,-79.384741,2,1,2,1100.0
712500.0,735000.0,712500.0,CONDO,CONDO,Islington City Centre West,43.649568,-79.5265828,2,0,2,1300.0
770000.0,829900.0,770000.0,CONDO,CONDO,Rosedale Moore Park,43.6736768,-79.3755145,2,0,2,950.0
725000.0,739900.0,725000.0,CONDO,CONDO,Niagara,43.6433727,-79.4041107,2,2,2,1100.0
800000.0,799000.0,800000.0,CONDO,CONDO,North St. James Town,43.6679848,-79.3755762,2,1,2,850.0
799900.0,799900.0,799900.0,CONDO,CONDO,Waterfront Communities C8,43.6443936,-79.363966,2,0,2,850.0
795000.0,830000.0,795000.0,CONDO,CONDO,Niagara,43.6369794,-79.4060787,2,1,2,950.0
760000.0,799000.0,760000.0,CONDO,CONDO,Bay Street Corridor,43.6648039,-79.3869669,3,0,2,750.0
720000.0,689000.0,720000.0,CONDO,CONDO,Waterfront Communities The Island,43.6409947,-79.3945703,2,0,2,750.0
705000.0,714990.0,705000.0,CONDO,CONDO,Roncesvalles,43.6518342,-79.4501093,1,1,1,750.0
795000.0,829000.0,795000.0,CONDO,CONDO,High Park Swansea,43.6372542,-79.4733446,2,1,2,1300.0
755000.0,779900.0,755000.0,CONDO,CONDO,Church-Yonge Corridor,43.65501680000001,-79.3746312,3,0,2,850.0
795000.0,809900.0,795000.0,CONDO,CONDO,Little Portugal,43.6429591,-79.4276593,2,0,2,850.0
720000.0,749000.0,720000.0,CONDO,CONDO,Waterfront Communities The Island,43.641419,-79.3995785,1,1,1,950.0
750000.0,739900.0,750000.0,CONDO,CONDO,Waterfront Communities C1,43.6472635,-79.401522,1,1,2,750.0
714000.0,740000.0,714000.0,CONDO,CONDO,Waterfront Communities The Island,43.6430829,-79.4018327,1,0,1,750.0
770000.0,799000.0,770000.0,CONDO,CONDO,Waterfront Communities C1,43.6406527,-79.3957762,2,0,2,850.0
755000.0,764900.0,755000.0,CONDO,CONDO,Church Yonge Corridor,43.6632004,-79.3777681,2,0,2,850.0
735000.0,699999.0,735000.0,CONDO,CONDO,Church-Yonge Corridor,43.6610047,-79.3786891,2,1,2,850.0
790000.0,799900.0,790000.0,CONDO,CONDO,High Park Swansea,43.6481789,-79.4874357,1,1,2,750.0
752800.0,690000.0,752800.0,CONDO,CONDO,Waterfront Communities C1,43.6456671,-79.3915454,3,0,2,950.0
710000.0,789000.0,710000.0,CONDO,CONDO,Bay Street Corridor,43.6617616,-79.3836302,2,1,2,850.0
752000.0,749000.0,752000.0,CONDO,CONDO,Forest Hill South,43.7016568,-79.4212468,2,0,1,1100.0
748000.0,790000.0,748000.0,CONDO,CONDO,Waterfront Communities C1,43.6417088,-79.3793164,2,0,2,750.0
750000.0,825000.0,750000.0,CONDO,CONDO,Waterfront Communities C8,43.6462809,-79.3613713,1,1,2,850.0
775000.0,799000.0,775000.0,CONDO,CONDO,Waterfront Communities C1,43.6402683,-79.3960141,2,1,2,1100.0
800000.0,820000.0,800000.0,CONDO,CONDO,High Park Swansea,43.6391101,-79.4725886,3,0,2,1300.0
772000.0,799000.0,772000.0,CONDO,CONDO,Church-Yonge Corridor,43.6564615,-79.3767046,3,0,3,950.0
784900.0,784900.0,784900.0,CONDO,CONDO,Church-Yonge Corridor,43.6688688,-79.38351109999999,1,0,1,650.0
755000.0,775000.0,755000.0,CONDO,CONDO,Little Portugal,43.6423402,-79.4259346,2,0,1,750.0
750000.0,769800.0,750000.0,CONDO,CONDO,Mount Pleasant East,43.6959683,-79.3957747,1,0,1,750.0
710000.0,759000.0,710000.0,CONDO,CONDO,Church Yonge Corridor,43.6637914,-79.3830261,2,1,2,1300.0
776888.0,799900.0,776888.0,CONDO,CONDO,Waterfront Communities C1,43.6460155,-79.3940644,2,0,2,850.0
721600.0,769000.0,721600.0,CONDO,CONDO,Annex,43.6748081,-79.3996562,2,0,2,650.0
725000.0,739000.0,725000.0,CONDO,CONDO,Niagara,43.63681589999999,-79.4057785,2,0,2,850.0
750000.0,785000.0,750000.0,CONDO,CONDO,Bay Street Corridor,43.661732,-79.384173,2,0,2,750.0
770000.0,699000.0,770000.0,CONDO,CONDO,Niagara,43.6371837,-79.4018766,3,0,2,850.0
768000.0,839000.0,768000.0,CONDO,CONDO,Bay Street Corridor,43.6601368,-79.3858692,2,0,2,750.0
718000.0,749000.0,718000.0,CONDO,CONDO,Waterfront Communities C1,43.641872,-79.3796564,2,0,2,750.0
760000.0,799900.0,760000.0,CONDO,CONDO,Mount Pleasant West,43.706012,-79.3953296,3,0,2,850.0
745000.0,609900.0,745000.0,CONDO,CONDO,Bay Street Corridor,43.6596665,-79.3859262,2,0,2,950.0
712500.0,729000.0,712500.0,CONDO,CONDO,Niagara,43.6395782,-79.4113325,2,0,2,750.0
760000.0,762000.0,760000.0,CONDO,CONDO,Wychwood,43.68015,-79.431791,2,0,2,750.0
715000.0,715000.0,715000.0,CONDO,CONDO,Church-Yonge Corridor,43.6560452,-79.377275,2,0,2,750.0
750000.0,759000.0,750000.0,CONDO,CONDO,Waterfront Communities The Island,43.641921,-79.3758133,2,0,2,950.0
795000.0,850000.0,795000.0,CONDO,CONDO,Niagara,43.6372054,-79.4035754,2,1,2,950.0
725000.0,749000.0,725000.0,CONDO,CONDO,Bay Street Corridor,43.6671043,-79.38856899999999,1,0,1,550.0
765000.0,785000.0,765000.0,CONDO,CONDO,Dufferin Grove,43.6574768,-79.445671,2,1,2,850.0
720000.0,724900.0,720000.0,CONDO,CONDO,South Riverdale,43.6580467,-79.3415625,2,0,2,750.0
730000.0,749900.0,730000.0,CONDO,CONDO,Waterfront Communities The Island,43.6496778,-79.3700412,1,1,1,1300.0
769000.0,799900.0,769000.0,CONDO,CONDO,North St James Town,43.6671746,-79.3763191,2,0,2,850.0
785000.0,849000.0,785000.0,CONDO,CONDO,Annex,43.6748081,-79.3996562,2,0,2,750.0
800000.0,830000.0,800000.0,CONDO,CONDO,Church Yonge Corridor,43.6692692,-79.3903495,2,0,2,850.0
722500.0,739900.0,722500.0,CONDO,CONDO,Niagara,43.6384589,-79.4140635,2,0,1,850.0
782000.0,799900.0,782000.0,CONDO,CONDO,North St James Town,43.6671746,-79.3763191,2,0,2,850.0
730000.0,775000.0,730000.0,CONDO,CONDO,Niagara,43.6409911,-79.4143265,1,1,2,850.0
739500.0,749000.0,739500.0,CONDO,CONDO,The Beaches,43.66765,-79.3038,1,1,1,650.0
748000.0,798800.0,748000.0,CONDO,CONDO,Annex,43.668542,-79.397174,1,1,1,650.0
738000.0,769900.0,738000.0,CONDO,CONDO,Niagara,43.6396262,-79.4157955,2,0,2,850.0
800000.0,828000.0,800000.0,CONDO,CONDO,Annex,43.6683065,-79.4013115,1,0,1,750.0
707500.0,769900.0,707500.0,CONDO,CONDO,Bay Street Corridor,43.6676702,-79.3864205,1,1,2,750.0
715000.0,749000.0,715000.0,CONDO,CONDO,Niagara,43.638563,-79.412811,2,1,2,750.0
760000.0,799800.0,760000.0,CONDO,CONDO,Mount Pleasant West,43.7069544,-79.395016,2,0,2,850.0
730000.0,745000.0,730000.0,CONDO,CONDO,Mount Pleasant West,43.6962091,-79.394817,2,0,2,950.0
730000.0,760000.0,730000.0,CONDO,CONDO,Waterfront Communities The Island,43.6445412,-79.3764773,2,0,2,850.0
725000.0,749000.0,725000.0,CONDO,CONDO,Waterfront Communities C1,43.6460155,-79.3940644,1,1,2,750.0
732500.0,749000.0,732500.0,CONDO,CONDO,Waterfront Communities The Island,43.6450517,-79.3988327,2,0,1,850.0
715000.0,739000.0,715000.0,CONDO,CONDO,Waterfront Communities C8,43.65032,-79.36670149999999,2,1,2,750.0
717000.0,725000.0,717000.0,CONDO,CONDO,Waterfront Communities The Island,43.6430971,-79.3916393,2,1,2,850.0
785000.0,785000.0,785000.0,CONDO,CONDO,Waterfront Communities C1,43.6468455,-79.4028294,1,1,1,750.0
755000.0,769000.0,755000.0,CONDO,CONDO,Niagara,43.6430001,-79.4038183,2,1,1,1100.0
770000.0,795900.0,770000.0,CONDO,CONDO,South Riverdale,43.6576395,-79.350917,2,1,2,850.0
720000.0,740000.0,720000.0,CONDO,CONDO,Little Portugal,43.6423906,-79.4247385,2,1,2,850.0
708800.0,708800.0,708800.0,CONDO,CONDO,High Park-Swansea,43.6361883,-79.46728569999999,2,1,2,750.0
750000.0,799000.0,750000.0,CONDO,CONDO,Annex,43.6683065,-79.4013115,1,1,1,850.0
718000.0,740000.0,718000.0,CONDO,CONDO,Moss Park,43.6543815,-79.36304299999999,2,0,2,850.0
712000.0,714900.0,712000.0,CONDO,CONDO,Moss Park,43.6565512,-79.3574839,1,1,1,750.0
770000.0,839900.0,770000.0,CONDO,CONDO,Waterfront Communities C1,43.6490838,-79.392082,2,0,2,950.0
750000.0,799000.0,750000.0,CONDO,CONDO,Church Yonge Corridor,43.6515293,-79.375757,1,1,2,850.0
740000.0,799000.0,740000.0,CONDO,CONDO,Kensington Chinatown,43.6558252,-79.3901984,2,0,2,1500.0
800000.0,825000.0,800000.0,CONDO,CONDO,Mount Pleasant West,43.7101893,-79.3924333,2,0,2,750.0
770000.0,800000.0,770000.0,CONDO,CONDO,Waterfront Communities C8,43.6501177,-79.3579349,2,0,2,850.0
710000.0,730000.0,710000.0,CONDO,CONDO,Waterfront Communities C1,43.6455537,-79.3909453,2,0,2,650.0
760888.0,828000.0,760888.0,CONDO,CONDO,Kensington-Chinatown,43.64938189999999,-79.39800629999999,2,0,2,850.0
799000.0,839999.0,799000.0,CONDO,CONDO,Church-Yonge Corridor,43.6605208,-79.3785421,3,0,2,850.0
740000.0,779000.0,740000.0,CONDO,CONDO,Regent Park,43.6611615,-79.35954439999999,2,1,2,850.0
769000.0,779900.0,769000.0,CONDO,CONDO,Waterfront Communities The Island,43.6414554,-79.3912936,2,0,2,950.0
775000.0,688000.0,775000.0,CONDO,CONDO,Niagara,43.6348247,-79.40156,2,0,2,850.0
760000.0,799900.0,760000.0,CONDO,CONDO,Weston Pellam Park,43.6735315,-79.46210479999999,2,1,2,950.0
780000.0,790000.0,780000.0,CONDO,CONDO,Niagara,43.6409419,-79.40371499999999,3,0,2,950.0
761000.0,799000.0,761000.0,CONDO,CONDO,Waterfront Communities C8,43.6465406,-79.3761004,2,0,2,850.0
710000.0,799900.0,710000.0,CONDO,CONDO,Kensington Chinatown,43.6530828,-79.3900382,2,0,2,850.0
710000.0,750000.0,710000.0,CONDO,CONDO,Niagara,43.6412424,-79.414406,2,0,2,850.0
755000.0,699500.0,755000.0,CONDO,CONDO,Trinity Bellwoods,43.6558703,-79.4085742,2,0,1,750.0
775000.0,798000.0,775000.0,CONDO,CONDO,Bay Street Corridor,43.6694723,-79.3874877,2,0,2,850.0
765000.0,799999.0,765000.0,CONDO,CONDO,Church Yonge Corridor,43.6518649,-79.3760066,2,1,2,1300.0
800000.0,799900.0,800000.0,CONDO,CONDO,Blake-Jones,43.6811252,-79.3324348,2,1,2,950.0
750000.0,775000.0,750000.0,CONDO,CONDO,Niagara,43.6396998,-79.40901559999999,2,0,2,850.0
750800.0,779000.0,750800.0,CONDO,CONDO,Church-Yonge Corridor,43.6622339,-79.3792506,2,0,2,850.0
765000.0,798000.0,765000.0,CONDO,CONDO,Rosedale Moore Park,43.6834252,-79.3916054,1,1,1,850.0
765000.0,799000.0,765000.0,CONDO,CONDO,Bay Street Corridor,43.6593726,-79.3825439,2,0,2,850.0
725000.0,738000.0,725000.0,CONDO,CONDO,Hillcrest Village,43.7949008,-79.3520204,3,0,2,1700.0
800000.0,819900.0,800000.0,CONDO,CONDO,Roncesvalles,43.6533402,-79.4501068,2,0,1,1100.0
744000.0,749000.0,744000.0,CONDO,CONDO,Church-Yonge Corridor,43.6519098,-79.3770909,2,1,2,950.0
795000.0,869000.0,795000.0,CONDO,CONDO,Mount Pleasant West,43.7086965,-79.3967069,2,0,2,850.0
780000.0,799000.0,780000.0,CONDO,CONDO,Mount Pleasant East,43.7125911,-79.3776798,2,0,2,1300.0
705000.0,720000.0,705000.0,CONDO,CONDO,Annex,43.6683065,-79.4013115,1,1,1,850.0
720000.0,798000.0,720000.0,CONDO,CONDO,Bay Street Corridor,43.6620243,-79.3865463,2,0,2,850.0
718000.0,735000.0,718000.0,CONDO,CONDO,Waterfront Communities The Island,43.6440617,-79.3894386,1,1,1,650.0
705000.0,719000.0,705000.0,CONDO,CONDO,Trinity-Bellwoods,43.6466631,-79.4193289,1,1,1,750.0
792500.0,819000.0,792500.0,CONDO,CONDO,Waterfront Communities C1,43.6475291,-79.38995589999999,2,0,2,850.0
795000.0,825000.0,795000.0,CONDO,CONDO,Waterfront Communities The Island,43.6427513,-79.3769186,2,0,2,850.0
750000.0,769000.0,750000.0,CONDO,CONDO,Waterfront Communities C1,43.6466285,-79.4017026,3,0,2,850.0
780000.0,799000.0,780000.0,CONDO,CONDO,Mount Pleasant East,43.7116204,-79.3955165,2,0,2,850.0
722000.0,749000.0,722000.0,CONDO,CONDO,Waterfront Communities The Island,43.6460155,-79.3940644,1,1,2,750.0
710000.0,699900.0,710000.0,CONDO,CONDO,Church Yonge Corridor,43.6557976,-79.3750325,3,0,2,850.0
760000.0,828888.0,760000.0,CONDO,CONDO,Niagara,43.6372054,-79.4035754,2,1,2,950.0
720000.0,730888.0,720000.0,CONDO,CONDO,Roncesvalles,43.6518342,-79.4501093,1,1,2,750.0
765000.0,829000.0,765000.0,CONDO,CONDO,Bay Street Corridor,43.6691837,-79.3873558,2,0,2,750.0
723500.0,729900.0,723500.0,CONDO,CONDO,Church Yonge Corridor,43.6700844,-79.3805554,2,0,2,850.0
750000.0,749000.0,750000.0,CONDO,CONDO,Mount Pleasant West,43.7084796,-79.3975213,2,0,2,850.0
755000.0,755000.0,755000.0,CONDO,CONDO,Annex,43.6716658,-79.3881636,1,1,2,550.0
750000.0,759000.0,750000.0,CONDO,CONDO,Bay Street Corridor,43.6592713,-79.3849163,2,1,2,1100.0
760000.0,799000.0,760000.0,CONDO,CONDO,Waterfront Communities C1,43.6453719,-79.39144859999999,2,0,2,750.0
730000.0,648880.0,730000.0,CONDO,CONDO,Waterfront Communities C1,43.6388732,-79.3986617,2,0,2,850.0
735000.0,775000.0,735000.0,CONDO,CONDO,Bay Street Corridor,43.6548441,-79.3846797,2,0,2,750.0
725000.0,779000.0,725000.0,CONDO,CONDO,Waterfront Communities C8,43.65032,-79.36670149999999,3,0,2,850.0
708000.0,739000.0,708000.0,CONDO,CONDO,Bay Street Corridor,43.6593726,-79.3825439,2,0,2,750.0
728000.0,748880.0,728000.0,CONDO,CONDO,Moss Park,43.65032,-79.36670149999999,2,1,2,850.0
725000.0,729990.0,725000.0,CONDO,CONDO,Waterfront Communities The Island,43.64671,-79.401759,2,1,2,850.0
770000.0,788000.0,770000.0,CONDO,CONDO,Waterfront Communities C1,43.6476771,-79.39335820000001,2,1,2,750.0
740000.0,749900.0,740000.0,CONDO,CONDO,Moss Park,43.6529119,-79.3703524,2,0,1,850.0
712000.0,768800.0,712000.0,CONDO,CONDO,Palmerston Little Italy,43.6566249,-79.4083695,1,1,1,850.0
725000.0,725000.0,725000.0,CONDO,CONDO,Moss Park,43.6452413,-79.39707179999999,1,0,1,750.0
770000.0,888000.0,770000.0,CONDO,CONDO,Annex,43.6726027,-79.3953805,1,0,2,850.0
779000.0,799000.0,779000.0,CONDO,CONDO,Waterfront Communities The Island,43.6457578,-79.3946255,2,0,2,850.0
745000.0,749800.0,745000.0,CONDO,CONDO,Mount Pleasant West,43.7098418,-79.396432,2,0,2,850.0
765000.0,799000.0,765000.0,CONDO,CONDO,South Riverdale,43.6584655,-79.3527106,2,0,2,750.0
740000.0,740000.0,740000.0,CONDO,CONDO,Annex,43.6716658,-79.3881636,1,1,2,550.0
710000.0,750000.0,710000.0,CONDO,CONDO,Waterfront Communities The Island,43.6388732,-79.3986617,2,0,2,850.0
750000.0,788888.0,750000.0,CONDO,CONDO,Church Yonge Corridor,43.6632004,-79.3777681,2,0,2,850.0
745000.0,765000.0,745000.0,CONDO,CONDO,Waterfront Communities The Island,43.6468825,-79.4008445,2,0,1,850.0
715000.0,748000.0,715000.0,CONDO,CONDO,Waterfront Communities The Island,43.6400887,-79.3939574,2,0,2,750.0
716000.0,738000.0,716000.0,CONDO,CONDO,Mount Pleasant West,43.706024,-79.395282,2,0,2,750.0
740000.0,768000.0,740000.0,CONDO,CONDO,Niagara,43.6382738,-79.415117,2,0,2,950.0
720000.0,768800.0,720000.0,CONDO,CONDO,Regent Park,43.6605932,-79.3593489,3,0,2,1100.0
750000.0,799000.0,750000.0,CONDO,CONDO,Waterfront Communities The Island,43.6429451,-79.3805034,2,0,2,850.0
773000.0,799000.0,773000.0,CONDO,CONDO,Waterfront Communities C1,43.6476771,-79.39335820000001,2,1,2,750.0
791000.0,839000.0,791000.0,CONDO,CONDO,Church Yonge Corridor,43.6631942,-79.3836379,2,1,2,850.0
755000.0,769000.0,755000.0,CONDO,CONDO,Dufferin Grove,43.6574768,-79.445671,2,0,2,850.0
785000.0,829000.0,785000.0,CONDO,CONDO,Waterfront Communities C1,43.6478311,-79.391115,2,0,2,850.0
704000.0,699000.0,704000.0,CONDO,CONDO,Niagara,43.6430001,-79.4038183,2,0,1,1100.0
765000.0,775000.0,765000.0,CONDO,CONDO,Church Yonge Corridor,43.6516637,-79.37691699999999,1,1,2,750.0
768000.0,768000.0,768000.0,CONDO,CONDO,Mount Pleasant West,43.7116204,-79.3955165,2,0,2,750.0
750000.0,794999.0,750000.0,CONDO,CONDO,Waterfront Communities C1,43.645369,-79.39169559999999,1,1,1,550.0
755000.0,775000.0,755000.0,CONDO,CONDO,Waterfront Communities C8,43.641973,-79.3735899,2,0,1,650.0
780000.0,829000.0,780000.0,CONDO,CONDO,Waterfront Communities C1,43.6411026,-79.3926535,2,0,2,750.0
799900.0,799900.0,799900.0,CONDO,CONDO,Waterfront Communities C8,43.65032,-79.36670149999999,3,0,3,950.0
740000.0,761990.0,740000.0,CONDO,CONDO,Niagara,43.64081179999999,-79.40365039999999,2,1,2,850.0
715000.0,868000.0,715000.0,CONDO,CONDO,Kensington Chinatown,43.6535764,-79.3889422,2,0,2,750.0
706000.0,720000.0,706000.0,CONDO,CONDO,Regent Park,43.6601105,-79.3605898,2,1,2,850.0
780000.0,799900.0,780000.0,CONDO,CONDO,Rosedale Moore Park,43.6807098,-79.3894335,2,0,1,850.0
764000.0,799999.0,764000.0,CONDO,CONDO,Niagara,43.6382738,-79.415117,2,0,2,850.0
750000.0,770000.0,750000.0,CONDO,CONDO,Bay Street Corridor,43.6548441,-79.3846797,1,1,2,750.0
710000.0,729900.0,710000.0,CONDO,CONDO,Waterfront Communities C8,43.6498798,-79.3669199,2,0,2,850.0
782500.0,810000.0,782500.0,CONDO,CONDO,Waterfront Communities C1,43.6372901,-79.4063505,2,0,2,950.0
710000.0,749000.0,710000.0,CONDO,CONDO,Wychwood,43.6833566,-79.4186353,2,0,1,750.0
720000.0,799900.0,720000.0,CONDO,CONDO,Rosedale Moore Park,43.6747867,-79.3851322,2,0,2,1100.0
750000.0,769000.0,750000.0,CONDO,CONDO,Waterfront Communities C1,43.6456213,-79.3919338,2,0,2,850.0
770000.0,779000.0,770000.0,CONDO,CONDO,Church Yonge Corridor,43.6634632,-79.3781203,2,0,2,850.0
755000.0,778000.0,755000.0,CONDO,CONDO,Mount Pleasant West,43.7075225,-79.392402,2,0,2,850.0
780990.0,740000.0,780990.0,CONDO,CONDO,Church Yonge Corridor,43.6562121,-79.377251,2,0,2,750.0
750000.0,780000.0,750000.0,CONDO,CONDO,Waterfront Communities The Island,43.6400653,-79.3784948,1,1,1,1300.0
770000.0,785000.0,770000.0,CONDO,CONDO,Yonge St Clair,43.6869763,-79.3957614,2,0,2,950.0
717000.0,749000.0,717000.0,CONDO,CONDO,Waterfront Communities The Island,43.6429911,-79.37647369999999,2,0,2,850.0
747000.0,749900.0,747000.0,CONDO,CONDO,Niagara,43.636608,-79.4048673,2,1,2,950.0
794500.0,819900.0,794500.0,CONDO,CONDO,Waterfront Communities C1,43.6404408,-79.3971889,2,0,2,850.0
750000.0,799000.0,750000.0,CONDO,CONDO,Waterfront Communities C1,43.6404408,-79.3971889,2,0,2,850.0
798000.0,798000.0,798000.0,CONDO,CONDO,Kensington Chinatown,43.64938189999999,-79.39800629999999,2,0,2,850.0
740000.0,779800.0,740000.0,CONDO,CONDO,Church Yonge Corridor,43.6632004,-79.3777681,2,0,2,850.0
800000.0,819000.0,800000.0,CONDO,CONDO,Church Yonge Corridor,43.6492853,-79.3738227,1,0,1,1100.0
710000.0,729000.0,710000.0,CONDO,CONDO,Waterfront Communities The Island,43.6400003,-79.3788904,1,0,1,750.0
790000.0,835999.0,790000.0,CONDO,CONDO,Moss Park,43.652588,-79.3676913,2,0,2,950.0
770000.0,799000.0,770000.0,CONDO,CONDO,Kensington Chinatown,43.6567324,-79.392335,2,0,2,850.0
759000.0,759900.0,759000.0,CONDO,CONDO,Mount Pleasant West,43.7081974,-79.397159,3,0,2,950.0
708000.0,749000.0,708000.0,CONDO,CONDO,North St James Town,43.6679848,-79.3755762,2,0,2,850.0
715000.0,715000.0,715000.0,CONDO,CONDO,Waterfront Communities The Island,43.641921,-79.3758133,1,1,2,950.0
731965.0,799000.0,731965.0,CONDO,CONDO,Waterfront Communities C1,43.6425442,-79.3814615,3,0,2,950.0
740000.0,735900.0,740000.0,CONDO,CONDO,Waterfront Communities The Island,43.6429451,-79.3805034,2,0,2,850.0
749000.0,779990.0,749000.0,CONDO,CONDO,Niagara,43.6409419,-79.40371499999999,3,0,2,950.0
755000.0,789000.0,755000.0,CONDO,CONDO,Mount Pleasant East,43.7106496,-79.37734,2,0,2,1100.0
700000.0,748000.0,700000.0,CONDO,CONDO,Waterfront Communities C1,43.6476771,-79.39335820000001,2,0,2,750.0
740000.0,750000.0,740000.0,CONDO,CONDO,Mount Pleasant West,43.6968333,-79.3939934,2,0,2,950.0
760000.0,759900.0,760000.0,CONDO,CONDO,Wychwood,43.68015,-79.431791,2,0,2,750.0
730000.0,750000.0,730000.0,CONDO,CONDO,Kensington Chinatown,43.6552416,-79.3903243,1,1,2,1100.0
704000.0,720000.0,704000.0,CONDO,CONDO,Regent Park,43.6594036,-79.3611785,2,1,2,850.0
795000.0,849000.0,795000.0,CONDO,CONDO,Annex,43.6720081,-79.3879319,2,0,2,750.0
739000.0,739000.0,739000.0,CONDO,CONDO,Mount Pleasant West,43.6974804,-79.388455,2,0,2,950.0
710000.0,752000.0,710000.0,CONDO,CONDO,Waterfront Communities The Island,43.6457578,-79.3946255,1,1,2,750.0
735000.0,750000.0,735000.0,CONDO,CONDO,Yonge St Clair,43.6892416,-79.3952485,1,1,2,750.0
725000.0,759000.0,725000.0,CONDO,CONDO,Mount Pleasant West,43.6978398,-79.3871947,2,0,2,850.0
760000.0,824999.0,760000.0,CONDO,CONDO,Church Yonge Corridor,43.650055,-79.3749505,2,1,2,1100.0
755000.0,760000.0,755000.0,CONDO,CONDO,Church Yonge Corridor,43.6705684,-79.3814562,2,0,2,850.0
700000.0,739900.0,700000.0,CONDO,CONDO,Church Yonge Corridor,43.6515293,-79.375757,2,0,1,750.0
799900.0,799900.0,799900.0,CONDO,CONDO,Rosedale Moore Park,43.6720296,-79.3798098,2,1,2,950.0
780000.0,818900.0,780000.0,CONDO,CONDO,Waterfront Communities C1,43.6471495,-79.3996343,1,1,1,650.0
700000.0,740000.0,700000.0,CONDO,CONDO,Church-Yonge Corridor,43.6696427,-79.3805547,2,0,2,850.0
725000.0,799000.0,725000.0,CONDO,CONDO,Waterfront Communities C1,43.6475291,-79.38995589999999,2,0,2,850.0
752800.0,789000.0,752800.0,CONDO,CONDO,Church Yonge Corridor,43.6613867,-79.3804382,2,1,2,1300.0
790000.0,798000.0,790000.0,CONDO,CONDO,Waterfront Communities The Island,43.6409947,-79.3945703,2,1,2,950.0
745000.0,778000.0,745000.0,CONDO,CONDO,Church Yonge Corridor,43.6631942,-79.3836379,2,1,2,850.0
755000.0,769000.0,755000.0,CONDO,CONDO,North St James Town,43.6717697,-79.3715704,2,0,2,850.0
763000.0,769123.0,763000.0,CONDO,CONDO,Niagara,43.643012,-79.406201,2,0,2,850.0
757500.0,819000.0,757500.0,CONDO,CONDO,Waterfront Communities C1,43.6417088,-79.3793164,2,0,2,750.0
765000.0,788800.0,765000.0,CONDO,CONDO,Moss Park,43.65032,-79.36670149999999,3,0,3,950.0
724000.0,799000.0,724000.0,CONDO,CONDO,Waterfront Communities C1,43.6475103,-79.3927254,2,0,2,750.0
751000.0,699000.0,751000.0,CONDO,CONDO,Waterfront Communities The Island,43.6416066,-79.3719866,1,1,1,650.0
772500.0,798000.0,772500.0,CONDO,CONDO,High Park Swansea,43.6362926,-79.47046279999999,2,0,2,950.0
702000.0,749000.0,702000.0,CONDO,CONDO,Waterfront Communities C1,43.6409222,-79.39398299999999,2,1,2,850.0
715000.0,749000.0,715000.0,CONDO,CONDO,Waterfront Communities The Island,43.6393446,-79.3929716,1,1,1,750.0
735000.0,759000.0,735000.0,CONDO,CONDO,Little Portugal,43.6429591,-79.4276593,2,0,1,850.0
760000.0,789900.0,760000.0,CONDO,CONDO,Waterfront Communities C1,43.6367593,-79.3978503,2,1,2,950.0
715000.0,778800.0,715000.0,CONDO,CONDO,Mount Pleasant West,43.7070855,-79.3977452,2,1,2,750.0
700000.0,704000.0,700000.0,CONDO,CONDO,Mount Pleasant West,43.7115652,-79.3916256,2,0,2,850.0
750000.0,779000.0,750000.0,CONDO,CONDO,Niagara,43.6366747,-79.40647,2,0,2,950.0
735000.0,775000.0,735000.0,CONDO,CONDO,Waterfront Communities C8,43.653226,-79.3831843,2,0,2,850.0
800000.0,848000.0,800000.0,CONDO,CONDO,Waterfront Communities C1,43.6375854,-79.39400429999999,1,0,2,1700.0
725000.0,749000.0,725000.0,CONDO,CONDO,Church Yonge Corridor,43.6492853,-79.3738227,1,0,1,1100.0
780000.0,859000.0,780000.0,CONDO,CONDO,Waterfront Communities C1,43.6490838,-79.392082,2,1,2,950.0
737000.0,729899.0,737000.0,CONDO,CONDO,Waterfront Communities The Island,43.6430829,-79.4018327,1,1,1,750.0
725000.0,819888.0,725000.0,CONDO,CONDO,Waterfront Communities C1,43.6476771,-79.39335820000001,2,0,2,750.0
750000.0,785000.0,750000.0,CONDO,CONDO,Niagara,43.6363712,-79.4027602,2,0,2,950.0
770000.0,799000.0,770000.0,CONDO,CONDO,Waterfront Communities C1,43.6475291,-79.38995589999999,2,0,2,850.0
760000.0,799000.0,760000.0,CONDO,CONDO,Yonge Eglinton,43.7060587,-79.4031118,2,0,2,1100.0
730000.0,750000.0,730000.0,CONDO,CONDO,Cabbagetown South St James Town,43.6649311,-79.3768619,2,0,2,850.0
748000.0,748888.0,748000.0,CONDO,CONDO,Waterfront Communities The Island,43.64196,-79.3754361,2,0,2,750.0
768000.0,850000.0,768000.0,CONDO,CONDO,Waterfront Communities C1,43.6457197,-79.39018159999999,2,0,2,750.0
725000.0,735000.0,725000.0,CONDO,CONDO,Niagara,43.638563,-79.412811,2,0,2,850.0
742000.0,759000.0,742000.0,CONDO,CONDO,Niagara,43.6430001,-79.4038183,2,1,2,1100.0
772000.0,766600.0,772000.0,CONDO,CONDO,North St James Town,43.6717697,-79.3715704,2,0,2,950.0
757000.0,777000.0,757000.0,CONDO,CONDO,High Park Swansea,43.6374048,-79.4721516,2,1,2,1100.0
725000.0,747990.0,725000.0,CONDO,CONDO,Church Yonge Corridor,43.6564615,-79.3767046,3,0,3,950.0
775000.0,699900.0,775000.0,CONDO,CONDO,Niagara,43.6414946,-79.4100723,1,1,1,750.0
755000.0,819000.0,755000.0,CONDO,CONDO,Waterfront Communities C1,43.641872,-79.3796564,2,0,2,750.0
726000.0,749900.0,726000.0,CONDO,CONDO,Church Yonge Corridor,43.6611022,-79.3825928,3,1,2,1100.0
798000.0,798000.0,798000.0,CONDO,CONDO,Annex,43.6753313,-79.3971281,2,0,2,850.0
750000.0,779900.0,750000.0,CONDO,CONDO,Rosedale Moore Park,43.6712941,-79.384925,2,0,2,950.0
750000.0,775000.0,750000.0,CONDO,CONDO,Waterfront Communities The Island,43.6429141,-79.3806469,2,1,2,750.0
743000.0,768000.0,743000.0,CONDO,CONDO,Kensington Chinatown,43.6552416,-79.3903243,1,1,2,1100.0
770000.0,750000.0,770000.0,CONDO,CONDO,Mount Pleasant West,43.7116204,-79.3955165,2,0,2,750.0
795000.0,829000.0,795000.0,CONDO,CONDO,Bay Street Corridor,43.6642638,-79.3855084,2,1,2,750.0
700000.0,775000.0,700000.0,CONDO,CONDO,Waterfront Communities The Island,43.6406816,-79.376999,1,0,1,1100.0
760000.0,758888.0,760000.0,CONDO,CONDO,Woodbine Corridor,43.6851041,-79.3133756,2,0,2,850.0
715000.0,735000.0,715000.0,CONDO,CONDO,Waterfront Communities The Island,43.6503521,-79.3609928,2,0,2,750.0
790000.0,825000.0,790000.0,CONDO,CONDO,Church Yonge Corridor,43.6696371,-79.3805424,2,0,2,850.0
710000.0,599900.0,710000.0,CONDO,CONDO,Wychwood,43.68015,-79.431791,1,1,2,750.0
770000.0,804000.0,770000.0,CONDO,CONDO,Junction Area,43.6667815,-79.4637755,3,0,2,1100.0
710000.0,719000.0,710000.0,CONDO,CONDO,Waterfront Communities C8,43.6494123,-79.37088,2,0,2,850.0
748000.0,780000.0,748000.0,CONDO,CONDO,Church Yonge Corridor,43.6655348,-79.3801464,2,0,2,1100.0
750000.0,799000.0,750000.0,CONDO,CONDO,Waterfront Communities C8,43.65032,-79.36670149999999,3,0,3,850.0
740000.0,769000.0,740000.0,CONDO,CONDO,Waterfront Communities The Island,43.6444922,-79.3908577,2,0,1,850.0
752000.0,774888.0,752000.0,CONDO,CONDO,Waterfront Communities The Island,43.6404932,-79.3949157,2,1,2,950.0
720000.0,759000.0,720000.0,CONDO,CONDO,Mount Pleasant West,43.7069544,-79.395016,2,0,2,750.0
750000.0,799900.0,750000.0,CONDO,CONDO,Niagara,43.6364747,-79.4020594,2,0,2,850.0
780000.0,799000.0,780000.0,CONDO,CONDO,Waterfront Communities C8,43.6471385,-79.37335039999999,3,1,2,1100.0
715000.0,759000.0,715000.0,CONDO,CONDO,Waterfront Communities C1,43.6455537,-79.3909453,2,1,2,750.0
765000.0,699000.0,765000.0,CONDO,CONDO,Church Yonge Corridor,43.6613867,-79.3804382,2,1,2,1300.0
750000.0,799000.0,750000.0,CONDO,CONDO,Waterfront Communities C1,43.6475291,-79.38995589999999,2,1,2,850.0
785000.0,809000.0,785000.0,CONDO,CONDO,Niagara,43.6396262,-79.4157955,2,0,2,850.0
700000.0,728000.0,700000.0,CONDO,CONDO,Waterfront Communities The Island,43.6511969,-79.3589449,3,0,2,1100.0
700000.0,624800.0,700000.0,CONDO,CONDO,Westminster Branson,43.778008,-79.4527173,3,1,2,1500.0
730000.0,739000.0,730000.0,CONDO,CONDO,High Park Swansea,43.6372542,-79.4733446,2,0,2,950.0
703000.0,725000.0,703000.0,CONDO,CONDO,Trinity Bellwoods,43.6556582,-79.4103878,1,1,2,750.0
780000.0,799900.0,780000.0,CONDO,CONDO,Niagara,43.6366747,-79.40647,2,0,2,950.0
700000.0,699000.0,700000.0,CONDO,CONDO,Niagara,43.6370159,-79.4055772,1,1,1,750.0
700000.0,749000.0,700000.0,CONDO,CONDO,Waterfront Communities The Island,43.6432587,-79.3764035,2,0,2,750.0
707500.0,720000.0,707500.0,CONDO,CONDO,Waterfront Communities The Island,43.6416066,-79.3719866,1,1,2,650.0
765000.0,784999.0,765000.0,CONDO,CONDO,Waterfront Communities C8,43.6501177,-79.3579349,2,0,2,850.0
768000.0,799900.0,768000.0,CONDO,CONDO,Bay Street Corridor,43.6596665,-79.3859262,2,0,2,1100.0
758000.0,799000.0,758000.0,CONDO,CONDO,High Park North,43.6543545,-79.4632051,1,1,1,650.0
735000.0,789990.0,735000.0,CONDO,CONDO,Waterfront Communities C8,43.6451075,-79.3692911,2,0,2,650.0
700000.0,739900.0,700000.0,CONDO,CONDO,High Park Swansea,43.63913,-79.474828,2,1,2,1100.0
720000.0,739000.0,720000.0,CONDO,CONDO,High Park Swansea,43.6372542,-79.4733446,2,0,2,950.0
740000.0,749999.0,740000.0,CONDO,CONDO,South Parkdale,43.6362074,-79.4666071,2,0,2,950.0
735000.0,739900.0,735000.0,CONDO,CONDO,Junction Area,43.6667815,-79.4637755,2,0,1,850.0
720000.0,729900.0,720000.0,CONDO,CONDO,Islington City Centre West,43.6426375,-79.5588279,3,0,2,1300.0
799000.0,799000.0,799000.0,CONDO,CONDO,High Park Swansea,43.636943,-79.4689321,2,1,2,1100.0
800000.0,825000.0,800000.0,CONDO,CONDO,High Park North,43.654449,-79.4680817,2,0,2,950.0
706000.0,729000.0,706000.0,CONDO,CONDO,High Park Swansea,43.6363049,-79.4702129,2,0,2,950.0
800000.0,850000.0,800000.0,CONDO,CONDO,Junction Area,43.6650493,-79.4596996,2,0,2,850.0
790000.0,787800.0,790000.0,CONDO,CONDO,Lansing Westgate,43.7642352,-79.4127406,2,0,2,1300.0
720000.0,735000.0,720000.0,CONDO,CONDO,South Riverdale,43.6647797,-79.3409446,2,0,1,850.0
759000.0,760000.0,759000.0,CONDO,CONDO,South Riverdale,43.6653161,-79.3409483,2,1,2,750.0
700000.0,729900.0,700000.0,CONDO,CONDO,South Riverdale,43.6653438,-79.3405167,2,0,2,750.0
730000.0,749000.0,730000.0,CONDO,CONDO,Mount Pleasant West,43.6980064,-79.38836,2,0,2,850.0
735000.0,749000.0,735000.0,CONDO,CONDO,Waterfront Communities The Island,43.6455251,-79.3990684,2,0,1,750.0
715000.0,719000.0,715000.0,CONDO,CONDO,Church-Yonge Corridor,43.6696427,-79.3805547,1,1,1,750.0
710000.0,718000.0,710000.0,CONDO,CONDO,Waterfront Communities C1,43.64798769999999,-79.39183899999999,2,0,1,650.0
800000.0,819000.0,800000.0,CONDO,CONDO,Waterfront Communities C8,43.6505719,-79.3572672,2,1,2,850.0
715000.0,749000.0,715000.0,CONDO,CONDO,Niagara,43.6369794,-79.4060787,2,0,2,750.0
735000.0,740000.0,735000.0,CONDO,CONDO,Rosedale Moore Park,43.6720296,-79.3798098,2,0,2,750.0
800000.0,815000.0,800000.0,CONDO,CONDO,Moss Park,43.6565512,-79.3574839,2,0,2,850.0
750000.0,759900.0,750000.0,CONDO,CONDO,Mount Pleasant West,43.704232,-79.3973465,2,0,2,750.0
785000.0,799000.0,785000.0,CONDO,CONDO,Waterfront Communities C8,43.6449487,-79.3718074,2,0,2,750.0
744000.0,599999.0,744000.0,CONDO,CONDO,Waterfront Communities The Island,43.6414554,-79.3912936,2,1,2,950.0
750000.0,599000.0,750000.0,CONDO,CONDO,Annex,43.6723158,-79.3888155,1,1,2,750.0
760000.0,850000.0,760000.0,CONDO,CONDO,Waterfront Communities The Island,43.6398049,-79.3979687,2,1,2,1100.0
743000.0,759900.0,743000.0,CONDO,CONDO,Dufferin Grove,43.6502967,-79.4363154,1,1,1,950.0
725000.0,749900.0,725000.0,CONDO,CONDO,Casa Loma,43.67711389999999,-79.40591739999999,2,0,2,850.0
790000.0,799900.0,790000.0,CONDO,CONDO,Yonge St Clair,43.6867181,-79.3965311,1,1,1,850.0
742000.0,779900.0,742000.0,CONDO,CONDO,Mount Pleasant West,43.704232,-79.3973465,2,0,2,850.0
885000.0,899900.0,885000.0,CONDO,CONDO,Waterfront Communities The Island,43.6399005,-79.3905103,2,1,2,950.0
880000.0,899000.0,880000.0,CONDO,CONDO,South Riverdale,43.6580467,-79.3415625,2,0,2,950.0
805000.0,829000.0,805000.0,CONDO,CONDO,Waterfront Communities The Island,43.6480159,-79.3968889,1,1,2,850.0
815000.0,829000.0,815000.0,CONDO,CONDO,Waterfront Communities The Island,43.6480159,-79.3968889,2,0,2,850.0
880000.0,929000.0,880000.0,CONDO,CONDO,Annex,43.67331189999999,-79.415925,2,1,2,850.0
830000.0,897880.0,830000.0,CONDO,CONDO,Waterfront Communities C1,43.6476028,-79.39076,2,0,2,1100.0
840000.0,899900.0,840000.0,CONDO,CONDO,Moss Park,43.6566436,-79.3547917,2,0,2,950.0
850000.0,859000.0,850000.0,CONDO,CONDO,Waterfront Communities The Island,43.6461536,-79.3752086,2,0,2,1100.0
822000.0,829000.0,822000.0,CONDO,CONDO,Waterfront Communities C8,43.65281359999999,-79.35544329999999,2,1,2,950.0
880000.0,899000.0,880000.0,CONDO,CONDO,Rosedale Moore Park,43.6861363,-79.39289,2,1,2,1100.0
888000.0,949000.0,888000.0,CONDO,CONDO,Waterfront Communities C8,43.6453305,-79.3613714,2,0,2,950.0
865000.0,899000.0,865000.0,CONDO,CONDO,Church Yonge Corridor,43.6652947,-79.3816751,2,0,2,1500.0
820000.0,799900.0,820000.0,CONDO,CONDO,Waterfront Communities C1,43.6348247,-79.40156,2,0,2,850.0
825000.0,829000.0,825000.0,CONDO,CONDO,East End-Danforth,43.6854106,-79.29283579999999,2,1,2,1500.0
850500.0,868888.0,850500.0,CONDO,CONDO,Bay Street Corridor,43.6691837,-79.3873558,2,0,3,950.0
850000.0,849000.0,850000.0,CONDO,CONDO,North Riverdale,43.6673566,-79.34498339999999,2,0,2,950.0
805000.0,839000.0,805000.0,CONDO,CONDO,The Beaches,43.6693186,-79.2918002,2,0,1,1100.0
890000.0,919000.0,890000.0,CONDO,CONDO,Moss Park,43.6521176,-79.3714605,2,1,2,950.0
840000.0,799000.0,840000.0,CONDO,CONDO,Annex,43.6712816,-79.3878259,2,0,2,750.0
858000.0,899000.0,858000.0,CONDO,CONDO,Mount Pleasant West,43.705293,-79.3972641,2,0,2,950.0
870000.0,928800.0,870000.0,CONDO,CONDO,Waterfront Communities C1,43.6459498,-79.3897558,2,0,2,850.0
860000.0,949000.0,860000.0,CONDO,CONDO,Forest Hill South,43.6861204,-79.4171226,2,0,2,1500.0
830000.0,859000.0,830000.0,CONDO,CONDO,Regent Park,43.6605932,-79.3593489,3,0,2,1100.0
877000.0,875000.0,877000.0,CONDO,CONDO,South Riverdale,43.6575972,-79.35135009999999,2,1,2,850.0
900000.0,949900.0,900000.0,CONDO,CONDO,Niagara,43.6384324,-79.4135407,2,1,2,1100.0
890000.0,905000.0,890000.0,CONDO,CONDO,Kensington Chinatown,43.6558252,-79.3901984,2,1,2,1700.0
804000.0,798800.0,804000.0,CONDO,CONDO,Waterfront Communities The Island,43.6428671,-79.3927744,2,1,2,950.0
885000.0,919900.0,885000.0,CONDO,CONDO,Waterfront Communities C1,43.6471782,-79.3910623,2,0,2,850.0
805000.0,810000.0,805000.0,CONDO,CONDO,Niagara,43.6357104,-79.3988424,2,1,2,950.0
865000.0,899900.0,865000.0,CONDO,CONDO,Waterfront Communities The Island,43.6398182,-79.3836155,2,0,2,950.0
820000.0,820000.0,820000.0,CONDO,CONDO,High Park North,43.6552853,-79.4680848,2,0,2,950.0
825000.0,838000.0,825000.0,CONDO,CONDO,Annex,43.6643223,-79.4184739,2,0,1,1100.0
900000.0,928000.0,900000.0,CONDO,CONDO,Niagara,43.6382738,-79.415117,2,0,2,950.0
853000.0,888000.0,853000.0,CONDO,CONDO,Waterfront Communities C1,43.6377203,-79.3999946,3,0,2,950.0
830000.0,845000.0,830000.0,CONDO,CONDO,Roncesvalles,43.6503421,-79.4444185,2,0,2,850.0
887000.0,999900.0,887000.0,CONDO,CONDO,Bay Street Corridor,43.6644522,-79.3881835,2,2,2,1500.0
822000.0,838000.0,822000.0,CONDO,CONDO,High Park Swansea,43.6391101,-79.4725886,3,0,2,1300.0
805000.0,819999.0,805000.0,CONDO,CONDO,Waterfront Communities The Island,43.6427513,-79.3769186,2,0,2,850.0
868800.0,888000.0,868800.0,CONDO,CONDO,Annex,43.66859789999999,-79.3954327,2,0,2,850.0
805000.0,825990.0,805000.0,CONDO,CONDO,Niagara,43.6409419,-79.40371499999999,2,1,2,950.0
805000.0,849000.0,805000.0,CONDO,CONDO,Waterfront Communities The Island,43.651327,-79.3583833,2,0,2,1100.0
820000.0,829900.0,820000.0,CONDO,CONDO,Waterfront Communities C8,43.6416066,-79.3719866,1,1,2,750.0
885000.0,969000.0,885000.0,CONDO,CONDO,Bay Street Corridor,43.6595018,-79.3847849,2,1,2,950.0
828000.0,844888.0,828000.0,CONDO,CONDO,Moss Park,43.6565512,-79.3574839,2,1,2,850.0
815000.0,829000.0,815000.0,CONDO,CONDO,Mount Pleasant West,43.7087689,-79.3937974,2,0,2,750.0
809500.0,829000.0,809500.0,CONDO,CONDO,Greenwood-Coxwell,43.6638888,-79.3266817,2,0,2,950.0
888000.0,898900.0,888000.0,CONDO,CONDO,Church-Yonge Corridor,43.6697804,-79.3827455,2,0,2,750.0
825000.0,879000.0,825000.0,CONDO,CONDO,Waterfront Communities The Island,43.6460155,-79.3940644,2,0,2,850.0
900000.0,948000.0,900000.0,CONDO,CONDO,Mount Pleasant West,43.703692,-79.39675299999999,2,0,2,950.0
822000.0,838000.0,822000.0,CONDO,CONDO,Bay Street Corridor,43.6601368,-79.3858692,2,0,2,750.0
882000.0,899000.0,882000.0,CONDO,CONDO,Mount Pleasant West,43.70708279999999,-79.3978214,2,0,3,1100.0
900000.0,949000.0,900000.0,CONDO,CONDO,Yonge St Clair,43.687539,-79.3978735,2,0,2,1300.0
825000.0,849900.0,825000.0,CONDO,CONDO,Moss Park,43.6535135,-79.36629669999999,2,0,2,850.0
900000.0,919900.0,900000.0,CONDO,CONDO,Kensington-Chinatown,43.6567324,-79.392335,2,0,2,850.0
825000.0,799000.0,825000.0,CONDO,CONDO,Waterfront Communities C8,43.6461928,-79.36505129999999,2,0,2,850.0
850000.0,875000.0,850000.0,CONDO,CONDO,North St James Town,43.6707607,-79.3773018,2,0,2,950.0
888000.0,929000.0,888000.0,CONDO,CONDO,Bay Street Corridor,43.6620882,-79.3856802,2,1,2,850.0
865000.0,875000.0,865000.0,CONDO,CONDO,Waterfront Communities The Island,43.6471359,-79.3982207,2,0,2,850.0
835000.0,859000.0,835000.0,CONDO,CONDO,Niagara,43.6384324,-79.4135407,2,0,2,950.0
900000.0,949900.0,900000.0,CONDO,CONDO,The Beaches,43.6690097,-79.3054535,2,0,2,1100.0
810000.0,849900.0,810000.0,CONDO,CONDO,Waterfront Communities The Island,43.6461536,-79.3752086,2,0,2,1100.0
805000.0,748800.0,805000.0,CONDO,CONDO,Waterfront Communities C1,43.6414105,-79.3924115,2,0,2,650.0
838000.0,838000.0,838000.0,CONDO,CONDO,Waterfront Communities The Island,43.6432587,-79.3764035,2,1,2,850.0
811000.0,828000.0,811000.0,CONDO,CONDO,Bay Street Corridor,43.6653335,-79.3879832,2,0,2,750.0
840000.0,850000.0,840000.0,CONDO,CONDO,Waterfront Communities C1,43.6457753,-79.3925057,3,0,2,1100.0
810000.0,699000.0,810000.0,CONDO,CONDO,Mount Pleasant West,43.7057158,-79.393101,2,0,2,850.0
875000.0,949000.0,875000.0,CONDO,CONDO,Trinity-Bellwoods,43.6466631,-79.4193289,2,1,2,1100.0
812000.0,799000.0,812000.0,CONDO,CONDO,High Park North,43.654449,-79.4680817,2,0,2,950.0
852000.0,899000.0,852000.0,CONDO,CONDO,Bay Street Corridor,43.665412,-79.3871187,2,0,2,1100.0
868000.0,899000.0,868000.0,CONDO,CONDO,Mount Pleasant West,43.705293,-79.3972641,2,0,2,1100.0
875000.0,928800.0,875000.0,CONDO,CONDO,Waterfront Communities C1,43.6474069,-79.3895932,3,1,2,1100.0
875000.0,919000.0,875000.0,CONDO,CONDO,Niagara,43.6364747,-79.4020594,2,1,2,1100.0
830000.0,879000.0,830000.0,CONDO,CONDO,Waterfront Communities The Island,43.6427513,-79.3769186,2,0,2,950.0
880000.0,888000.0,880000.0,CONDO,CONDO,Roncesvalles,43.6519568,-79.4496954,2,1,2,850.0
875000.0,830000.0,875000.0,CONDO,CONDO,High Park North,43.6547778,-79.4688142,2,0,2,950.0
820000.0,849000.0,820000.0,CONDO,CONDO,Mount Pleasant West,43.6959683,-79.3957747,1,1,1,750.0
870000.0,799999.0,870000.0,CONDO,CONDO,Waterfront Communities C1,43.6398517,-79.390439,2,1,2,950.0
812000.0,848800.0,812000.0,CONDO,CONDO,Greenwood-Coxwell,43.6638888,-79.3266817,2,0,2,850.0
875000.0,889900.0,875000.0,CONDO,CONDO,Islington City Centre West,43.6390951,-79.5351457,2,1,2,1100.0
850000.0,869900.0,850000.0,CONDO,CONDO,Waterfront Communities C1,43.64794999999999,-79.39753069999999,2,0,1,750.0
810000.0,799900.0,810000.0,CONDO,CONDO,Annex,43.6746365,-79.395541,2,0,2,1300.0
882000.0,899000.0,882000.0,CONDO,CONDO,Niagara,43.6382738,-79.415117,2,1,2,1100.0
804500.0,825000.0,804500.0,CONDO,CONDO,High Park Swansea,43.6372542,-79.4733446,2,1,2,1100.0
830000.0,838000.0,830000.0,CONDO,CONDO,Roncesvalles,43.6503421,-79.4444185,2,0,2,850.0
890000.0,869000.0,890000.0,CONDO,CONDO,High Park North,43.6547778,-79.4688142,2,0,2,950.0
900000.0,929999.0,900000.0,CONDO,CONDO,The Beaches,43.6642589,-79.3094767,2,0,2,850.0
870000.0,878000.0,870000.0,CONDO,CONDO,South Riverdale,43.6625248,-79.3400404,2,0,2,950.0
900000.0,949000.0,900000.0,CONDO,CONDO,Cabbagetown South St James Town,43.6628495,-79.3762687,3,0,2,1900.0
828138.0,849000.0,828138.0,CONDO,CONDO,Lawrence Park South,43.7209346,-79.411508,2,0,2,950.0
845000.0,899000.0,845000.0,CONDO,CONDO,Waterfront Communities C1,43.6412251,-79.3809582,2,0,2,850.0
832500.0,849900.0,832500.0,CONDO,CONDO,Waterfront Communities C1,43.6402683,-79.3960141,2,1,2,1100.0
840000.0,888000.0,840000.0,CONDO,CONDO,Annex,43.6712816,-79.3878259,2,0,2,750.0
880018.0,925000.0,880018.0,CONDO,CONDO,Forest Hill South,43.6884978,-79.4146412,2,0,2,1100.0
858000.0,889800.0,858000.0,CONDO,CONDO,Waterfront Communities C1,43.6383693,-79.3986981,2,0,2,1100.0
840000.0,859000.0,840000.0,CONDO,CONDO,Waterfront Communities C1,43.64798769999999,-79.39183899999999,2,0,2,750.0
845000.0,850000.0,845000.0,CONDO,CONDO,Annex,43.6726511,-79.388732,2,1,2,1300.0
850000.0,879900.0,850000.0,CONDO,CONDO,High Park Swansea,43.636943,-79.4689321,2,1,2,1100.0
815000.0,859000.0,815000.0,CONDO,CONDO,Bay Street Corridor,43.6648039,-79.3869669,2,0,2,750.0
865000.0,916000.0,865000.0,CONDO,CONDO,Waterfront Communities C1,43.6454035,-79.40141369999999,2,0,2,950.0
850000.0,935000.0,850000.0,CONDO,CONDO,Rosedale Moore Park,43.6861363,-79.39289,3,0,2,1100.0
840000.0,888800.0,840000.0,CONDO,CONDO,Bay Street Corridor,43.661781,-79.384218,2,1,2,850.0
867500.0,889888.0,867500.0,CONDO,CONDO,Waterfront Communities C1,43.6429141,-79.3806469,2,0,2,750.0
810000.0,841900.0,810000.0,CONDO,CONDO,Waterfront Communities The Island,43.6427017,-79.3933634,2,1,2,950.0
823000.0,775000.0,823000.0,CONDO,CONDO,Moss Park,43.6533131,-79.3598823,2,1,2,750.0
810000.0,820000.0,810000.0,CONDO,CONDO,Waterfront Communities C1,43.6463498,-79.3936293,2,0,2,850.0
870000.0,935000.0,870000.0,CONDO,CONDO,Mount Pleasant West,43.705293,-79.3972641,2,0,2,950.0
850000.0,859000.0,850000.0,CONDO,CONDO,Casa Loma,43.6850916,-79.40980210000001,2,0,2,750.0
866000.0,999000.0,866000.0,CONDO,CONDO,Bay Street Corridor,43.6593726,-79.3825439,2,1,2,950.0
842000.0,749999.0,842000.0,CONDO,CONDO,High Park North,43.6602898,-79.4542617,2,0,2,850.0
805000.0,805000.0,805000.0,CONDO,CONDO,Wychwood,43.68015,-79.431791,2,0,2,850.0
810000.0,810000.0,810000.0,CONDO,CONDO,Bay Street Corridor,43.6599507,-79.3849463,2,0,2,850.0
825000.0,859000.0,825000.0,CONDO,CONDO,Bay Street Corridor,43.6656459,-79.3859491,2,1,3,1300.0
810000.0,849900.0,810000.0,CONDO,CONDO,Niagara,43.6409419,-79.40371499999999,2,1,2,850.0
816000.0,839900.0,816000.0,CONDO,CONDO,South Riverdale,43.6580044,-79.3500316,2,0,1,750.0
900000.0,925000.0,900000.0,CONDO,CONDO,Niagara,43.6372054,-79.4035754,2,1,2,950.0
825000.0,848000.0,825000.0,CONDO,CONDO,Bay Street Corridor,43.6593726,-79.3825439,2,0,2,850.0
820000.0,835000.0,820000.0,CONDO,CONDO,Waterfront Communities The Island,43.6393958,-79.3791778,2,0,2,950.0
800001.0,799900.0,800001.0,CONDO,CONDO,Regent Park,43.66142989999999,-79.3585118,3,1,2,1100.0
810000.0,848800.0,810000.0,CONDO,CONDO,Waterfront Communities C1,43.6455537,-79.3909453,2,1,2,750.0
850000.0,865000.0,850000.0,CONDO,CONDO,Rosedale Moore Park,43.6747867,-79.3851322,2,0,2,1100.0
873000.0,899000.0,873000.0,CONDO,CONDO,Church-Yonge Corridor,43.6492726,-79.3746899,2,0,2,750.0
840000.0,895000.0,840000.0,CONDO,CONDO,Waterfront Communities The Island,43.6421254,-79.3807088,2,1,2,950.0
865000.0,879900.0,865000.0,CONDO,CONDO,High Park North,43.654449,-79.4680817,2,0,2,950.0
840000.0,878000.0,840000.0,CONDO,CONDO,Church Yonge Corridor,43.6575162,-79.3767709,2,1,2,1300.0
873000.0,890000.0,873000.0,CONDO,CONDO,Waterfront Communities The Island,43.6461536,-79.3752086,2,1,2,1100.0
830000.0,898000.0,830000.0,CONDO,CONDO,Waterfront Communities C8,43.6471385,-79.37335039999999,2,0,2,950.0
850000.0,799000.0,850000.0,CONDO,CONDO,Casa Loma,43.6852887,-79.4097884,2,0,2,750.0
838000.0,839888.0,838000.0,CONDO,CONDO,Moss Park,43.652588,-79.3676913,2,0,2,950.0
830000.0,839888.0,830000.0,CONDO,CONDO,Waterfront Communities C8,43.6505719,-79.3572672,2,0,2,950.0
835000.0,898000.0,835000.0,CONDO,CONDO,Lawrence Park South,43.7217055,-79.4126425,2,0,2,950.0
834000.0,834000.0,834000.0,CONDO,CONDO,Rosedale Moore Park,43.6729857,-79.3870289,2,0,2,850.0
850000.0,899800.0,850000.0,CONDO,CONDO,Waterfront Communities C1,43.6468253,-79.4029132,2,0,2,850.0
900000.0,899900.0,900000.0,CONDO,CONDO,The Beaches,43.66765,-79.3038,1,1,2,750.0
805000.0,819000.0,805000.0,CONDO,CONDO,High Park Swansea,43.6374048,-79.4721516,2,1,2,1100.0
825000.0,825000.0,825000.0,CONDO,CONDO,Niagara,43.6371667,-79.404733,2,1,2,1100.0
815000.0,870000.0,815000.0,CONDO,CONDO,Waterfront Communities C1,43.6410736,-79.4012987,2,1,2,950.0
820000.0,998000.0,820000.0,CONDO,CONDO,Annex,43.6714903,-79.3905169,2,0,2,1100.0
808000.0,779000.0,808000.0,CONDO,CONDO,Rosedale Moore Park,43.6736768,-79.3755145,2,0,2,950.0
823000.0,829900.0,823000.0,CONDO,CONDO,Waterfront Communities The Island,43.6430829,-79.4018327,1,1,1,850.0
820000.0,910000.0,820000.0,CONDO,CONDO,Bay Street Corridor,43.6648039,-79.3869669,2,1,2,750.0
845000.0,899900.0,845000.0,CONDO,CONDO,High Park Swansea,43.6481789,-79.4874357,2,0,2,850.0
880000.0,799888.0,880000.0,CONDO,CONDO,Waterfront Communities The Island,43.6393958,-79.3791778,2,0,2,950.0
860000.0,889000.0,860000.0,CONDO,CONDO,Waterfront Communities The Island,43.6429911,-79.37647369999999,2,1,2,950.0
845000.0,885000.0,845000.0,CONDO,CONDO,High Park Swansea,43.636943,-79.4689321,2,1,2,1100.0
900000.0,910000.0,900000.0,CONDO,CONDO,Dovercourt Wallace Emerson Junction,43.6689484,-79.4491153,3,1,2,1100.0
840000.0,849000.0,840000.0,CONDO,CONDO,Waterfront Communities C1,43.643954,-79.4014689,2,0,2,950.0
850000.0,865000.0,850000.0,CONDO,CONDO,Waterfront Communities C1,43.6471782,-79.3910623,2,0,2,850.0
883000.0,899988.0,883000.0,CONDO,CONDO,North St James Town,43.6717697,-79.3715704,2,1,2,950.0
850000.0,899000.0,850000.0,CONDO,CONDO,Cabbagetown South St James Town,43.6628495,-79.3762687,2,0,2,1700.0
880000.0,929000.0,880000.0,CONDO,CONDO,Annex,43.6720081,-79.3879319,2,0,2,950.0
810000.0,859000.0,810000.0,CONDO,CONDO,Mount Pleasant West,43.7086965,-79.3967069,2,0,2,850.0
810000.0,819900.0,810000.0,CONDO,CONDO,Niagara,43.6371837,-79.4018766,2,0,2,850.0
828000.0,868000.0,828000.0,CONDO,CONDO,The Beaches,43.6684929,-79.3062997,2,0,2,950.0
850000.0,899000.0,850000.0,CONDO,CONDO,Niagara,43.6384324,-79.4135407,2,0,2,1100.0
838000.0,889000.0,838000.0,CONDO,CONDO,Church-Yonge Corridor,43.6533456,-79.3793731,2,0,2,850.0
860000.0,919900.0,860000.0,CONDO,CONDO,Waterfront Communities C1,43.649428,-79.388411,3,0,2,1100.0
900000.0,899000.0,900000.0,CONDO,CONDO,Waterfront Communities The Island,43.6432587,-79.3764035,2,1,2,1100.0
890000.0,919000.0,890000.0,CONDO,CONDO,Moss Park,43.6523212,-79.3718189,2,0,2,950.0
835000.0,859000.0,835000.0,CONDO,CONDO,Waterfront Communities C1,43.64798769999999,-79.39183899999999,2,0,2,750.0
825000.0,848000.0,825000.0,CONDO,CONDO,Yonge St Clair,43.6869763,-79.3957614,2,0,2,950.0
890000.0,920000.0,890000.0,CONDO,CONDO,Bay Street Corridor,43.6694723,-79.3874877,2,0,2,850.0
877000.0,929000.0,877000.0,CONDO,CONDO,Oakwood Village,43.6806379,-79.4319422,2,1,2,1100.0
820000.0,929900.0,820000.0,CONDO,CONDO,Waterfront Communities C1,43.6425442,-79.3814615,2,1,2,1100.0
830000.0,885000.0,830000.0,CONDO,CONDO,Church Yonge Corridor,43.6494976,-79.37295,1,1,1,1100.0
889000.0,899000.0,889000.0,CONDO,CONDO,South Riverdale,43.6580467,-79.3415625,2,0,2,950.0
860000.0,949999.0,860000.0,CONDO,CONDO,Waterfront Communities C1,43.6383693,-79.3986981,2,0,2,1100.0
850000.0,899000.0,850000.0,CONDO,CONDO,Waterfront Communities The Island,43.6403228,-79.3917567,2,1,2,1100.0
850000.0,879000.0,850000.0,CONDO,CONDO,Waterfront Communities The Island,43.6438059,-79.3916717,2,0,2,950.0
835000.0,850000.0,835000.0,CONDO,CONDO,Kensington Chinatown,43.6553926,-79.389824,2,0,2,1300.0
862000.0,825000.0,862000.0,CONDO,CONDO,Rosedale Moore Park,43.6736768,-79.3755145,2,1,2,1100.0
875000.0,799000.0,875000.0,CONDO,CONDO,Waterfront Communities C8,43.6500434,-79.3675082,3,0,2,850.0
890000.0,899000.0,890000.0,CONDO,CONDO,South Riverdale,43.6580467,-79.3415625,2,0,2,950.0
855000.0,868000.0,855000.0,CONDO,CONDO,Bay Street Corridor,43.6595018,-79.3847849,2,1,2,950.0
900000.0,999999.0,900000.0,CONDO,CONDO,Waterfront Communities The Island,43.6398182,-79.3836155,2,0,2,950.0
830000.0,799000.0,830000.0,CONDO,CONDO,Waterfront Communities The Island,43.6404948,-79.3808155,2,1,2,950.0
855000.0,878800.0,855000.0,CONDO,CONDO,Yonge Eglinton,43.7039182,-79.39955080000001,2,0,2,850.0
848000.0,859000.0,848000.0,CONDO,CONDO,Yonge-Eglinton,43.7040059,-79.3998499,2,0,2,750.0
810000.0,869990.0,810000.0,CONDO,CONDO,Waterfront Communities C1,43.6457197,-79.39018159999999,2,1,2,850.0
880000.0,699000.0,880000.0,CONDO,CONDO,Annex,43.6751408,-79.4009162,2,0,2,1100.0
840000.0,875000.0,840000.0,CONDO,CONDO,South Riverdale,43.6579307,-79.35002709999999,2,0,2,1100.0
838500.0,849998.0,838500.0,CONDO,CONDO,Mount Pleasant West,43.7116204,-79.3955165,2,0,2,850.0
810000.0,850000.0,810000.0,CONDO,CONDO,Lawrence Park South,43.7209346,-79.411508,2,0,2,950.0
890000.0,924000.0,890000.0,CONDO,CONDO,Niagara,43.6351374,-79.4019467,1,1,1,950.0
825000.0,848000.0,825000.0,CONDO,CONDO,Waterfront Communities The Island,43.6397205,-79.384172,2,0,2,950.0
880000.0,929000.0,880000.0,CONDO,CONDO,Waterfront Communities The Island,43.6400887,-79.3939574,2,0,2,950.0
825101.0,849000.0,825101.0,CONDO,CONDO,Waterfront Communities C8,43.6505719,-79.3572672,2,1,2,850.0
812000.0,829000.0,812000.0,CONDO,CONDO,Mount Pleasant West,43.7002631,-79.3965898,2,0,2,750.0
820000.0,859000.0,820000.0,CONDO,CONDO,Bay Street Corridor,43.6593726,-79.3825439,2,1,2,1100.0
900000.0,924000.0,900000.0,CONDO,CONDO,Niagara,43.6353112,-79.4020859,1,1,1,1100.0
838888.0,895000.0,838888.0,CONDO,CONDO,Church Yonge Corridor,43.6613867,-79.3804382,2,2,2,1300.0
850000.0,878000.0,850000.0,CONDO,CONDO,Banbury Don Mills,43.738081,-79.346405,2,0,2,1500.0
870000.0,919000.0,870000.0,CONDO,CONDO,Waterfront Communities C1,43.6489003,-79.38802989999999,1,1,2,1100.0
900000.0,899999.0,900000.0,CONDO,CONDO,Waterfront Communities C1,43.6454752,-79.3923183,3,0,2,950.0
899000.0,919900.0,899000.0,CONDO,CONDO,Mount Pleasant West,43.7086965,-79.3967069,2,0,2,950.0
805000.0,849800.0,805000.0,CONDO,CONDO,Mount Pleasant West,43.7054442,-79.39577039999999,3,0,2,850.0
885000.0,899000.0,885000.0,CONDO,CONDO,Waterfront Communities C1,43.6454035,-79.40141369999999,2,0,2,950.0
880000.0,899888.0,880000.0,CONDO,CONDO,Bay Street Corridor,43.6597436,-79.3848302,2,1,2,950.0
850000.0,899000.0,850000.0,CONDO,CONDO,Waterfront Communities The Island,43.6409947,-79.3945703,2,0,2,950.0
845000.0,899000.0,845000.0,CONDO,CONDO,Waterfront Communities C1,43.641872,-79.3796564,3,0,2,750.0
810000.0,845000.0,810000.0,CONDO,CONDO,Waterfront Communities C1,43.6463498,-79.3936293,2,0,2,850.0
848000.0,777000.0,848000.0,CONDO,CONDO,Waterfront Communities The Island,43.6429911,-79.37647369999999,2,1,2,1100.0
840000.0,799000.0,840000.0,CONDO,CONDO,Waterfront Communities C1,43.6387206,-79.3994587,3,0,2,1100.0
805000.0,799000.0,805000.0,CONDO,CONDO,Mount Pleasant West,43.7117356,-79.3919084,2,1,2,1100.0
885000.0,999800.0,885000.0,CONDO,CONDO,Waterfront Communities C8,43.6449599,-79.3643305,2,1,2,950.0
860000.0,995000.0,860000.0,CONDO,CONDO,Forest Hill South,43.6861204,-79.4171226,2,0,2,1500.0
810000.0,799000.0,810000.0,CONDO,CONDO,Waterfront Communities C1,43.646985,-79.3916675,3,0,2,850.0
860000.0,899000.0,860000.0,CONDO,CONDO,Waterfront Communities C8,43.6460836,-79.3650117,2,1,2,1100.0
840000.0,849000.0,840000.0,CONDO,CONDO,Rosedale Moore Park,43.6919252,-79.393481,2,0,2,1100.0
823500.0,849900.0,823500.0,CONDO,CONDO,Mount Pleasant West,43.7087689,-79.3937974,2,0,2,750.0
880000.0,810000.0,880000.0,CONDO,CONDO,Bay Street Corridor,43.66499659999999,-79.3851763,2,0,2,750.0
810000.0,829900.0,810000.0,CONDO,CONDO,Mount Pleasant West,43.7117356,-79.3919084,2,1,2,950.0
825000.0,849999.0,825000.0,CONDO,CONDO,Waterfront Communities C1,43.6424469,-79.3829258,2,0,2,950.0
887500.0,899900.0,887500.0,CONDO,CONDO,Moss Park,43.6521176,-79.3714605,2,1,2,950.0
850000.0,899800.0,850000.0,CONDO,CONDO,Waterfront Communities C1,43.6411464,-79.3830668,2,1,2,950.0
815000.0,830000.0,815000.0,CONDO,CONDO,High Park Swansea,43.636309,-79.46625759999999,2,0,2,950.0
825000.0,688000.0,825000.0,CONDO,CONDO,Waterfront Communities C1,43.6475291,-79.38995589999999,2,0,2,850.0
855000.0,899000.0,855000.0,CONDO,CONDO,Mount Pleasant West,43.705293,-79.3972641,2,0,2,1100.0
840000.0,699000.0,840000.0,CONDO,CONDO,Waterfront Communities C1,43.6388732,-79.3986617,3,0,2,1100.0
825000.0,849000.0,825000.0,CONDO,CONDO,Yonge-St. Clair,43.6866509,-79.3995111,2,0,2,850.0
840000.0,849000.0,840000.0,CONDO,CONDO,Little Portugal,43.6429591,-79.4276593,2,1,2,1100.0
830800.0,799000.0,830800.0,CONDO,CONDO,High Park North,43.654449,-79.4680817,2,0,2,950.0
840000.0,865000.0,840000.0,CONDO,CONDO,Church Yonge Corridor,43.6494976,-79.37295,1,0,2,1300.0
850000.0,865000.0,850000.0,CONDO,CONDO,Waterfront Communities The Island,43.6489903,-79.3870081,1,1,2,850.0
855000.0,849900.0,855000.0,CONDO,CONDO,Bay Street Corridor,43.6630187,-79.3863345,2,0,2,950.0
815000.0,829900.0,815000.0,CONDO,CONDO,Waterfront Communities The Island,43.6406527,-79.3957762,2,1,2,950.0
840000.0,950000.0,840000.0,CONDO,CONDO,Niagara,43.636608,-79.4048673,2,0,2,950.0
825000.0,848800.0,825000.0,CONDO,CONDO,Mount Pleasant West,43.706012,-79.3953296,3,0,2,950.0
845000.0,850000.0,845000.0,CONDO,CONDO,High Park North,43.6536498,-79.4679454,2,0,2,850.0
815000.0,817000.0,815000.0,CONDO,CONDO,Waterfront Communities The Island,43.6430829,-79.4018327,1,1,1,850.0
900000.0,1080000.0,900000.0,CONDO,CONDO,Bay Street Corridor,43.6490534,-79.3861546,1,0,1,850.0
880000.0,918000.0,880000.0,CONDO,CONDO,Rosedale-Moore Park,43.6729857,-79.3870289,2,1,2,850.0
817500.0,848000.0,817500.0,CONDO,CONDO,Niagara,43.6386152,-79.4127418,2,1,2,950.0
825000.0,889000.0,825000.0,CONDO,CONDO,Waterfront Communities The Island,43.6421205,-79.3836315,2,1,2,850.0
875000.0,899000.0,875000.0,CONDO,CONDO,Roncesvalles,43.6518342,-79.4501093,2,0,2,750.0
829000.0,849900.0,829000.0,CONDO,CONDO,High Park Swansea,43.6481789,-79.4874357,1,1,2,850.0
886000.0,950000.0,886000.0,CONDO,CONDO,Bay Street Corridor,43.6653335,-79.3879832,2,0,2,1100.0
840000.0,889000.0,840000.0,CONDO,CONDO,Waterfront Communities C8,43.6499658,-79.3674492,3,0,2,850.0
875000.0,899000.0,875000.0,CONDO,CONDO,South Riverdale,43.658096,-79.351027,2,0,2,850.0
810000.0,850000.0,810000.0,CONDO,CONDO,The Beaches,43.6690461,-79.2912913,2,0,1,850.0
840000.0,699000.0,840000.0,CONDO,CONDO,Annex,43.6732429,-79.3898622,2,0,2,850.0
818800.0,839000.0,818800.0,CONDO,CONDO,Waterfront Communities C1,43.64798769999999,-79.39183899999999,2,0,2,650.0
861600.0,809000.0,861600.0,CONDO,CONDO,Waterfront Communities The Island,43.6420815,-79.3828097,2,0,2,950.0
818000.0,850000.0,818000.0,CONDO,CONDO,Waterfront Communities C8,43.6460836,-79.3650117,2,0,2,850.0
805000.0,798000.0,805000.0,CONDO,CONDO,Waterfront Communities C8,43.64490010000001,-79.37180550000001,2,0,2,850.0
818000.0,699000.0,818000.0,CONDO,CONDO,Annex,43.6732429,-79.3898622,2,0,2,850.0
800000.0,699900.0,800000.0,CONDO,CONDO,Church-Yonge Corridor,43.6700845,-79.3864005,2,1,2,1100.0
800000.0,819000.0,800000.0,CONDO,CONDO,North St. James Town,43.6679848,-79.3755762,2,0,2,950.0
900000.0,929880.0,900000.0,CONDO,CONDO,Waterfront Communities C1,43.64781259999999,-79.3911138,2,1,2,950.0
842000.0,849000.0,842000.0,CONDO,CONDO,Waterfront Communities C1,43.6375677,-79.3995487,3,0,2,850.0
885000.0,899000.0,885000.0,CONDO,CONDO,Yonge St Clair,43.6870884,-79.3940321,2,0,2,950.0
900000.0,965000.0,900000.0,CONDO,CONDO,Mount Pleasant West,43.7086965,-79.3967069,2,0,2,950.0
800000.0,849000.0,800000.0,CONDO,CONDO,Waterfront Communities The Island,43.6505719,-79.3572672,2,1,2,850.0
830000.0,853000.0,830000.0,CONDO,CONDO,Church Yonge Corridor,43.6631942,-79.38363799999999,2,1,2,750.0
815000.0,899000.0,815000.0,CONDO,CONDO,Wychwood,43.6832467,-79.419345,2,1,2,950.0
860000.0,875000.0,860000.0,CONDO,CONDO,Waterfront Communities The Island,43.6429451,-79.3805034,2,1,2,950.0
808000.0,799000.0,808000.0,CONDO,CONDO,Niagara,43.6371837,-79.4018766,3,0,2,850.0
808000.0,838000.0,808000.0,CONDO,CONDO,Waterfront Communities The Island,43.6415332,-79.3826529,2,1,2,950.0
800000.0,840000.0,800000.0,CONDO,CONDO,Waterfront Communities The Island,43.6415332,-79.3826529,2,1,2,950.0
875000.0,929000.0,875000.0,CONDO,CONDO,Annex,43.6694551,-79.4011739,1,0,1,750.0
810000.0,819000.0,810000.0,CONDO,CONDO,Niagara,43.6382738,-79.415117,2,1,2,950.0
822000.0,849000.0,822000.0,CONDO,CONDO,Waterfront Communities The Island,43.6409947,-79.3945703,2,0,2,950.0
849000.0,868888.0,849000.0,CONDO,CONDO,Church Yonge Corridor,43.6631942,-79.38363799999999,2,1,2,750.0
890000.0,899000.0,890000.0,CONDO,CONDO,Waterfront Communities C8,43.6452363,-79.36924309999999,2,0,2,750.0
810000.0,779000.0,810000.0,CONDO,CONDO,Bay Street Corridor,43.6620882,-79.3856802,2,0,2,750.0
800000.0,825000.0,800000.0,CONDO,CONDO,Lawrence Park North,43.72661,-79.4029839,2,0,2,1100.0
842000.0,868888.0,842000.0,CONDO,CONDO,Waterfront Communities C1,43.641872,-79.3796564,2,0,2,750.0
840414.0,859000.0,840414.0,CONDO,CONDO,Church-Yonge Corridor,43.6700845,-79.3864005,2,0,2,850.0
850000.0,798000.0,850000.0,CONDO,CONDO,Waterfront Communities C1,43.6375677,-79.3995487,3,0,2,850.0
830000.0,845000.0,830000.0,CONDO,CONDO,Annex,43.6717424,-79.3878028,2,0,2,650.0
880000.0,998000.0,880000.0,CONDO,CONDO,Annex,43.6749403,-79.3949069,1,0,1,750.0
830000.0,829888.0,830000.0,CONDO,CONDO,Waterfront Communities The Island,43.6400653,-79.3784948,1,1,1,1300.0
820000.0,882600.0,820000.0,CONDO,CONDO,Waterfront Communities The Island,43.6427513,-79.3769186,2,0,2,750.0
810000.0,859900.0,810000.0,CONDO,CONDO,Annex,43.6683065,-79.4013115,1,1,1,850.0
880000.0,899000.0,880000.0,CONDO,CONDO,University,43.6657959,-79.4036131,2,0,2,850.0
825000.0,800000.0,825000.0,CONDO,CONDO,North St James Town,43.6679848,-79.3755762,2,0,2,950.0
840000.0,879000.0,840000.0,CONDO,CONDO,Bay Street Corridor,43.665412,-79.3871187,2,0,2,1100.0
815000.0,839000.0,815000.0,CONDO,CONDO,Bay Street Corridor,43.6620882,-79.3856802,2,0,2,750.0
870000.0,799000.0,870000.0,CONDO,CONDO,Bay Street Corridor,43.6667966,-79.3886683,1,1,1,650.0
880000.0,799900.0,880000.0,CONDO,CONDO,Waterfront Communities C8,43.6424403,-79.3721255,2,0,2,850.0
829000.0,849000.0,829000.0,CONDO,CONDO,Church Yonge Corridor,43.6656245,-79.382553,2,0,2,750.0
890000.0,950000.0,890000.0,CONDO,CONDO,Waterfront Communities The Island,43.6459582,-79.3898731,3,0,2,950.0
810000.0,848888.0,810000.0,CONDO,CONDO,Cabbagetown South St James Town,43.6667703,-79.3748964,3,0,2,850.0
825000.0,835800.0,825000.0,CONDO,CONDO,Church Yonge Corridor,43.6678728,-79.39124249999999,2,0,2,850.0
820000.0,849999.0,820000.0,CONDO,CONDO,Waterfront Communities C1,43.641872,-79.3796564,2,0,2,750.0
885000.0,899900.0,885000.0,CONDO,CONDO,Church Yonge Corridor,43.65343590000001,-79.3791875,3,0,2,850.0
900000.0,928000.0,900000.0,CONDO,CONDO,Waterfront Communities C1,43.64798769999999,-79.39183899999999,3,0,2,1300.0
830000.0,875000.0,830000.0,CONDO,CONDO,Waterfront Communities C1,43.6413194,-79.40136,2,1,2,950.0
822500.0,849999.0,822500.0,CONDO,CONDO,Mount Pleasant West,43.7084796,-79.3975213,2,1,2,950.0
900000.0,999900.0,900000.0,CONDO,CONDO,Church-Yonge Corridor,43.6700845,-79.3864005,2,0,2,850.0
880000.0,928000.0,880000.0,CONDO,CONDO,Niagara,43.6385552,-79.4164977,2,1,2,1100.0
830000.0,879999.0,830000.0,CONDO,CONDO,Waterfront Communities C1,43.6478127,-79.3911139,2,0,2,850.0
860000.0,918000.0,860000.0,CONDO,CONDO,Church-Yonge Corridor,43.6700845,-79.3864005,2,0,2,750.0
840000.0,879900.0,840000.0,CONDO,CONDO,Waterfront Communities The Island,43.6400653,-79.3784948,1,0,2,1300.0
813000.0,848000.0,813000.0,CONDO,CONDO,Englemount Lawrence,43.7209349,-79.4314882,2,0,2,1100.0
830000.0,890000.0,830000.0,CONDO,CONDO,Church-Yonge Corridor,43.6533456,-79.3793731,2,0,2,850.0
875000.0,955000.0,875000.0,CONDO,CONDO,Forest Hill South,43.698831,-79.4242849,2,1,2,1100.0
830000.0,880000.0,830000.0,CONDO,CONDO,Niagara,43.6372054,-79.4035754,2,1,2,1100.0
853500.0,928000.0,853500.0,CONDO,CONDO,North St James Town,43.67182,-79.37231,2,0,2,950.0
840000.0,869900.0,840000.0,CONDO,CONDO,North St James Town,43.6718736,-79.372378,2,0,2,950.0
885000.0,979000.0,885000.0,CONDO,CONDO,Annex,43.6732429,-79.3898622,2,1,2,850.0
820000.0,848000.0,820000.0,CONDO,CONDO,Niagara,43.6397892,-79.4098417,2,1,2,850.0
810000.0,880000.0,810000.0,CONDO,CONDO,Bay Street Corridor,43.6648039,-79.3869669,2,1,2,750.0
860000.0,879000.0,860000.0,CONDO,CONDO,Waterfront Communities The Island,43.6398182,-79.3836155,2,0,2,950.0
820000.0,848000.0,820000.0,CONDO,CONDO,Rosedale Moore Park,43.6720296,-79.3798098,2,1,2,950.0
860000.0,699000.0,860000.0,CONDO,CONDO,Wychwood,43.6833566,-79.4186353,2,1,2,1100.0
870000.0,895000.0,870000.0,CONDO,CONDO,Bay Street Corridor,43.6694723,-79.3874877,2,0,2,850.0
830000.0,849000.0,830000.0,CONDO,CONDO,Rosedale Moore Park,43.6746785,-79.3860744,2,0,2,1100.0
850000.0,899000.0,850000.0,CONDO,CONDO,Waterfront Communities The Island,43.6473801,-79.3872741,2,0,1,850.0
820000.0,849000.0,820000.0,CONDO,CONDO,Niagara,43.6382738,-79.415117,2,1,2,950.0
851000.0,748000.0,851000.0,CONDO,CONDO,Waterfront Communities The Island,43.6503521,-79.3609928,2,0,2,850.0
805000.0,839900.0,805000.0,CONDO,CONDO,Mount Pleasant West,43.6962091,-79.394817,2,0,2,950.0
845000.0,839000.0,845000.0,CONDO,CONDO,Mount Pleasant West,43.704232,-79.3973465,2,0,2,750.0
870000.0,888000.0,870000.0,CONDO,CONDO,Lansing Westgate,43.7642352,-79.4127406,2,0,2,1300.0
870000.0,915000.0,870000.0,CONDO,CONDO,High Park North,43.6556663,-79.4682434,2,0,2,950.0
845000.0,849900.0,845000.0,CONDO,CONDO,High Park Swansea,43.6481789,-79.4874357,1,1,2,850.0
850000.0,849000.0,850000.0,CONDO,CONDO,Mount Pleasant West,43.7052295,-79.3964318,2,1,2,1300.0
835000.0,849000.0,835000.0,CONDO,CONDO,Church Yonge Corridor,43.6692217,-79.3841003,2,0,2,750.0
855000.0,895000.0,855000.0,CONDO,CONDO,Waterfront Communities C1,43.6457197,-79.39018159999999,2,0,2,650.0
820000.0,878000.0,820000.0,CONDO,CONDO,Waterfront Communities C1,43.6398049,-79.3979687,2,1,2,1100.0
838000.0,859900.0,838000.0,CONDO,CONDO,Waterfront Communities The Island,43.6400887,-79.3939574,2,1,2,950.0
900000.0,888018.0,900000.0,CONDO,CONDO,Waterfront Communities The Island,43.6458819,-79.3973406,2,0,2,950.0
810000.0,829000.0,810000.0,CONDO,CONDO,Little Portugal,43.6430625,-79.4281337,2,1,2,850.0
833000.0,858000.0,833000.0,CONDO,CONDO,Mount Pleasant West,43.7086965,-79.3967069,2,0,2,850.0
880000.0,890000.0,880000.0,CONDO,CONDO,Waterfront Communities C1,43.6363712,-79.4027602,3,0,2,1100.0
890000.0,999000.0,890000.0,CONDO,CONDO,Annex,43.6736641,-79.3885207,2,0,2,1500.0
878000.0,918000.0,878000.0,CONDO,CONDO,Rosedale-Moore Park,43.6729857,-79.3870289,2,1,2,850.0
870000.0,910000.0,870000.0,CONDO,CONDO,Church Yonge Corridor,43.6491763,-79.3770958,2,1,2,1300.0
825000.0,825000.0,825000.0,CONDO,CONDO,Niagara,43.6375103,-79.4005804,2,0,2,950.0
817000.0,860000.0,817000.0,CONDO,CONDO,Waterfront Communities C1,43.6412251,-79.3809582,2,0,2,850.0
820000.0,799000.0,820000.0,CONDO,CONDO,Waterfront Communities C1,43.6415332,-79.3826529,2,0,2,850.0
870000.0,918000.0,870000.0,CONDO,CONDO,Waterfront Communities C8,43.64440039999999,-79.3712891,2,0,2,750.0
821000.0,835000.0,821000.0,CONDO,CONDO,High Park North,43.6536498,-79.4679454,2,0,2,750.0
860000.0,899000.0,860000.0,CONDO,CONDO,Waterfront Communities C1,43.6383693,-79.3986981,2,0,2,1100.0
845000.0,899900.0,845000.0,CONDO,CONDO,Waterfront Communities The Island,43.6403108,-79.3908593,1,1,2,1100.0
875000.0,899000.0,875000.0,CONDO,CONDO,Waterfront Communities C1,43.6393446,-79.3929716,2,1,2,950.0
870000.0,890000.0,870000.0,CONDO,CONDO,Waterfront Communities C1,43.6425442,-79.3814615,2,1,2,1100.0
843000.0,859800.0,843000.0,CONDO,CONDO,Lawrence Park South,43.7217055,-79.4126425,2,0,2,950.0
870000.0,948000.0,870000.0,CONDO,CONDO,Annex,43.6717424,-79.3878028,2,0,2,650.0
885000.0,898800.0,885000.0,CONDO,CONDO,Wychwood,43.6832467,-79.419345,2,1,2,950.0
839000.0,839000.0,839000.0,CONDO,CONDO,Waterfront Communities C8,43.64490010000001,-79.37180550000001,3,0,2,850.0
845000.0,860000.0,845000.0,CONDO,CONDO,High Park Swansea,43.6481789,-79.4874357,1,1,2,850.0
808000.0,835000.0,808000.0,CONDO,CONDO,Rosedale Moore Park,43.6746785,-79.3860744,2,0,2,1100.0
843000.0,899900.0,843000.0,CONDO,CONDO,Mount Pleasant West,43.704232,-79.3973465,2,1,2,1100.0
900000.0,999900.0,900000.0,CONDO,CONDO,Moss Park,43.6505002,-79.3695382,2,2,2,2124.0
855000.0,889900.0,855000.0,CONDO,CONDO,Mount Pleasant West,43.7117356,-79.3919084,2,1,2,950.0
840000.0,880000.0,840000.0,CONDO,CONDO,Casa Loma,43.6856818,-79.4047339,2,0,2,850.0
842000.0,699900.0,842000.0,CONDO,CONDO,Waterfront Communities C1,43.6375103,-79.4005804,2,0,2,950.0
865000.0,895000.0,865000.0,CONDO,CONDO,Waterfront Communities C8,43.6465406,-79.3761004,2,0,2,950.0
850000.0,880000.0,850000.0,CONDO,CONDO,Church-Yonge Corridor,43.6614297,-79.4283009,2,0,2,750.0
829000.0,859999.0,829000.0,CONDO,CONDO,Regent Park,43.6610068,-79.3603549,3,0,2,1300.0
828000.0,699000.0,828000.0,CONDO,CONDO,Waterfront Communities C1,43.6375677,-79.3995487,2,0,2,750.0
885000.0,895000.0,885000.0,CONDO,CONDO,Yonge-Eglinton,43.700445,-79.397789,2,1,2,950.0
835000.0,899000.0,835000.0,CONDO,CONDO,North St James Town,43.671875,-79.3724596,2,0,2,950.0
883000.0,950000.0,883000.0,CONDO,CONDO,Church Yonge Corridor,43.6631942,-79.38363799999999,2,1,2,750.0
879000.0,879000.0,879000.0,CONDO,CONDO,Lawrence Park North,43.72661,-79.4029839,2,1,2,1100.0
845000.0,888000.0,845000.0,CONDO,CONDO,Bay Street Corridor,43.66186140000001,-79.3841461,2,0,2,750.0
880000.0,899000.0,880000.0,CONDO,CONDO,Church Yonge Corridor,43.6491763,-79.3770958,2,1,2,1300.0
930000.0,975000.0,930000.0,CONDO,CONDO,Bay Street Corridor,43.6596665,-79.3859262,2,1,2,1100.0
998000.0,998000.0,998000.0,CONDO,CONDO,Lawrence Park North,43.7264262,-79.4039146,2,1,2,1100.0
950000.0,1040000.0,950000.0,CONDO,CONDO,Waterfront Communities The Island,43.6400086,-79.3820669,2,0,2,1300.0
985000.0,1089000.0,985000.0,CONDO,CONDO,High Park North,43.654449,-79.4680817,2,0,2,1100.0
905000.0,930000.0,905000.0,CONDO,CONDO,Waterfront Communities C1,43.6455537,-79.3909453,2,1,2,850.0
910000.0,969000.0,910000.0,CONDO,CONDO,Waterfront Communities C1,43.6489513,-79.38805119999999,2,1,1,1100.0
910000.0,915000.0,910000.0,CONDO,CONDO,Lawrence Park South,43.7209346,-79.411508,2,1,2,1100.0
930000.0,938000.0,930000.0,CONDO,CONDO,Waterfront Communities The Island,43.6440617,-79.3894386,2,1,2,950.0
916044.0,879000.0,916044.0,CONDO,CONDO,Roncesvalles,43.6503421,-79.4444185,2,0,2,850.0
930000.0,949900.0,930000.0,CONDO,CONDO,South Riverdale,43.6580467,-79.3415625,3,0,2,1100.0
920000.0,939000.0,920000.0,CONDO,CONDO,The Beaches,43.6677949,-79.3095572,2,0,2,950.0
953000.0,999900.0,953000.0,CONDO,CONDO,Kensington-Chinatown,43.6574556,-79.4015134,3,0,2,950.0
990000.0,1059000.0,990000.0,CONDO,CONDO,The Beaches,43.6680036,-79.3085901,2,0,2,850.0
915000.0,929000.0,915000.0,CONDO,CONDO,Lawrence Park South,43.7209346,-79.411508,2,0,2,1100.0
935000.0,985000.0,935000.0,CONDO,CONDO,Waterfront Communities C1,43.6455046,-79.3924571,2,0,2,850.0
935000.0,950000.0,935000.0,CONDO,CONDO,The Beaches,43.66666,-79.3159569,2,1,2,1100.0
950000.0,998000.0,950000.0,CONDO,CONDO,Waterfront Communities C8,43.641973,-79.3735899,2,1,1,650.0
989000.0,1030000.0,989000.0,CONDO,CONDO,Waterfront Communities The Island,43.6401213,-79.3812266,2,1,2,1100.0
975000.0,990000.0,975000.0,CONDO,CONDO,Mount Pleasant West,43.7065237,-79.3920212,2,1,2,1100.0
944000.0,949000.0,944000.0,CONDO,CONDO,High Park North,43.6556663,-79.4682434,2,1,2,1100.0
990000.0,999888.0,990000.0,CONDO,CONDO,Waterfront Communities C1,43.6405065,-79.3969011,3,0,2,1300.0
910000.0,930000.0,910000.0,CONDO,CONDO,Waterfront Communities The Island,43.6439126,-79.4001147,1,1,2,950.0
918000.0,964990.0,918000.0,CONDO,CONDO,Niagara,43.6409419,-79.40371499999999,2,1,2,950.0
950000.0,989800.0,950000.0,CONDO,CONDO,University,43.6657959,-79.4036131,2,1,2,1100.0
917500.0,938000.0,917500.0,CONDO,CONDO,Waterfront Communities C1,43.6456547,-79.39044779999999,2,1,2,750.0
960000.0,979000.0,960000.0,CONDO,CONDO,Annex,43.6748768,-79.3996322,3,0,2,850.0
945000.0,818000.0,945000.0,CONDO,CONDO,Annex,43.6748768,-79.3996322,2,1,2,850.0
950000.0,975000.0,950000.0,CONDO,CONDO,Casa Loma,43.6830274,-79.4179185,2,1,2,850.0
930000.0,850000.0,930000.0,CONDO,CONDO,Bay Street Corridor,43.66499659999999,-79.3851763,3,0,2,850.0
993000.0,999900.0,993000.0,CONDO,CONDO,Waterfront Communities The Island,43.6397205,-79.384172,2,0,2,950.0
960000.0,999900.0,960000.0,CONDO,CONDO,South Riverdale,43.6580467,-79.3415625,2,1,2,1100.0
999000.0,999000.0,999000.0,CONDO,CONDO,Rosedale Moore Park,43.6729857,-79.3870289,2,1,2,950.0
979000.0,979000.0,979000.0,CONDO,CONDO,Waterfront Communities The Island,43.6401213,-79.3812266,3,0,2,1300.0
935000.0,1100000.0,935000.0,CONDO,CONDO,Annex,43.6746365,-79.395541,2,1,3,1500.0
985000.0,995000.0,985000.0,CONDO,CONDO,Trinity Bellwoods,43.6558703,-79.4085742,2,1,3,1300.0
930000.0,949900.0,930000.0,CONDO,CONDO,High Park North,43.6556663,-79.4682434,3,0,2,1100.0
905000.0,919000.0,905000.0,CONDO,CONDO,Mount Pleasant West,43.7054442,-79.39577039999999,3,0,2,950.0
988000.0,1069000.0,988000.0,CONDO,CONDO,Bay Street Corridor,43.6648472,-79.3869787,3,0,2,1100.0
910000.0,949000.0,910000.0,CONDO,CONDO,Bay Street Corridor,43.6593726,-79.3825439,2,1,2,950.0
1000000.0,1049000.0,1000000.0,CONDO,CONDO,Waterfront Communities C1,43.6455046,-79.3924571,2,0,2,950.0
948000.0,998000.0,948000.0,CONDO,CONDO,Waterfront Communities C1,43.64798769999999,-79.39183899999999,3,0,2,1300.0
985000.0,1079900.0,985000.0,CONDO,CONDO,High Park Swansea,43.6484374,-79.4865948,2,1,2,950.0
975000.0,1048000.0,975000.0,CONDO,CONDO,Mount Pleasant West,43.7065237,-79.3920212,2,1,2,1100.0
996000.0,1038000.0,996000.0,CONDO,CONDO,Waterfront Communities The Island,43.6440617,-79.3894386,2,1,2,950.0
918900.0,918900.0,918900.0,CONDO,CONDO,Waterfront Communities The Island,43.644122,-79.3960066,2,0,2,950.0
920000.0,889000.0,920000.0,CONDO,CONDO,Bay Street Corridor,43.6654315,-79.388036,2,0,2,750.0
990888.0,1025000.0,990888.0,CONDO,CONDO,Annex,43.6726027,-79.3953805,2,0,2,1100.0
975000.0,990000.0,975000.0,CONDO,CONDO,Waterfront Communities C1,43.6402683,-79.3960141,3,1,2,1100.0
975000.0,999999.0,975000.0,CONDO,CONDO,Bay Street Corridor,43.6548441,-79.3846797,2,1,2,1100.0
948000.0,1099000.0,948000.0,CONDO,CONDO,Waterfront Communities The Island,43.6393446,-79.3929716,2,1,2,950.0
963000.0,969900.0,963000.0,CONDO,CONDO,Mount Pleasant West,43.6968333,-79.3939934,2,1,2,1300.0
903000.0,795000.0,903000.0,CONDO,CONDO,Roncesvalles,43.6498372,-79.4445731,2,0,1,850.0
950000.0,1049000.0,950000.0,CONDO,CONDO,Waterfront Communities C1,43.6468455,-79.4028294,2,0,2,1300.0
935000.0,950000.0,935000.0,CONDO,CONDO,Rosedale Moore Park,43.6720296,-79.3798098,2,0,2,1100.0
974000.0,989900.0,974000.0,CONDO,CONDO,Kensington-Chinatown,43.6567192,-79.3921448,2,0,2,850.0
1000000.0,1078000.0,1000000.0,CONDO,CONDO,Yonge St Clair,43.6892416,-79.3952485,2,0,2,950.0
950000.0,1029000.0,950000.0,CONDO,CONDO,Waterfront Communities C1,43.64798769999999,-79.39183899999999,3,0,2,950.0
925000.0,989909.0,925000.0,CONDO,CONDO,Annex,43.675103,-79.394543,1,0,1,750.0
908800.0,948000.0,908800.0,CONDO,CONDO,Waterfront Communities C1,43.6388732,-79.3986617,3,0,2,1100.0
920000.0,930000.0,920000.0,CONDO,CONDO,Rosedale-Moore Park,43.6729857,-79.3870289,2,1,2,850.0
915000.0,979000.0,915000.0,CONDO,CONDO,Forest Hill South,43.6864588,-79.4153903,2,0,2,1300.0
980000.0,999000.0,980000.0,CONDO,CONDO,Waterfront Communities C1,43.6466285,-79.4017026,3,0,3,1100.0
950000.0,950000.0,950000.0,CONDO,CONDO,Lawrence Park South,43.7209346,-79.411508,2,0,2,1100.0
935000.0,988000.0,935000.0,CONDO,CONDO,Church Yonge Corridor,43.6686162,-79.3843472,2,1,2,1300.0
945000.0,1099888.0,945000.0,CONDO,CONDO,Annex,43.673341,-79.3892433,2,1,2,1700.0
950000.0,985900.0,950000.0,CONDO,CONDO,Niagara,43.6384324,-79.4135407,2,1,2,1300.0
925000.0,950000.0,925000.0,CONDO,CONDO,Wychwood,43.6832467,-79.419345,2,1,2,950.0
910000.0,899900.0,910000.0,CONDO,CONDO,Waterfront Communities C1,43.6374106,-79.3994896,3,0,2,950.0
951500.0,899000.0,951500.0,CONDO,CONDO,Rosedale Moore Park,43.6810606,-79.3897705,1,1,2,850.0
907000.0,929900.0,907000.0,CONDO,CONDO,Rosedale Moore Park,43.6736768,-79.3755145,3,0,2,1300.0
905000.0,950000.0,905000.0,CONDO,CONDO,High Park North,43.655709,-79.4564077,2,1,2,1100.0
925000.0,899999.0,925000.0,CONDO,CONDO,South Riverdale,43.6625248,-79.3400404,2,0,2,1100.0
942000.0,949900.0,942000.0,CONDO,CONDO,Mount Pleasant West,43.7056504,-79.3973799,2,0,2,1100.0
945000.0,1099000.0,945000.0,CONDO,CONDO,Waterfront Communities C1,43.6455046,-79.3924571,2,0,2,950.0
930000.0,949000.0,930000.0,CONDO,CONDO,Waterfront Communities The Island,43.6461651,-79.3970301,2,0,2,950.0
989000.0,1038000.0,989000.0,CONDO,CONDO,Church Yonge Corridor,43.6686162,-79.3843472,2,1,2,1300.0
940000.0,950000.0,940000.0,CONDO,CONDO,Bay Street Corridor,43.6490534,-79.3861546,1,0,1,850.0
990000.0,999900.0,990000.0,CONDO,CONDO,Church Yonge Corridor,43.6686162,-79.3843472,2,1,2,1300.0
989000.0,999000.0,989000.0,CONDO,CONDO,Yonge-St. Clair,43.6866509,-79.3995111,2,0,2,950.0
968000.0,980000.0,968000.0,CONDO,CONDO,Waterfront Communities C1,43.6471495,-79.3996343,2,0,2,750.0
920000.0,938800.0,920000.0,CONDO,CONDO,Mount Pleasant West,43.7073389,-79.394278,2,1,2,950.0
993982.0,1099900.0,993982.0,CONDO,CONDO,Rosedale Moore Park,43.6734731,-79.3714268,2,1,2,1500.0
924000.0,949000.0,924000.0,CONDO,CONDO,Annex,43.6748081,-79.3996562,2,1,2,850.0
920000.0,1080000.0,920000.0,CONDO,CONDO,Annex,43.6732349,-79.3903302,1,0,1,750.0
950000.0,899000.0,950000.0,CONDO,CONDO,Niagara,43.6383649,-79.4145613,2,1,2,1100.0
930000.0,999000.0,930000.0,CONDO,CONDO,Mount Pleasant West,43.705293,-79.3972641,1,1,2,1300.0
975000.0,1074000.0,975000.0,CONDO,CONDO,Waterfront Communities C1,43.6471495,-79.3996343,2,0,1,750.0
943000.0,999900.0,943000.0,CONDO,CONDO,Tam O Shanter Sullivan,43.786522,-79.2938619,3,1,3,2374.0
953000.0,1049000.0,953000.0,CONDO,CONDO,High Park Swansea,43.6474322,-79.4899983,2,0,2,1700.0
969900.0,998888.0,969900.0,CONDO,CONDO,Kensington-Chinatown,43.6571925,-79.4014703,3,0,2,950.0
905000.0,950000.0,905000.0,CONDO,CONDO,Bay Street Corridor,43.6490534,-79.3861546,1,0,1,850.0
980000.0,999000.0,980000.0,CONDO,CONDO,Bay Street Corridor,43.6688688,-79.38351109999999,3,0,2,950.0
950000.0,979000.0,950000.0,CONDO,CONDO,Waterfront Communities C8,43.6465406,-79.3761004,2,1,2,1100.0
906000.0,899000.0,906000.0,CONDO,CONDO,Moss Park,43.6518519,-79.3690555,2,1,2,950.0
905000.0,949900.0,905000.0,CONDO,CONDO,Waterfront Communities The Island,43.6469157,-79.3971763,2,0,1,950.0
950000.0,1099900.0,950000.0,CONDO,CONDO,Kensington Chinatown,43.64938189999999,-79.39800629999999,3,0,3,1100.0
910000.0,978000.0,910000.0,CONDO,CONDO,Waterfront Communities C1,43.6412251,-79.3809582,2,0,2,850.0
950000.0,985000.0,950000.0,CONDO,CONDO,Waterfront Communities The Island,43.646841,-79.390268,2,0,2,1100.0
1000000.0,995000.0,1000000.0,CONDO,CONDO,Mount Pleasant West,43.7075334,-79.3933991,2,1,2,1100.0
1000000.0,1049900.0,1000000.0,CONDO,CONDO,Waterfront Communities The Island,43.6400887,-79.3939574,2,1,2,1100.0
975000.0,1049000.0,975000.0,CONDO,CONDO,Kensington Chinatown,43.6474722,-79.39958709999999,3,0,2,950.0
910000.0,999900.0,910000.0,CONDO,CONDO,The Beaches,43.6714931,-79.28049480000001,3,0,2,1100.0
930000.0,1080000.0,930000.0,CONDO,CONDO,Bay Street Corridor,43.6617616,-79.3836302,3,0,2,850.0
907725.0,999000.0,907725.0,CONDO,CONDO,Bay Street Corridor,43.6620243,-79.3865463,2,1,2,1100.0
972000.0,972000.0,972000.0,CONDO,CONDO,Annex,43.673718,-79.4121971,2,0,2,950.0
930000.0,925000.0,930000.0,CONDO,CONDO,High Park North,43.6556663,-79.4682434,3,0,2,1100.0
950000.0,1099000.0,950000.0,CONDO,CONDO,Church-Yonge Corridor,43.6484128,-79.3764665,2,1,2,1100.0
930000.0,999000.0,930000.0,CONDO,CONDO,Rosedale Moore Park,43.6810606,-79.3897705,1,1,1,850.0
991000.0,999000.0,991000.0,CONDO,CONDO,Church Yonge Corridor,43.6695584,-79.3846569,2,1,2,1300.0
933000.0,975000.0,933000.0,CONDO,CONDO,Waterfront Communities C1,43.6405065,-79.3969011,2,1,2,1300.0
930000.0,949000.0,930000.0,CONDO,CONDO,Yonge-St. Clair,43.6866509,-79.3995111,2,1,2,950.0
930000.0,999000.0,930000.0,CONDO,CONDO,Waterfront Communities The Island,43.6400086,-79.3820669,2,0,2,1300.0
925000.0,999000.0,925000.0,CONDO,CONDO,Waterfront Communities The Island,43.6440617,-79.3894386,2,0,2,850.0
920000.0,990000.0,920000.0,CONDO,CONDO,Church-Yonge Corridor,43.6700845,-79.3864005,2,1,2,850.0
990000.0,1049000.0,990000.0,CONDO,CONDO,Annex,43.6717424,-79.3878028,3,0,2,750.0
904000.0,939000.0,904000.0,CONDO,CONDO,Bay Street Corridor,43.6595018,-79.3847849,2,1,2,1100.0
1000000.0,999995.0,1000000.0,CONDO,CONDO,Casa Loma,43.6830274,-79.4179185,2,1,2,850.0
979000.0,999900.0,979000.0,CONDO,CONDO,Rosedale Moore Park,43.6919252,-79.393481,2,0,2,1100.0
910000.0,938000.0,910000.0,CONDO,CONDO,Casa Loma,43.6856818,-79.4047339,2,1,2,950.0
943000.0,999000.0,943000.0,CONDO,CONDO,Waterfront Communities C1,43.6460155,-79.3940644,2,0,2,950.0
1000000.0,899999.0,1000000.0,CONDO,CONDO,Bay Street Corridor,43.6667966,-79.3886683,2,0,2,850.0
935000.0,975000.0,935000.0,CONDO,CONDO,Forest Hill South,43.6877266,-79.4139583,2,0,2,1300.0
907000.0,885000.0,907000.0,CONDO,CONDO,Waterfront Communities The Island,43.6460155,-79.3940644,2,0,2,850.0
987000.0,999000.0,987000.0,CONDO,CONDO,Junction Area,43.6650994,-79.46000649999999,2,1,2,1100.0
968000.0,999000.0,968000.0,CONDO,CONDO,Waterfront Communities C8,43.641973,-79.3735899,2,0,2,950.0
980000.0,1027000.0,980000.0,CONDO,CONDO,Waterfront Communities The Island,43.6494893,-79.3871808,2,1,2,1100.0
935000.0,949999.0,935000.0,CONDO,CONDO,Yonge Eglinton,43.7039182,-79.39955080000001,2,0,2,950.0
935000.0,940000.0,935000.0,CONDO,CONDO,Mount Pleasant West,43.7056504,-79.3973799,2,0,3,1100.0
940000.0,988000.0,940000.0,CONDO,CONDO,Mount Pleasant West,43.7073389,-79.394278,2,1,2,950.0
940000.0,999900.0,940000.0,CONDO,CONDO,Cabbagetown South St James Town,43.6628495,-79.3762687,2,0,2,2124.0
965000.0,999900.0,965000.0,CONDO,CONDO,Waterfront Communities C8,43.6543316,-79.35407769999999,2,1,2,1100.0
948800.0,999000.0,948800.0,CONDO,CONDO,Church-Yonge Corridor,43.6700845,-79.3864005,2,0,2,850.0
975000.0,985000.0,975000.0,CONDO,CONDO,University,43.6657959,-79.4036131,2,0,3,1100.0
992000.0,998000.0,992000.0,CONDO,CONDO,Waterfront Communities C1,43.64798769999999,-79.39183899999999,3,0,2,1100.0
905000.0,929900.0,905000.0,CONDO,CONDO,Roncesvalles,43.6498372,-79.4445731,2,0,2,750.0
935000.0,999000.0,935000.0,CONDO,CONDO,High Park Swansea,43.6481789,-79.4874357,2,1,2,850.0
960000.0,980000.0,960000.0,CONDO,CONDO,South Riverdale,43.66513339999999,-79.3414981,2,1,2,950.0
925000.0,959000.0,925000.0,CONDO,CONDO,South Riverdale,43.6625248,-79.3400404,2,0,2,950.0
915000.0,939000.0,915000.0,CONDO,CONDO,South Riverdale,43.6623402,-79.3410964,2,0,2,850.0
985000.0,1049999.0,985000.0,CONDO,CONDO,Waterfront Communities C8,43.6446501,-79.3711218,2,0,2,750.0
938000.0,949000.0,938000.0,CONDO,CONDO,Bay Street Corridor,43.6600829,-79.3860086,2,1,2,850.0
910000.0,979900.0,910000.0,CONDO,CONDO,Church Yonge Corridor,43.661933,-79.3782001,2,0,2,1300.0
920000.0,989000.0,920000.0,CONDO,CONDO,Moss Park,43.6566436,-79.3547917,2,0,2,1100.0
925000.0,949000.0,925000.0,CONDO,CONDO,North St James Town,43.6671746,-79.3763191,2,0,2,850.0
918000.0,918888.0,918000.0,CONDO,CONDO,Bay Street Corridor,43.661802,-79.3841274,2,1,2,850.0
980000.0,1099000.0,980000.0,CONDO,CONDO,Annex,43.6720081,-79.3879319,2,0,2,850.0
1000000.0,1045000.0,1000000.0,CONDO,CONDO,Waterfront Communities C8,43.6449599,-79.3643305,2,0,2,950.0
935000.0,999750.0,935000.0,CONDO,CONDO,Yonge St Clair,43.687539,-79.3978735,2,0,2,1300.0
930000.0,960000.0,930000.0,CONDO,CONDO,Bay Street Corridor,43.665412,-79.3871187,2,1,2,1100.0
929000.0,939000.0,929000.0,CONDO,CONDO,Mount Pleasant West,43.7098418,-79.396432,2,1,2,1100.0
985000.0,999000.0,985000.0,CONDO,CONDO,Waterfront Communities The Island,43.6409947,-79.3945703,2,1,2,950.0
992000.0,1034999.0,992000.0,CONDO,CONDO,Bay Street Corridor,43.6490534,-79.3861546,1,0,1,850.0
910000.0,899900.0,910000.0,CONDO,CONDO,Waterfront Communities C1,43.6412251,-79.3809582,2,0,2,850.0
925000.0,950000.0,925000.0,CONDO,CONDO,Waterfront Communities The Island,43.6460155,-79.3940644,2,1,2,1100.0
925000.0,899000.0,925000.0,CONDO,CONDO,Waterfront Communities C1,43.653226,-79.3831843,2,1,1,650.0
910000.0,998000.0,910000.0,CONDO,CONDO,Bay Street Corridor,43.6642638,-79.3855084,3,0,2,850.0
982000.0,1049900.0,982000.0,CONDO,CONDO,Forest Hill South,43.6943239,-79.4225394,3,0,2,1100.0
925000.0,949000.0,925000.0,CONDO,CONDO,Bay Street Corridor,43.665388,-79.3880211,2,0,2,750.0
930000.0,985000.0,930000.0,CONDO,CONDO,Mount Pleasant West,43.7056504,-79.3973799,2,1,2,1100.0
958000.0,998000.0,958000.0,CONDO,CONDO,Church-Yonge Corridor,43.6695584,-79.3846569,2,1,2,1100.0
940000.0,899000.0,940000.0,CONDO,CONDO,Waterfront Communities C1,43.6422065,-79.3972587,2,0,2,850.0
920000.0,938000.0,920000.0,CONDO,CONDO,Waterfront Communities The Island,43.6426507,-79.3773286,2,1,2,950.0
920000.0,989000.0,920000.0,CONDO,CONDO,Bay Street Corridor,43.6620882,-79.3856802,2,0,2,850.0
930000.0,988000.0,930000.0,CONDO,CONDO,Mount Pleasant West,43.7056504,-79.3973799,2,1,2,1100.0
910000.0,948800.0,910000.0,CONDO,CONDO,Annex,43.6748081,-79.3996562,2,1,2,850.0
935000.0,1049000.0,935000.0,CONDO,CONDO,Mount Pleasant West,43.705293,-79.3972641,1,1,2,1100.0
918000.0,949900.0,918000.0,CONDO,CONDO,Oakwood Village,43.6806379,-79.4319422,2,1,2,850.0
960000.0,980000.0,960000.0,CONDO,CONDO,Waterfront Communities C1,43.6454035,-79.40141369999999,2,0,2,1100.0
950000.0,999900.0,950000.0,CONDO,CONDO,Church Yonge Corridor,43.6701928,-79.38624209999999,2,0,2,1100.0
962500.0,999888.0,962500.0,CONDO,CONDO,Bedford Park Nortown,43.7409961,-79.4067051,2,0,2,1100.0
935000.0,950000.0,935000.0,CONDO,CONDO,Mount Pleasant West,43.705293,-79.3972641,2,1,2,1300.0
975000.0,998000.0,975000.0,CONDO,CONDO,Church Yonge Corridor,43.6631942,-79.38363799999999,2,1,2,950.0
975000.0,999000.0,975000.0,CONDO,CONDO,Little Portugal,43.6426403,-79.4259187,2,0,2,1100.0
980000.0,1080000.0,980000.0,CONDO,CONDO,Bay Street Corridor,43.729858,-79.4824512,3,0,2,850.0
950000.0,995000.0,950000.0,CONDO,CONDO,Rosedale-Moore Park,43.6853296,-79.3925252,2,0,2,950.0
935000.0,950000.0,935000.0,CONDO,CONDO,Waterfront Communities The Island,43.6397347,-79.3920867,2,1,2,1300.0
963800.0,990000.0,963800.0,CONDO,CONDO,Waterfront Communities C1,43.6388732,-79.3986617,2,1,2,1100.0
960000.0,999000.0,960000.0,CONDO,CONDO,Waterfront Communities C1,43.6478127,-79.3911139,2,1,2,950.0
915000.0,935000.0,915000.0,CONDO,CONDO,Yonge St Clair,43.6884036,-79.3964356,1,1,2,950.0
905000.0,999999.0,905000.0,CONDO,CONDO,Waterfront Communities The Island,43.6400003,-79.3788904,2,0,2,1300.0
990000.0,999000.0,990000.0,CONDO,CONDO,Lawrence Park South,43.717648,-79.4002655,2,1,2,1500.0
965000.0,985000.0,965000.0,CONDO,CONDO,Bay Street Corridor,43.6694723,-79.3874877,2,1,2,950.0
930000.0,998000.0,930000.0,CONDO,CONDO,Church Yonge Corridor,43.6516524,-79.3769603,2,1,2,850.0
945000.0,950000.0,945000.0,CONDO,CONDO,Mount Pleasant West,43.7117356,-79.3919084,2,1,3,1300.0
910000.0,925000.0,910000.0,CONDO,CONDO,Waterfront Communities C1,43.6374106,-79.3994896,3,0,2,950.0
906000.0,699000.0,906000.0,CONDO,CONDO,Niagara,43.6387983,-79.415507,2,1,2,950.0
990000.0,1025000.0,990000.0,CONDO,CONDO,Forest Hill South,43.6861204,-79.4171226,2,0,2,1500.0
925000.0,995000.0,925000.0,CONDO,CONDO,Church-Yonge Corridor,43.6700845,-79.3864005,1,1,2,750.0
920000.0,998000.0,920000.0,CONDO,CONDO,Waterfront Communities The Island,43.6473801,-79.3872741,2,0,1,850.0
947500.0,1099000.0,947500.0,CONDO,CONDO,Bay Street Corridor,43.6462325,-79.3835846,2,0,2,1300.0
960000.0,998000.0,960000.0,CONDO,CONDO,Church-Yonge Corridor,43.6700845,-79.3864005,2,1,2,850.0
915000.0,970000.0,915000.0,CONDO,CONDO,Church Yonge Corridor,43.6611534,-79.3816303,2,0,2,850.0
975000.0,999000.0,975000.0,CONDO,CONDO,Roncesvalles,43.64378809999999,-79.4329655,2,0,2,1100.0
960000.0,975000.0,960000.0,CONDO,CONDO,Waterfront Communities The Island,43.6461536,-79.3752086,2,0,2,1300.0
945000.0,1038800.0,945000.0,CONDO,CONDO,Casa Loma,43.6830274,-79.4179185,2,0,2,850.0
1000000.0,800000.0,1000000.0,CONDO,CONDO,Waterfront Communities C1,43.6377127,-79.3973793,2,1,2,1100.0
1000000.0,1118500.0,1000000.0,CONDO,CONDO,Lawrence Park South,43.7174326,-79.40108579999999,2,0,2,1100.0
948000.0,1028000.0,948000.0,CONDO,CONDO,Waterfront Communities C8,43.64490010000001,-79.37180550000001,3,0,2,850.0
915000.0,930000.0,915000.0,CONDO,CONDO,Waterfront Communities C1,43.6393446,-79.3929716,2,1,2,950.0
920000.0,949000.0,920000.0,CONDO,CONDO,Moss Park,43.65278139999999,-79.3677616,2,0,3,950.0
1037000.0,1048000.0,1037000.0,CONDO,CONDO,High Park North,43.6556663,-79.4682434,3,0,2,1100.0
1099000.0,1099000.0,1099000.0,CONDO,CONDO,Niagara,43.6363712,-79.4027602,2,1,2,1300.0
1070000.0,1125000.0,1070000.0,CONDO,CONDO,Waterfront Communities The Island,43.6412475,-79.4001678,3,0,2,1100.0
1050000.0,1059000.0,1050000.0,CONDO,CONDO,The Beaches,43.6684929,-79.3062997,2,0,2,1100.0
1010000.0,1039000.0,1010000.0,CONDO,CONDO,Waterfront Communities C1,43.6454172,-79.39124369999999,2,1,2,850.0
1100000.0,1149000.0,1100000.0,CONDO,CONDO,Waterfront Communities The Island,43.6399005,-79.3905103,2,1,2,1300.0
1060000.0,1159000.0,1060000.0,CONDO,CONDO,Kensington Chinatown,43.6551371,-79.400016,2,0,2,1100.0
1070000.0,1195000.0,1070000.0,CONDO,CONDO,Yonge St Clair,43.6884036,-79.3964356,2,1,2,1300.0
1100000.0,1098800.0,1100000.0,CONDO,CONDO,Lawrence Park South,43.7243318,-79.4024013,2,1,2,1100.0
1035000.0,1050000.0,1035000.0,CONDO,CONDO,Moss Park,43.6502249,-79.3701663,2,2,2,2374.0
1100000.0,1124900.0,1100000.0,CONDO,CONDO,Niagara,43.6366747,-79.40647,2,0,2,1100.0
1008000.0,1059000.0,1008000.0,CONDO,CONDO,Lawrence Park South,43.7244305,-79.4023692,2,0,2,850.0
1075000.0,998000.0,1075000.0,CONDO,CONDO,University,43.6657959,-79.4036131,2,0,2,1100.0
1050000.0,1099000.0,1050000.0,CONDO,CONDO,South Riverdale,43.65780850000001,-79.351512,3,0,2,1300.0
1004990.0,1004990.0,1004990.0,CONDO,CONDO,Annex,43.6712816,-79.3878259,2,0,2,750.0
1046500.0,1088000.0,1046500.0,CONDO,CONDO,Bay Street Corridor,43.6490534,-79.3861546,1,0,1,950.0
1067000.0,1149000.0,1067000.0,CONDO,CONDO,Bay Street Corridor,43.6462325,-79.3835846,3,0,2,1500.0
1005000.0,1050000.0,1005000.0,CONDO,CONDO,Waterfront Communities C8,43.6449599,-79.3643305,2,1,2,950.0
1080000.0,1299000.0,1080000.0,CONDO,CONDO,Bay Street Corridor,43.6636287,-79.3864511,3,0,2,1500.0
1080000.0,1079000.0,1080000.0,CONDO,CONDO,Annex,43.6683065,-79.4013115,2,1,2,1300.0
1010000.0,1049900.0,1010000.0,CONDO,CONDO,Waterfront Communities C8,43.6505719,-79.3572672,2,0,2,1100.0
1025000.0,1050000.0,1025000.0,CONDO,CONDO,Mount Pleasant East,43.701438,-79.373823,2,0,2,950.0
1100000.0,1199000.0,1100000.0,CONDO,CONDO,Forest Hill South,43.6877433,-79.4139411,3,0,3,1900.0
1055000.0,1089000.0,1055000.0,CONDO,CONDO,North St James Town,43.6679848,-79.3755762,2,0,2,1300.0
1040000.0,1049000.0,1040000.0,CONDO,CONDO,Annex,43.6740324,-79.3904727,2,0,2,1300.0
1005000.0,1098000.0,1005000.0,CONDO,CONDO,Forest Hill South,43.6943239,-79.4225394,3,0,2,1300.0
1065000.0,1149000.0,1065000.0,CONDO,CONDO,The Beaches,43.6688114,-79.3068879,2,1,2,1500.0
1070000.0,989000.0,1070000.0,CONDO,CONDO,Forest Hill South,43.6861204,-79.4171226,2,1,2,1500.0
1030000.0,1099999.0,1030000.0,CONDO,CONDO,Annex,43.6726027,-79.3953805,2,0,2,1100.0
1050000.0,950000.0,1050000.0,CONDO,CONDO,Annex,43.6694551,-79.4011739,2,0,2,1100.0
1090000.0,1109000.0,1090000.0,CONDO,CONDO,Waterfront Communities C8,43.6543316,-79.35407769999999,3,1,3,1300.0
1060000.0,1098000.0,1060000.0,CONDO,CONDO,Moss Park,43.6515395,-79.3680908,2,0,2,1100.0
1030000.0,1198800.0,1030000.0,CONDO,CONDO,Waterfront Communities C1,43.6455046,-79.3924571,2,0,2,950.0
1030000.0,1130000.0,1030000.0,CONDO,CONDO,Casa Loma,43.6855676,-79.4051397,2,0,2,1100.0
1040000.0,1120000.0,1040000.0,CONDO,CONDO,Rosedale-Moore Park,43.6886512,-79.38993479999999,2,0,2,950.0
1100000.0,1175000.0,1100000.0,CONDO,CONDO,Rosedale Moore Park,43.6746785,-79.3860744,2,0,2,1300.0
1095000.0,1175000.0,1095000.0,CONDO,CONDO,Waterfront Communities C1,43.6476028,-79.39076,2,0,2,1100.0
1050000.0,1080000.0,1050000.0,CONDO,CONDO,Mount Pleasant West,43.705293,-79.3972641,2,0,2,1300.0
1100000.0,1150000.0,1100000.0,CONDO,CONDO,Yonge St Clair,43.6889137,-79.399995,2,0,2,1300.0
1055000.0,1149000.0,1055000.0,CONDO,CONDO,Waterfront Communities The Island,43.6457578,-79.3946255,2,0,2,1100.0
1025000.0,1088000.0,1025000.0,CONDO,CONDO,Niagara,43.6418715,-79.4028277,2,0,2,1100.0
1100000.0,1175000.0,1100000.0,CONDO,CONDO,Yonge St Clair,43.6892416,-79.3952485,2,0,2,1100.0
1025000.0,1025000.0,1025000.0,CONDO,CONDO,Annex,43.6726027,-79.3953805,2,0,2,1100.0
1010000.0,1150000.0,1010000.0,CONDO,CONDO,Bay Street Corridor,43.6490534,-79.3861546,1,0,1,850.0
1100000.0,1199900.0,1100000.0,CONDO,CONDO,Waterfront Communities C1,43.6403357,-79.3910664,2,1,2,1100.0
1100000.0,1149000.0,1100000.0,CONDO,CONDO,Mount Pleasant West,43.7099797,-79.3959805,2,1,2,1100.0
1030000.0,1089000.0,1030000.0,CONDO,CONDO,Waterfront Communities The Island,43.6476028,-79.39076,2,0,2,1100.0
1065000.0,1049000.0,1065000.0,CONDO,CONDO,Church-Yonge Corridor,43.6484128,-79.3764665,2,1,2,1100.0
1015000.0,1038800.0,1015000.0,CONDO,CONDO,Waterfront Communities The Island,43.6440617,-79.3894386,2,1,2,1100.0
1037288.0,1099000.0,1037288.0,CONDO,CONDO,Waterfront Communities C1,43.6476028,-79.39076,2,0,2,1100.0
1040000.0,1089900.0,1040000.0,CONDO,CONDO,Waterfront Communities C8,43.6502609,-79.36741839999999,3,1,3,1100.0
1040000.0,999000.0,1040000.0,CONDO,CONDO,Kensington Chinatown,43.6553805,-79.3899405,2,0,2,1500.0
1050000.0,1130000.0,1050000.0,CONDO,CONDO,Bay Street Corridor,43.6595018,-79.3847849,2,1,2,1300.0
1055000.0,1128000.0,1055000.0,CONDO,CONDO,Waterfront Communities C1,43.6490923,-79.3885042,2,1,2,1300.0
1050000.0,990000.0,1050000.0,CONDO,CONDO,Waterfront Communities C1,43.6457197,-79.39018159999999,2,1,2,850.0
1045000.0,1099900.0,1045000.0,CONDO,CONDO,Waterfront Communities The Island,43.6480735,-79.3741188,2,0,2,950.0
1050000.0,1275000.0,1050000.0,CONDO,CONDO,Waterfront Communities C8,43.6469073,-79.3709274,2,0,2,1100.0
1100000.0,1200000.0,1100000.0,CONDO,CONDO,Waterfront Communities The Island,43.6393958,-79.3791778,2,0,2,1100.0
1100000.0,999000.0,1100000.0,CONDO,CONDO,The Beaches,43.6703908,-79.3002563,2,0,2,1100.0
1095000.0,1095000.0,1095000.0,CONDO,CONDO,Annex,43.668542,-79.397174,2,0,2,950.0
1090000.0,1149000.0,1090000.0,CONDO,CONDO,Waterfront Communities C1,43.64258299999999,-79.39603699999999,2,0,2,950.0
1070000.0,1095000.0,1070000.0,CONDO,CONDO,Yonge St Clair,43.6855437,-79.3934229,2,0,2,1100.0
1025000.0,1050000.0,1025000.0,CONDO,CONDO,Waterfront Communities C1,43.6476028,-79.39076,2,0,2,1100.0
1090000.0,1328888.0,1090000.0,CONDO,CONDO,Bay Street Corridor,43.6667966,-79.3886683,2,0,2,850.0
1080000.0,1190000.0,1080000.0,CONDO,CONDO,Annex,43.668542,-79.397174,2,0,2,850.0
1069000.0,1049000.0,1069000.0,CONDO,CONDO,Lawrence Park North,43.7229005,-79.4136591,2,0,2,750.0
1018000.0,1118800.0,1018000.0,CONDO,CONDO,Annex,43.6732429,-79.3898622,2,1,2,950.0
1035000.0,1095000.0,1035000.0,CONDO,CONDO,Annex,43.673341,-79.3892433,2,1,2,1300.0
1080000.0,1150000.0,1080000.0,CONDO,CONDO,Waterfront Communities The Island,43.6457578,-79.3946255,2,0,2,1100.0
1050000.0,1100000.0,1050000.0,CONDO,CONDO,High Park Swansea,43.6484374,-79.4865948,2,1,2,950.0
1035000.0,1048000.0,1035000.0,CONDO,CONDO,Waterfront Communities The Island,43.6440617,-79.3894386,2,0,2,1100.0
1024695.0,1159000.0,1024695.0,CONDO,CONDO,Yonge-Eglinton,43.700445,-79.397789,2,0,2,1100.0
1038000.0,1119000.0,1038000.0,CONDO,CONDO,Waterfront Communities The Island,43.6440617,-79.3894386,2,1,2,1100.0
1020000.0,1088000.0,1020000.0,CONDO,CONDO,Waterfront Communities The Island,43.6400003,-79.3788904,2,0,2,1100.0
1055000.0,1099900.0,1055000.0,CONDO,CONDO,Waterfront Communities The Island,43.6480735,-79.3741188,2,1,2,950.0
1080000.0,1160000.0,1080000.0,CONDO,CONDO,Annex,43.6748781,-79.3937949,2,0,2,950.0
1075000.0,1150000.0,1075000.0,CONDO,CONDO,High Park North,43.6559939,-79.4669626,2,0,2,1100.0
1065000.0,1140000.0,1065000.0,CONDO,CONDO,High Park Swansea,43.6484374,-79.4865948,2,0,2,1100.0
1050000.0,1085000.0,1050000.0,CONDO,CONDO,Kingsview Village The Westway,43.69824209999999,-79.5479308,2,1,2,2624.0
1035000.0,1099000.0,1035000.0,CONDO,CONDO,High Park Swansea,43.6475188,-79.4873168,2,0,2,1100.0
1065000.0,1159000.0,1065000.0,CONDO,CONDO,High Park Swansea,43.635587,-79.4681186,2,0,2,950.0
1050000.0,1099000.0,1050000.0,CONDO,CONDO,Roncesvalles,43.64378809999999,-79.4329655,3,0,2,1100.0
1075000.0,1149000.0,1075000.0,CONDO,CONDO,Waterfront Communities The Island,43.6397347,-79.3920867,2,1,2,1300.0
1050000.0,1099000.0,1050000.0,CONDO,CONDO,Humewood-Cedarvale,43.6833395,-79.4195033,3,1,2,1100.0
1012500.0,1069000.0,1012500.0,CONDO,CONDO,Waterfront Communities The Island,43.6381358,-79.39147,2,0,2,950.0
1026000.0,998750.0,1026000.0,CONDO,CONDO,Waterfront Communities The Island,43.644122,-79.3960066,2,0,2,1100.0
1060000.0,1079000.0,1060000.0,CONDO,CONDO,Niagara,43.6384324,-79.4135407,2,1,2,1300.0
1075000.0,1199000.0,1075000.0,CONDO,CONDO,Casa Loma,43.6815627,-79.3999553,1,1,2,1500.0
1042000.0,1135000.0,1042000.0,CONDO,CONDO,Lawrence Park North,43.7268093,-79.4020116,2,0,2,1300.0
1060000.0,1099900.0,1060000.0,CONDO,CONDO,Waterfront Communities C8,43.6454925,-79.3613428,2,1,3,1300.0
1025000.0,1050000.0,1025000.0,CONDO,CONDO,Waterfront Communities The Island,43.6400887,-79.3939574,2,1,2,1100.0
1070000.0,1088000.0,1070000.0,CONDO,CONDO,Niagara,43.6395092,-79.4151815,2,1,2,1100.0
1015000.0,1099900.0,1015000.0,CONDO,CONDO,Waterfront Communities The Island,43.6397347,-79.3920867,2,1,2,1300.0
1088000.0,1199990.0,1088000.0,CONDO,CONDO,Church-Yonge Corridor,43.6700845,-79.3864005,2,0,2,1100.0
1030000.0,1095000.0,1030000.0,CONDO,CONDO,Rosedale Moore Park,43.672274,-79.3804573,2,1,2,1700.0
1020000.0,1098888.0,1020000.0,CONDO,CONDO,Waterfront Communities C8,43.6446082,-79.3711452,3,0,2,950.0
1075000.0,1170000.0,1075000.0,CONDO,CONDO,Rosedale Moore Park,43.6724987,-79.3774996,3,0,2,1900.0
1080000.0,1278000.0,1080000.0,CONDO,CONDO,North St James Town,43.6717536,-79.3714449,3,0,2,1100.0
1010000.0,1048488.0,1010000.0,CONDO,CONDO,Bay Street Corridor,43.6620243,-79.3865463,2,1,2,1100.0
1090000.0,999999.0,1090000.0,CONDO,CONDO,Waterfront Communities The Island,43.6426507,-79.3773286,3,0,2,1300.0
1030000.0,1009000.0,1030000.0,CONDO,CONDO,Annex,43.6683065,-79.4013115,2,1,2,1100.0
1009030.0,999990.0,1009030.0,CONDO,CONDO,Yonge Eglinton,43.7031415,-79.3978491,1,1,2,750.0
1058000.0,1098000.0,1058000.0,CONDO,CONDO,Waterfront Communities C1,43.6422065,-79.3972587,2,0,2,950.0
1005000.0,1058000.0,1005000.0,CONDO,CONDO,Waterfront Communities C1,43.64798769999999,-79.39183899999999,3,0,2,1300.0
1085000.0,1150000.0,1085000.0,CONDO,CONDO,Waterfront Communities C1,43.6457196,-79.3901839,3,0,2,1100.0
1030000.0,1119000.0,1030000.0,CONDO,CONDO,Kensington Chinatown,43.6558252,-79.3901984,3,0,2,1700.0
1085000.0,1099000.0,1085000.0,CONDO,CONDO,Little Portugal,43.6421614,-79.4265337,2,1,2,950.0
1060000.0,1125000.0,1060000.0,CONDO,CONDO,Waterfront Communities The Island,43.6430829,-79.4018327,2,0,2,1100.0
1075000.0,1149000.0,1075000.0,CONDO,CONDO,Annex,43.6705031,-79.3905628,2,1,2,950.0
1008888.0,1090000.0,1008888.0,CONDO,CONDO,Waterfront Communities The Island,43.6440617,-79.3894386,3,0,2,850.0
1030000.0,1088000.0,1030000.0,CONDO,CONDO,Lawrence Park North,43.7268093,-79.4020116,2,0,2,1100.0
1048000.0,1110000.0,1048000.0,CONDO,CONDO,Mount Pleasant West,43.705293,-79.3972641,2,1,2,1300.0
1024990.0,1024990.0,1024990.0,CONDO,CONDO,Annex,43.6710861,-79.3877759,2,0,2,750.0
1005000.0,988000.0,1005000.0,CONDO,CONDO,Bedford Park Nortown,43.7405594,-79.4245956,2,0,2,1500.0
1100000.0,999000.0,1100000.0,CONDO,CONDO,Bay Street Corridor,43.6592197,-79.3824919,2,1,2,1100.0
1050000.0,1125000.0,1050000.0,CONDO,CONDO,Moss Park,43.6514464,-79.3681507,2,1,2,1100.0
1050000.0,1050000.0,1050000.0,CONDO,CONDO,Mount Pleasant West,43.7086965,-79.3967069,2,1,2,1100.0
1095000.0,1128000.0,1095000.0,CONDO,CONDO,Mount Pleasant West,43.70877249999999,-79.3937821,2,1,2,1100.0
1090000.0,1099900.0,1090000.0,CONDO,CONDO,Church Yonge Corridor,43.6655014,-79.3833327,2,1,2,1300.0
1080000.0,1150000.0,1080000.0,CONDO,CONDO,High Park North,43.6543545,-79.4632051,2,0,2,950.0
1060000.0,1100000.0,1060000.0,CONDO,CONDO,Yonge St Clair,43.6879141,-79.3961909,2,0,2,1100.0
1030000.0,1049000.0,1030000.0,CONDO,CONDO,Mount Pleasant West,43.7116204,-79.3955165,2,0,3,1100.0
1100000.0,1029000.0,1100000.0,CONDO,CONDO,Waterfront Communities The Island,43.6496778,-79.3700412,2,0,2,1500.0
1100000.0,1174800.0,1100000.0,CONDO,CONDO,Church Yonge Corridor,43.6700844,-79.3805554,2,1,2,1100.0
1130000.0,1149000.0,1130000.0,CONDO,CONDO,Yonge St Clair,43.6869763,-79.3957614,2,0,2,1100.0
1180000.0,1195000.0,1180000.0,CONDO,CONDO,Waterfront Communities The Island,43.6439014,-79.3994795,2,0,2,1300.0
1128000.0,1190000.0,1128000.0,CONDO,CONDO,Niagara,43.6384589,-79.4140635,3,0,2,1300.0
1130000.0,1250000.0,1130000.0,CONDO,CONDO,Annex,43.6721106,-79.3893619,1,0,2,950.0
1116000.0,1149000.0,1116000.0,CONDO,CONDO,The Beaches,43.6680036,-79.3085901,2,0,2,1100.0
1200000.0,1099000.0,1200000.0,CONDO,CONDO,High Park North,43.6556663,-79.4682434,3,0,2,1100.0
1175000.0,1209000.0,1175000.0,CONDO,CONDO,Bridle Path Sunnybrook York Mills,43.7180212,-79.3768816,2,0,3,1100.0
1121200.0,1123301.0,1121200.0,CONDO,CONDO,Oakwood Village,43.6803749,-79.4337199,3,0,2,1300.0
1200000.0,1330000.0,1200000.0,CONDO,CONDO,Lawrence Park South,43.717648,-79.4002655,2,1,2,1700.0
1110000.0,1069000.0,1110000.0,CONDO,CONDO,Waterfront Communities The Island,43.6480735,-79.3741188,2,0,2,950.0
1185000.0,1185000.0,1185000.0,CONDO,CONDO,Waterfront Communities C1,43.6403228,-79.3917567,2,1,2,1300.0
1190000.0,1279900.0,1190000.0,CONDO,CONDO,Church Yonge Corridor,43.6705684,-79.3814562,2,0,2,1500.0
1146500.0,1160000.0,1146500.0,CONDO,CONDO,Bay Street Corridor,43.6620243,-79.3865463,3,1,2,1300.0
1130000.0,1150000.0,1130000.0,CONDO,CONDO,Bay Street Corridor,43.6620243,-79.3865463,3,1,2,1300.0
1175000.0,1223000.0,1175000.0,CONDO,CONDO,Mount Pleasant West,43.7117356,-79.3919084,2,1,2,1300.0
1150000.0,1150000.0,1150000.0,CONDO,CONDO,Church-Yonge Corridor,43.6484128,-79.3764665,2,1,2,1100.0
1200000.0,1350000.0,1200000.0,CONDO,CONDO,Mount Pleasant East,43.701438,-79.373823,2,0,2,1100.0
1199900.0,1199900.0,1199900.0,CONDO,CONDO,Church-Yonge Corridor,43.6688688,-79.38351109999999,2,0,2,950.0
1200000.0,1288000.0,1200000.0,CONDO,CONDO,Forest Hill South,43.6864588,-79.4153903,2,0,2,1500.0
1139000.0,1149900.0,1139000.0,CONDO,CONDO,Niagara,43.6366747,-79.40647,2,0,2,1100.0
1200000.0,1250000.0,1200000.0,CONDO,CONDO,Annex,43.6716658,-79.3881636,3,1,2,950.0
1133000.0,1280000.0,1133000.0,CONDO,CONDO,Waterfront Communities The Island,43.6403108,-79.3908593,2,1,2,1300.0
1156500.0,1199000.0,1156500.0,CONDO,CONDO,Church Yonge Corridor,43.6485069,-79.3755019,2,0,2,1700.0
1185000.0,1290000.0,1185000.0,CONDO,CONDO,Waterfront Communities The Island,43.6403228,-79.3917567,2,1,2,1300.0
1200000.0,1229900.0,1200000.0,CONDO,CONDO,Annex,43.6705682,-79.3906888,2,0,3,1100.0
1135000.0,1145000.0,1135000.0,CONDO,CONDO,Bay Street Corridor,43.6490534,-79.3861546,1,0,1,850.0
1175000.0,999900.0,1175000.0,CONDO,CONDO,Waterfront Communities The Island,43.6398182,-79.3836155,2,0,2,1100.0
1131800.0,1149000.0,1131800.0,CONDO,CONDO,Bay Street Corridor,43.6462325,-79.3835846,2,1,2,1500.0
1150000.0,1179000.0,1150000.0,CONDO,CONDO,Bay Street Corridor,43.662311,-79.3859028,2,0,2,1100.0
1150000.0,1198000.0,1150000.0,CONDO,CONDO,Waterfront Communities The Island,43.6400653,-79.3784948,2,0,2,1500.0
1200000.0,1245000.0,1200000.0,CONDO,CONDO,Waterfront Communities The Island,43.6431621,-79.3762619,2,1,2,1300.0
1125000.0,1199000.0,1125000.0,CONDO,CONDO,Rosedale-Moore Park,43.6827564,-79.3914903,2,0,2,1500.0
1125000.0,1175000.0,1125000.0,CONDO,CONDO,Waterfront Communities C8,43.6461378,-79.3615282,2,0,2,950.0
1175000.0,1249900.0,1175000.0,CONDO,CONDO,Kensington-Chinatown,43.6567324,-79.392335,3,0,2,1100.0
1180000.0,1249900.0,1180000.0,CONDO,CONDO,Kensington-Chinatown,43.6567324,-79.392335,3,0,2,1100.0
1165000.0,1199000.0,1165000.0,CONDO,CONDO,Roncesvalles,43.6519444,-79.450175,2,1,2,1100.0
1175000.0,1199000.0,1175000.0,CONDO,CONDO,Waterfront Communities The Island,43.6397347,-79.3920867,2,1,2,1300.0
1121900.0,1099900.0,1121900.0,CONDO,CONDO,Waterfront Communities The Island,43.6473801,-79.3872741,2,0,2,950.0
1175000.0,1199999.0,1175000.0,CONDO,CONDO,Waterfront Communities The Island,43.6400003,-79.3788904,2,1,2,1300.0
1190000.0,1288000.0,1190000.0,CONDO,CONDO,Annex,43.6732429,-79.3898622,2,0,2,1100.0
1120000.0,1199900.0,1120000.0,CONDO,CONDO,Waterfront Communities The Island,43.6456689,-79.3930607,2,1,2,1100.0
1190000.0,1199000.0,1190000.0,CONDO,CONDO,Lawrence Park South,43.717648,-79.4002655,2,0,2,1500.0
1178000.0,1178000.0,1178000.0,CONDO,CONDO,Waterfront Communities C1,43.6434202,-79.3991997,3,0,2,1100.0
1179000.0,1185000.0,1179000.0,CONDO,CONDO,Roncesvalles,43.6519444,-79.450175,2,1,2,1100.0
1125000.0,1169000.0,1125000.0,CONDO,CONDO,Church Yonge Corridor,43.6700844,-79.3805554,2,1,2,1100.0
1153700.0,1195000.0,1153700.0,CONDO,CONDO,Waterfront Communities The Island,43.6372862,-79.3909081,1,1,2,1300.0
1155000.0,1179000.0,1155000.0,CONDO,CONDO,Annex,43.6698863,-79.3909824,1,1,1,850.0
1199000.0,1199000.0,1199000.0,CONDO,CONDO,Moss Park,43.6502249,-79.3701663,2,1,3,2624.0
1120000.0,1198000.0,1120000.0,CONDO,CONDO,Rosedale-Moore Park,43.67124339999999,-79.38472639999999,3,1,3,1900.0
1125000.0,1199000.0,1125000.0,CONDO,CONDO,Waterfront Communities C8,43.6461378,-79.3615282,2,0,2,950.0
1175000.0,1275000.0,1175000.0,CONDO,CONDO,Waterfront Communities C8,43.64236469999999,-79.3725585,2,1,2,1100.0
1120000.0,1199000.0,1120000.0,CONDO,CONDO,Bay Street Corridor,43.6595018,-79.3847849,2,1,2,1300.0
1155000.0,1175000.0,1155000.0,CONDO,CONDO,Yonge St Clair,43.6855437,-79.3934229,2,0,2,1300.0
1131000.0,1149990.0,1131000.0,CONDO,CONDO,Waterfront Communities C1,43.64258299999999,-79.39603699999999,2,0,2,850.0
1125000.0,1149000.0,1125000.0,CONDO,CONDO,Bedford Park-Nortown,43.7394157,-79.4248088,2,1,2,1500.0
1150000.0,1225000.0,1150000.0,CONDO,CONDO,Banbury-Don Mills,43.7196244,-79.3497402,2,1,2,1300.0
1200000.0,1245000.0,1200000.0,CONDO,CONDO,Waterfront Communities The Island,43.6400653,-79.3784948,2,0,2,1500.0
1175000.0,1199000.0,1175000.0,CONDO,CONDO,Waterfront Communities C1,43.641749,-79.4213942,2,0,2,950.0
1145000.0,1149000.0,1145000.0,CONDO,CONDO,High Park Swansea,43.6481789,-79.4874357,2,1,2,1100.0
1200000.0,1250000.0,1200000.0,CONDO,CONDO,Bay Street Corridor,43.6600198,-79.385078,2,0,2,1300.0
1195000.0,1195000.0,1195000.0,CONDO,CONDO,Forest Hill South,43.6864588,-79.4153903,2,0,2,1100.0
1200000.0,1245000.0,1200000.0,CONDO,CONDO,Church Yonge Corridor,43.6632004,-79.3777681,2,1,2,1100.0
1190000.0,1299000.0,1190000.0,CONDO,CONDO,Waterfront Communities C1,43.64258299999999,-79.39603699999999,2,0,2,950.0
1175000.0,1175000.0,1175000.0,CONDO,CONDO,High Park North,43.6556663,-79.4682434,3,0,2,1100.0
1200000.0,1399000.0,1200000.0,CONDO,CONDO,Bay Street Corridor,43.6668981,-79.3890419,2,0,2,850.0
1138000.0,1170000.0,1138000.0,CONDO,CONDO,Lawrence Park South,43.7243318,-79.4024013,2,0,2,1100.0
1195000.0,999000.0,1195000.0,CONDO,CONDO,The Beaches,43.66765,-79.3038,2,0,2,1100.0
1175000.0,1219000.0,1175000.0,CONDO,CONDO,Waterfront Communities The Island,43.6430829,-79.4018327,2,0,2,1100.0
1160000.0,1240000.0,1160000.0,CONDO,CONDO,Bay Street Corridor,43.6592197,-79.3824919,2,1,2,1300.0
1185000.0,1249900.0,1185000.0,CONDO,CONDO,Lawrence Park South,43.7243318,-79.4024013,2,1,2,1100.0
1180000.0,1225000.0,1180000.0,CONDO,CONDO,Waterfront Communities C1,43.6424635,-79.39675319999999,2,0,2,850.0
1122000.0,1149990.0,1122000.0,CONDO,CONDO,Waterfront Communities C1,43.6465938,-79.4018062,3,1,3,1100.0
1200000.0,1299900.0,1200000.0,CONDO,CONDO,Waterfront Communities The Island,43.6393958,-79.3791778,2,1,2,1300.0
1183000.0,1188000.0,1183000.0,CONDO,CONDO,Mount Pleasant West,43.6978398,-79.3871947,2,1,2,1100.0
1170000.0,1290000.0,1170000.0,CONDO,CONDO,Niagara,43.6384795,-79.4168794,3,1,2,1300.0
1200000.0,1249000.0,1200000.0,CONDO,CONDO,Waterfront Communities The Island,43.6372862,-79.3909081,2,0,2,1500.0
1175000.0,1295000.0,1175000.0,CONDO,CONDO,Casa Loma,43.6862939,-79.4017541,2,0,2,1100.0
1150000.0,1199990.0,1150000.0,CONDO,CONDO,Forest Hill South,43.6871601,-79.4150637,2,0,2,1500.0
1132000.0,999000.0,1132000.0,CONDO,CONDO,Bay Street Corridor,43.6594652,-79.38283969999999,2,1,2,1300.0
1180000.0,1349000.0,1180000.0,CONDO,CONDO,Yonge St Clair,43.6897659,-79.4021711,3,0,3,1100.0
1160000.0,1295000.0,1160000.0,CONDO,CONDO,Bay Street Corridor,43.6497827,-79.3804402,1,1,2,1500.0
1179000.0,1259000.0,1179000.0,CONDO,CONDO,Waterfront Communities The Island,43.6397347,-79.3920867,3,0,2,1300.0
1138000.0,1288000.0,1138000.0,CONDO,CONDO,Bay Street Corridor,43.6600829,-79.3860086,2,1,3,1100.0
1165000.0,1249000.0,1165000.0,CONDO,CONDO,Waterfront Communities C1,43.6425194,-79.3960319,2,0,2,950.0
1140000.0,1149000.0,1140000.0,CONDO,CONDO,Waterfront Communities C1,43.6375854,-79.39400429999999,2,0,2,1700.0
1180000.0,1180369.0,1180000.0,CONDO,CONDO,Rosedale Moore Park,43.6807098,-79.3894335,1,1,2,850.0
1138000.0,1178800.0,1138000.0,CONDO,CONDO,Waterfront Communities The Island,43.6440617,-79.3894386,2,1,2,1100.0
1116250.0,1175000.0,1116250.0,CONDO,CONDO,Trinity Bellwoods,43.6464913,-79.41949699999999,2,1,2,850.0
1140000.0,1199000.0,1140000.0,CONDO,CONDO,Waterfront Communities The Island,43.6430829,-79.4018327,1,0,2,1100.0
1112500.0,1199900.0,1112500.0,CONDO,CONDO,Moss Park,43.6532914,-79.3661861,2,0,2,1100.0
1200000.0,1229000.0,1200000.0,CONDO,CONDO,Rosedale Moore Park,43.6746785,-79.3860744,3,0,2,1700.0
1149000.0,1149000.0,1149000.0,CONDO,CONDO,Waterfront Communities The Island,43.6397347,-79.3920867,2,1,2,1300.0
1145000.0,1175000.0,1145000.0,CONDO,CONDO,Waterfront Communities The Island,43.6400653,-79.3784948,2,0,2,1500.0
1120000.0,1199000.0,1120000.0,CONDO,CONDO,Mount Pleasant West,43.7098418,-79.396432,2,1,2,1100.0
1200000.0,1299000.0,1200000.0,CONDO,CONDO,Cabbagetown South St James Town,43.6628495,-79.3762687,2,1,3,2624.0
1175000.0,1175000.0,1175000.0,CONDO,CONDO,Church Yonge Corridor,43.6485069,-79.3755019,2,1,2,1500.0
1150000.0,1100000.0,1150000.0,CONDO,CONDO,Yonge St Clair,43.6869763,-79.3957614,2,0,2,1100.0
1160000.0,1200000.0,1160000.0,CONDO,CONDO,Mount Pleasant West,43.7086965,-79.3967069,2,0,3,1300.0
1110000.0,1119000.0,1110000.0,CONDO,CONDO,High Park North,43.652186,-79.472252,2,1,2,950.0
1285000.0,1530000.0,1285000.0,CONDO,CONDO,Waterfront Communities The Island,43.6400837,-79.3790949,2,1,2,1300.0
1210800.0,1299800.0,1210800.0,CONDO,CONDO,Waterfront Communities The Island,43.6397684,-79.3776426,2,0,2,1500.0
1299000.0,1299000.0,1299000.0,CONDO,CONDO,Cabbagetown South St James Town,43.6628495,-79.3762687,2,1,3,2624.0
1288877.0,1365000.0,1288877.0,CONDO,CONDO,Waterfront Communities C1,43.6421231,-79.4015682,2,0,2,1300.0
1205000.0,1249000.0,1205000.0,CONDO,CONDO,Bay Street Corridor,43.6648039,-79.3869669,3,0,2,1100.0
1280000.0,1349000.0,1280000.0,CONDO,CONDO,Waterfront Communities C1,43.6473801,-79.3872741,3,0,2,1100.0
1250000.0,1275000.0,1250000.0,CONDO,CONDO,Annex,43.6737189,-79.41219819999999,2,0,3,1100.0
1285000.0,1299900.0,1285000.0,CONDO,CONDO,Waterfront Communities The Island,43.6397205,-79.384172,2,1,2,1300.0
1225000.0,1339900.0,1225000.0,CONDO,CONDO,Annex,43.6694551,-79.4011739,2,0,2,1100.0
1291366.25,1341500.0,1291366.25,CONDO,CONDO,Dovercourt-Wallace Emerson-Junction,43.6706316,-79.4269585,2,1,2,1100.0
1250000.0,1325000.0,1250000.0,CONDO,CONDO,Yonge St Clair,43.6870884,-79.3940321,2,1,2,1300.0
1205000.0,1240000.0,1205000.0,CONDO,CONDO,Annex,43.6753313,-79.3971281,2,0,2,1100.0
1240000.0,1280000.0,1240000.0,CONDO,CONDO,Annex,43.6716658,-79.3881636,2,1,2,850.0
1268000.0,1315000.0,1268000.0,CONDO,CONDO,Annex,43.6748081,-79.3996562,3,0,2,1300.0
1298888.0,1330000.0,1298888.0,CONDO,CONDO,Bay Street Corridor,43.6667966,-79.3886683,2,0,2,850.0
1225000.0,1298000.0,1225000.0,CONDO,CONDO,Mount Pleasant East,43.7106496,-79.37734,3,0,2,1300.0
1235000.0,1249900.0,1235000.0,CONDO,CONDO,The Beaches,43.6788227,-79.29755039999999,3,0,2,1300.0
1270000.0,1395000.0,1270000.0,CONDO,CONDO,Niagara,43.6363712,-79.4027602,2,1,2,1300.0
1295000.0,1368000.0,1295000.0,CONDO,CONDO,Mount Pleasant West,43.7087689,-79.3937974,2,1,2,1300.0
1250000.0,1269000.0,1250000.0,CONDO,CONDO,Forest Hill South,43.6884978,-79.4146412,3,0,2,1500.0
1220000.0,1249900.0,1220000.0,CONDO,CONDO,Yonge-St. Clair,43.6897659,-79.4021711,2,1,3,1100.0
1300000.0,1388000.0,1300000.0,CONDO,CONDO,Yonge-St. Clair,43.6790191,-79.3981227,2,0,3,1100.0
1280000.0,1298000.0,1280000.0,CONDO,CONDO,Waterfront Communities The Island,43.6406816,-79.376999,2,1,2,1500.0
1238000.0,1495000.0,1238000.0,CONDO,CONDO,Casa Loma,43.6866164,-79.4036084,1,1,2,750.0
1232000.0,1324900.0,1232000.0,CONDO,CONDO,Cabbagetown South St James Town,43.6628495,-79.3762687,2,1,2,1700.0
1300000.0,1349900.0,1300000.0,CONDO,CONDO,Annex,43.6737189,-79.41219819999999,2,0,3,1100.0
1230000.0,1349900.0,1230000.0,CONDO,CONDO,Bay Street Corridor,43.6592197,-79.3824919,2,1,2,1300.0
1235000.0,1248000.0,1235000.0,CONDO,CONDO,Waterfront Communities The Island,43.6403228,-79.3917567,2,1,2,1300.0
1250000.0,1290000.0,1250000.0,CONDO,CONDO,Annex,43.6716658,-79.3881636,2,1,2,850.0
1285000.0,1350000.0,1285000.0,CONDO,CONDO,South Riverdale,43.6629934,-79.3404389,2,0,2,1300.0
1225000.0,1100000.0,1225000.0,CONDO,CONDO,Waterfront Communities C1,43.6417088,-79.3793164,3,0,2,1100.0
1280000.0,1329000.0,1280000.0,CONDO,CONDO,Forest Hill South,43.6884978,-79.4146412,2,0,2,1300.0
1275000.0,1285000.0,1275000.0,CONDO,CONDO,Lawrence Park South,43.717648,-79.4002655,2,0,2,1500.0
1210000.0,1249900.0,1210000.0,CONDO,CONDO,Waterfront Communities The Island,43.6457578,-79.3946255,2,0,2,1300.0
1250000.0,1330000.0,1250000.0,CONDO,CONDO,Annex,43.6756017,-79.3978774,2,1,2,1100.0
1250000.0,1349000.0,1250000.0,CONDO,CONDO,Dufferin Grove,43.6533702,-79.4284509,2,0,3,1300.0
1250000.0,1399000.0,1250000.0,CONDO,CONDO,Yonge St Clair,43.6855437,-79.3934229,2,0,2,1300.0
1225000.0,1299000.0,1225000.0,CONDO,CONDO,Forest Hill South,43.6861323,-79.4127102,2,0,2,1300.0
1250000.0,1299900.0,1250000.0,CONDO,CONDO,Annex,43.6694844,-79.3937943,2,0,2,1700.0
1280000.0,1299000.0,1280000.0,CONDO,CONDO,Waterfront Communities C1,43.6404408,-79.3971889,2,1,3,1500.0
1275000.0,1375000.0,1275000.0,CONDO,CONDO,Waterfront Communities The Island,43.6457578,-79.3946255,2,0,2,1100.0
1300000.0,1349000.0,1300000.0,CONDO,CONDO,Waterfront Communities C1,43.6428617,-79.3769141,2,1,2,1300.0
1205000.0,1295000.0,1205000.0,CONDO,CONDO,Moss Park,43.6521176,-79.3714605,2,1,2,1100.0
1247000.0,1299000.0,1247000.0,CONDO,CONDO,Kensington Chinatown,43.6501593,-79.3926005,2,1,2,1100.0
1250000.0,1295000.0,1250000.0,CONDO,CONDO,Forest Hill South,43.6871601,-79.4150637,2,0,2,1500.0
1265000.0,1299000.0,1265000.0,CONDO,CONDO,High Park-Swansea,43.6484374,-79.4865948,2,0,3,1300.0
1259900.0,1279900.0,1259900.0,CONDO,CONDO,High Park North,43.6554742,-79.4683129,3,0,2,1100.0
1250000.0,1349900.0,1250000.0,CONDO,CONDO,Annex,43.6736641,-79.3885207,2,0,2,1500.0
1209990.0,1209990.0,1209990.0,CONDO,CONDO,Annex,43.6710861,-79.3877759,2,0,2,950.0
1300000.0,1375000.0,1300000.0,CONDO,CONDO,Casa Loma,43.6790191,-79.3981227,2,0,3,1100.0
1244000.0,1249000.0,1244000.0,CONDO,CONDO,Waterfront Communities C8,43.6449599,-79.3643305,2,0,2,1100.0
1250000.0,1339000.0,1250000.0,CONDO,CONDO,Moss Park,43.6505002,-79.3695382,2,2,2,2124.0
1285000.0,1349900.0,1285000.0,CONDO,CONDO,Niagara,43.6383649,-79.4145613,2,1,2,1300.0
1228000.0,1249900.0,1228000.0,CONDO,CONDO,Waterfront Communities The Island,43.6400837,-79.3790949,2,0,2,1100.0
1250000.0,1399000.0,1250000.0,CONDO,CONDO,Bay Street Corridor,43.6488273,-79.3780964,2,0,2,1900.0
1295000.0,1448000.0,1295000.0,CONDO,CONDO,Church-Yonge Corridor,43.6700845,-79.3864005,2,0,3,1100.0
1295000.0,1399000.0,1295000.0,CONDO,CONDO,Annex,43.6717424,-79.3878028,3,0,3,1300.0
1250000.0,999000.0,1250000.0,CONDO,CONDO,Waterfront Communities The Island,43.6437695,-79.3969831,2,1,2,1500.0
1230000.0,1289000.0,1230000.0,CONDO,CONDO,North St James Town,43.6717697,-79.3715704,3,0,3,1300.0
1300000.0,1335000.0,1300000.0,CONDO,CONDO,Mount Pleasant West,43.705293,-79.3972641,2,1,3,1500.0
1210000.0,1275000.0,1210000.0,CONDO,CONDO,Annex,43.673341,-79.3892433,2,1,2,1700.0
1280000.0,1450000.0,1280000.0,CONDO,CONDO,North St James Town,43.6717697,-79.3715704,3,0,2,1300.0
1385000.0,1425000.0,1385000.0,CONDO,CONDO,Waterfront Communities C1,43.6471495,-79.3996343,2,0,2,1100.0
1357000.0,1379000.0,1357000.0,CONDO,CONDO,High Park Swansea,43.6474322,-79.4899983,2,0,2,1700.0
1350000.0,1399000.0,1350000.0,CONDO,CONDO,Niagara,43.641749,-79.4213942,3,0,2,1300.0
1300800.0,1425000.0,1300800.0,CONDO,CONDO,Waterfront Communities C1,43.6424635,-79.39675319999999,2,0,2,1100.0
1400000.0,1575000.0,1400000.0,CONDO,CONDO,Church-Yonge Corridor,43.6516637,-79.37691699999999,2,1,3,1500.0
1380000.0,1474000.0,1380000.0,CONDO,CONDO,Waterfront Communities C1,43.6471698,-79.399339,2,0,2,1100.0
1395000.0,1495000.0,1395000.0,CONDO,CONDO,Forest Hill South,43.6879328,-79.4154131,2,0,2,1500.0
1350000.0,1249900.0,1350000.0,CONDO,CONDO,Kensington-Chinatown,43.6567324,-79.392335,3,0,2,1100.0
1350000.0,1380000.0,1350000.0,CONDO,CONDO,Niagara,43.6364747,-79.4020594,2,1,2,1500.0
1380000.0,1420000.0,1380000.0,CONDO,CONDO,Bay Street Corridor,43.6592197,-79.3824919,2,1,2,1500.0
1325000.0,1325000.0,1325000.0,CONDO,CONDO,Yonge St Clair,43.6892416,-79.3952485,2,0,2,1100.0
1360000.0,1399000.0,1360000.0,CONDO,CONDO,Waterfront Communities The Island,43.6473801,-79.3872741,2,0,2,1300.0
1350000.0,1450000.0,1350000.0,CONDO,CONDO,Rosedale Moore Park,43.6879283,-79.389193,2,0,2,1100.0
1400000.0,1450000.0,1400000.0,CONDO,CONDO,Forest Hill South,43.6871601,-79.4150637,2,0,2,1500.0
1385000.0,1399999.0,1385000.0,CONDO,CONDO,Waterfront Communities C8,43.65269790000001,-79.3675471,3,0,2,1500.0
1400000.0,1625000.0,1400000.0,CONDO,CONDO,Annex,43.673341,-79.3892433,2,0,2,1700.0
1301000.0,1289000.0,1301000.0,CONDO,CONDO,Mount Pleasant West,43.7115652,-79.3916256,2,1,2,1500.0
1320000.0,1380000.0,1320000.0,CONDO,CONDO,Annex,43.6716658,-79.3881636,3,1,2,950.0
1388000.0,1388800.0,1388000.0,CONDO,CONDO,Annex,43.6716658,-79.3881636,3,1,2,950.0
1345000.0,1399000.0,1345000.0,CONDO,CONDO,Waterfront Communities C1,43.6471495,-79.3996343,2,0,2,1100.0
1310000.0,1198000.0,1310000.0,CONDO,CONDO,Mount Pleasant West,43.6978398,-79.3871947,2,1,2,1300.0
1320000.0,1528000.0,1320000.0,CONDO,CONDO,Waterfront Communities C1,43.6404214,-79.3918018,2,1,3,1300.0
1325000.0,1449000.0,1325000.0,CONDO,CONDO,Casa Loma,43.6830059,-79.4011553,2,1,3,1700.0
1385000.0,1485000.0,1385000.0,CONDO,CONDO,Waterfront Communities The Island,43.6397205,-79.384172,3,0,3,1500.0
1400000.0,1449000.0,1400000.0,CONDO,CONDO,Rosedale Moore Park,43.6724917,-79.3781288,2,0,3,2124.0
1340000.0,1449000.0,1340000.0,CONDO,CONDO,Kensington Chinatown,43.64938189999999,-79.39800629999999,2,1,3,1100.0
1340000.0,1425000.0,1340000.0,CONDO,CONDO,Niagara,43.6363712,-79.4027602,2,1,2,1500.0
1399000.0,1590000.0,1399000.0,CONDO,CONDO,Kensington-Chinatown,43.6518042,-79.3906707,3,0,2,1100.0
1325000.0,1379000.0,1325000.0,CONDO,CONDO,Waterfront Communities The Island,43.6430829,-79.4018327,2,0,2,1300.0
1352000.0,1349999.0,1352000.0,CONDO,CONDO,Bay Street Corridor,43.6668981,-79.3890419,2,0,2,850.0
1350000.0,1399000.0,1350000.0,CONDO,CONDO,Bay Street Corridor,43.6694723,-79.3874877,2,1,2,1300.0
1325000.0,1388500.0,1325000.0,CONDO,CONDO,Bay Street Corridor,43.6691837,-79.3873558,2,1,3,1100.0
1360000.0,1398000.0,1360000.0,CONDO,CONDO,Rosedale Moore Park,43.6724917,-79.3781288,2,2,2,1700.0
1380000.0,1399000.0,1380000.0,CONDO,CONDO,Waterfront Communities C8,43.6449794,-79.363762,2,1,3,1300.0
1395990.0,1395990.0,1395990.0,CONDO,CONDO,Annex,43.6710845,-79.38778730000001,2,1,2,1100.0
1350000.0,1428900.0,1350000.0,CONDO,CONDO,Waterfront Communities The Island,43.641921,-79.3758133,2,0,3,1700.0
1400000.0,1460990.0,1400000.0,CONDO,CONDO,Dufferin Grove,43.6547892,-79.4447539,3,1,3,1300.0
1325000.0,1395000.0,1325000.0,CONDO,CONDO,Forest Hill South,43.6884978,-79.4146412,2,0,2,1100.0
1375000.0,1470000.0,1375000.0,CONDO,CONDO,Waterfront Communities The Island,43.6400653,-79.3784948,3,0,2,1900.0
1500000.0,1650000.0,1500000.0,CONDO,CONDO,Waterfront Communities C1,43.6424635,-79.39675319999999,3,0,3,1300.0
1450000.0,1495000.0,1450000.0,CONDO,CONDO,Church Yonge Corridor,43.6494976,-79.37295,2,0,3,1700.0
1500000.0,1550000.0,1500000.0,CONDO,CONDO,Waterfront Communities C1,43.64291,-79.38065,2,1,2,1500.0
1460000.0,1499900.0,1460000.0,CONDO,CONDO,Waterfront Communities C1,43.64789589999999,-79.39741649999999,2,0,3,1300.0
1500000.0,1450000.0,1500000.0,CONDO,CONDO,Rosedale-Moore Park,43.6737772,-79.3711653,3,0,2,1500.0
1450000.0,1349000.0,1450000.0,CONDO,CONDO,High Park Swansea,43.6474322,-79.4899983,2,1,2,1700.0
1485000.0,1550000.0,1485000.0,CONDO,CONDO,Mount Pleasant West,43.7002631,-79.3965898,2,0,2,1100.0
1450000.0,1599900.0,1450000.0,CONDO,CONDO,Waterfront Communities C1,43.6428617,-79.3769141,3,0,2,1500.0
1475000.0,1500000.0,1475000.0,CONDO,CONDO,Rosedale Moore Park,43.6810606,-79.3897705,2,0,2,1100.0
1450000.0,1545000.0,1450000.0,CONDO,CONDO,Lawrence Park South,43.717648,-79.4002655,2,0,2,1700.0
1420000.0,1599000.0,1420000.0,CONDO,CONDO,Waterfront Communities C1,43.6412251,-79.3809582,2,0,2,1100.0
1401500.0,1400000.0,1401500.0,CONDO,CONDO,Rosedale Moore Park,43.6868357,-79.3919745,2,0,2,1500.0
1450000.0,1590163.0,1450000.0,CONDO,CONDO,Rosedale Moore Park,43.6868357,-79.3919745,2,0,2,1500.0
1470000.0,1450000.0,1470000.0,CONDO,CONDO,Yonge St Clair,43.6892416,-79.3952485,2,0,2,1300.0
1450000.0,1450000.0,1450000.0,CONDO,CONDO,Annex,43.6714903,-79.3905169,2,0,2,1300.0
1455819.0,1529900.0,1455819.0,CONDO,CONDO,Annex,43.673718,-79.4121971,2,1,3,1300.0
1450000.0,1489000.0,1450000.0,CONDO,CONDO,Waterfront Communities The Island,43.639182,-79.3863917,2,0,2,1700.0
1420380.0,1515000.0,1420380.0,CONDO,CONDO,Banbury-Don Mills,43.7196244,-79.3497402,2,0,2,1500.0
1460000.0,1550000.0,1460000.0,CONDO,CONDO,Waterfront Communities The Island,43.6455251,-79.3990684,2,0,3,1300.0
1500000.0,1599888.0,1500000.0,CONDO,CONDO,Waterfront Communities C8,43.64236469999999,-79.3725585,2,1,2,1300.0
1405000.0,1498000.0,1405000.0,CONDO,CONDO,Bay Street Corridor,43.6490534,-79.3861546,2,0,3,1500.0
1428000.0,1575000.0,1428000.0,CONDO,CONDO,Waterfront Communities The Island,43.6395725,-79.3811742,2,1,3,2124.0
1455000.0,1495000.0,1455000.0,CONDO,CONDO,Casa Loma,43.6815627,-79.3999553,2,0,2,1100.0
1490000.0,1599000.0,1490000.0,CONDO,CONDO,High Park Swansea,43.6484374,-79.4865948,2,0,3,1300.0
1403000.0,1545000.0,1403000.0,CONDO,CONDO,Roncesvalles,43.6519708,-79.451622,2,0,2,1100.0
1435000.0,1499900.0,1435000.0,CONDO,CONDO,Bay Street Corridor,43.6490534,-79.3861546,2,0,2,1500.0
1415000.0,1449900.0,1415000.0,CONDO,CONDO,Waterfront Communities The Island,43.6439126,-79.4001147,2,0,2,1300.0
1475000.0,1550000.0,1475000.0,CONDO,CONDO,Waterfront Communities The Island,43.6429141,-79.3806469,2,1,2,1500.0
1404000.0,1470000.0,1404000.0,CONDO,CONDO,Waterfront Communities The Island,43.646841,-79.390268,2,0,2,1300.0
1499900.0,1649800.0,1499900.0,CONDO,CONDO,Waterfront Communities C8,43.6461378,-79.3615282,2,0,3,1300.0
1474000.0,1479000.0,1474000.0,CONDO,CONDO,Waterfront Communities C1,43.6471495,-79.3996343,2,0,2,1100.0
1418000.0,1495000.0,1418000.0,CONDO,CONDO,Forest Hill South,43.6884978,-79.4146412,2,0,2,1300.0
1430000.0,1588000.0,1430000.0,CONDO,CONDO,Bay Street Corridor,43.6497827,-79.3804402,2,0,2,1500.0
1475000.0,1750000.0,1475000.0,CONDO,CONDO,Roncesvalles,43.6425636,-79.42973219999999,3,0,2,1700.0
1404000.0,1399000.0,1404000.0,CONDO,CONDO,Rosedale Moore Park,43.672274,-79.3804573,2,0,2,1700.0
1455000.0,1488000.0,1455000.0,CONDO,CONDO,Waterfront Communities C8,43.6454925,-79.3613428,2,1,3,1300.0
1600000.0,1650000.0,1600000.0,CONDO,CONDO,Bay Street Corridor,43.6689196,-79.3905139,2,0,2,1500.0
1665000.0,1699000.0,1665000.0,CONDO,CONDO,Waterfront Communities C1,43.6424635,-79.39675319999999,3,0,3,1300.0
1510000.0,1595000.0,1510000.0,CONDO,CONDO,Waterfront Communities C1,43.6433702,-79.397275,2,0,3,1100.0
1599990.0,1599990.0,1599990.0,CONDO,CONDO,Annex,43.6712816,-79.3878259,2,0,2,1100.0
1700000.0,1699900.0,1700000.0,CONDO,CONDO,High Park North,43.6542783,-79.4630112,2,1,2,1300.0
1519999.0,1550000.0,1519999.0,CONDO,CONDO,Bay Street Corridor,43.6490534,-79.3861546,2,0,3,1500.0
1639000.0,1659000.0,1639000.0,CONDO,CONDO,Lawrence Park South,43.7210011,-79.4017748,2,0,3,1700.0
1599000.0,1699000.0,1599000.0,CONDO,CONDO,Waterfront Communities The Island,43.6395725,-79.3811742,2,0,2,1500.0
1505000.0,1595000.0,1505000.0,CONDO,CONDO,Bay Street Corridor,43.6490534,-79.3861546,2,0,3,1500.0
1600000.0,1600000.0,1600000.0,CONDO,CONDO,Annex,43.6695063,-79.3921079,2,0,2,1700.0
1575000.0,1695000.0,1575000.0,CONDO,CONDO,Englemount Lawrence,43.7084141,-79.4275689,3,0,2,2374.0
1675000.0,1749000.0,1675000.0,CONDO,CONDO,Annex,43.6689136,-79.398247,2,0,3,2124.0
1575000.0,1595000.0,1575000.0,CONDO,CONDO,Casa Loma,43.6899454,-79.4033746,2,0,2,1500.0
1700000.0,1849900.0,1700000.0,CONDO,CONDO,Lawrence Park North,43.7230148,-79.4137126,2,1,2,1500.0
1700000.0,1730000.0,1700000.0,CONDO,CONDO,Waterfront Communities C1,43.64258299999999,-79.39603699999999,3,0,2,1300.0
1580000.0,1695000.0,1580000.0,CONDO,CONDO,Waterfront Communities C1,43.64258299999999,-79.39603699999999,3,0,2,1300.0
1600000.0,1688900.0,1600000.0,CONDO,CONDO,Rosedale Moore Park,43.672274,-79.3804573,3,0,2,1900.0
1660000.0,1788888.0,1660000.0,CONDO,CONDO,Mount Pleasant West,43.6978398,-79.3871947,2,0,2,1300.0
1650000.0,1649000.0,1650000.0,CONDO,CONDO,Church Yonge Corridor,43.6494976,-79.37295,2,0,2,1900.0
1525000.0,1550000.0,1525000.0,CONDO,CONDO,Bay Street Corridor,43.6490534,-79.3861546,2,0,3,1300.0
1630000.0,1699990.0,1630000.0,CONDO,CONDO,Waterfront Communities The Island,43.6460155,-79.3940644,3,1,3,1700.0
1540000.0,1599000.0,1540000.0,CONDO,CONDO,Forest Hill South,43.686817,-79.4136033,2,0,2,1900.0
1575000.0,1749000.0,1575000.0,CONDO,CONDO,Yonge St Clair,43.6870884,-79.3940321,2,0,3,1700.0
1650000.0,1749999.0,1650000.0,CONDO,CONDO,Waterfront Communities The Island,43.6423736,-79.4009157,2,0,2,1300.0
1615000.0,1649000.0,1615000.0,CONDO,CONDO,Bay Street Corridor,43.6497827,-79.3804402,2,0,2,1900.0
1550000.0,1649000.0,1550000.0,CONDO,CONDO,Cabbagetown South St James Town,43.6627793,-79.3763857,2,0,2,1900.0
1525000.0,1795000.0,1525000.0,CONDO,CONDO,Rosedale Moore Park,43.6820051,-79.3905796,2,1,2,1500.0
1525000.0,1420000.0,1525000.0,CONDO,CONDO,Waterfront Communities The Island,43.6385874,-79.3861462,2,0,2,1700.0
1600000.0,1625000.0,1600000.0,CONDO,CONDO,Yonge St Clair,43.6867181,-79.3965311,2,0,2,1700.0
1560000.0,1399000.0,1560000.0,CONDO,CONDO,Bay Street Corridor,43.6490534,-79.3861546,2,0,3,1500.0
1540000.0,1585000.0,1540000.0,CONDO,CONDO,Rosedale Moore Park,43.6879283,-79.389193,2,0,2,1100.0
1700000.0,1800000.0,1700000.0,CONDO,CONDO,Rosedale-Moore Park,43.6853296,-79.3925252,2,0,3,1500.0
1550000.0,1688000.0,1550000.0,CONDO,CONDO,Rosedale Moore Park,43.672274,-79.3804573,2,1,2,1700.0
1600000.0,1629000.0,1600000.0,CONDO,CONDO,The Beaches,43.6697437,-79.3021822,2,1,3,1300.0
1670000.0,1745000.0,1670000.0,CONDO,CONDO,Bay Street Corridor,43.6497827,-79.3804402,2,0,2,1900.0
1585000.0,1758000.0,1585000.0,CONDO,CONDO,Casa Loma,43.6862939,-79.4017541,2,0,2,1300.0
1510000.0,1599000.0,1510000.0,CONDO,CONDO,Annex,43.6736641,-79.3885207,2,0,2,1700.0
1600000.0,1900000.0,1600000.0,CONDO,CONDO,Annex,43.6702175,-79.3951083,1,0,2,950.0
1610000.0,1710000.0,1610000.0,CONDO,CONDO,Yonge St Clair,43.6790191,-79.3981227,2,0,3,1300.0
1565000.0,1589000.0,1565000.0,CONDO,CONDO,Annex,43.6726027,-79.3953805,2,1,2,1500.0
1645000.0,1645000.0,1645000.0,CONDO,CONDO,Lawrence Park South,43.717648,-79.4002655,2,0,2,1700.0
1650000.0,1798000.0,1650000.0,CONDO,CONDO,Yonge St Clair,43.68645799999999,-79.40027429999999,2,0,2,1300.0
1550000.0,1595000.0,1550000.0,CONDO,CONDO,Waterfront Communities C1,43.6424635,-79.39675319999999,2,0,2,350.0
1600000.0,1650000.0,1600000.0,CONDO,CONDO,Waterfront Communities C1,43.6435087,-79.39656389999999,2,1,3,1300.0
1625000.0,1795000.0,1625000.0,CONDO,CONDO,Forest Hill South,43.686817,-79.4136033,2,0,2,1700.0
1670000.0,1690000.0,1670000.0,CONDO,CONDO,Bay Street Corridor,43.6497827,-79.3804402,2,0,2,1500.0
1580000.0,1675000.0,1580000.0,CONDO,CONDO,Bay Street Corridor,43.6644522,-79.3881835,2,1,2,1900.0
1550000.0,1599000.0,1550000.0,CONDO,CONDO,Waterfront Communities The Island,43.6398111,-79.3776731,3,0,3,2124.0
1600000.0,1675000.0,1600000.0,CONDO,CONDO,Waterfront Communities The Island,43.6480735,-79.3741188,2,1,2,1300.0
1549000.0,1549000.0,1549000.0,CONDO,CONDO,Waterfront Communities C1,43.6468455,-79.4028294,3,0,2,1300.0
1688000.0,1798000.0,1688000.0,CONDO,CONDO,Church Yonge Corridor,43.6692217,-79.3841003,2,1,3,1700.0
1630000.0,1675000.0,1630000.0,CONDO,CONDO,Rosedale Moore Park,43.6728255,-79.3856552,2,0,2,1900.0
1660000.0,1750000.0,1660000.0,CONDO,CONDO,Waterfront Communities C8,43.6461378,-79.3615282,2,0,3,1300.0
1560000.0,1700000.0,1560000.0,CONDO,CONDO,Church-Yonge Corridor,43.6700845,-79.3864005,2,1,3,1100.0
1760000.0,1849900.0,1760000.0,CONDO,CONDO,Niagara,43.6409911,-79.4143265,3,0,2,1300.0
1750000.0,1750000.0,1750000.0,CONDO,CONDO,Annex,43.6735492,-79.388311,3,1,2,2374.0
1800000.0,1895000.0,1800000.0,CONDO,CONDO,Rosedale Moore Park,43.6734731,-79.3714268,3,0,2,2374.0
1810000.0,2150000.0,1810000.0,CONDO,CONDO,Bay Street Corridor,43.6497827,-79.3804402,2,0,3,2124.0
1880000.0,1899900.0,1880000.0,CONDO,CONDO,Forest Hill South,43.6861323,-79.4127102,2,1,3,2124.0
1760000.0,1980000.0,1760000.0,CONDO,CONDO,Bay Street Corridor,43.6490534,-79.3861546,2,0,3,1700.0
2000000.0,1750000.0,2000000.0,CONDO,CONDO,Bay Street Corridor,43.6687309,-79.389488,2,0,2,2124.0
2000000.0,2199900.0,2000000.0,CONDO,CONDO,Waterfront Communities C8,43.6462809,-79.3613713,2,1,3,1700.0
1760000.0,1998888.0,1760000.0,CONDO,CONDO,Waterfront Communities C1,43.6417908,-79.3793669,2,1,3,1500.0
1800000.0,1888000.0,1800000.0,CONDO,CONDO,Waterfront Communities C1,43.6489604,-79.392576,2,1,3,1700.0
1900000.0,1598000.0,1900000.0,CONDO,CONDO,High Park-Swansea,43.6520942,-79.4705776,2,0,2,1300.0
1916000.0,1998800.0,1916000.0,CONDO,CONDO,Bay Street Corridor,43.6490534,-79.3861546,2,0,3,1500.0
1838000.0,1985000.0,1838000.0,CONDO,CONDO,Waterfront Communities C8,43.6554806,-79.3544065,3,0,4,2124.0
1815000.0,1855000.0,1815000.0,CONDO,CONDO,Waterfront Communities C1,43.6422065,-79.3972587,3,0,2,1300.0
1825000.0,1975000.0,1825000.0,CONDO,CONDO,Annex,43.6710984,-79.3946548,2,0,3,1500.0
1950000.0,1999000.0,1950000.0,CONDO,CONDO,Bay Street Corridor,43.6490534,-79.3861546,2,1,3,1700.0
1818000.0,1929000.0,1818000.0,CONDO,CONDO,Annex,43.66869,-79.395704,2,0,2,1700.0
1928000.0,1928000.0,1928000.0,CONDO,CONDO,Waterfront Communities The Island,43.6400653,-79.3784948,3,0,3,2124.0
1930000.0,2090000.0,1930000.0,CONDO,CONDO,Waterfront Communities C8,43.6453305,-79.3613714,2,1,3,1500.0
1707000.0,1999900.0,1707000.0,CONDO,CONDO,Bay Street Corridor,43.6655763,-79.3873823,3,0,3,2374.0
1800000.0,1875000.0,1800000.0,CONDO,CONDO,Waterfront Communities The Island,43.6460155,-79.3940644,3,1,3,1700.0
1825000.0,2025000.0,1825000.0,CONDO,CONDO,Waterfront Communities The Island,43.6454146,-79.387361,2,0,2,1300.0
1862500.0,1965000.0,1862500.0,CONDO,CONDO,Waterfront Communities C8,43.6462809,-79.3613713,2,0,2,1700.0
1800000.0,1849000.0,1800000.0,CONDO,CONDO,Waterfront Communities C1,43.6473801,-79.3872741,3,0,3,1900.0
1750000.0,1995000.0,1750000.0,CONDO,CONDO,Casa Loma,43.6882475,-79.4028074,3,0,3,1900.0
1777627.0,1888000.0,1777627.0,CONDO,CONDO,Annex,43.6695063,-79.3921079,2,1,2,1700.0
1765000.0,1849000.0,1765000.0,CONDO,CONDO,Church Yonge Corridor,43.6494976,-79.37295,2,0,3,2874.0
1775000.0,1775000.0,1775000.0,CONDO,CONDO,Casa Loma,43.6815627,-79.3999553,2,1,2,1700.0
2000000.0,2100000.0,2000000.0,CONDO,CONDO,Waterfront Communities C1,43.6404214,-79.3918018,3,0,3,1900.0
1800000.0,1595000.0,1800000.0,CONDO,CONDO,Forest Hill South,43.6864588,-79.4153903,2,1,2,1500.0
1820000.0,1950000.0,1820000.0,CONDO,CONDO,Bay Street Corridor,43.6490534,-79.3861546,2,0,3,1700.0
1855000.0,1919000.0,1855000.0,CONDO,CONDO,Waterfront Communities The Island,43.6398212,-79.3776871,2,0,2,1500.0
1892500.0,2050000.0,1892500.0,CONDO,CONDO,Niagara,43.6363712,-79.4027602,3,1,3,2124.0
1925000.0,1999900.0,1925000.0,CONDO,CONDO,Bay Street Corridor,43.6490534,-79.3861546,2,1,3,1700.0
1710000.0,1749000.0,1710000.0,CONDO,CONDO,Church Yonge Corridor,43.6484142,-79.3763642,2,1,3,1700.0
1830000.0,1999999.0,1830000.0,CONDO,CONDO,Waterfront Communities C8,43.6439351,-79.3741101,3,1,3,1700.0
1899000.0,1899900.0,1899000.0,CONDO,CONDO,Rosedale Moore Park,43.6881678,-79.3886701,3,0,2,1700.0
1750000.0,1825000.0,1750000.0,CONDO,CONDO,Annex,43.6689136,-79.398247,2,0,2,2374.0
1975000.0,1975000.0,1975000.0,CONDO,CONDO,Lawrence Park South,43.7186636,-79.4005926,2,0,3,1300.0
1740000.0,1799000.0,1740000.0,CONDO,CONDO,Casa Loma,43.6866164,-79.4036084,1,1,2,1100.0
2000000.0,2099000.0,2000000.0,CONDO,CONDO,Waterfront Communities C1,43.6433978,-79.3972187,2,1,3,1700.0
1709800.0,1850000.0,1709800.0,CONDO,CONDO,Church Yonge Corridor,43.6700844,-79.3805554,2,1,3,1700.0
2000000.0,2490000.0,2000000.0,CONDO,CONDO,Annex,43.6698863,-79.3909824,2,1,2,1500.0
1939000.0,2098000.0,1939000.0,CONDO,CONDO,Waterfront Communities C1,43.638827,-79.4116344,2,1,3,1700.0
1900000.0,2100000.0,1900000.0,CONDO,CONDO,Yonge St Clair,43.6790191,-79.3981227,2,0,3,1700.0
1850000.0,1988000.0,1850000.0,CONDO,CONDO,Waterfront Communities C1,43.6490534,-79.3861546,2,0,3,1500.0
1748888.0,1799000.0,1748888.0,CONDO,CONDO,Annex,43.6702175,-79.3951083,2,0,3,1500.0
1825000.0,1825000.0,1825000.0,CONDO,CONDO,Yonge St Clair,43.6854485,-79.3933217,2,1,3,1700.0
1875000.0,1999900.0,1875000.0,CONDO,CONDO,Rosedale Moore Park,43.6861363,-79.39289,2,0,3,1900.0
1875000.0,1995000.0,1875000.0,CONDO,CONDO,Rosedale-Moore Park,43.6853296,-79.3925252,2,1,2,1700.0
2005000.0,2195000.0,2005000.0,CONDO,CONDO,Rosedale Moore Park,43.6810606,-79.3897705,2,0,2,1300.0
2050000.0,2050000.0,2050000.0,CONDO,CONDO,Waterfront Communities C1,43.641429,-79.3922187,3,1,3,1500.0
2200000.0,2250000.0,2200000.0,CONDO,CONDO,Little Portugal,43.642236,-79.4264979,3,0,2,1900.0
2475000.0,2499900.0,2475000.0,CONDO,CONDO,The Beaches,43.6640766,-79.3096782,2,0,3,1700.0
2280000.0,2285000.0,2280000.0,CONDO,CONDO,Yonge St Clair,43.6884036,-79.3964356,2,1,3,2124.0
2450000.0,2599000.0,2450000.0,CONDO,CONDO,Church Yonge Corridor,43.6677468,-79.3903146,2,0,2,1500.0
2150000.0,2100000.0,2150000.0,CONDO,CONDO,Rosedale Moore Park,43.6879283,-79.389193,2,1,2,1900.0
2260000.0,2395000.0,2260000.0,CONDO,CONDO,Waterfront Communities C1,43.6433702,-79.397275,2,0,3,1700.0
2130000.0,2180000.0,2130000.0,CONDO,CONDO,Bay Street Corridor,43.6490534,-79.3861546,2,1,3,1900.0
2025000.0,2125000.0,2025000.0,CONDO,CONDO,Waterfront Communities C1,43.6433702,-79.397275,2,0,3,1500.0
2200000.0,2288000.0,2200000.0,CONDO,CONDO,Waterfront Communities C8,43.6438691,-79.3739401,3,1,3,1700.0
2500000.0,2750000.0,2500000.0,CONDO,CONDO,Mount Pleasant East,43.701438,-79.373823,3,0,2,1700.0
2060000.0,2099900.0,2060000.0,CONDO,CONDO,Kensington-Chinatown,43.6567192,-79.3921448,3,0,3,1500.0
2225000.0,2288000.0,2225000.0,CONDO,CONDO,Waterfront Communities C8,43.6454451,-79.36264200000001,2,1,3,1900.0
2100000.0,2190000.0,2100000.0,CONDO,CONDO,Yonge-St. Clair,43.68645799999999,-79.40027429999999,2,1,3,1900.0
2250000.0,2250000.0,2250000.0,CONDO,CONDO,Yonge St Clair,43.6867181,-79.3965311,2,0,2,1900.0
2275000.0,2399000.0,2275000.0,CONDO,CONDO,Waterfront Communities The Island,43.6454146,-79.387361,2,0,2,1500.0
2200000.0,2280000.0,2200000.0,CONDO,CONDO,Waterfront Communities The Island,43.6400003,-79.3788904,3,0,2,1900.0
2380000.0,2499000.0,2380000.0,CONDO,CONDO,The Beaches,43.6653987,-79.31801569999999,3,0,2,1700.0
2082000.0,2098000.0,2082000.0,CONDO,CONDO,Annex,43.674878,-79.393795,2,0,3,1700.0
2415000.0,2499800.0,2415000.0,CONDO,CONDO,Forest Hill South,43.686817,-79.4136033,2,0,2,1900.0
2175000.0,2200000.0,2175000.0,CONDO,CONDO,Waterfront Communities C1,43.6398435,-79.39209629999999,3,0,3,2124.0
2221000.0,1889000.0,2221000.0,CONDO,CONDO,Lawrence Park South,43.7210011,-79.4017748,2,0,3,1900.0
2262000.0,1999000.0,2262000.0,CONDO,CONDO,Waterfront Communities C1,43.6428617,-79.3769141,3,0,3,2124.0
2153750.0,2195000.0,2153750.0,CONDO,CONDO,Annex,43.6720568,-79.389745,2,0,2,1300.0
2149900.0,2149900.0,2149900.0,CONDO,CONDO,Yonge-St. Clair,43.6866509,-79.3995111,2,1,3,1500.0
2225000.0,2295000.0,2225000.0,CONDO,CONDO,Rosedale Moore Park,43.6852443,-79.392417,2,0,3,1900.0
2250000.0,2495000.0,2250000.0,CONDO,CONDO,Waterfront Communities C8,43.6443936,-79.363966,2,1,3,1500.0
2438000.0,2438000.0,2438000.0,CONDO,CONDO,Waterfront Communities The Island,43.6454146,-79.387361,1,0,2,1500.0
2350000.0,2549000.0,2350000.0,CONDO,CONDO,Bay Street Corridor,43.6687309,-79.389488,2,1,2,2374.0
2240000.0,2398000.0,2240000.0,CONDO,CONDO,Forest Hill South,43.686817,-79.4136033,2,0,2,1700.0
2150000.0,2295000.0,2150000.0,CONDO,CONDO,Rosedale Moore Park,43.6728255,-79.3856552,2,1,2,1900.0
2200000.0,2250000.0,2200000.0,CONDO,CONDO,Waterfront Communities C1,43.653226,-79.3831843,3,0,2,1300.0
2090000.0,2195000.0,2090000.0,CONDO,CONDO,Lawrence Park South,43.7210011,-79.4017748,3,0,3,2374.0
2395000.0,2495000.0,2395000.0,CONDO,CONDO,Waterfront Communities The Island,43.6395725,-79.3811742,2,1,3,2124.0
2011000.0,2095000.0,2011000.0,CONDO,CONDO,Waterfront Communities C1,43.6376162,-79.3931021,2,0,2,1900.0
2300000.0,2399000.0,2300000.0,CONDO,CONDO,Casa Loma,43.6790191,-79.3981227,2,1,3,1900.0
2025000.0,2195000.0,2025000.0,CONDO,CONDO,Moss Park,43.6516467,-79.3694406,2,1,3,2124.0
2370000.0,2590900.0,2370000.0,CONDO,CONDO,Waterfront Communities C8,43.6404103,-79.3771275,2,1,3,1900.0
2270000.0,2270000.0,2270000.0,CONDO,CONDO,Waterfront Communities C1,43.6461378,-79.3615282,2,0,2,1700.0
2350000.0,2495000.0,2350000.0,CONDO,CONDO,Rosedale Moore Park,43.6728255,-79.3856552,2,1,2,1900.0
2165000.0,2199000.0,2165000.0,CONDO,CONDO,Bay Street Corridor,43.6682258,-79.3901581,1,0,2,1300.0
2300000.0,2499000.0,2300000.0,CONDO,CONDO,Casa Loma,43.6882475,-79.4028074,2,1,2,2124.0
2423100.0,2595000.0,2423100.0,CONDO,CONDO,Annex,43.6695281,-79.39399499999999,2,1,4,3624.0
2160000.0,2298900.0,2160000.0,CONDO,CONDO,The Beaches,43.6640766,-79.3096782,2,0,2,1700.0
2075000.0,2125000.0,2075000.0,CONDO,CONDO,Waterfront Communities C1,43.6454133,-79.3872946,1,0,2,1500.0
2300000.0,1990000.0,2300000.0,CONDO,CONDO,Waterfront Communities The Island,43.6400003,-79.3788904,3,0,2,2624.0
2225000.0,2250000.0,2225000.0,CONDO,CONDO,Waterfront Communities The Island,43.6400653,-79.3784948,3,0,3,2124.0
2118888.0,2298888.0,2118888.0,CONDO,CONDO,Bay Street Corridor,43.6672065,-79.389162,2,1,2,1500.0
2800000.0,2850000.0,2800000.0,CONDO,CONDO,Annex,43.668542,-79.397174,2,0,3,1900.0
2750000.0,2950000.0,2750000.0,CONDO,CONDO,Rosedale Moore Park,43.6874575,-79.3899597,2,0,3,2124.0
2888000.0,3150000.0,2888000.0,CONDO,CONDO,Annex,43.6702175,-79.3951083,2,1,3,2374.0
3000000.0,2795000.0,3000000.0,CONDO,CONDO,Rosedale Moore Park,43.6874575,-79.3899597,2,0,3,2374.0
2925000.0,3299000.0,2925000.0,CONDO,CONDO,Rosedale Moore Park,43.6810606,-79.3897705,2,0,2,1500.0
2825000.0,2849000.0,2825000.0,CONDO,CONDO,Waterfront Communities C8,43.6454451,-79.36264200000001,3,0,3,2124.0
3000000.0,3138000.0,3000000.0,CONDO,CONDO,Bay Street Corridor,43.6490534,-79.3861546,2,1,3,1900.0
2675000.0,2859000.0,2675000.0,CONDO,CONDO,Annex,43.669984,-79.3956858,2,0,3,1500.0
2600000.0,2950000.0,2600000.0,CONDO,CONDO,Waterfront Communities The Island,43.6503521,-79.3609928,3,1,3,2624.0
2950000.0,3250000.0,2950000.0,CONDO,CONDO,Waterfront Communities C8,43.6461378,-79.3615282,2,1,3,2124.0
2630000.0,2698900.0,2630000.0,CONDO,CONDO,Mount Pleasant West,43.71009069999999,-79.3951265,3,0,3,1900.0
2900000.0,3388000.0,2900000.0,CONDO,CONDO,Annex,43.6732349,-79.3903302,2,1,3,2124.0
2585951.0,2719900.0,2585951.0,CONDO,CONDO,Mount Pleasant West,43.7101049,-79.39521309999999,3,0,3,1900.0
2600000.0,2699000.0,2600000.0,CONDO,CONDO,Waterfront Communities C8,43.6462809,-79.3613713,2,0,3,1700.0
2750000.0,2799000.0,2750000.0,CONDO,CONDO,Annex,43.6732349,-79.3903302,2,1,3,2124.0
2520000.0,2548000.0,2520000.0,CONDO,CONDO,Bay Street Corridor,43.6499086,-79.38045,2,1,3,2124.0
2510000.0,2049000.0,2510000.0,CONDO,CONDO,Yonge St Clair,43.6867181,-79.3965311,2,0,2,1900.0
2725000.0,2880000.0,2725000.0,CONDO,CONDO,Annex,43.6688621,-79.4082481,3,1,3,2124.0
2767500.0,2850000.0,2767500.0,CONDO,CONDO,Annex,43.668542,-79.397174,2,0,3,1500.0
2600000.0,2949000.0,2600000.0,CONDO,CONDO,Annex,43.6748081,-79.3996562,3,1,4,1900.0
2550000.0,2698000.0,2550000.0,CONDO,CONDO,Casa Loma,43.6770215,-79.4063849,3,0,3,1900.0
2850000.0,3100000.0,2850000.0,CONDO,CONDO,Yonge St Clair,43.6865653,-79.3974484,3,0,3,2124.0
2595000.0,2595000.0,2595000.0,CONDO,CONDO,Bay Street Corridor,43.6687309,-79.389488,2,1,2,2124.0
2650000.0,2750000.0,2650000.0,CONDO,CONDO,Rosedale Moore Park,43.6874989,-79.388728,3,0,3,1900.0
2550000.0,2750000.0,2550000.0,CONDO,CONDO,Annex,43.6720568,-79.389745,2,0,3,1500.0
2675000.0,2850000.0,2675000.0,CONDO,CONDO,Annex,43.6720568,-79.389745,2,0,3,1500.0
2562000.0,2800000.0,2562000.0,CONDO,CONDO,Bay Street Corridor,43.6490534,-79.3861546,2,1,3,1900.0
3150000.0,3150000.0,3150000.0,CONDO,CONDO,Annex,43.6698863,-79.3909824,2,1,3,2124.0
3295000.0,3295000.0,3295000.0,CONDO,CONDO,Yonge St Clair,43.6865805,-79.3975526,3,0,3,2374.0
3350000.0,3499000.0,3350000.0,CONDO,CONDO,Lawrence Park South,43.7218176,-79.4031234,2,0,3,1900.0
3100000.0,3399000.0,3100000.0,CONDO,CONDO,Bay Street Corridor,43.6490534,-79.3861546,2,1,3,1900.0
3450000.0,3950000.0,3450000.0,CONDO,CONDO,Rosedale Moore Park,43.6807098,-79.3894335,2,1,3,2124.0
3295000.0,3295000.0,3295000.0,CONDO,CONDO,Waterfront Communities The Island,43.6430829,-79.4018327,2,2,3,3124.0
3100000.0,3295000.0,3100000.0,CONDO,CONDO,Bay Street Corridor,43.6677253,-79.3904367,2,0,2,1500.0
3199000.0,3199000.0,3199000.0,CONDO,CONDO,Yonge St Clair,43.6867181,-79.3965311,2,0,2,1700.0
3800000.0,4000000.0,3800000.0,CONDO,CONDO,Waterfront Communities C8,43.6461378,-79.3615282,2,1,3,2374.0
3550000.0,3750000.0,3550000.0,CONDO,CONDO,Rosedale Moore Park,43.6874575,-79.3899597,3,0,3,2374.0
3480000.0,3680000.0,3480000.0,CONDO,CONDO,Bay Street Corridor,43.6490534,-79.3861546,2,0,3,2374.0
3175000.0,3299000.0,3175000.0,CONDO,CONDO,Bay Street Corridor,43.6490534,-79.3861546,2,1,3,2124.0
3085000.0,3295000.0,3085000.0,CONDO,CONDO,Annex,43.6714903,-79.3905169,2,1,3,2624.0
3550000.0,3650000.0,3550000.0,CONDO,CONDO,Annex,43.671864,-79.3938104,2,0,3,2124.0
3600000.0,3898000.0,3600000.0,CONDO,CONDO,Annex,43.6711007,-79.3957329,2,0,3,2874.0
4500000.0,4750000.0,4500000.0,CONDO,CONDO,Waterfront Communities The Island,43.6454146,-79.387361,2,1,3,2624.0
4525000.0,4988000.0,4525000.0,CONDO,CONDO,Waterfront Communities The Island,43.6454146,-79.387361,2,0,3,2624.0
4650000.0,4999000.0,4650000.0,CONDO,CONDO,Annex,43.668542,-79.397174,3,0,3,2374.0
4850000.0,4850000.0,4850000.0,CONDO,CONDO,Annex,43.6698863,-79.3909824,2,1,3,2624.0
4025000.0,4199900.0,4025000.0,CONDO,CONDO,Waterfront Communities C8,43.64236469999999,-79.3725585,4,0,5,4374.0
4265000.0,4850000.0,4265000.0,CONDO,CONDO,Annex,43.6698863,-79.3909824,2,1,3,3124.0
4840000.0,4995000.0,4840000.0,CONDO,CONDO,Lawrence Park South,43.7185985,-79.4005694,3,0,3,2374.0
4950000.0,5250000.0,4950000.0,CONDO,CONDO,Bay Street Corridor,43.6682258,-79.3901581,2,1,4,2874.0
6100000.0,6499000.0,6100000.0,CONDO,CONDO,Annex,43.6716865,-79.3895632,2,0,2,2624.0
6995000.0,7350000.0,6995000.0,CONDO,CONDO,Annex,43.6698863,-79.3909824,3,0,4,3874.0
6600000.0,6995000.0,6600000.0,CONDO,CONDO,Lawrence Park South,43.7185985,-79.4005694,3,0,4,3374.0
6250000.0,6400000.0,6250000.0,CONDO,CONDO,Annex,43.6716865,-79.3895632,2,1,3,2374.0
5250000.0,5350000.0,5250000.0,CONDO,CONDO,Casa Loma,43.6869117,-79.4030105,2,1,3,2624.0
10250000.0,12500000.0,10250000.0,CONDO,CONDO,Annex,43.6717459,-79.3896939,4,0,5,4874.0
7500000.0,8325000.0,7500000.0,CONDO,CONDO,Annex,43.6748486,-79.3948624,3,0,4,3874.0
15495000.0,17500000.0,15495000.0,CONDO,CONDO,Annex,43.67494629999999,-79.3938409,3,1,8,5000.0
8000000.0,8250000.0,8000000.0,CONDO,CONDO,Rosedale Moore Park,43.6740617,-79.37280050000001,2,0,3,3374.0
8000000.0,8499000.0,8000000.0,CONDO,CONDO,Annex,43.6698242,-79.3938536,3,1,4,3374.0
7350000.0,7750000.0,7350000.0,CONDO,CONDO,Annex,43.6708555,-79.3936994,4,0,6,5000.0
7525000.0,8295000.0,7525000.0,CONDO,CONDO,Annex,43.6716865,-79.3895632,2,1,4,2874.0
12500000.0,14000000.0,12500000.0,CONDO,CONDO,Rosedale Moore Park,43.6740617,-79.37280050000001,3,1,4,4124.0
600000.0,719900.0,600000.0,HOUSE,HOUSE,Greenwood Coxwell,43.6709242,-79.3204258,1,0,1,900.0
550000.0,549900.0,550000.0,HOUSE,HOUSE,Weston Pellam Park,43.6778336,-79.4638262,2,0,1,900.0
520000.0,560000.0,520000.0,HOUSE,HOUSE,Weston Pellam Park,43.6768679,-79.4598431,1,1,1,700.0
675000.0,699900.0,675000.0,HOUSE,HOUSE,North J,43.6779102,-79.4201015,5,0,2,1300.0
685000.0,748988.0,685000.0,HOUSE,HOUSE,Weston Pellam Park,43.6780197,-79.4633323,1,1,2,900.0
660000.0,699000.0,660000.0,HOUSE,HOUSE,Weston Pellam Park,43.6688626,-79.4527552,3,0,1,1300.0
675000.0,749000.0,675000.0,HOUSE,HOUSE,East End Danforth,43.6848533,-79.3009451,4,0,2,1750.0
750000.0,699900.0,750000.0,HOUSE,HOUSE,Greenwood Coxwell,43.6685423,-79.323575,2,0,1,900.0
725000.0,795000.0,725000.0,HOUSE,HOUSE,Woodbine Corridor,43.6738663,-79.3127479,2,1,1,1300.0
720000.0,399999.0,720000.0,HOUSE,HOUSE,O Connor Parkview,43.7081552,-79.2995506,2,2,2,900.0
720000.0,720000.0,720000.0,HOUSE,HOUSE,O Connor Parkview,43.7081552,-79.2995506,2,2,2,900.0
795000.0,950000.0,795000.0,HOUSE,HOUSE,Agincourt South Malvern West,43.7843209,-79.2671328,3,0,2,1300.0
715000.0,649900.0,715000.0,HOUSE,HOUSE,East End Danforth,43.6797815,-79.2951148,3,0,1,1300.0
751000.0,699000.0,751000.0,HOUSE,HOUSE,Weston Pellam Park,43.6780292,-79.4615239,3,0,4,1750.0
755000.0,749995.0,755000.0,HOUSE,HOUSE,Weston Pellam Park,43.6809177,-79.4600227,3,2,4,1750.0
749000.0,810000.0,749000.0,HOUSE,HOUSE,Weston Pellam Park,43.680034,-79.461942,3,1,3,900.0
732000.0,738000.0,732000.0,HOUSE,HOUSE,Woodbine Corridor,43.6811434,-79.318678,2,0,1,900.0
725000.0,749900.0,725000.0,HOUSE,HOUSE,Greenwood Coxwell,43.6695744,-79.3198484,2,0,1,900.0
798000.0,798000.0,798000.0,HOUSE,HOUSE,East End Danforth,43.6832347,-79.3063005,2,1,2,900.0
720000.0,780000.0,720000.0,HOUSE,HOUSE,Beechborough Greenbrook,43.6958268,-79.4762213,2,0,1,900.0
750000.0,829900.0,750000.0,HOUSE,HOUSE,Trinity Bellwoods,43.7421679,-79.2347624,2,1,2,1300.0
730000.0,745000.0,730000.0,HOUSE,HOUSE,Carleton Place,43.6620645,-79.35305749999999,3,0,3,1300.0
750000.0,799900.0,750000.0,HOUSE,HOUSE,South Riverdale,43.6650469,-79.3476821,2,0,2,900.0
800000.0,788800.0,800000.0,HOUSE,HOUSE,Port Perry,43.6777807,-79.4672083,2,1,3,1300.0
750000.0,799000.0,750000.0,HOUSE,HOUSE,Church Yonge Corridor,43.6543043,-79.3759921,2,1,2,900.0
790000.0,820000.0,790000.0,HOUSE,HOUSE,Corso Italia Davenport,43.6808681,-79.4505855,2,1,2,900.0
875000.0,899000.0,875000.0,HOUSE,HOUSE,South Riverdale,43.6603801,-79.3395557,2,0,2,1750.0
875000.0,878000.0,875000.0,HOUSE,HOUSE,Weston,43.6601644,-79.40255959999999,3,1,3,1300.0
865000.0,799999.0,865000.0,HOUSE,HOUSE,Wexford Maryvale,43.7591087,-79.3074465,3,1,2,900.0
870000.0,850000.0,870000.0,HOUSE,HOUSE,Roncesvalles,43.642937,-79.4397151,1,0,1,900.0
846500.0,939900.0,846500.0,HOUSE,HOUSE,Dovercourt Wallace Emerson Junction,43.67124,-79.4343803,2,0,1,900.0
885000.0,898900.0,885000.0,HOUSE,HOUSE,Corso Italia Davenport,43.6745774,-79.4456343,4,2,3,1750.0
830000.0,799000.0,830000.0,HOUSE,HOUSE,Woodbine Corridor,43.6830031,-79.3199763,1,0,1,700.0
870000.0,799999.0,870000.0,HOUSE,HOUSE,Greenwood Coxwell,43.6759923,-79.3214458,2,2,2,900.0
875000.0,899000.0,875000.0,HOUSE,HOUSE,Greenwood Coxwell,43.6630971,-79.3252907,2,0,1,900.0
815000.0,899000.0,815000.0,HOUSE,HOUSE,Greenwood Coxwell,43.6689362,-79.3225425,2,1,2,900.0
887000.0,899900.0,887000.0,HOUSE,HOUSE,Briar Hill-Belgravia,43.7033985,-79.44714859999999,2,1,2,900.0
875000.0,899900.0,875000.0,HOUSE,HOUSE,Woburn,43.7581315,-79.2450928,3,0,2,1300.0
820000.0,909000.0,820000.0,HOUSE,HOUSE,Eglinton East,43.738557,-79.2459836,4,0,1,1300.0
885000.0,879000.0,885000.0,HOUSE,HOUSE,Woburn,43.75750679999999,-79.2194748,3,2,2,1300.0
803517.0,829000.0,803517.0,HOUSE,HOUSE,Guildwood,43.7437198,-79.2013846,3,0,1,1300.0
825000.0,849000.0,825000.0,HOUSE,HOUSE,Oakwood Village,43.6857581,-79.4443501,3,0,1,900.0
900000.0,974900.0,900000.0,HOUSE,HOUSE,Corso Italia Davenport,43.6813811,-79.4563994,3,1,2,1300.0
818000.0,849800.0,818000.0,HOUSE,HOUSE,Rexdale-Kipling,43.7169777,-79.5634514,3,0,1,900.0
815000.0,814900.0,815000.0,HOUSE,HOUSE,Weston Pellam Park,43.6776489,-79.4632107,3,1,3,1300.0
815000.0,999999.0,815000.0,HOUSE,HOUSE,Beechborough Greenbrook,43.6955053,-79.4757022,3,1,2,900.0
811000.0,829000.0,811000.0,HOUSE,HOUSE,Tudor Ward,43.6673322,-79.42279570000001,8,0,3,1300.0
816000.0,849000.0,816000.0,HOUSE,HOUSE,Weston Pellam Park,43.6802686,-79.4608907,3,1,2,900.0
835000.0,835000.0,835000.0,HOUSE,HOUSE,East End Danforth,43.686311,-79.307327,2,0,1,700.0
850000.0,499000.0,850000.0,HOUSE,HOUSE,Blake Jones,43.6752546,-79.3364492,2,2,2,700.0
850000.0,850000.0,850000.0,HOUSE,HOUSE,Junction Area,43.6667404,-79.4728959,1,1,2,700.0
820000.0,849900.0,820000.0,HOUSE,HOUSE,Rexdale Kipling,43.7273624,-79.5650707,3,0,1,900.0
850000.0,899000.0,850000.0,HOUSE,HOUSE,East End Danforth,43.6859615,-79.2891359,2,1,2,900.0
950000.0,899900.0,950000.0,HOUSE,HOUSE,East End Danforth,43.6841774,-79.3035279,2,1,1,900.0
960000.0,868000.0,960000.0,HOUSE,HOUSE,East End Danforth,43.6885022,-79.3066693,3,2,3,1750.0
930000.0,929000.0,930000.0,HOUSE,HOUSE,Wexford Maryvale,43.7663904,-79.3179601,3,3,2,900.0
925000.0,1250000.0,925000.0,HOUSE,HOUSE,Trinity Bellwoods,43.6446596,-79.420572,3,0,2,1300.0
960000.0,999900.0,960000.0,HOUSE,HOUSE,Greenwood Coxwell,43.6705291,-79.3254559,2,2,1,900.0
987500.0,869900.0,987500.0,HOUSE,HOUSE,Blake Jones,43.6765703,-79.3365411,2,0,1,1300.0
905000.0,889000.0,905000.0,HOUSE,HOUSE,Beechborough Greenbrook,43.6957702,-79.4764541,3,0,2,900.0
998500.0,989000.0,998500.0,HOUSE,HOUSE,Mount Pleasant East,43.7139353,-79.3968486,5,0,3,2250.0
1000000.0,999000.0,1000000.0,HOUSE,HOUSE,East End Danforth,43.6877663,-79.3065437,3,0,1,1300.0
957000.0,799000.0,957000.0,HOUSE,HOUSE,Dovercourt Wallace Emerson Junction,43.6714565,-79.4370953,2,1,3,900.0
910000.0,939000.0,910000.0,HOUSE,HOUSE,Weston Pellam Park,43.6768028,-79.461345,3,1,3,1300.0
965000.0,999000.0,965000.0,HOUSE,HOUSE,Eglinton East,43.6489306,-79.38784749999999,3,0,3,1750.0
1000000.0,1039000.0,1000000.0,HOUSE,HOUSE,Corso Italia Davenport,43.6785519,-79.4504308,3,0,3,1300.0
997000.0,997000.0,997000.0,HOUSE,HOUSE,Corso Italia Davenport,43.6728816,-79.4475776,5,0,3,1300.0
987000.0,1099000.0,987000.0,HOUSE,HOUSE,Dovercourt Wallace Emerson Junction,43.6657261,-79.4556634,2,0,2,900.0
996000.0,999000.0,996000.0,HOUSE,HOUSE,Corso Italia Davenport,43.6833558,-79.4497948,3,0,1,1300.0
915000.0,920000.0,915000.0,HOUSE,HOUSE,Corso Italia Davenport,43.6806677,-79.4473414,2,2,3,900.0
915000.0,849000.0,915000.0,HOUSE,HOUSE,Greenwood Coxwell,43.6741604,-79.3217337,2,0,1,900.0
999000.0,1095000.0,999000.0,HOUSE,HOUSE,High Park Swansea,43.6395858,-79.4775394,3,0,1,900.0
990000.0,1179000.0,990000.0,HOUSE,HOUSE,Danforth,43.6843684,-79.3221541,3,0,3,1300.0
910000.0,928888.0,910000.0,HOUSE,HOUSE,Rexdale Kipling,43.7270537,-79.5641581,3,1,2,900.0
990000.0,1038000.0,990000.0,HOUSE,HOUSE,Agincourt South-Malvern West,43.7832211,-79.2732616,3,1,2,1300.0
950000.0,968800.0,950000.0,HOUSE,HOUSE,Brookhaven-Amesbury,43.7016861,-79.4973833,3,0,3,1750.0
945000.0,989000.0,945000.0,HOUSE,HOUSE,Mount Olive-Silverstone-Jamestown,43.7438185,-79.5817406,3,2,2,900.0
953888.0,995900.0,953888.0,HOUSE,HOUSE,Downsview-Roding-CFB,43.7227258,-79.5066406,3,0,2,1750.0
950000.0,1029000.0,950000.0,HOUSE,HOUSE,Corso Italia Davenport,43.6820061,-79.4444264,5,3,3,1300.0
977000.0,975000.0,977000.0,HOUSE,HOUSE,Dovercourt Wallace Emerson Junction,43.662192,-79.4528534,3,0,2,900.0
925000.0,849900.0,925000.0,HOUSE,HOUSE,Eringate Centennial West Deane,43.6671604,-79.575895,3,0,2,900.0
930000.0,1079000.0,930000.0,HOUSE,HOUSE,South Riverdale,43.6570003,-79.348261,2,1,2,1750.0
925000.0,998000.0,925000.0,HOUSE,HOUSE,North Riverdale,43.6668065,-79.3492496,3,0,1,1750.0
910000.0,999720.0,910000.0,HOUSE,HOUSE,Annex,43.6671101,-79.4195828,2,0,1,900.0
990000.0,1025000.0,990000.0,HOUSE,HOUSE,South Riverdale,43.665373,-79.3381082,2,0,2,900.0
982000.0,998000.0,982000.0,HOUSE,HOUSE,Greenwood Coxwell,43.6677192,-79.3186473,2,1,2,2750.0
962800.0,1050000.0,962800.0,HOUSE,HOUSE,Corso Italia Davenport,43.6836107,-79.4449628,4,0,2,1300.0
920000.0,949900.0,920000.0,HOUSE,HOUSE,Moss Park,43.7080458,-79.5061319,2,1,2,1300.0
975000.0,999900.0,975000.0,HOUSE,HOUSE,South Riverdale,43.6729209,-79.3332239,3,0,3,1750.0
925000.0,849000.0,925000.0,HOUSE,HOUSE,Corso Italia Davenport,43.675557,-79.4478625,2,0,2,900.0
995000.0,999900.0,995000.0,HOUSE,HOUSE,Dovercourt Wallace Emerson Junction,43.6709891,-79.4382953,3,0,2,1300.0
1000000.0,1050000.0,1000000.0,HOUSE,HOUSE,Corso Italia Davenport,43.6721656,-79.44722589999999,3,0,2,1300.0
950000.0,1050000.0,950000.0,HOUSE,HOUSE,Weston Pellam Park,43.6804197,-79.4602808,3,1,3,1300.0
950000.0,1079000.0,950000.0,HOUSE,HOUSE,East End Danforth,43.6879455,-79.3056732,4,0,3,1750.0
925000.0,939900.0,925000.0,HOUSE,HOUSE,Clairlea Birchmount,43.7095027,-79.2694709,3,1,4,1750.0
1000000.0,999000.0,1000000.0,HOUSE,HOUSE,Corso Italia Davenport,43.6783081,-79.45431409999999,3,0,3,1750.0
945000.0,974900.0,945000.0,HOUSE,HOUSE,East End Danforth,43.6889183,-79.3064529,3,1,2,1300.0
1005018.0,1149000.0,1005018.0,HOUSE,HOUSE,Playter Estates Danforth,43.6814807,-79.3461039,3,0,2,1300.0
1018000.0,998000.0,1018000.0,HOUSE,HOUSE,Danforth,43.6808288,-79.3433955,3,0,2,1300.0
1075000.0,1149000.0,1075000.0,HOUSE,HOUSE,Dovercourt Wallace Emerson Junction,43.6716004,-79.4364245,2,0,1,900.0
1070000.0,1120000.0,1070000.0,HOUSE,HOUSE,High Park North,43.660095,-79.4620098,4,3,3,1750.0
1081750.0,899000.0,1081750.0,HOUSE,HOUSE,East End Danforth,43.6907937,-79.2959082,3,1,2,1300.0
1055000.0,899900.0,1055000.0,HOUSE,HOUSE,East End Danforth,43.6915011,-79.2942416,3,0,2,1300.0
1037000.0,999999.0,1037000.0,HOUSE,HOUSE,Corso Italia Davenport,43.6807779,-79.4487378,2,1,3,1300.0
1005000.0,998000.0,1005000.0,HOUSE,HOUSE,South Parkdale,43.6376854,-79.441458,6,0,2,1750.0
1020000.0,1099000.0,1020000.0,HOUSE,HOUSE,South Riverdale,43.663922,-79.3294143,2,1,2,900.0
1050000.0,999000.0,1050000.0,HOUSE,HOUSE,Mount Pleasant East,43.7087832,-79.3800869,2,1,2,1300.0
1040000.0,1049000.0,1040000.0,HOUSE,HOUSE,University,43.6595069,-79.4028489,3,1,2,1300.0
1100000.0,1199000.0,1100000.0,HOUSE,HOUSE,Trinity Bellwoods,43.6531529,-79.4120774,3,0,2,1750.0
1050000.0,1089900.0,1050000.0,HOUSE,HOUSE,Wexford Maryvale,43.7409246,-79.3007512,3,1,2,1300.0
1090000.0,1189000.0,1090000.0,HOUSE,HOUSE,Greenwood Coxwell,43.6799345,-79.3247574,2,1,2,1300.0
1085000.0,1099000.0,1085000.0,HOUSE,HOUSE,East End Danforth,43.6894685,-79.3026849,4,0,3,1750.0
1087500.0,999000.0,1087500.0,HOUSE,HOUSE,Clairlea Birchmount,43.7079716,-79.2839677,4,1,4,2250.0
1070000.0,999000.0,1070000.0,HOUSE,HOUSE,Weston Pellam Park,43.6752559,-79.4601939,3,1,3,1750.0
1053000.0,1149000.0,1053000.0,HOUSE,HOUSE,High Park-Swansea,43.64003839999999,-79.4515121,4,0,2,1750.0
1060000.0,1150000.0,1060000.0,HOUSE,HOUSE,Corso Italia Davenport,43.6731269,-79.4489914,3,1,2,1300.0
1023888.0,1038000.0,1023888.0,HOUSE,HOUSE,Corso Italia Davenport,43.6799413,-79.4435954,3,1,4,1300.0
1025000.0,899000.0,1025000.0,HOUSE,HOUSE,South Parkdale,43.6359156,-79.4277348,3,1,3,2250.0
1050000.0,799000.0,1050000.0,HOUSE,HOUSE,Blake Jones,43.6744356,-79.3344724,2,0,2,900.0
1060000.0,1100000.0,1060000.0,HOUSE,HOUSE,Wychwood,43.6728096,-79.4316972,3,0,2,1300.0
1053000.0,1099000.0,1053000.0,HOUSE,HOUSE,Weston Pellam Park,43.668615,-79.4514799,5,0,2,1750.0
1025000.0,849900.0,1025000.0,HOUSE,HOUSE,Dovercourt-Wallace Emerson-Junction,43.66992,-79.4462168,2,1,2,1300.0
1075000.0,998900.0,1075000.0,HOUSE,HOUSE,Wychwood,43.6787782,-79.4248614,3,0,2,1750.0
1040000.0,888888.0,1040000.0,HOUSE,HOUSE,Kingsview Village The Westway,43.7000532,-79.5402048,3,1,2,1300.0
1007500.0,1320000.0,1007500.0,HOUSE,HOUSE,Willowridge-Martingrove-Richview,43.6548253,-79.388447,3,1,2,1300.0
1045000.0,1075000.0,1045000.0,HOUSE,HOUSE,Danforth,43.6840117,-79.3390858,3,1,4,1300.0
1050000.0,1089000.0,1050000.0,HOUSE,HOUSE,Clairlea Birchmount,43.7179762,-79.2899855,3,0,2,1300.0
1100000.0,999000.0,1100000.0,HOUSE,HOUSE,East End Danforth,43.6834463,-79.2915284,2,1,2,900.0
1035000.0,1149999.0,1035000.0,HOUSE,HOUSE,The Beaches,43.6764754,-79.2826981,3,0,1,1300.0
1065000.0,1199000.0,1065000.0,HOUSE,HOUSE,Crescent Town,43.6928456,-79.2901514,2,1,2,900.0
1002000.0,1195000.0,1002000.0,HOUSE,HOUSE,Willowdale West,43.7706858,-79.42483419999999,3,2,2,1300.0
1045000.0,1099900.0,1045000.0,HOUSE,HOUSE,Downsview-Roding-CFB,43.7324392,-79.4936985,3,0,2,1300.0
1032000.0,838800.0,1032000.0,HOUSE,HOUSE,Milliken,43.8250071,-79.2843333,4,2,3,2250.0
1043000.0,1049000.0,1043000.0,HOUSE,HOUSE,Guildwood,43.7496219,-79.20055219999999,3,1,2,1300.0
1075000.0,1200000.0,1075000.0,HOUSE,HOUSE,Maple Leaf,43.7145892,-79.4810313,2,1,2,900.0
1100000.0,999000.0,1100000.0,HOUSE,HOUSE,East York,43.69677679999999,-79.33506539999999,2,2,2,900.0
1085000.0,1199000.0,1085000.0,HOUSE,HOUSE,Palmerston Little Italy,43.6556125,-79.4190479,3,1,3,1300.0
1090000.0,1149000.0,1090000.0,HOUSE,HOUSE,Casa Loma,43.6774767,-79.4074576,3,1,3,1750.0
1010000.0,1068000.0,1010000.0,HOUSE,HOUSE,Stonegate-Queensway,43.6633041,-79.3919708,2,2,2,900.0
1040000.0,1099000.0,1040000.0,HOUSE,HOUSE,Dovercourt Wallace Emerson Junction,43.6630816,-79.4434268,5,0,3,1750.0
1025000.0,1099000.0,1025000.0,HOUSE,HOUSE,Mount Pleasant East,43.7031926,-79.3752098,1,1,2,900.0
1084000.0,1099900.0,1084000.0,HOUSE,HOUSE,Dovercourt Wallace Emerson Junction,43.6617988,-79.4371475,3,0,2,1300.0
1035500.0,1075000.0,1035500.0,HOUSE,HOUSE,Waterfront Communities The Island,43.6797472,-79.4770899,3,0,3,1750.0
1060000.0,1198000.0,1060000.0,HOUSE,HOUSE,Corso Italia Davenport,43.6739304,-79.4493303,3,3,4,1300.0
1005000.0,899900.0,1005000.0,HOUSE,HOUSE,Woodbine Corridor,43.6825246,-79.3137171,2,1,2,900.0
1100000.0,1199000.0,1100000.0,HOUSE,HOUSE,Danforth,43.6864578,-79.3246112,3,1,3,1750.0
1088000.0,1098000.0,1088000.0,HOUSE,HOUSE,East End Danforth,43.6890858,-79.3037498,5,0,3,1750.0
1095000.0,1099900.0,1095000.0,HOUSE,HOUSE,Greenwood Coxwell,43.6736044,-79.328847,5,1,4,2750.0
1033000.0,1049000.0,1033000.0,HOUSE,HOUSE,South Riverdale,43.6657137,-79.3343478,2,1,3,1300.0
1100000.0,1039000.0,1100000.0,HOUSE,HOUSE,Danforth,43.6862433,-79.319234,4,0,3,1300.0
1062500.0,1099000.0,1062500.0,HOUSE,HOUSE,Woodbine Corridor,43.6842635,-79.3161972,3,0,2,1300.0
1010000.0,1125000.0,1010000.0,HOUSE,HOUSE,Blake Jones,43.6750095,-79.3341123,2,0,1,1300.0
1040000.0,1149000.0,1040000.0,HOUSE,HOUSE,Casa Loma,43.6765985,-79.414302,2,1,3,1750.0
1050000.0,1049000.0,1050000.0,HOUSE,HOUSE,Dovercourt Wallace Emerson Junction,43.6709756,-79.4238488,3,0,2,1750.0
1100000.0,929000.0,1100000.0,HOUSE,HOUSE,Greenwood Coxwell,43.6729592,-79.321867,4,0,1,1750.0
1180000.0,1399000.0,1180000.0,HOUSE,HOUSE,Runnymede Bloor West Village,43.6510964,-79.481915,4,0,1,1300.0
1175000.0,999000.0,1175000.0,HOUSE,HOUSE,South Riverdale,43.6582815,-79.3387765,4,0,3,1750.0
1150000.0,1149999.0,1150000.0,HOUSE,HOUSE,Corso Italia Davenport,43.6810466,-79.4475371,3,0,2,900.0
1200000.0,1129000.0,1200000.0,HOUSE,HOUSE,The Beaches,43.675594,-79.2828978,2,1,2,900.0
1180000.0,1299000.0,1180000.0,HOUSE,HOUSE,Dovercourt Wallace Emerson Junction,43.6707088,-79.4420263,5,0,3,1750.0
1125000.0,1125000.0,1125000.0,HOUSE,HOUSE,Corso Italia Davenport,43.6803485,-79.447108,3,1,3,1750.0
1145000.0,998000.0,1145000.0,HOUSE,HOUSE,High Park Swansea,43.6379491,-79.4760126,3,2,3,1300.0
1188000.0,1188000.0,1188000.0,HOUSE,HOUSE,L Amoreaux,43.8012676,-79.3277842,4,0,3,2250.0
1200000.0,1220000.0,1200000.0,HOUSE,HOUSE,Pelmo Park Humberlea,43.7228759,-79.5315585,3,2,2,1300.0
1200000.0,999000.0,1200000.0,HOUSE,HOUSE,South Riverdale,43.6630825,-79.3346162,4,0,2,1300.0
1175000.0,998000.0,1175000.0,HOUSE,HOUSE,High Park Swansea,43.6384303,-79.470917,3,1,2,1300.0
1155000.0,999999.0,1155000.0,HOUSE,HOUSE,The Beaches,43.6749053,-79.2862478,3,0,1,1300.0
1181000.0,879000.0,1181000.0,HOUSE,HOUSE,Junction Area,43.6630008,-79.4779616,3,1,1,900.0
1150000.0,999000.0,1150000.0,HOUSE,HOUSE,East End Danforth,43.6838248,-79.2957614,2,1,2,900.0
1200000.0,1249000.0,1200000.0,HOUSE,HOUSE,High Park Swansea,43.6380858,-79.4688689,3,1,2,900.0
1150000.0,799900.0,1150000.0,HOUSE,HOUSE,Dovercourt Wallace Emerson Junction,43.6671194,-79.4293464,3,0,2,1300.0
1140000.0,1150000.0,1140000.0,HOUSE,HOUSE,Greenwood Coxwell,43.6707337,-79.3192967,2,1,2,900.0
1112000.0,949000.0,1112000.0,HOUSE,HOUSE,South Riverdale,43.6715539,-79.3357849,2,1,2,900.0
1150000.0,999000.0,1150000.0,HOUSE,HOUSE,Woodbine Corridor,43.6794782,-79.3162918,2,1,2,900.0
1200000.0,1248000.0,1200000.0,HOUSE,HOUSE,High Park Swansea,43.6390673,-79.4696575,3,1,2,1300.0
1200000.0,1299000.0,1200000.0,HOUSE,HOUSE,Lambton Baby Point,43.6521709,-79.4859292,3,1,2,1300.0
1140000.0,999900.0,1140000.0,HOUSE,HOUSE,The Beaches,43.6790144,-79.2840575,3,0,2,1300.0
1121000.0,1179000.0,1121000.0,HOUSE,HOUSE,Blake Jones,43.6743228,-79.3369639,3,1,1,900.0
1137000.0,949000.0,1137000.0,HOUSE,HOUSE,Dufferin Grove,43.6527885,-79.4354412,3,0,2,1300.0
1160000.0,999000.0,1160000.0,HOUSE,HOUSE,Danforth,43.6854667,-79.324801,4,1,3,2250.0
1116000.0,1099000.0,1116000.0,HOUSE,HOUSE,Greenwood Coxwell,43.6733516,-79.3270389,1,2,2,1300.0
1125000.0,1199000.0,1125000.0,HOUSE,HOUSE,East End Danforth,43.6818082,-79.3064077,3,0,2,1300.0
1200000.0,999000.0,1200000.0,HOUSE,HOUSE,Runnymede Bloor West Village,43.6559752,-79.4822846,3,1,2,1300.0
1199000.0,1199000.0,1199000.0,HOUSE,HOUSE,Yonge Eglinton,43.7088303,-79.4102318,3,2,2,1750.0
1170000.0,1350000.0,1170000.0,HOUSE,HOUSE,Little Portugal,43.6509652,-79.4283048,4,0,2,1750.0
1200000.0,998000.0,1200000.0,HOUSE,HOUSE,Dovercourt Wallace Emerson Junction,43.673878,-79.4363681,5,0,3,1750.0
1137000.0,899900.0,1137000.0,HOUSE,HOUSE,South Parkdale,43.6409515,-79.4299867,3,0,3,1750.0
1185000.0,999000.0,1185000.0,HOUSE,HOUSE,Woodbine Corridor,43.6829409,-79.3194836,2,1,3,1300.0
1160000.0,1199000.0,1160000.0,HOUSE,HOUSE,East End Danforth,43.6849591,-79.3081974,3,0,3,1300.0
1200000.0,1149000.0,1200000.0,HOUSE,HOUSE,Weston Pellam Park,43.6796618,-79.4616811,3,0,2,1750.0
1155180.0,1149800.0,1155180.0,HOUSE,HOUSE,Corso Italia Davenport,43.6829303,-79.4517408,3,0,3,1300.0
1175000.0,999000.0,1175000.0,HOUSE,HOUSE,The Beaches,43.679944,-79.2839773,3,0,2,1300.0
1139000.0,1149000.0,1139000.0,HOUSE,HOUSE,Greenwood Coxwell,43.6735629,-79.3281621,2,0,2,900.0
1153500.0,1268000.0,1153500.0,HOUSE,HOUSE,Dovercourt Wallace Emerson Junction,43.7534419,-79.42224449999999,3,1,2,1300.0
1175000.0,1175000.0,1175000.0,HOUSE,HOUSE,Wychwood,43.6734124,-79.4285732,3,0,3,1300.0
1165000.0,1299000.0,1165000.0,HOUSE,HOUSE,Waterfront Communities The Island,43.7001669,-79.51621899999999,9,2,4,3250.0
1150000.0,1219000.0,1150000.0,HOUSE,HOUSE,Corso Italia Davenport,43.6845152,-79.4464639,3,1,3,1300.0
1190000.0,1199880.0,1190000.0,HOUSE,HOUSE,Tam O'Shanter-Sullivan,43.7875098,-79.3062104,4,0,3,2250.0
1150888.0,1248888.0,1150888.0,HOUSE,HOUSE,L'Amoreaux,43.7918405,-79.32756909999999,3,0,2,1300.0
1140000.0,1099000.0,1140000.0,HOUSE,HOUSE,Highland Creek,43.7908544,-79.1691915,4,1,5,1750.0
1170000.0,1179000.0,1170000.0,HOUSE,HOUSE,Blake Jones,43.6745108,-79.3381277,3,0,2,900.0
1190000.0,1169000.0,1190000.0,HOUSE,HOUSE,Corso Italia Davenport,43.6749386,-79.4485294,3,0,2,1300.0
1181000.0,1230000.0,1181000.0,HOUSE,HOUSE,Palmerston Little Italy,43.6597396,-79.4165805,2,2,3,900.0
1158000.0,899000.0,1158000.0,HOUSE,HOUSE,Blake Jones,43.6779938,-79.3385943,4,1,2,1750.0
1116000.0,1135000.0,1116000.0,HOUSE,HOUSE,Corso Italia Davenport,43.6775916,-79.4499281,3,0,3,900.0
1115000.0,1199900.0,1115000.0,HOUSE,HOUSE,Wychwood,43.6769125,-79.4180089,4,0,2,1750.0
1118000.0,1138000.0,1118000.0,HOUSE,HOUSE,Dovercourt Wallace Emerson Junction,43.6735287,-79.4365911,3,2,3,1300.0
1200000.0,1099000.0,1200000.0,HOUSE,HOUSE,High Park Swansea,43.6410445,-79.4784241,3,0,1,900.0
1115000.0,1149000.0,1115000.0,HOUSE,HOUSE,East End Danforth,43.6903464,-79.3038023,3,0,2,900.0
1125000.0,1199900.0,1125000.0,HOUSE,HOUSE,Woodbine Corridor,43.6819094,-79.3152073,2,1,2,1300.0
1150000.0,1234999.0,1150000.0,HOUSE,HOUSE,East End Danforth,43.6768258,-79.3050627,2,2,4,1750.0
1150000.0,1299900.0,1150000.0,HOUSE,HOUSE,East End Danforth,43.6810788,-79.2977252,3,0,1,1300.0
1200000.0,1249900.0,1200000.0,HOUSE,HOUSE,Woodbine Corridor,43.6761361,-79.3124113,2,1,2,1300.0
1187700.0,1300000.0,1187700.0,HOUSE,HOUSE,South Riverdale,43.672164,-79.3344701,2,1,2,900.0
1150000.0,1199800.0,1150000.0,HOUSE,HOUSE,Dovercourt Wallace Emerson Junction,43.6652682,-79.4312052,4,1,3,1750.0
1200000.0,1249800.0,1200000.0,HOUSE,HOUSE,Dovercourt Wallace Emerson Junction,43.6715982,-79.431986,3,2,3,1300.0
1175000.0,1299000.0,1175000.0,HOUSE,HOUSE,Woodbine Corridor,43.6761122,-79.3118511,3,1,2,900.0
1105000.0,998000.0,1105000.0,HOUSE,HOUSE,Roncesvalles,43.6468701,-79.4426444,4,0,2,1300.0
1112108.0,899000.0,1112108.0,HOUSE,HOUSE,Newtonbrook East,43.6554018,-79.3871368,4,0,3,2250.0
1200000.0,999000.0,1200000.0,HOUSE,HOUSE,The Beaches,43.6751648,-79.2827203,3,0,1,1300.0
1200000.0,1298000.0,1200000.0,HOUSE,HOUSE,Dovercourt Wallace Emerson Junction,43.6653075,-79.4374275,4,0,2,1300.0
1170000.0,1199000.0,1170000.0,HOUSE,HOUSE,East End Danforth,43.6856714,-79.2895549,2,1,1,900.0
1265000.0,1188000.0,1265000.0,HOUSE,HOUSE,Dovercourt Wallace Emerson Junction,43.6611837,-79.4430641,6,2,3,1750.0
1260000.0,1279000.0,1260000.0,HOUSE,HOUSE,The Beaches,43.6723054,-79.3000072,3,0,1,1300.0
1270000.0,1299900.0,1270000.0,HOUSE,HOUSE,Greenwood Coxwell,43.6744051,-79.3241992,3,1,3,1750.0
1250000.0,1349000.0,1250000.0,HOUSE,HOUSE,Greenwood Coxwell,43.6715335,-79.321754,3,3,4,2250.0
1215000.0,1195000.0,1215000.0,HOUSE,HOUSE,Yonge Eglinton,43.7107717,-79.4080477,3,0,1,1300.0
1259000.0,1299000.0,1259000.0,HOUSE,HOUSE,The Beaches,43.6700325,-79.3035958,3,1,2,2250.0
1275000.0,1349000.0,1275000.0,HOUSE,HOUSE,Dovercourt Wallace Emerson Junction,43.6686305,-79.4275813,3,0,3,1300.0
1201000.0,899000.0,1201000.0,HOUSE,HOUSE,Woodbine Corridor,43.6775914,-79.3190457,2,0,2,900.0
1257000.0,999000.0,1257000.0,HOUSE,HOUSE,East End Danforth,43.6785496,-79.3060453,3,0,2,900.0
1225000.0,1240000.0,1225000.0,HOUSE,HOUSE,Greenwood Coxwell,43.6731193,-79.3212457,2,1,3,900.0
1275000.0,999900.0,1275000.0,HOUSE,HOUSE,Weston Pellam Park,43.669264,-79.4588196,3,1,2,1300.0
1285322.0,1339000.0,1285322.0,HOUSE,HOUSE,East End Danforth,43.6846616,-79.3070514,3,1,3,1300.0
1210000.0,979000.0,1210000.0,HOUSE,HOUSE,Trinity Bellwoods,43.6508617,-79.4109592,2,1,2,900.0
1250000.0,1498000.0,1250000.0,HOUSE,HOUSE,South Parkdale,43.6349943,-79.4263276,6,3,6,2250.0
1227000.0,1099000.0,1227000.0,HOUSE,HOUSE,Greenwood Coxwell,43.6676603,-79.3179981,3,0,2,1300.0
1239888.0,1298000.0,1239888.0,HOUSE,HOUSE,Woodbine Corridor,43.6836778,-79.3197773,3,0,4,900.0
1270000.0,1200000.0,1270000.0,HOUSE,HOUSE,Roncesvalles,43.6412101,-79.4408987,2,0,3,1750.0
1275000.0,1299000.0,1275000.0,HOUSE,HOUSE,Woodbine Corridor,43.67648150000001,-79.31402640000002,4,1,3,1750.0
1210000.0,1038888.0,1210000.0,HOUSE,HOUSE,Weston Pellam Park,43.6790083,-79.4608153,3,0,2,1300.0
1250000.0,1349000.0,1250000.0,HOUSE,HOUSE,The Beaches,43.6751984,-79.2963039,2,1,1,1300.0
1250000.0,1295000.0,1250000.0,HOUSE,HOUSE,Corso Italia Davenport,43.6791621,-79.4475702,3,1,2,1300.0
1253000.0,1095000.0,1253000.0,HOUSE,HOUSE,Mount Pleasant East,43.7051538,-79.3756066,3,0,3,1300.0
1250000.0,999000.0,1250000.0,HOUSE,HOUSE,East End Danforth,43.682317,-79.3080138,3,1,2,1300.0
1260100.0,999000.0,1260100.0,HOUSE,HOUSE,Woodbine Corridor,43.6783252,-79.3138332,3,0,2,1300.0
1280000.0,1349000.0,1280000.0,HOUSE,HOUSE,Blake Jones,43.674539,-79.3358993,3,1,2,900.0
1247000.0,1189000.0,1247000.0,HOUSE,HOUSE,Casa Loma,43.6769596,-79.4144182,3,2,2,1300.0
1260000.0,999000.0,1260000.0,HOUSE,HOUSE,Runnymede Bloor West Village,43.6541677,-79.4815849,4,0,2,1300.0
1256000.0,1119000.0,1256000.0,HOUSE,HOUSE,Weston-Pellam Park,43.6772864,-79.4653723,3,1,4,1750.0
1220000.0,1288000.0,1220000.0,HOUSE,HOUSE,Lawrence Park North,43.7314843,-79.3941525,3,0,1,900.0
1250000.0,1349900.0,1250000.0,HOUSE,HOUSE,Lawrence Park North,43.7295599,-79.4045952,4,1,2,1300.0
1275000.0,989000.0,1275000.0,HOUSE,HOUSE,Trinity Bellwoods,43.6533279,-79.4094064,2,1,3,900.0
1300000.0,999000.0,1300000.0,HOUSE,HOUSE,High Park Swansea,43.6389496,-79.4695142,3,0,2,900.0
1285000.0,1299000.0,1285000.0,HOUSE,HOUSE,South Riverdale,43.6709228,-79.3371687,2,1,3,1750.0
1225000.0,1256888.0,1225000.0,HOUSE,HOUSE,East End Danforth,43.6811982,-79.3058535,3,1,3,1300.0
1221000.0,989000.0,1221000.0,HOUSE,HOUSE,East End Danforth,43.684731,-79.3096792,3,1,2,1300.0
1284200.0,1180000.0,1284200.0,HOUSE,HOUSE,Dovercourt Wallace Emerson Junction,43.6604749,-79.4394323,4,2,3,1300.0
1258000.0,1288888.0,1258000.0,HOUSE,HOUSE,Bridle Path Sunnybrook York Mills,43.6330204,-79.4933909,3,0,2,1300.0
1268500.0,1249900.0,1268500.0,HOUSE,HOUSE,Weston Pellam Park,43.6687779,-79.4534925,3,0,1,1750.0
1220000.0,1249000.0,1220000.0,HOUSE,HOUSE,South Riverdale,43.6657327,-79.3337852,3,1,5,1750.0
1220000.0,1199000.0,1220000.0,HOUSE,HOUSE,South Riverdale,43.6671306,-79.3360688,4,0,3,1750.0
1250000.0,1099000.0,1250000.0,HOUSE,HOUSE,Lawrence Park North,43.7306975,-79.4118225,3,0,1,1300.0
1250000.0,999000.0,1250000.0,HOUSE,HOUSE,Agincourt South Malvern West,43.786281,-79.2596709,4,4,7,1750.0
1275000.0,1288800.0,1275000.0,HOUSE,HOUSE,Dufferin Grove,43.654278,-79.4339296,4,0,2,1300.0
1205000.0,969000.0,1205000.0,HOUSE,HOUSE,Corso Italia Davenport,43.6723535,-79.4469174,2,0,2,1750.0
1255000.0,1295000.0,1255000.0,HOUSE,HOUSE,South Parkdale,43.6338192,-79.4305027,3,0,3,1300.0
1300000.0,1349900.0,1300000.0,HOUSE,HOUSE,Lawrence Park North,43.727775,-79.4109743,3,0,1,1300.0
1275000.0,1239000.0,1275000.0,HOUSE,HOUSE,Dovercourt Wallace Emerson Junction,43.6655168,-79.4389974,4,0,2,1750.0
1235000.0,1299000.0,1235000.0,HOUSE,HOUSE,Wychwood,43.6733395,-79.4307422,4,1,3,1750.0
1250000.0,999900.0,1250000.0,HOUSE,HOUSE,Little Portugal,43.6481661,-79.4364762,2,3,2,900.0
1276000.0,1299999.0,1276000.0,HOUSE,HOUSE,Clairlea Birchmount,43.710987,-79.2830038,3,1,4,1750.0
1250000.0,1369000.0,1250000.0,HOUSE,HOUSE,Mimico,43.6199312,-79.5045152,3,0,2,900.0
1208000.0,1359000.0,1208000.0,HOUSE,HOUSE,Corso Italia Davenport,43.6808134,-79.4449479,3,0,2,1300.0
1220000.0,1299999.0,1220000.0,HOUSE,HOUSE,Wychwood,43.6794484,-79.42848149999999,5,0,1,1750.0
1300000.0,1325000.0,1300000.0,HOUSE,HOUSE,Dovercourt Wallace Emerson Junction,43.6646006,-79.4249658,2,1,2,900.0
1250000.0,1199000.0,1250000.0,HOUSE,HOUSE,Forest Hill North,43.7070734,-79.4182738,2,0,2,900.0
1279000.0,1349000.0,1279000.0,HOUSE,HOUSE,Blake Jones,43.673216,-79.3403715,6,0,2,2250.0
1250000.0,1350000.0,1250000.0,HOUSE,HOUSE,Eringate-Centennial-West Deane,43.66539230000001,-79.5700863,3,1,3,1750.0
1290000.0,1149000.0,1290000.0,HOUSE,HOUSE,Tam O'Shanter-Sullivan,43.7737949,-79.3031544,4,0,4,2250.0
1215000.0,1288000.0,1215000.0,HOUSE,HOUSE,L'Amoreaux,43.78115649999999,-79.32455329999999,3,0,4,1750.0
1240000.0,999888.0,1240000.0,HOUSE,HOUSE,Newtonbrook East,43.7842109,-79.41003889999999,3,3,4,1300.0
1250000.0,1299000.0,1250000.0,HOUSE,HOUSE,Trinity Bellwoods,43.6494833,-79.4128136,4,0,3,1300.0
1298000.0,1129000.0,1298000.0,HOUSE,HOUSE,Weston Pellam Park,43.674666,-79.4616174,4,0,4,1750.0
1250000.0,1499000.0,1250000.0,HOUSE,HOUSE,Lawrence Park North,43.7291101,-79.4085889,2,0,2,1300.0
1245000.0,1299000.0,1245000.0,HOUSE,HOUSE,South Riverdale,43.6619546,-79.3317053,3,0,2,1300.0
1270000.0,1299000.0,1270000.0,HOUSE,HOUSE,Dovercourt Wallace Emerson Junction,43.6692904,-79.4281596,3,1,3,1750.0
1300000.0,1249000.0,1300000.0,HOUSE,HOUSE,Roncesvalles,43.6434485,-79.4353041,2,2,1,1750.0
1210000.0,1099000.0,1210000.0,HOUSE,HOUSE,Dovercourt Wallace Emerson Junction,43.662374,-79.4325597,3,0,3,1300.0
1300000.0,1199000.0,1300000.0,HOUSE,HOUSE,Dovercourt Wallace Emerson Junction,43.6657316,-79.428217,3,0,3,1300.0
1300000.0,1399000.0,1300000.0,HOUSE,HOUSE,Corso Italia Davenport,43.6794311,-79.4494561,3,0,3,1750.0
1250000.0,1199000.0,1250000.0,HOUSE,HOUSE,Danforth,43.6831978,-79.3433898,3,0,2,1300.0
1250000.0,1250000.0,1250000.0,HOUSE,HOUSE,Greenwood Coxwell,43.6724153,-79.3250176,3,1,2,1300.0
1275000.0,1299900.0,1275000.0,HOUSE,HOUSE,Danforth,43.6809513,-79.3381097,4,1,4,2250.0
1290000.0,1325000.0,1290000.0,HOUSE,HOUSE,Dufferin Grove,43.6547669,-79.4372431,4,0,2,1750.0
1225000.0,1399999.0,1225000.0,HOUSE,HOUSE,High Park Swansea,43.6496017,-79.4754335,3,1,2,900.0
1227500.0,1250000.0,1227500.0,HOUSE,HOUSE,Dovercourt Wallace Emerson Junction,43.6732887,-79.4366539,3,0,3,1300.0
1280000.0,1295000.0,1280000.0,HOUSE,HOUSE,Roncesvalles,43.6416892,-79.4387402,4,1,2,700.0
1235000.0,1299000.0,1235000.0,HOUSE,HOUSE,Danforth,43.6860232,-79.3159019,3,2,3,1300.0
1250000.0,1250000.0,1250000.0,HOUSE,HOUSE,Dufferin Grove,43.653896,-79.4305828,4,0,2,1300.0
1300000.0,1247000.0,1300000.0,HOUSE,HOUSE,Runnymede Bloor West Village,43.6619955,-79.4888561,3,0,3,1300.0
1260000.0,1290000.0,1260000.0,HOUSE,HOUSE,South Riverdale,43.6645572,-79.3361448,3,0,2,900.0
1250000.0,1249000.0,1250000.0,HOUSE,HOUSE,Dovercourt Wallace Emerson Junction,43.6143691,-79.4920231,3,0,2,1750.0
1328000.0,1399000.0,1328000.0,HOUSE,HOUSE,The Beaches,43.6692679,-79.3063277,4,2,4,2250.0
1377000.0,1399900.0,1377000.0,HOUSE,HOUSE,Lawrence Park South,43.7145365,-79.4057155,2,1,2,900.0
1320000.0,1395000.0,1320000.0,HOUSE,HOUSE,Corso Italia Davenport,43.6734859,-79.4465171,4,1,4,2250.0
1381108.0,1199900.0,1381108.0,HOUSE,HOUSE,South Riverdale,43.6653472,-79.3282655,3,0,2,1300.0
1355000.0,1149000.0,1355000.0,HOUSE,HOUSE,Runnymede Bloor West Village,43.6582179,-79.4848938,3,0,2,1300.0
1325000.0,1079000.0,1325000.0,HOUSE,HOUSE,East End Danforth,43.6815072,-79.3089066,3,1,3,1300.0
1399000.0,1399999.0,1399000.0,HOUSE,HOUSE,Dovercourt Wallace Emerson Junction,43.6638342,-79.4335993,3,1,2,1300.0
1325000.0,1249000.0,1325000.0,HOUSE,HOUSE,Dovercourt Wallace Emerson Junction,43.666123,-79.426847,3,0,2,1300.0
1350000.0,1399999.0,1350000.0,HOUSE,HOUSE,Birchcliffe Cliffside,43.707868,-79.2516474,4,2,5,2250.0
1370000.0,1299900.0,1370000.0,HOUSE,HOUSE,Mount Pleasant East,43.71206,-79.3890611,1,2,2,900.0
1350000.0,1299000.0,1350000.0,HOUSE,HOUSE,Yonge Eglinton,43.7089192,-79.4097848,3,1,2,1300.0
1385000.0,1385000.0,1385000.0,HOUSE,HOUSE,Trinity Bellwoods,43.6476885,-79.4176037,3,0,3,1750.0
1382000.0,999900.0,1382000.0,HOUSE,HOUSE,Greenwood Coxwell,43.6682997,-79.3228176,3,0,2,1300.0
1375000.0,1390000.0,1375000.0,HOUSE,HOUSE,High Park Swansea,43.6398723,-79.4769872,3,2,3,900.0
1400000.0,1439000.0,1400000.0,HOUSE,HOUSE,Lawrence Park North,43.7327668,-79.4090932,3,0,3,1300.0
1390000.0,1448000.0,1390000.0,HOUSE,HOUSE,Danforth,43.6882439,-79.3167977,3,1,3,1300.0
1325000.0,1198000.0,1325000.0,HOUSE,HOUSE,High Park Swansea,43.6396603,-79.4702809,2,1,2,1300.0
1318000.0,1079000.0,1318000.0,HOUSE,HOUSE,East End Danforth,43.6795708,-79.3045304,2,1,2,1300.0
1357000.0,1049900.0,1357000.0,HOUSE,HOUSE,Dufferin Grove,43.6575302,-79.4408465,4,0,2,1750.0
1360000.0,1399000.0,1360000.0,HOUSE,HOUSE,Dovercourt Wallace Emerson Junction,43.6631169,-79.4416633,3,1,3,1300.0
1400000.0,1488000.0,1400000.0,HOUSE,HOUSE,Trinity Bellwoods,43.6523913,-79.4131786,6,1,6,2750.0
1375000.0,1399000.0,1375000.0,HOUSE,HOUSE,Cabbagetown South St James Town,43.6683065,-79.3652172,5,0,2,1750.0
1350000.0,1199000.0,1350000.0,HOUSE,HOUSE,Mount Pleasant East,43.701606,-79.3867694,3,1,2,1750.0
1350000.0,1160000.0,1350000.0,HOUSE,HOUSE,East End Danforth,43.6851137,-79.3072684,3,0,2,1300.0
1365000.0,989900.0,1365000.0,HOUSE,HOUSE,Blake Jones,43.6767647,-79.3358338,3,0,1,1750.0
1387500.0,1398000.0,1387500.0,HOUSE,HOUSE,Woodbine Corridor,43.6826047,-79.3190895,3,0,2,1300.0
1397708.0,1399900.0,1397708.0,HOUSE,HOUSE,Greenwood Coxwell,43.6706161,-79.3214107,3,0,2,1750.0
1305000.0,998000.0,1305000.0,HOUSE,HOUSE,Blake Jones,43.6795438,-79.3389825,3,1,2,1300.0
1350000.0,1099000.0,1350000.0,HOUSE,HOUSE,High Park Swansea,43.646738,-79.4732346,3,1,3,1750.0
1350000.0,999000.0,1350000.0,HOUSE,HOUSE,Lawrence Park South,43.7082808,-79.4109424,3,0,2,1300.0
1350000.0,1439000.0,1350000.0,HOUSE,HOUSE,North Riverdale,43.6731253,-79.3427665,4,1,3,1750.0
1400000.0,1589000.0,1400000.0,HOUSE,HOUSE,Parkwoods Donalda,43.7525507,-79.321557,4,1,3,2250.0
1380000.0,1499000.0,1380000.0,HOUSE,HOUSE,Corso Italia Davenport,43.6799058,-79.4583771,3,1,4,1750.0
1350000.0,1399000.0,1350000.0,HOUSE,HOUSE,Corso Italia Davenport,43.6797912,-79.4483111,3,1,3,1300.0
1400000.0,1489000.0,1400000.0,HOUSE,HOUSE,Lawrence Park South,43.723193,-79.4102176,3,0,2,1300.0
1326000.0,998000.0,1326000.0,HOUSE,HOUSE,High Park Swansea,43.6417968,-79.4793301,3,0,2,1300.0
1380000.0,1499999.0,1380000.0,HOUSE,HOUSE,Trinity Bellwoods,43.653308,-79.4080216,3,1,3,1300.0
1335000.0,1079999.0,1335000.0,HOUSE,HOUSE,Junction Area,43.6613909,-79.4801834,3,0,3,1750.0
1335000.0,1480000.0,1335000.0,HOUSE,HOUSE,Danforth,43.6812892,-79.342763,4,1,2,1750.0
1320000.0,1198000.0,1320000.0,HOUSE,HOUSE,High Park Swansea,43.6423146,-79.4798859,2,1,2,1300.0
1335888.0,1498000.0,1335888.0,HOUSE,HOUSE,Kensington Chinatown,43.6504207,-79.4013402,4,1,3,1750.0
1312000.0,1199000.0,1312000.0,HOUSE,HOUSE,L Amoreaux,43.7996512,-79.3278979,4,0,3,2250.0
1390000.0,1199000.0,1390000.0,HOUSE,HOUSE,Junction Area,43.6611532,-79.4806131,3,0,3,1750.0
1325000.0,1099000.0,1325000.0,HOUSE,HOUSE,Danforth,43.6830332,-79.3408308,4,0,1,1750.0
1335000.0,1399800.0,1335000.0,HOUSE,HOUSE,Dovercourt Wallace Emerson Junction,43.6698621,-79.4311356,3,0,3,1750.0
1340000.0,1350000.0,1340000.0,HOUSE,HOUSE,Annex,43.6711876,-79.4198287,4,0,3,2250.0
1360000.0,1295000.0,1360000.0,HOUSE,HOUSE,Wychwood,43.6794399,-79.4212182,3,0,1,1750.0
1350000.0,1188000.0,1350000.0,HOUSE,HOUSE,Birchcliffe Cliffside,43.7060047,-79.2590493,4,2,5,2250.0
1320000.0,1425000.0,1320000.0,HOUSE,HOUSE,Bayview Woods-Steeles,43.7952666,-79.37485939999999,4,0,3,2250.0
1370000.0,1400000.0,1370000.0,HOUSE,HOUSE,South Riverdale,43.672451,-79.3316966,3,1,2,1750.0
1390000.0,1449000.0,1390000.0,HOUSE,HOUSE,South Parkdale,43.6385683,-79.4383512,9,0,7,4250.0
1400000.0,1450000.0,1400000.0,HOUSE,HOUSE,Greenwood Coxwell,43.6728943,-79.3217986,4,1,4,2250.0
1325000.0,1399000.0,1325000.0,HOUSE,HOUSE,Mount Pleasant East,43.7089837,-79.3816047,2,1,2,900.0
1350000.0,1250000.0,1350000.0,HOUSE,HOUSE,Corso Italia Davenport,43.6776052,-79.4415607,7,0,3,2250.0
1315000.0,1150000.0,1315000.0,HOUSE,HOUSE,Dovercourt Wallace Emerson Junction,43.6717264,-79.4358584,3,0,3,1750.0
1330000.0,1299000.0,1330000.0,HOUSE,HOUSE,Lawrence Park North,43.7304354,-79.4068732,3,0,1,1300.0
1399000.0,1499000.0,1399000.0,HOUSE,HOUSE,Kensington Chinatown,43.6496167,-79.4026411,3,1,3,900.0
1310000.0,1079000.0,1310000.0,HOUSE,HOUSE,East End Danforth,43.6777207,-79.3029064,2,1,3,1750.0
1315000.0,1099000.0,1315000.0,HOUSE,HOUSE,Mount Pleasant West,43.7044221,-79.393618,4,0,2,1750.0
1350000.0,1425000.0,1350000.0,HOUSE,HOUSE,University,43.6600892,-79.406916,5,0,1,1750.0
1310000.0,1349900.0,1310000.0,HOUSE,HOUSE,East End Danforth,43.6824712,-79.2881916,2,2,2,1300.0
1350000.0,1499900.0,1350000.0,HOUSE,HOUSE,Greenwood Coxwell,43.6665237,-79.3191556,4,0,3,1750.0
1350000.0,1479000.0,1350000.0,HOUSE,HOUSE,Lawrence Park South,43.7095783,-79.4136648,3,1,2,1750.0
1400000.0,1499000.0,1400000.0,HOUSE,HOUSE,Lawrence Park North,43.7295261,-79.3994687,2,0,3,1300.0
1380000.0,1499999.0,1380000.0,HOUSE,HOUSE,Lawrence Park North,43.7273558,-79.3975863,3,0,1,1300.0
1400000.0,1199000.0,1400000.0,HOUSE,HOUSE,Dufferin Grove,43.6597564,-79.4333858,7,0,1,1750.0
1355000.0,1399000.0,1355000.0,HOUSE,HOUSE,Junction Area,43.6634476,-79.4584266,3,1,4,1750.0
1400000.0,1440000.0,1400000.0,HOUSE,HOUSE,Dovercourt Wallace Emerson Junction,43.6649111,-79.4271388,3,1,2,1750.0
1330000.0,1359000.0,1330000.0,HOUSE,HOUSE,L Amoreaux,43.792618,-79.3008342,4,2,5,1750.0
1325000.0,1355000.0,1325000.0,HOUSE,HOUSE,Wychwood,43.6788981,-79.4276735,5,1,4,2250.0
1375000.0,1399000.0,1375000.0,HOUSE,HOUSE,Junction Area,43.6630702,-79.4678738,4,0,2,2250.0
1390000.0,1499000.0,1390000.0,HOUSE,HOUSE,Little Portugal,43.6510046,-79.4281163,4,0,2,1750.0
1381000.0,1299000.0,1381000.0,HOUSE,HOUSE,Mount Pleasant East,43.7019893,-79.3849797,4,0,3,1300.0
1345000.0,1485000.0,1345000.0,HOUSE,HOUSE,The Beaches,43.6742138,-79.2823135,3,0,2,1750.0
1350000.0,1399000.0,1350000.0,HOUSE,HOUSE,Woodbine Corridor,43.6731834,-79.3173228,4,1,3,1750.0
1390217.0,1459000.0,1390217.0,HOUSE,HOUSE,Niagara,43.6440909,-79.4060395,2,0,2,900.0
1380000.0,1349000.0,1380000.0,HOUSE,HOUSE,Mount Pleasant East,43.7073325,-79.3822046,4,0,2,1750.0
1361888.0,1429900.0,1361888.0,HOUSE,HOUSE,Dovercourt Wallace Emerson Junction,43.6631143,-79.4377205,3,2,3,1750.0
1395000.0,1399000.0,1395000.0,HOUSE,HOUSE,Greenwood Coxwell,43.672444,-79.3272421,3,0,3,1300.0
1400000.0,1299999.0,1400000.0,HOUSE,HOUSE,Niagara,43.6450911,-79.4065345,5,1,3,1750.0
1305000.0,1349000.0,1305000.0,HOUSE,HOUSE,South Parkdale,43.6394027,-79.4321197,3,0,2,1300.0
1350000.0,1399900.0,1350000.0,HOUSE,HOUSE,Dovercourt Wallace Emerson Junction,43.6633633,-79.4436186,3,1,3,1300.0
1430000.0,1550000.0,1430000.0,HOUSE,HOUSE,Danforth,43.6847652,-79.3344587,3,0,4,1750.0
1420000.0,1449900.0,1420000.0,HOUSE,HOUSE,Clairlea Birchmount,43.7090069,-79.2836912,5,0,3,2750.0
1450000.0,1495000.0,1450000.0,HOUSE,HOUSE,Yonge Eglinton,43.7116758,-79.4036425,2,0,1,900.0
1410138.0,1189000.0,1410138.0,HOUSE,HOUSE,South Riverdale,43.6678144,-79.3312955,4,0,2,1750.0
1450000.0,1550000.0,1450000.0,HOUSE,HOUSE,Lawrence Park South,43.7049517,-79.4156549,3,0,2,1300.0
1450000.0,1199000.0,1450000.0,HOUSE,HOUSE,East End Danforth,43.6798142,-79.3051182,3,0,2,1300.0
1500000.0,1695000.0,1500000.0,HOUSE,HOUSE,Mount Pleasant East,43.7091323,-79.3816568,2,0,2,900.0
1490000.0,1495000.0,1490000.0,HOUSE,HOUSE,Lawrence Park North,43.7259907,-79.4065179,3,0,2,1300.0
1455000.0,1499999.0,1455000.0,HOUSE,HOUSE,East End Danforth,43.6860126,-79.3056483,3,1,3,1750.0
1499999.0,1688000.0,1499999.0,HOUSE,HOUSE,South Riverdale,43.6672359,-79.3375954,4,1,3,1750.0
1465000.0,1325000.0,1465000.0,HOUSE,HOUSE,High Park Swansea,43.6449433,-79.4792465,2,1,2,1300.0
1452000.0,1399900.0,1452000.0,HOUSE,HOUSE,Playter Estates Danforth,43.6795129,-79.347371,3,1,2,1300.0
1485000.0,1395000.0,1485000.0,HOUSE,HOUSE,Dovercourt Wallace Emerson Junction,43.6634374,-79.438225,3,0,2,1300.0
1500000.0,1099000.0,1500000.0,HOUSE,HOUSE,East End Danforth,43.684055,-79.2878002,3,0,2,1300.0
1430000.0,1288888.0,1430000.0,HOUSE,HOUSE,L Amoreaux,43.7994115,-79.3263808,4,1,4,2250.0
1470000.0,1298000.0,1470000.0,HOUSE,HOUSE,Woodbine Corridor,43.6739115,-79.317245,4,0,3,2250.0
1485000.0,1569900.0,1485000.0,HOUSE,HOUSE,Danforth,43.6810161,-79.3440033,3,1,4,1300.0
1500000.0,1599000.0,1500000.0,HOUSE,HOUSE,Lawrence Park North,43.7291418,-79.3994719,3,0,3,1300.0
1420000.0,1299000.0,1420000.0,HOUSE,HOUSE,Casa Loma,43.6762577,-79.414781,3,1,2,1300.0
1500000.0,1349000.0,1500000.0,HOUSE,HOUSE,Lawrence Park North,43.7325663,-79.4119684,3,0,2,1300.0
1490000.0,1545000.0,1490000.0,HOUSE,HOUSE,Lawrence Park South,43.7082209,-79.4111961,3,0,2,1300.0
1490000.0,1528222.0,1490000.0,HOUSE,HOUSE,Little Portugal,43.6519593,-79.4269102,3,0,2,1300.0
1490000.0,1549000.0,1490000.0,HOUSE,HOUSE,Playter Estates Danforth,43.6795263,-79.3613141,3,1,4,1750.0
1450000.0,1398000.0,1450000.0,HOUSE,HOUSE,High Park North,43.658832,-79.4753621,3,0,2,1300.0
1450000.0,1199900.0,1450000.0,HOUSE,HOUSE,High Park Swansea,43.6482357,-79.478548,4,0,1,1750.0
1475000.0,1590000.0,1475000.0,HOUSE,HOUSE,Corso Italia Davenport,43.675044,-79.4409548,4,1,3,1750.0
1421000.0,1399000.0,1421000.0,HOUSE,HOUSE,Corso Italia Davenport,43.6832,-79.4465046,3,0,2,900.0
1450000.0,1295000.0,1450000.0,HOUSE,HOUSE,High Park Swansea,43.6540466,-79.4546187,3,0,1,1300.0
1500000.0,1399900.0,1500000.0,HOUSE,HOUSE,Playter Estates Danforth,43.6796078,-79.346743,4,1,2,1300.0
1499787.0,1599000.0,1499787.0,HOUSE,HOUSE,Dovercourt Wallace Emerson Junction,43.6683798,-79.431911,3,0,4,1750.0
1455000.0,1549000.0,1455000.0,HOUSE,HOUSE,Mount Pleasant East,43.711188,-79.3857945,2,0,2,900.0
1500000.0,1088000.0,1500000.0,HOUSE,HOUSE,Blake Jones,43.6716425,-79.3411876,3,2,3,1300.0
1405000.0,1479000.0,1405000.0,HOUSE,HOUSE,Mount Pleasant East,43.7145053,-79.3878188,2,0,2,1300.0
1425000.0,1423000.0,1425000.0,HOUSE,HOUSE,The Beaches,43.6762021,-79.3019375,3,0,2,1300.0
1440000.0,1549000.0,1440000.0,HOUSE,HOUSE,Mount Pleasant East,43.7041595,-79.38037849999999,3,0,2,1300.0
1460000.0,1499000.0,1460000.0,HOUSE,HOUSE,High Park North,43.6536714,-79.477033,4,0,2,1300.0
1459000.0,1479000.0,1459000.0,HOUSE,HOUSE,Mount Pleasant East,43.7041255,-79.3841384,3,0,1,1750.0
1470000.0,1279000.0,1470000.0,HOUSE,HOUSE,Greenwood Coxwell,43.6799631,-79.3281883,4,1,3,1300.0
1415000.0,1499000.0,1415000.0,HOUSE,HOUSE,Dovercourt Wallace Emerson Junction,43.6688029,-79.423505,4,0,2,1750.0
1455000.0,1349900.0,1455000.0,HOUSE,HOUSE,Lawrence Park North,43.7245286,-79.413423,2,0,2,900.0
1460000.0,1478000.0,1460000.0,HOUSE,HOUSE,Woodbine Corridor,43.6735476,-79.3156199,3,1,3,1300.0
1449576.0,1580000.0,1449576.0,HOUSE,HOUSE,Rosedale Moore Park,43.6944994,-79.3813366,3,0,3,1750.0
1440000.0,1498000.0,1440000.0,HOUSE,HOUSE,Dovercourt Wallace Emerson Junction,43.6670856,-79.4354263,3,0,2,1300.0
1450000.0,1299000.0,1450000.0,HOUSE,HOUSE,Junction Area,43.6646744,-79.4820845,4,1,5,2250.0
1425000.0,1299000.0,1425000.0,HOUSE,HOUSE,The Beaches,43.6718715,-79.3003941,3,0,2,1300.0
1475000.0,1399000.0,1475000.0,HOUSE,HOUSE,The Beaches,43.6752398,-79.2846256,3,0,2,1300.0
1495000.0,1495000.0,1495000.0,HOUSE,HOUSE,Yonge St Clair,43.6939403,-79.399804,4,0,3,1750.0
1477000.0,1379000.0,1477000.0,HOUSE,HOUSE,Corso Italia Davenport,43.6775676,-79.4479735,4,0,4,2250.0
1410000.0,1498000.0,1410000.0,HOUSE,HOUSE,Downsview Roding Cfb,43.7274709,-79.5197972,4,2,6,4250.0
1500000.0,1299000.0,1500000.0,HOUSE,HOUSE,The Beaches,43.6748379,-79.2862149,3,0,2,1300.0
1450000.0,1475980.0,1450000.0,HOUSE,HOUSE,Runnymede Bloor West Village,43.6586049,-79.4796574,3,0,2,900.0
1402000.0,1425000.0,1402000.0,HOUSE,HOUSE,High Park Swansea,43.649119,-79.480847,3,0,2,900.0
1499999.0,1200000.0,1499999.0,HOUSE,HOUSE,Runnymede Bloor West Village,43.6533057,-79.4818711,4,0,2,1300.0
1500000.0,1489000.0,1500000.0,HOUSE,HOUSE,Greenwood Coxwell,43.6676431,-79.3196636,3,1,3,1300.0
1499000.0,1699000.0,1499000.0,HOUSE,HOUSE,Humberlea-Pelmo Park W5,43.7160218,-79.5323961,5,0,5,3250.0
1412000.0,1499000.0,1412000.0,HOUSE,HOUSE,Rouge E11,43.8237032,-79.22171709999999,5,3,5,3250.0
1402300.0,1299000.0,1402300.0,HOUSE,HOUSE,Willowridge-Martingrove-Richview,43.6831371,-79.5377244,4,0,2,1750.0
1482500.0,1599000.0,1482500.0,HOUSE,HOUSE,Mimico,43.6058516,-79.4918399,3,0,1,1300.0
1450000.0,1598000.0,1450000.0,HOUSE,HOUSE,Newtonbrook East,43.7987647,-79.39590559999999,4,2,5,2750.0
1440000.0,1485999.0,1440000.0,HOUSE,HOUSE,Islington-City Centre West,43.6579771,-79.55011189999999,3,0,2,1300.0
1480000.0,1299900.0,1480000.0,HOUSE,HOUSE,Wychwood,43.6798156,-79.4194012,3,0,1,1300.0
1440000.0,1550000.0,1440000.0,HOUSE,HOUSE,Annex,43.6707257,-79.4032384,8,0,4,2750.0
1500000.0,1590000.0,1500000.0,HOUSE,HOUSE,Dufferin Grove,43.6536416,-79.4285691,6,0,3,1750.0
1450000.0,1549000.0,1450000.0,HOUSE,HOUSE,Rosedale Moore Park,43.6892597,-79.3828904,3,0,2,1750.0
1450000.0,1299000.0,1450000.0,HOUSE,HOUSE,The Beaches,43.6688875,-79.3001044,4,0,2,2250.0
1480000.0,1480000.0,1480000.0,HOUSE,HOUSE,Trinity Bellwoods,43.653798,-79.4226877,4,0,4,2250.0
1500000.0,1586700.0,1500000.0,HOUSE,HOUSE,Palmerston Little Italy,43.6593058,-79.4217673,3,0,4,1750.0
1450000.0,1498000.0,1450000.0,HOUSE,HOUSE,Lawrence Park North,43.7280914,-79.3971761,3,1,3,1300.0
1491000.0,1199000.0,1491000.0,HOUSE,HOUSE,Woodbine Corridor,43.680124,-79.3145427,3,0,2,1300.0
1495000.0,1679000.0,1495000.0,HOUSE,HOUSE,The Beaches,43.6670779,-79.3047268,3,1,2,1750.0
1450000.0,1589900.0,1450000.0,HOUSE,HOUSE,High Park Swansea,43.6408958,-79.4527834,3,0,2,1300.0
1460000.0,1598000.0,1460000.0,HOUSE,HOUSE,University,43.6573592,-79.4055845,5,0,3,1750.0
1500000.0,1499900.0,1500000.0,HOUSE,HOUSE,Playter Estates Danforth,43.6802224,-79.3576886,7,2,3,2250.0
1413000.0,1498000.0,1413000.0,HOUSE,HOUSE,Dovercourt Wallace Emerson Junction,43.6664763,-79.4342262,4,0,2,1750.0
1450000.0,1500000.0,1450000.0,HOUSE,HOUSE,South Riverdale,43.6590968,-79.3428999,3,0,3,1750.0
1445000.0,1550000.0,1445000.0,HOUSE,HOUSE,High Park North,43.6606193,-79.4639663,5,0,2,1750.0
1500000.0,1570000.0,1500000.0,HOUSE,HOUSE,Playter Estates Danforth,43.6765269,-79.3599887,3,1,3,2250.0
1496000.0,1450000.0,1496000.0,HOUSE,HOUSE,South Riverdale,43.6710016,-79.3339892,3,0,4,1300.0
1412000.0,1399000.0,1412000.0,HOUSE,HOUSE,Runnymede Bloor West Village,43.6515938,-79.4776791,4,1,3,1750.0
1499999.0,1499999.0,1499999.0,HOUSE,HOUSE,High Park North,43.6604599,-79.4578933,3,0,2,1300.0
1448000.0,1499000.0,1448000.0,HOUSE,HOUSE,Dovercourt Wallace Emerson Junction,43.665821,-79.4561509,4,1,3,1750.0
1500000.0,1650000.0,1500000.0,HOUSE,HOUSE,High Park North,43.6626536,-79.457309,5,0,2,2250.0
1415000.0,1299000.0,1415000.0,HOUSE,HOUSE,Clairlea Birchmount,43.7096596,-79.2835665,5,2,4,2750.0
1450000.0,1489900.0,1450000.0,HOUSE,HOUSE,Woodbine Corridor,43.6744735,-79.3135717,3,1,3,1300.0
1470000.0,1598000.0,1470000.0,HOUSE,HOUSE,Dufferin Grove,43.659299,-79.4349507,4,0,3,1750.0
1470000.0,1499888.0,1470000.0,HOUSE,HOUSE,Junction Area,43.6619667,-79.4792237,4,1,3,1750.0
1497999.0,1595000.0,1497999.0,HOUSE,HOUSE,The Beaches,43.6744934,-79.3037954,3,1,2,1750.0
1425750.0,1479000.0,1425750.0,HOUSE,HOUSE,East End Danforth,43.6900134,-79.3048978,4,0,4,1750.0
1652500.0,1749000.0,1652500.0,HOUSE,HOUSE,Cabbagetown South St James Town,43.6666297,-79.3633427,2,1,2,900.0
1515000.0,1549000.0,1515000.0,HOUSE,HOUSE,Greenwood Coxwell,43.6805944,-79.324378,3,1,4,2750.0
1650000.0,1499000.0,1650000.0,HOUSE,HOUSE,Dovercourt Wallace Emerson Junction,43.6650067,-79.4297257,3,2,2,1750.0
1513000.0,1575000.0,1513000.0,HOUSE,HOUSE,Greenwood Coxwell,43.6807243,-79.3250714,3,2,5,1300.0
1650000.0,1529000.0,1650000.0,HOUSE,HOUSE,Danforth,43.6831698,-79.3416543,3,0,2,1300.0
1515000.0,1549000.0,1515000.0,HOUSE,HOUSE,Runnymede Bloor West Village,43.6570297,-79.4801041,3,1,2,1300.0
1600000.0,1699000.0,1600000.0,HOUSE,HOUSE,Lawrence Park South,43.7069043,-79.414474,3,0,2,1750.0
1700000.0,1499900.0,1700000.0,HOUSE,HOUSE,Runnymede Bloor West Village,43.6573687,-79.481627,3,0,2,1300.0
1657000.0,1399000.0,1657000.0,HOUSE,HOUSE,Greenwood Coxwell,43.6805184,-79.3250023,3,1,2,1300.0
1600000.0,1389000.0,1600000.0,HOUSE,HOUSE,North Riverdale,43.6749272,-79.3493239,3,0,2,1300.0
1685056.0,1499000.0,1685056.0,HOUSE,HOUSE,The Beaches,43.675165,-79.2840674,4,0,1,2250.0
1503000.0,1200000.0,1503000.0,HOUSE,HOUSE,High Park Swansea,43.6479415,-79.4762811,3,1,3,1750.0
1585000.0,1599000.0,1585000.0,HOUSE,HOUSE,Dovercourt Wallace Emerson Junction,43.662034,-79.4427852,3,1,2,1750.0
1638027.0,1249000.0,1638027.0,HOUSE,HOUSE,Roncesvalles,43.6414322,-79.4398408,4,0,2,1750.0
1625000.0,1688888.0,1625000.0,HOUSE,HOUSE,Pelmo Park Humberlea,43.7233407,-79.5319198,4,1,4,3250.0
1650000.0,1735000.0,1650000.0,HOUSE,HOUSE,Annex,43.671843,-79.4161232,3,1,2,1300.0
1700000.0,1589000.0,1700000.0,HOUSE,HOUSE,Wychwood,43.6787136,-79.4343976,5,0,3,2250.0
1575000.0,1249900.0,1575000.0,HOUSE,HOUSE,Blake Jones,43.6799085,-79.3338345,2,1,3,1300.0
1525000.0,1295000.0,1525000.0,HOUSE,HOUSE,Dovercourt Wallace Emerson Junction,43.6596822,-79.4408837,5,3,2,1750.0
1618900.0,1299000.0,1618900.0,HOUSE,HOUSE,High Park Swansea,43.6495852,-79.4568373,3,2,2,1750.0
1523000.0,1379000.0,1523000.0,HOUSE,HOUSE,South Riverdale,43.6669164,-79.3392304,3,2,2,900.0
1650000.0,1499900.0,1650000.0,HOUSE,HOUSE,South Riverdale,43.6623264,-79.3377675,4,1,2,1750.0
1690000.0,1955000.0,1690000.0,HOUSE,HOUSE,Dovercourt Wallace Emerson Junction,43.6629336,-79.4544322,5,2,6,2750.0
1575000.0,1649000.0,1575000.0,HOUSE,HOUSE,Lawrence Park North,43.7314429,-79.4122695,3,0,2,1300.0
1626000.0,1495000.0,1626000.0,HOUSE,HOUSE,Runnymede Bloor West Village,43.6526698,-79.4801899,4,0,2,1300.0
1650000.0,1799000.0,1650000.0,HOUSE,HOUSE,Trinity Bellwoods,43.6525352,-79.4077555,6,0,3,2250.0
1520000.0,1249000.0,1520000.0,HOUSE,HOUSE,Dovercourt Wallace Emerson Junction,43.6733844,-79.4359434,3,1,3,1300.0
1658000.0,1649000.0,1658000.0,HOUSE,HOUSE,Lawrence Park North,43.7344902,-79.4014484,3,0,2,1300.0
1650000.0,1499000.0,1650000.0,HOUSE,HOUSE,Junction Area,43.6631946,-79.4662064,5,1,3,2250.0
1675000.0,1499000.0,1675000.0,HOUSE,HOUSE,Dovercourt Wallace Emerson Junction,43.6691336,-79.4225667,3,1,2,1300.0
1690000.0,1700000.0,1690000.0,HOUSE,HOUSE,East End-Danforth,43.6842479,-79.303518,4,1,4,2250.0
1600000.0,1299000.0,1600000.0,HOUSE,HOUSE,East End Danforth,43.683473,-79.2956225,3,1,2,1300.0
1625000.0,995000.0,1625000.0,HOUSE,HOUSE,Yonge-Eglinton,43.7088845,-79.407254,4,0,3,2250.0
1620000.0,1649000.0,1620000.0,HOUSE,HOUSE,University,43.6170842,-79.5042802,3,0,4,2250.0
1660000.0,1699000.0,1660000.0,HOUSE,HOUSE,Mount Pleasant East,43.7033978,-79.3752901,3,1,2,1300.0
1700000.0,1799000.0,1700000.0,HOUSE,HOUSE,Lawrence Park North,43.7300487,-79.3969672,3,0,2,1300.0
1675000.0,1699000.0,1675000.0,HOUSE,HOUSE,Forest Hill South,43.7002856,-79.4097738,3,1,3,1300.0
1700000.0,1599000.0,1700000.0,HOUSE,HOUSE,Danforth,43.6831377,-79.3408995,3,1,4,1750.0
1558000.0,1538000.0,1558000.0,HOUSE,HOUSE,Mount Pleasant East,43.7135589,-79.388433,3,0,2,1300.0
1700000.0,1649000.0,1700000.0,HOUSE,HOUSE,Mount Pleasant West,43.7015105,-79.3897927,3,0,1,1300.0
1638000.0,1389000.0,1638000.0,HOUSE,HOUSE,South Riverdale,43.6684972,-79.3331371,3,0,3,1300.0
1620000.0,1399000.0,1620000.0,HOUSE,HOUSE,Playter Estates Danforth,43.6815743,-79.3497769,2,2,2,1750.0
1560100.0,1238000.0,1560100.0,HOUSE,HOUSE,High Park Swansea,43.6515299,-79.4522023,5,0,3,1750.0
1540000.0,1579000.0,1540000.0,HOUSE,HOUSE,Lawrence Park North,43.7290309,-79.4106937,3,1,3,1750.0
1508000.0,1288000.0,1508000.0,HOUSE,HOUSE,Greenwood Coxwell,43.6802357,-79.330687,3,1,4,1750.0
1650000.0,1499000.0,1650000.0,HOUSE,HOUSE,North Riverdale,43.6666724,-79.3517112,4,0,1,2250.0
1600000.0,1625000.0,1600000.0,HOUSE,HOUSE,Cabbagetown South St James Town,43.6676194,-79.365186,3,1,2,1750.0
1560000.0,1399000.0,1560000.0,HOUSE,HOUSE,Blake Jones,43.6747025,-79.3350576,3,1,2,1300.0
1540000.0,1595000.0,1540000.0,HOUSE,HOUSE,Little Portugal,43.6528501,-79.427309,3,0,3,1300.0
1565000.0,1599000.0,1565000.0,HOUSE,HOUSE,South Riverdale,43.6719713,-79.3332646,3,0,4,1300.0
1602000.0,1325000.0,1602000.0,HOUSE,HOUSE,Lawrence Park South,43.7137925,-79.4028558,3,0,2,1300.0
1535000.0,1399000.0,1535000.0,HOUSE,HOUSE,Danforth,43.6861511,-79.3196804,4,1,2,1750.0
1575000.0,1498000.0,1575000.0,HOUSE,HOUSE,High Park Swansea,43.6426145,-79.476583,3,0,2,1300.0
1630000.0,1685000.0,1630000.0,HOUSE,HOUSE,High Park North,43.6539729,-79.47034,4,0,3,1750.0
1602000.0,1299000.0,1602000.0,HOUSE,HOUSE,East End-Danforth,43.6809012,-79.30643719999999,3,1,2,1750.0
1661800.0,1699000.0,1661800.0,HOUSE,HOUSE,Yonge Eglinton,43.7064465,-79.40909,3,1,3,1750.0
1551000.0,1299000.0,1551000.0,HOUSE,HOUSE,Junction Area,43.6638425,-79.47573,4,0,2,1750.0
1631000.0,1299000.0,1631000.0,HOUSE,HOUSE,Junction Area,43.6649316,-79.4772065,5,0,2,2750.0
1620000.0,1688000.0,1620000.0,HOUSE,HOUSE,Westminster Branson,43.781655,-79.4568274,4,0,3,2750.0
1594000.0,1599000.0,1594000.0,HOUSE,HOUSE,Moss Park,43.6582532,-79.3680547,3,1,5,2250.0
1577000.0,1549000.0,1577000.0,HOUSE,HOUSE,Lawrence Park North,43.7304868,-79.4116873,3,0,1,1300.0
1505000.0,1699000.0,1505000.0,HOUSE,HOUSE,North Riverdale,43.6717463,-79.3544424,5,1,3,2250.0
1535000.0,1274900.0,1535000.0,HOUSE,HOUSE,Danforth,43.6857885,-79.3255642,3,0,2,1300.0
1550000.0,1649000.0,1550000.0,HOUSE,HOUSE,High Park North,43.657981,-79.4546916,3,1,2,1300.0
1575000.0,1479000.0,1575000.0,HOUSE,HOUSE,Wychwood,43.6813751,-79.4197999,3,1,2,1300.0
1650000.0,1699000.0,1650000.0,HOUSE,HOUSE,East End Danforth,43.6806375,-79.3042459,3,0,3,1750.0
1607000.0,1678000.0,1607000.0,HOUSE,HOUSE,Dovercourt Wallace Emerson Junction,43.6633321,-79.431658,3,1,3,1750.0
1635000.0,1699900.0,1635000.0,HOUSE,HOUSE,Lambton Baby Point,43.656249,-79.4875124,3,0,4,1750.0
1652000.0,1499000.0,1652000.0,HOUSE,HOUSE,Mount Pleasant East,43.7062607,-79.3852885,3,0,2,1300.0
1665000.0,1710000.0,1665000.0,HOUSE,HOUSE,Lawrence Park North,43.7334,-79.4159991,3,1,3,1300.0
1643118.0,1695000.0,1643118.0,HOUSE,HOUSE,Forest Hill North,43.7003904,-79.4374219,3,0,2,1300.0
1620000.0,1389000.0,1620000.0,HOUSE,HOUSE,Forest Hill North,43.6997291,-79.4385708,3,1,3,1300.0
1700000.0,1289000.0,1700000.0,HOUSE,HOUSE,Greenwood Coxwell,43.6669194,-79.3193833,3,1,3,1300.0
1625000.0,1660000.0,1625000.0,HOUSE,HOUSE,South Riverdale,43.6666844,-79.3379439,3,0,2,2250.0
1600000.0,1499000.0,1600000.0,HOUSE,HOUSE,Lawrence Park North,43.7309622,-79.3947909,3,1,2,1300.0
1630000.0,1389000.0,1630000.0,HOUSE,HOUSE,Dovercourt Wallace Emerson Junction,43.6616577,-79.4485405,3,0,2,1750.0
1555000.0,1398000.0,1555000.0,HOUSE,HOUSE,High Park North,43.6532385,-79.4727396,3,0,2,1750.0
1595000.0,1649900.0,1595000.0,HOUSE,HOUSE,Lawrence Park North,43.7247595,-79.4048201,3,0,2,1750.0
1650000.0,1699000.0,1650000.0,HOUSE,HOUSE,Lawrence Park South,43.7092694,-79.4151242,3,0,2,1300.0
1620000.0,1639000.0,1620000.0,HOUSE,HOUSE,Mount Pleasant East,43.7053446,-79.3765095,3,0,2,1300.0
1550000.0,1399900.0,1550000.0,HOUSE,HOUSE,Danforth,43.6869008,-79.3145238,4,1,3,1750.0
1655500.0,1549000.0,1655500.0,HOUSE,HOUSE,High Park North,43.6585106,-79.4653772,3,1,2,1300.0
1575000.0,1689000.0,1575000.0,HOUSE,HOUSE,Runnymede Bloor West Village,43.6569493,-79.482473,3,0,2,1300.0
1597000.0,1698000.0,1597000.0,HOUSE,HOUSE,Lawrence Park South,43.7081657,-79.4134073,3,0,2,1750.0
1562500.0,1650000.0,1562500.0,HOUSE,HOUSE,Junction Area,43.6617078,-79.4766938,3,2,3,1750.0
1670000.0,1669000.0,1670000.0,HOUSE,HOUSE,High Park North,43.6544866,-79.4722447,4,0,2,1300.0
1563000.0,1398000.0,1563000.0,HOUSE,HOUSE,Runnymede Bloor West Village,43.6540401,-79.4821187,3,1,3,1750.0
1517000.0,1498000.0,1517000.0,HOUSE,HOUSE,High Park Swansea,43.6503508,-79.456121,4,1,4,1750.0
1678000.0,1589000.0,1678000.0,HOUSE,HOUSE,Wychwood,43.6767865,-79.4317892,3,1,2,1300.0
1652000.0,1610000.0,1652000.0,HOUSE,HOUSE,Runnymede Bloor West Village,43.6543116,-79.4808724,3,0,2,1300.0
1670000.0,1790000.0,1670000.0,HOUSE,HOUSE,Blake Jones,43.6776941,-79.3418212,3,0,3,1750.0
1603500.0,1650000.0,1603500.0,HOUSE,HOUSE,High Park Swansea,43.642487,-79.4485728,5,0,2,1750.0
1620000.0,1689000.0,1620000.0,HOUSE,HOUSE,Dufferin Grove,43.6542503,-79.430877,4,1,2,2250.0
1575000.0,1599000.0,1575000.0,HOUSE,HOUSE,Mount Pleasant East,43.6990864,-79.3812292,3,0,4,1750.0
1605000.0,1634000.0,1605000.0,HOUSE,HOUSE,High Park Swansea,43.6443656,-79.4778446,3,1,2,1300.0
1630000.0,1639000.0,1630000.0,HOUSE,HOUSE,Mount Pleasant East,43.7085936,-79.3820092,3,1,3,1750.0
1625000.0,1498000.0,1625000.0,HOUSE,HOUSE,High Park Swansea,43.6422032,-79.4750838,4,1,4,2250.0
1682000.0,1498000.0,1682000.0,HOUSE,HOUSE,Runnymede Bloor West Village,43.6580339,-79.48313,6,0,2,2250.0
1560000.0,1299900.0,1560000.0,HOUSE,HOUSE,East End Danforth,43.6828042,-79.2867252,3,0,2,1750.0
1505000.0,1099000.0,1505000.0,HOUSE,HOUSE,Trinity Bellwoods,43.6468693,-79.4168494,4,1,2,900.0
1681000.0,1499000.0,1681000.0,HOUSE,HOUSE,Wychwood,43.6813186,-79.4201568,3,0,2,1300.0
1501000.0,1299000.0,1501000.0,HOUSE,HOUSE,Blake Jones,43.6790465,-79.3354242,4,0,2,900.0
1600000.0,1199000.0,1600000.0,HOUSE,HOUSE,Playter Estates Danforth,43.6823983,-79.3516075,3,1,3,1750.0
1625000.0,1299900.0,1625000.0,HOUSE,HOUSE,The Beaches,43.674839,-79.303277,3,1,3,1750.0
1675000.0,1725000.0,1675000.0,HOUSE,HOUSE,Playter Estates Danforth,43.680214,-79.349917,3,1,2,1300.0
1650000.0,1195000.0,1650000.0,HOUSE,HOUSE,Lawrence Park South,43.7104555,-79.4117808,3,0,3,1750.0
1635000.0,1599000.0,1635000.0,HOUSE,HOUSE,North Riverdale,43.6703532,-79.3468548,4,0,2,1750.0
1600000.0,1649000.0,1600000.0,HOUSE,HOUSE,Lawrence Park North,43.7284342,-79.3978865,3,1,2,900.0
1575000.0,1549000.0,1575000.0,HOUSE,HOUSE,Lawrence Park South,43.718344,-79.4040116,3,1,2,1750.0
1660000.0,1748000.0,1660000.0,HOUSE,HOUSE,Parkwoods Donalda,43.7513386,-79.3204545,4,1,4,2250.0
1615000.0,1625000.0,1615000.0,HOUSE,HOUSE,East End Danforth,43.6812712,-79.3005747,4,0,4,2250.0
1680000.0,1699000.0,1680000.0,HOUSE,HOUSE,South Riverdale,43.6707808,-79.3322807,3,0,4,1750.0
1588000.0,1695000.0,1588000.0,HOUSE,HOUSE,Playter Estates Danforth,43.6788407,-79.3482832,4,1,4,2250.0
1640000.0,1648000.0,1640000.0,HOUSE,HOUSE,Junction Area,43.6637248,-79.4693285,3,1,2,1300.0
1646000.0,1700000.0,1646000.0,HOUSE,HOUSE,O'Connor-Parkview,43.7101119,-79.29872689999999,4,0,4,2250.0
1700000.0,1799000.0,1700000.0,HOUSE,HOUSE,North Riverdale,43.66617230000001,-79.3518795,5,0,5,2750.0
1700000.0,1749999.0,1700000.0,HOUSE,HOUSE,Greenwood Coxwell,43.6695816,-79.3193645,3,1,4,1750.0
1550000.0,1598000.0,1550000.0,HOUSE,HOUSE,High Park Swansea,43.6457113,-79.4713168,3,0,1,900.0
1660000.0,1699000.0,1660000.0,HOUSE,HOUSE,South Riverdale,43.666881,-79.3359513,4,1,3,1750.0
1606000.0,1495000.0,1606000.0,HOUSE,HOUSE,Yonge St Clair,43.6928782,-79.3983586,3,0,2,1750.0
1650000.0,1698899.0,1650000.0,HOUSE,HOUSE,The Beaches,43.6704042,-79.3075475,3,1,4,2250.0
1625000.0,1769000.0,1625000.0,HOUSE,HOUSE,Blake Jones,43.6779634,-79.3421248,3,0,3,1300.0
1620000.0,1649000.0,1620000.0,HOUSE,HOUSE,Dovercourt Wallace Emerson Junction,43.6704414,-79.4407902,3,2,3,1750.0
1540000.0,1595000.0,1540000.0,HOUSE,HOUSE,High Park Swansea,43.6437885,-79.4555171,5,1,4,2250.0
1510000.0,1575000.0,1510000.0,HOUSE,HOUSE,High Park Swansea,43.641393,-79.4519426,4,1,3,1300.0
1700000.0,1779000.0,1700000.0,HOUSE,HOUSE,Westminster Branson,43.7884587,-79.454224,4,1,5,2750.0
1590000.0,1649900.0,1590000.0,HOUSE,HOUSE,Woodbine Corridor,43.6686063,-79.315155,3,0,4,1750.0
1675000.0,1798000.0,1675000.0,HOUSE,HOUSE,Lawrence Park South,43.7184313,-79.4109319,4,0,2,1750.0
1575000.0,1375000.0,1575000.0,HOUSE,HOUSE,Corso Italia Davenport,43.6834181,-79.4461494,3,1,4,1750.0
1550000.0,1649000.0,1550000.0,HOUSE,HOUSE,East End Danforth,43.6813349,-79.2972678,3,0,3,1750.0
1607000.0,1699000.0,1607000.0,HOUSE,HOUSE,Runnymede Bloor West Village,43.6541242,-79.4843717,4,0,1,1750.0
1700000.0,1599000.0,1700000.0,HOUSE,HOUSE,Runnymede Bloor West Village,43.6523764,-79.4824343,4,0,2,1750.0
1680000.0,1599900.0,1680000.0,HOUSE,HOUSE,East End Danforth,43.6885024,-79.3049271,3,2,6,1750.0
1550000.0,1600000.0,1550000.0,HOUSE,HOUSE,High Park North,43.6619371,-79.4564844,5,1,2,2250.0
1660000.0,1689900.0,1660000.0,HOUSE,HOUSE,High Park Swansea,43.6494294,-79.4812651,4,0,2,1300.0
1600700.0,1589000.0,1600700.0,HOUSE,HOUSE,High Park Swansea,43.6460978,-79.4839061,3,0,2,1750.0
1660000.0,1799000.0,1660000.0,HOUSE,HOUSE,Roncesvalles,43.6459646,-79.4423647,2,0,2,2250.0
1538158.6,1599000.0,1538158.6,HOUSE,HOUSE,Dovercourt Wallace Emerson Junction,43.6590411,-79.4416167,6,2,5,2250.0
1650000.0,1499999.0,1650000.0,HOUSE,HOUSE,East End Danforth,43.6792546,-79.2983833,3,0,4,1300.0
1530000.0,1549000.0,1530000.0,HOUSE,HOUSE,South Riverdale,43.665266,-79.3454006,3,0,2,2250.0
1585000.0,1749999.0,1585000.0,HOUSE,HOUSE,East End Danforth,43.6812952,-79.3052078,3,1,5,2250.0
1560000.0,1599000.0,1560000.0,HOUSE,HOUSE,Lawrence Park South,43.7055763,-79.4137876,3,1,3,1750.0
1700000.0,1699000.0,1700000.0,HOUSE,HOUSE,Mount Pleasant East,43.7123946,-79.3861142,3,0,2,1300.0
1617000.0,1599000.0,1617000.0,HOUSE,HOUSE,Yonge Eglinton,43.7028556,-79.3989137,4,1,2,1300.0
1640000.0,1850000.0,1640000.0,HOUSE,HOUSE,Cabbagetown South St James Town,43.6675266,-79.3653867,4,1,5,2750.0
1688000.0,1800000.0,1688000.0,HOUSE,HOUSE,University,43.6573439,-79.4064669,4,0,2,1750.0
1650000.0,1795000.0,1650000.0,HOUSE,HOUSE,Casa Loma,43.6770423,-79.4107538,5,1,3,4250.0
1575000.0,1699900.0,1575000.0,HOUSE,HOUSE,Yonge Eglinton,43.7110669,-79.4087026,3,0,2,1300.0
1520000.0,1699900.0,1520000.0,HOUSE,HOUSE,South Riverdale,43.6669672,-79.3390505,8,0,5,2750.0
1600000.0,1677000.0,1600000.0,HOUSE,HOUSE,High Park Swansea,43.6488281,-79.4834663,3,0,3,1300.0
1560000.0,1675000.0,1560000.0,HOUSE,HOUSE,Runnymede Bloor West Village,43.6540699,-79.484994,4,1,2,1300.0
1620000.0,1799000.0,1620000.0,HOUSE,HOUSE,Annex,43.6684558,-79.4200985,6,2,4,3250.0
1680000.0,1775000.0,1680000.0,HOUSE,HOUSE,Mount Pleasant East,43.7140341,-79.3899055,3,1,3,2750.0
1700000.0,1750000.0,1700000.0,HOUSE,HOUSE,High Park Swansea,43.6463942,-79.4548318,6,1,2,2250.0
1680000.0,1695000.0,1680000.0,HOUSE,HOUSE,Yonge Eglinton,43.7113008,-79.4076178,3,0,3,1300.0
1548000.0,1548000.0,1548000.0,HOUSE,HOUSE,Rosedale Moore Park,43.6901265,-79.3835035,3,1,4,1750.0
1600000.0,1649000.0,1600000.0,HOUSE,HOUSE,Dovercourt Wallace Emerson Junction,43.6628287,-79.4341613,4,1,3,2250.0
1599000.0,1629000.0,1599000.0,HOUSE,HOUSE,Mount Pleasant East,43.7007238,-79.3841414,3,0,2,1300.0
1600000.0,1549000.0,1600000.0,HOUSE,HOUSE,Mount Pleasant East,43.7129707,-79.3892697,3,1,3,1750.0
1650000.0,1750000.0,1650000.0,HOUSE,HOUSE,Junction Area,43.6647259,-79.4720413,3,2,2,1750.0
1789000.0,1588000.0,1789000.0,HOUSE,HOUSE,Runnymede Bloor West Village,43.6555832,-79.4821224,3,0,2,1300.0
1950000.0,2172000.0,1950000.0,HOUSE,HOUSE,Forest Hill North,43.7001471,-79.4327666,4,1,4,2250.0
1820000.0,1849000.0,1820000.0,HOUSE,HOUSE,Palmerston Little Italy,43.6583733,-79.4200119,3,1,4,1750.0
1760000.0,1599900.0,1760000.0,HOUSE,HOUSE,High Park North,43.6573059,-79.4567365,3,1,3,1300.0
1965000.0,1649000.0,1965000.0,HOUSE,HOUSE,Dovercourt Wallace Emerson Junction,43.662975,-79.4422446,3,1,3,1750.0
1950000.0,1998000.0,1950000.0,HOUSE,HOUSE,Moss Park,43.6601212,-79.3680247,3,1,2,2250.0
1752500.0,1769900.0,1752500.0,HOUSE,HOUSE,High Park North,43.6565498,-79.4712964,4,0,2,1300.0
1950000.0,1999900.0,1950000.0,HOUSE,HOUSE,The Beaches,43.6758235,-79.3043429,4,2,3,1300.0
1900000.0,1880000.0,1900000.0,HOUSE,HOUSE,Dovercourt Wallace Emerson Junction,43.6662188,-79.4250008,4,2,3,1300.0
1867500.0,1849000.0,1867500.0,HOUSE,HOUSE,Mount Pleasant East,43.7041418,-79.3840614,3,0,3,1300.0
1711000.0,1479000.0,1711000.0,HOUSE,HOUSE,The Beaches,43.6736891,-79.2852337,3,0,3,1750.0
1705000.0,1698000.0,1705000.0,HOUSE,HOUSE,Woodbine Corridor,43.6766138,-79.3179022,3,0,2,1750.0
1879000.0,1889000.0,1879000.0,HOUSE,HOUSE,The Beaches,43.6789526,-79.2951316,3,0,2,1300.0
1780000.0,1850000.0,1780000.0,HOUSE,HOUSE,Lawrence Park North,43.7323324,-79.4060954,3,0,2,1750.0
1730000.0,1399000.0,1730000.0,HOUSE,HOUSE,Greenwood Coxwell,43.6717275,-79.321291,3,0,4,1750.0
1767500.0,1829000.0,1767500.0,HOUSE,HOUSE,Wychwood,43.6784089,-79.427231,3,0,3,1300.0
1840000.0,1829000.0,1840000.0,HOUSE,HOUSE,Rosedale Moore Park,43.6934294,-79.3795097,4,0,3,1750.0
1958000.0,1699900.0,1958000.0,HOUSE,HOUSE,South Riverdale,43.6666757,-79.3306012,3,0,4,1750.0
1850000.0,1990000.0,1850000.0,HOUSE,HOUSE,The Beaches,43.670179,-79.2948899,3,0,4,1750.0
1920000.0,1899000.0,1920000.0,HOUSE,HOUSE,High Park Swansea,43.6384832,-79.4762711,5,2,5,2250.0
1770000.0,1889000.0,1770000.0,HOUSE,HOUSE,High Park North,43.6558286,-79.4694486,5,1,3,2250.0
1738000.0,1788000.0,1738000.0,HOUSE,HOUSE,Lawrence Park North,43.7330703,-79.3934581,3,0,2,1300.0
1975000.0,1999000.0,1975000.0,HOUSE,HOUSE,South Riverdale,43.6602607,-79.348747,4,1,5,2250.0
1750000.0,1548000.0,1750000.0,HOUSE,HOUSE,Mount Pleasant East,43.7016303,-79.3866789,3,1,3,1750.0
1710000.0,1399000.0,1710000.0,HOUSE,HOUSE,Greenwood Coxwell,43.6737716,-79.3215644,3,0,4,1750.0
1925000.0,1925000.0,1925000.0,HOUSE,HOUSE,Lawrence Park North,43.7317356,-79.4109677,5,0,4,2250.0
1740000.0,1799000.0,1740000.0,HOUSE,HOUSE,Woodbine Corridor,43.6702441,-79.3124267,3,1,4,2250.0
1825000.0,1499999.0,1825000.0,HOUSE,HOUSE,East End Danforth,43.6812062,-79.2977763,3,0,3,1750.0
1950000.0,1899999.0,1950000.0,HOUSE,HOUSE,The Beaches,43.679601,-79.284802,3,1,4,1750.0
1724000.0,1955000.0,1724000.0,HOUSE,HOUSE,Dovercourt Wallace Emerson Junction,43.6629336,-79.4544322,5,2,6,2750.0
1792000.0,1888000.0,1792000.0,HOUSE,HOUSE,Westminster Branson,43.7827451,-79.4556611,4,0,4,3250.0
1800000.0,1699000.0,1800000.0,HOUSE,HOUSE,Forest Hill North,43.7000929,-79.437656,3,0,4,1300.0
1890000.0,1775000.0,1890000.0,HOUSE,HOUSE,Corso Italia Davenport,43.6749708,-79.4408977,5,0,4,2750.0
1875000.0,1988000.0,1875000.0,HOUSE,HOUSE,Junction Area,43.6639507,-79.465462,4,0,4,2250.0
1850000.0,1799000.0,1850000.0,HOUSE,HOUSE,Lawrence Park North,43.7291907,-79.4062635,4,0,2,1300.0
1900000.0,1895000.0,1900000.0,HOUSE,HOUSE,Runnymede Bloor West Village,43.6544918,-79.4779652,5,1,3,2250.0
1750000.0,1549000.0,1750000.0,HOUSE,HOUSE,South Riverdale,43.6645334,-79.3484731,3,0,4,1750.0
1771000.0,1499000.0,1771000.0,HOUSE,HOUSE,East End Danforth,43.6818685,-79.3001221,4,0,2,1750.0
1770000.0,1795000.0,1770000.0,HOUSE,HOUSE,Lawrence Park North,43.7306067,-79.3931481,3,0,2,1750.0
1793000.0,1899000.0,1793000.0,HOUSE,HOUSE,Yonge Eglinton,43.7103131,-79.4032007,4,0,3,1750.0
1935000.0,1799000.0,1935000.0,HOUSE,HOUSE,Woodbine Corridor,43.6735083,-79.3146307,3,0,3,2250.0
1750000.0,1899000.0,1750000.0,HOUSE,HOUSE,High Park North,43.6542979,-79.470438,4,1,3,1750.0
1905000.0,1799000.0,1905000.0,HOUSE,HOUSE,Roncesvalles,43.6489038,-79.4493593,5,0,3,2750.0
1750000.0,1499000.0,1750000.0,HOUSE,HOUSE,High Park Swansea,43.6406912,-79.4760949,6,0,4,2250.0
1799000.0,1949900.0,1799000.0,HOUSE,HOUSE,The Beaches,43.670275,-79.2938745,3,1,3,1750.0
1945000.0,1949000.0,1945000.0,HOUSE,HOUSE,Lawrence Park North,43.7300769,-79.4066392,4,0,3,1750.0
1925000.0,2050000.0,1925000.0,HOUSE,HOUSE,High Park Swansea,43.6480852,-79.4828577,3,1,3,1750.0
1728000.0,1499900.0,1728000.0,HOUSE,HOUSE,The Beaches,43.6782327,-79.296457,3,0,2,1750.0
1800000.0,1849000.0,1800000.0,HOUSE,HOUSE,Danforth,43.6828423,-79.3321058,3,1,3,1300.0
1856000.0,1999000.0,1856000.0,HOUSE,HOUSE,Lawrence Park South,43.7038726,-79.415919,3,1,4,1750.0
1790000.0,1599000.0,1790000.0,HOUSE,HOUSE,High Park North,43.6600671,-79.476477,3,0,2,1300.0
1979000.0,1979000.0,1979000.0,HOUSE,HOUSE,High Park Swansea,43.648116,-79.4817028,3,1,4,1750.0
2000000.0,1898000.0,2000000.0,HOUSE,HOUSE,Runnymede Bloor West Village,43.6542907,-79.4851013,4,0,2,1750.0
1950030.0,2049000.0,1950030.0,HOUSE,HOUSE,High Park Swansea,43.6534456,-79.4532525,4,0,4,2250.0
1879000.0,1679000.0,1879000.0,HOUSE,HOUSE,Danforth,43.6827256,-79.3440014,3,1,3,1750.0
1710000.0,1788000.0,1710000.0,HOUSE,HOUSE,Lawrence Park North,43.7236254,-79.4121762,2,2,2,900.0
1850000.0,1748000.0,1850000.0,HOUSE,HOUSE,Runnymede Bloor West Village,43.6583037,-79.4832309,4,1,3,1750.0
1833000.0,1490000.0,1833000.0,HOUSE,HOUSE,High Park Swansea,43.6445198,-79.4517047,4,0,4,1750.0
1750000.0,1799900.0,1750000.0,HOUSE,HOUSE,Blake Jones,43.6777796,-79.3412673,4,0,3,1750.0
1775000.0,1800000.0,1775000.0,HOUSE,HOUSE,Edenbridge Humber Valley,43.6603477,-79.519807,3,1,3,1750.0
1855000.0,1899000.0,1855000.0,HOUSE,HOUSE,Corso Italia Davenport,43.675462,-79.4405828,4,1,3,1750.0
1970000.0,2038888.0,1970000.0,HOUSE,HOUSE,Lawrence Park North,43.7314376,-79.4124631,4,1,3,1750.0
1740000.0,1599000.0,1740000.0,HOUSE,HOUSE,Blake Jones,43.6789809,-79.3353902,3,0,2,1750.0
1805000.0,1669000.0,1805000.0,HOUSE,HOUSE,South Riverdale,43.6602788,-79.3472591,3,0,4,1750.0
1750000.0,1799000.0,1750000.0,HOUSE,HOUSE,Yonge St Clair,43.6857422,-79.3994193,4,0,4,2750.0
1875000.0,1729000.0,1875000.0,HOUSE,HOUSE,Playter Estates Danforth,43.6814553,-79.3611345,4,0,3,2250.0
1800000.0,1499000.0,1800000.0,HOUSE,HOUSE,Junction Area,43.6615648,-79.4666873,3,0,3,1300.0
1850000.0,1428000.0,1850000.0,HOUSE,HOUSE,Mount Pleasant East,43.7011211,-79.3773338,3,0,2,1750.0
1800000.0,2019000.0,1800000.0,HOUSE,HOUSE,Playter Estates Danforth,43.6798641,-79.348601,3,1,4,1750.0
1785000.0,1799000.0,1785000.0,HOUSE,HOUSE,Woodbine Corridor,43.6735048,-79.3137565,3,1,3,2250.0
1985000.0,1999000.0,1985000.0,HOUSE,HOUSE,The Beaches,43.6698597,-79.2947583,3,1,4,1750.0
1980000.0,2095000.0,1980000.0,HOUSE,HOUSE,Lawrence Park South,43.7178532,-79.3987259,3,1,3,1300.0
1800000.0,1598000.0,1800000.0,HOUSE,HOUSE,Roncesvalles,43.6440514,-79.4405824,5,0,2,2250.0
1995250.0,1779000.0,1995250.0,HOUSE,HOUSE,The Beaches,43.6716631,-79.2987445,4,0,2,1750.0
1835000.0,1489000.0,1835000.0,HOUSE,HOUSE,Greenwood Coxwell,43.6692005,-79.3208752,3,0,3,1750.0
1825000.0,1785000.0,1825000.0,HOUSE,HOUSE,Lawrence Park North,43.7317941,-79.4055909,3,1,2,1750.0
1753000.0,1798000.0,1753000.0,HOUSE,HOUSE,Parkwoods Donalda,43.7521475,-79.3214795,4,0,4,2250.0
1850000.0,1799900.0,1850000.0,HOUSE,HOUSE,Junction Area,43.6608894,-79.4792492,3,0,2,1300.0
1750000.0,1779000.0,1750000.0,HOUSE,HOUSE,Dufferin Grove,43.6547114,-79.4372289,3,2,3,1750.0
1764000.0,1749000.0,1764000.0,HOUSE,HOUSE,Corso Italia Davenport,43.6748859,-79.4384899,3,1,3,1750.0
1880000.0,1798000.0,1880000.0,HOUSE,HOUSE,High Park North,43.6534532,-79.4757373,5,0,2,2250.0
1920000.0,1995000.0,1920000.0,HOUSE,HOUSE,High Park Swansea,43.6473803,-79.452231,6,1,4,2750.0
1925000.0,1798000.0,1925000.0,HOUSE,HOUSE,High Park North,43.6582465,-79.474444,6,1,3,2750.0
1865000.0,1895000.0,1865000.0,HOUSE,HOUSE,East End Danforth,43.6810804,-79.2860337,3,1,3,1300.0
1715000.0,1649000.0,1715000.0,HOUSE,HOUSE,Blake Jones,43.674069,-79.3417435,3,1,4,1750.0
1808000.0,1990000.0,1808000.0,HOUSE,HOUSE,Danforth,43.6826101,-79.3446053,3,1,4,1750.0
1869000.0,1850000.0,1869000.0,HOUSE,HOUSE,Forest Hill North,43.7010575,-79.4356427,4,0,2,1750.0
1975000.0,1999000.0,1975000.0,HOUSE,HOUSE,Yonge-Eglinton,43.7055261,-79.40691280000001,3,1,3,1750.0
1738000.0,1649000.0,1738000.0,HOUSE,HOUSE,Lawrence Park North,43.7271274,-79.3950256,4,0,3,2250.0
1760000.0,1799000.0,1760000.0,HOUSE,HOUSE,The Beaches,43.6745645,-79.2956664,3,0,2,2750.0
1920000.0,1895000.0,1920000.0,HOUSE,HOUSE,Rosedale Moore Park,43.6917092,-79.3855604,3,0,3,1750.0
1850000.0,1899000.0,1850000.0,HOUSE,HOUSE,The Beaches,43.6730236,-79.3003207,3,1,4,2250.0
1830000.0,1870000.0,1830000.0,HOUSE,HOUSE,Runnymede Bloor West Village,43.6533241,-79.4836398,4,1,4,1750.0
1896000.0,1899000.0,1896000.0,HOUSE,HOUSE,Mount Pleasant East,43.7022072,-79.3858121,4,0,3,1750.0
2000000.0,2199000.0,2000000.0,HOUSE,HOUSE,The Beaches,43.6701215,-79.307056,5,1,4,2250.0
1744700.0,1849000.0,1744700.0,HOUSE,HOUSE,Forest Hill North,43.7006418,-79.4383063,3,1,2,1300.0
1850000.0,1949000.0,1850000.0,HOUSE,HOUSE,Playter Estates Danforth,43.6814827,-79.3590838,3,0,2,1300.0
1850000.0,1799000.0,1850000.0,HOUSE,HOUSE,Lawrence Park North,43.7272738,-79.4091633,3,1,3,1750.0
1715000.0,1799000.0,1715000.0,HOUSE,HOUSE,Palmerston Little Italy,43.6586476,-79.4232634,3,0,2,2250.0
1825000.0,1645000.0,1825000.0,HOUSE,HOUSE,Wychwood,43.6749944,-79.4210021,3,0,3,1750.0
1870000.0,1980000.0,1870000.0,HOUSE,HOUSE,The Beaches,43.6718802,-79.3075665,4,1,4,1750.0
2000000.0,1599999.0,2000000.0,HOUSE,HOUSE,The Beaches,43.6758816,-79.286699,4,1,3,1750.0
1750000.0,1799990.0,1750000.0,HOUSE,HOUSE,Junction Area,43.6630916,-79.4638434,3,1,4,1750.0
1950000.0,1898000.0,1950000.0,HOUSE,HOUSE,Runnymede-Bloor West Village,43.6558122,-79.4845414,3,1,3,1750.0
1865000.0,1899000.0,1865000.0,HOUSE,HOUSE,Dovercourt Wallace Emerson Junction,43.6677888,-79.425941,3,1,3,1750.0
1920000.0,1698000.0,1920000.0,HOUSE,HOUSE,High Park North,43.6532334,-79.4740147,4,1,3,2250.0
1717000.0,1795000.0,1717000.0,HOUSE,HOUSE,Lawrence Park South,43.7094958,-79.4162952,3,1,2,1300.0
1740000.0,1788000.0,1740000.0,HOUSE,HOUSE,Lawrence Park North,43.7336803,-79.4126422,3,0,2,1750.0
1715000.0,1789000.0,1715000.0,HOUSE,HOUSE,Lawrence Park North,43.7295266,-79.4065374,3,0,2,1750.0
1740000.0,1778000.0,1740000.0,HOUSE,HOUSE,Yonge Eglinton,43.7113268,-79.4074786,3,0,3,1300.0
1745000.0,1799000.0,1745000.0,HOUSE,HOUSE,Lawrence Park North,43.7313532,-79.3948511,3,1,2,1300.0
1800000.0,1789000.0,1800000.0,HOUSE,HOUSE,East End Danforth,43.6860163,-79.2960366,4,0,3,2250.0
1947500.0,1699000.0,1947500.0,HOUSE,HOUSE,Junction Area,43.6646885,-79.4745431,3,0,4,1300.0
1900000.0,1990000.0,1900000.0,HOUSE,HOUSE,Junction Area,43.6639269,-79.4800815,3,1,4,1300.0
1725000.0,1299000.0,1725000.0,HOUSE,HOUSE,Runnymede Bloor West Village,43.6558261,-79.4839332,5,0,2,1750.0
1750000.0,1795000.0,1750000.0,HOUSE,HOUSE,Junction Area,43.6615844,-79.4783809,4,1,2,1750.0
1889000.0,1998000.0,1889000.0,HOUSE,HOUSE,Waterfront Communities The Island,43.5980769,-79.50079149999999,3,1,4,2250.0
1800000.0,1499999.0,1800000.0,HOUSE,HOUSE,The Beaches,43.6747682,-79.2818269,3,1,2,1750.0
1777000.0,1899000.0,1777000.0,HOUSE,HOUSE,Dufferin Grove,43.6551748,-79.4385869,5,1,4,2250.0
1750000.0,1599999.0,1750000.0,HOUSE,HOUSE,South Riverdale,43.6655133,-79.3351648,3,0,3,1750.0
1900000.0,1988888.0,1900000.0,HOUSE,HOUSE,High Park Swansea,43.6501702,-79.4513497,5,0,4,2250.0
1765000.0,1850000.0,1765000.0,HOUSE,HOUSE,Lawrence Park North,43.7323713,-79.4111009,3,1,2,1750.0
1950000.0,1999000.0,1950000.0,HOUSE,HOUSE,Blake Jones,43.6749231,-79.3359632,3,0,4,1750.0
1920000.0,1950000.0,1920000.0,HOUSE,HOUSE,Lawrence Park North,43.7276095,-79.3924652,3,1,3,1750.0
1720000.0,1849900.0,1720000.0,HOUSE,HOUSE,Lawrence Park South,43.7169302,-79.4125855,4,1,3,1750.0
1740000.0,1598000.0,1740000.0,HOUSE,HOUSE,Runnymede Bloor West Village,43.6518469,-79.4835489,3,1,2,1750.0
1969000.0,1995000.0,1969000.0,HOUSE,HOUSE,Palmerston Little Italy,43.6612098,-79.4264019,3,0,4,1750.0
1800000.0,1499000.0,1800000.0,HOUSE,HOUSE,High Park Swansea,43.6537372,-79.4542747,3,1,2,1300.0
1946122.0,1699999.0,1946122.0,HOUSE,HOUSE,Dovercourt Wallace Emerson Junction,43.6620809,-79.4480937,4,1,3,2250.0
1935000.0,2099000.0,1935000.0,HOUSE,HOUSE,Mount Pleasant East,43.7141886,-79.3890793,2,1,2,1750.0
1975000.0,1849000.0,1975000.0,HOUSE,HOUSE,Greenwood Coxwell,43.6694282,-79.3209237,4,1,4,2250.0
1885000.0,1948000.0,1885000.0,HOUSE,HOUSE,High Park Swansea,43.6456731,-79.4770793,3,0,4,2250.0
1901000.0,1698000.0,1901000.0,HOUSE,HOUSE,High Park North,43.6585848,-79.4740684,3,0,2,1300.0
1707038.0,1449000.0,1707038.0,HOUSE,HOUSE,Woodbine Corridor,43.6808526,-79.3180434,3,1,2,1750.0
1702000.0,1599000.0,1702000.0,HOUSE,HOUSE,Runnymede Bloor West Village,43.6587993,-79.482319,3,2,3,1750.0
1765000.0,1799000.0,1765000.0,HOUSE,HOUSE,High Park North,43.6587906,-79.4660404,4,2,3,2250.0
1800000.0,1499000.0,1800000.0,HOUSE,HOUSE,Junction Area,43.6630134,-79.4678647,4,0,3,2250.0
1801000.0,1499000.0,1801000.0,HOUSE,HOUSE,Runnymede Bloor West Village,43.6513874,-79.4833655,3,1,2,1750.0
1855000.0,1789000.0,1855000.0,HOUSE,HOUSE,Woodbine Corridor,43.6774877,-79.3166787,3,0,3,1300.0
1915000.0,1910000.0,1915000.0,HOUSE,HOUSE,Roncesvalles,43.6403586,-79.4449387,4,0,3,2250.0
2000000.0,1999000.0,2000000.0,HOUSE,HOUSE,High Park-Swansea,43.6548253,-79.388447,5,0,3,3250.0
1752000.0,1489000.0,1752000.0,HOUSE,HOUSE,Woodbine Corridor,43.6734341,-79.3159862,5,1,3,1750.0
1880000.0,1899000.0,1880000.0,HOUSE,HOUSE,Dovercourt Wallace Emerson Junction,43.6705054,-79.4233512,3,0,4,1750.0
1731622.0,1499000.0,1731622.0,HOUSE,HOUSE,Roncesvalles,43.6458535,-79.4411502,3,1,2,1750.0
1750000.0,1799000.0,1750000.0,HOUSE,HOUSE,Lawrence Park North,43.7279634,-79.4059085,3,0,4,1750.0
1920000.0,1695000.0,1920000.0,HOUSE,HOUSE,Lawrence Park North,43.7296658,-79.4059051,3,1,2,1300.0
1851000.0,1595000.0,1851000.0,HOUSE,HOUSE,Little Portugal,43.644239,-79.4237844,3,0,2,1750.0
1755000.0,1499000.0,1755000.0,HOUSE,HOUSE,The Beaches,43.6765893,-79.3017358,3,1,3,2250.0
2000000.0,2299900.0,2000000.0,HOUSE,HOUSE,South Riverdale,43.6650668,-79.33585,5,1,3,2250.0
1825000.0,2400000.0,1825000.0,HOUSE,HOUSE,Trinity Bellwoods,43.6494148,-79.4064797,4,0,2,1750.0
1735000.0,1799000.0,1735000.0,HOUSE,HOUSE,South Riverdale,43.6633287,-79.3347322,3,0,2,1750.0
1730000.0,1899900.0,1730000.0,HOUSE,HOUSE,Woodbine Corridor,43.6838867,-79.3148393,3,0,4,1750.0
1799900.0,1799900.0,1799900.0,HOUSE,HOUSE,Lawrence Park North,43.7314416,-79.415334,3,1,2,1750.0
1780000.0,1499000.0,1780000.0,HOUSE,HOUSE,Blake Jones,43.6766646,-79.3362346,3,0,3,1750.0
1950000.0,2095000.0,1950000.0,HOUSE,HOUSE,Mount Pleasant West,43.7027412,-79.395232,3,1,2,1300.0
1837205.0,1789000.0,1837205.0,HOUSE,HOUSE,Lawrence Park North,43.7274513,-79.4104377,3,0,4,1750.0
1850000.0,1799000.0,1850000.0,HOUSE,HOUSE,Yonge Eglinton,43.7035091,-79.4004715,4,1,3,1750.0
1837500.0,1950000.0,1837500.0,HOUSE,HOUSE,Annex,43.6679373,-79.4177677,3,0,3,1750.0
1971000.0,2095000.0,1971000.0,HOUSE,HOUSE,Lambton Baby Point,43.6513427,-79.4879277,3,1,2,1300.0
1810000.0,1878000.0,1810000.0,HOUSE,HOUSE,Newtonbrook East,43.79880379999999,-79.4003593,5,1,4,2250.0
1899000.0,1899000.0,1899000.0,HOUSE,HOUSE,High Park Swansea,43.6485166,-79.4542318,6,0,4,2250.0
1845000.0,1998000.0,1845000.0,HOUSE,HOUSE,Lawrence Park South,43.7059341,-79.4158844,4,1,3,1750.0
1725000.0,1389000.0,1725000.0,HOUSE,HOUSE,Woodbine Corridor,43.6728646,-79.316273,5,0,2,1750.0
1800000.0,1698000.0,1800000.0,HOUSE,HOUSE,Lawrence Park North,43.7247054,-79.4130206,3,1,2,1300.0
1800000.0,1849900.0,1800000.0,HOUSE,HOUSE,High Park Swansea,43.6418148,-79.4511411,6,0,2,1750.0
1915111.0,1987000.0,1915111.0,HOUSE,HOUSE,Trinity Bellwoods,43.653405,-79.4237784,3,4,6,2250.0
1765000.0,1798000.0,1765000.0,HOUSE,HOUSE,Blake Jones,43.6777552,-79.3441526,5,2,4,2250.0
1782000.0,1799000.0,1782000.0,HOUSE,HOUSE,Yonge Eglinton,43.7116458,-79.4076778,3,1,3,1750.0
1930000.0,2085000.0,1930000.0,HOUSE,HOUSE,Banbury Don Mills,43.7403582,-79.340779,4,0,4,2750.0
1900000.0,1998000.0,1900000.0,HOUSE,HOUSE,Junction Area,43.6620857,-79.4634227,5,2,4,2250.0
1780000.0,1888000.0,1780000.0,HOUSE,HOUSE,Forest Hill North,43.7020789,-79.4379018,4,1,5,2250.0
1985000.0,2179000.0,1985000.0,HOUSE,HOUSE,Wychwood,43.6806885,-79.4202135,3,1,4,1750.0
1952000.0,2095000.0,1952000.0,HOUSE,HOUSE,Annex,43.6728084,-79.4129695,4,0,4,2250.0
1857500.0,1949000.0,1857500.0,HOUSE,HOUSE,South Riverdale,43.6724285,-79.333404,4,1,4,1750.0
1750000.0,1850000.0,1750000.0,HOUSE,HOUSE,Woodbine Corridor,43.6773836,-79.3148761,4,1,4,2250.0
1815000.0,1998000.0,1815000.0,HOUSE,HOUSE,Mount Pleasant East,43.705732,-79.3853782,3,1,4,1300.0
1828000.0,1895000.0,1828000.0,HOUSE,HOUSE,Lawrence Park South,43.7183862,-79.4111079,4,0,3,1750.0
1900000.0,1999900.0,1900000.0,HOUSE,HOUSE,Banbury Don Mills,43.7499284,-79.3695056,2,0,2,2250.0
1740000.0,1750000.0,1740000.0,HOUSE,HOUSE,Dovercourt Wallace Emerson Junction,43.6616751,-79.4323759,3,1,3,1300.0
1775000.0,1895000.0,1775000.0,HOUSE,HOUSE,Roncesvalles,43.6406569,-79.4454604,2,1,3,2250.0
1825000.0,1850000.0,1825000.0,HOUSE,HOUSE,High Park Swansea,43.6530087,-79.4534702,4,1,4,2250.0
1850000.0,1999000.0,1850000.0,HOUSE,HOUSE,South Parkdale,43.6360649,-79.4372322,6,1,5,3250.0
1875000.0,1899999.0,1875000.0,HOUSE,HOUSE,The Beaches,43.6745204,-79.2894042,4,1,3,2250.0
1725000.0,1900000.0,1725000.0,HOUSE,HOUSE,North Riverdale,43.6746026,-79.3545379,2,0,2,1750.0
1800000.0,1850000.0,1800000.0,HOUSE,HOUSE,South Riverdale,43.6722084,-79.3326333,3,1,5,1750.0
1740000.0,1780000.0,1740000.0,HOUSE,HOUSE,Forest Hill North,43.7029312,-79.4343307,3,0,3,1750.0
1772000.0,1499000.0,1772000.0,HOUSE,HOUSE,Mount Pleasant West,43.7020076,-79.3945104,3,0,2,1300.0
1875000.0,1000000.0,1875000.0,HOUSE,HOUSE,Yonge Eglinton,43.7053103,-79.4005953,3,0,2,1300.0
1925000.0,1999000.0,1925000.0,HOUSE,HOUSE,Mount Pleasant East,43.716133,-79.3985866,3,0,4,1750.0
1900000.0,1995000.0,1900000.0,HOUSE,HOUSE,Lawrence Park South,43.7127917,-79.404985,3,0,3,1750.0
1940000.0,1999999.0,1940000.0,HOUSE,HOUSE,Mount Pleasant East,43.7019931,-79.3781206,1,0,3,1300.0
1900000.0,1988888.0,1900000.0,HOUSE,HOUSE,South Riverdale,43.6654037,-79.3370709,4,0,4,1300.0
1825000.0,1825000.0,1825000.0,HOUSE,HOUSE,High Park North,43.6577104,-79.4768536,3,0,3,1300.0
1950000.0,1999900.0,1950000.0,HOUSE,HOUSE,The Beaches,43.6708034,-79.3044425,4,1,4,2250.0
1795000.0,1875000.0,1795000.0,HOUSE,HOUSE,Roncesvalles,43.6459966,-79.4469737,4,2,4,1750.0
1758000.0,1575000.0,1758000.0,HOUSE,HOUSE,Wychwood,43.6784266,-79.4242012,3,1,3,1750.0
1770000.0,1575000.0,1770000.0,HOUSE,HOUSE,Corso Italia Davenport,43.674757,-79.4356996,4,0,3,2750.0
1850000.0,1948000.0,1850000.0,HOUSE,HOUSE,Weston Pellam Park,43.675414,-79.4607576,4,2,5,2750.0
1785000.0,1798888.0,1785000.0,HOUSE,HOUSE,Yonge Eglinton,43.7031157,-79.4010803,4,0,2,1750.0
1720000.0,1739000.0,1720000.0,HOUSE,HOUSE,East End Danforth,43.6815277,-79.3067851,3,1,3,1750.0
2000000.0,2295000.0,2000000.0,HOUSE,HOUSE,Yonge Eglinton,43.699802,-79.4042302,4,1,4,2250.0
1751000.0,1798000.0,1751000.0,HOUSE,HOUSE,High Park North,43.6595137,-79.4663365,5,1,3,2250.0
1750000.0,1795000.0,1750000.0,HOUSE,HOUSE,Wychwood,43.6783724,-79.4176168,4,2,2,1750.0
1920000.0,1699900.0,1920000.0,HOUSE,HOUSE,Woodbine Corridor,43.6782809,-79.3133577,3,0,4,1750.0
2000000.0,1998000.0,2000000.0,HOUSE,HOUSE,High Park Swansea,43.6511527,-79.4703682,3,0,2,2250.0
1710000.0,1695000.0,1710000.0,HOUSE,HOUSE,Corso Italia Davenport,43.6761118,-79.4414191,6,1,4,2750.0
1750000.0,1795000.0,1750000.0,HOUSE,HOUSE,Yonge Eglinton,43.7053279,-79.4082722,5,0,3,2750.0
1800000.0,1799000.0,1800000.0,HOUSE,HOUSE,Lawrence Park South,43.7074498,-79.4135485,3,1,2,1300.0
2150000.0,2249000.0,2150000.0,HOUSE,HOUSE,Forest Hill North,43.7040952,-79.4183869,3,1,4,3250.0
2350000.0,2399000.0,2350000.0,HOUSE,HOUSE,Forest Hill North,43.7044499,-79.4190939,3,1,4,2750.0
2150000.0,2199000.0,2150000.0,HOUSE,HOUSE,Mount Pleasant East,43.7142494,-79.3951864,3,1,3,2250.0
2278000.0,1999888.0,2278000.0,HOUSE,HOUSE,Lawrence Park South,43.718041,-79.4097942,6,0,3,2750.0
2060000.0,1990000.0,2060000.0,HOUSE,HOUSE,Greenwood Coxwell,43.6724219,-79.327112,4,0,5,2250.0
2330000.0,2398000.0,2330000.0,HOUSE,HOUSE,Mount Pleasant East,43.7107261,-79.3880546,3,1,4,1750.0
2170000.0,2195000.0,2170000.0,HOUSE,HOUSE,Forest Hill South,43.7013127,-79.4120248,4,0,3,2250.0
2230000.0,2450000.0,2230000.0,HOUSE,HOUSE,Lawrence Park North,43.7353458,-79.4068795,3,1,3,1750.0
2259000.0,2295000.0,2259000.0,HOUSE,HOUSE,Forest Hill North,43.7029867,-79.4365651,3,1,3,1750.0
2265000.0,2199000.0,2265000.0,HOUSE,HOUSE,High Park Swansea,43.6429362,-79.45255,4,1,4,1750.0
2450000.0,2495000.0,2450000.0,HOUSE,HOUSE,Lawrence Park North,43.7327585,-79.3969508,3,1,4,1750.0
2200000.0,2299000.0,2200000.0,HOUSE,HOUSE,Corso Italia Davenport,43.675025,-79.4476397,3,0,4,1750.0
2250000.0,2295000.0,2250000.0,HOUSE,HOUSE,Forest Hill North,43.7013501,-79.4355327,3,1,4,2250.0
2250000.0,2295000.0,2250000.0,HOUSE,HOUSE,Yonge Eglinton,43.7002614,-79.4052352,4,0,2,1750.0
2115555.0,1699000.0,2115555.0,HOUSE,HOUSE,South Riverdale,43.6691875,-79.3325324,3,1,4,1750.0
2200000.0,1999000.0,2200000.0,HOUSE,HOUSE,Mount Pleasant West,43.7021731,-79.39588289999999,3,1,5,2250.0
2170000.0,2269000.0,2170000.0,HOUSE,HOUSE,Roncesvalles,43.6431452,-79.4470609,5,0,3,2250.0
2300000.0,2395000.0,2300000.0,HOUSE,HOUSE,Lawrence Park South,43.7217637,-79.4068309,4,0,3,1750.0
2290001.0,2099900.0,2290001.0,HOUSE,HOUSE,High Park Swansea,43.6522827,-79.4537622,3,1,5,1750.0
2200000.0,2149000.0,2200000.0,HOUSE,HOUSE,High Park Swansea,43.6475163,-79.4817778,3,1,2,1750.0
2150000.0,1849000.0,2150000.0,HOUSE,HOUSE,Runnymede Bloor West Village,43.6527386,-79.4802457,4,0,2,1300.0
2305000.0,2199000.0,2305000.0,HOUSE,HOUSE,High Park North,43.6599432,-79.472277,4,0,3,2250.0
2250000.0,1799000.0,2250000.0,HOUSE,HOUSE,North Riverdale,43.672927,-79.3501571,4,0,2,1750.0
2390000.0,2549000.0,2390000.0,HOUSE,HOUSE,Lawrence Park South,43.7182475,-79.4025349,4,1,2,1750.0
2100000.0,2175000.0,2100000.0,HOUSE,HOUSE,Lawrence Park South,43.7218308,-79.4043773,2,1,3,2250.0
2285000.0,2295000.0,2285000.0,HOUSE,HOUSE,Forest Hill North,43.7002409,-79.4328002,3,1,4,1750.0
2315000.0,2589000.0,2315000.0,HOUSE,HOUSE,Rosedale Moore Park,43.6893875,-79.3709497,5,1,5,2250.0
2150000.0,2190000.0,2150000.0,HOUSE,HOUSE,Forest Hill North,43.7001471,-79.4327666,4,1,4,2250.0
2250000.0,2299000.0,2250000.0,HOUSE,HOUSE,Dovercourt Wallace Emerson Junction,43.6626002,-79.4308092,4,1,5,3250.0
2200000.0,2389000.0,2200000.0,HOUSE,HOUSE,Yonge Eglinton,43.69787,-79.400824,3,1,4,1750.0
2100000.0,2299000.0,2100000.0,HOUSE,HOUSE,Casa Loma,43.68125,-79.4165754,5,1,5,1750.0
2360000.0,1999000.0,2360000.0,HOUSE,HOUSE,Mount Pleasant East,43.7012261,-79.3765175,4,1,4,2250.0
2240000.0,1999000.0,2240000.0,HOUSE,HOUSE,Rosedale Moore Park,43.6916388,-79.3847327,3,1,4,1750.0
2350000.0,2349000.0,2350000.0,HOUSE,HOUSE,Lawrence Park North,43.7255763,-79.410724,3,1,4,1750.0
2019600.0,1998000.0,2019600.0,HOUSE,HOUSE,Annex,43.6733019,-79.3969816,4,0,3,2250.0
2152000.0,2200000.0,2152000.0,HOUSE,HOUSE,Trinity Bellwoods,43.6517164,-79.4141056,4,3,5,1750.0
2425000.0,2595000.0,2425000.0,HOUSE,HOUSE,Rosedale Moore Park,43.6939764,-79.3809248,3,0,4,1750.0
2325000.0,2200000.0,2325000.0,HOUSE,HOUSE,High Park Swansea,43.6412017,-79.4821187,3,1,3,2250.0
2450000.0,2699000.0,2450000.0,HOUSE,HOUSE,High Park North,43.6580484,-79.4566115,8,0,5,3250.0
2400000.0,2499900.0,2400000.0,HOUSE,HOUSE,The Beaches,43.6741525,-79.2822475,4,1,4,2250.0
2245000.0,2295000.0,2245000.0,HOUSE,HOUSE,Mount Pleasant East,43.7035319,-79.3817469,4,1,4,1750.0
2275000.0,2375000.0,2275000.0,HOUSE,HOUSE,High Park Swansea,43.6471946,-79.472738,4,0,2,1750.0
2350000.0,2349000.0,2350000.0,HOUSE,HOUSE,Lawrence Park North,43.7291728,-79.3963332,3,1,4,2250.0
2365000.0,2098000.0,2365000.0,HOUSE,HOUSE,High Park Swansea,43.6472961,-79.485737,3,1,3,1750.0
2250000.0,2300000.0,2250000.0,HOUSE,HOUSE,Roncesvalles,43.6477317,-79.4479051,4,0,4,2750.0
2136000.0,2238000.0,2136000.0,HOUSE,HOUSE,High Park Swansea,43.6496499,-79.4800438,4,0,4,2250.0
2435000.0,2295000.0,2435000.0,HOUSE,HOUSE,The Beaches,43.6733956,-79.2964505,5,0,3,1750.0
2031000.0,1799000.0,2031000.0,HOUSE,HOUSE,Lawrence Park North,43.727624,-79.3945132,3,0,2,1300.0
2200000.0,1759000.0,2200000.0,HOUSE,HOUSE,South Riverdale,43.6633939,-79.3485199,4,1,4,1750.0
2450000.0,2495000.0,2450000.0,HOUSE,HOUSE,Lawrence Park North,43.7250661,-79.4131161,3,1,4,1750.0
2350000.0,2350000.0,2350000.0,HOUSE,HOUSE,Mount Pleasant West,43.6997317,-79.3958018,3,1,3,2250.0
2400000.0,2350000.0,2400000.0,HOUSE,HOUSE,Forest Hill North,43.7047112,-79.4185401,3,2,4,2250.0
2250000.0,2198000.0,2250000.0,HOUSE,HOUSE,The Beaches,43.6738793,-79.2890619,4,1,4,2250.0
2068000.0,1875000.0,2068000.0,HOUSE,HOUSE,North Riverdale,43.6689331,-79.3515488,3,2,3,1750.0
2313001.0,2298000.0,2313001.0,HOUSE,HOUSE,High Park Swansea,43.6423881,-79.4538578,5,1,2,2250.0
2060000.0,1699000.0,2060000.0,HOUSE,HOUSE,High Park Swansea,43.6461601,-79.4785283,3,1,4,2250.0
2350000.0,2549000.0,2350000.0,HOUSE,HOUSE,Lawrence Park South,43.7167617,-79.4155301,4,0,3,2250.0
2400000.0,1995000.0,2400000.0,HOUSE,HOUSE,Roncesvalles,43.6512548,-79.4474398,6,0,3,2250.0
2150000.0,2349000.0,2150000.0,HOUSE,HOUSE,Lawrence Park South,43.7228156,-79.3962329,3,0,3,2250.0
2042500.0,2279000.0,2042500.0,HOUSE,HOUSE,The Beaches,43.6721874,-79.2839692,5,0,3,3250.0
2015000.0,1699000.0,2015000.0,HOUSE,HOUSE,South Riverdale,43.6606969,-79.3360372,3,1,3,1300.0
2150000.0,2150000.0,2150000.0,HOUSE,HOUSE,Lawrence Park North,43.7321087,-79.4000339,3,1,3,1750.0
2455000.0,2369000.0,2455000.0,HOUSE,HOUSE,Lawrence Park South,43.7063343,-79.4154435,3,1,4,2250.0
2500000.0,2450000.0,2500000.0,HOUSE,HOUSE,Yonge Eglinton,43.7028172,-79.4101737,3,0,4,1750.0
2020000.0,2049000.0,2020000.0,HOUSE,HOUSE,Runnymede Bloor West Village,43.657008,-79.4831679,4,0,4,1750.0
2085000.0,2179000.0,2085000.0,HOUSE,HOUSE,The Beaches,43.671266,-79.2995724,4,0,3,2250.0
2200000.0,1950000.0,2200000.0,HOUSE,HOUSE,Lawrence Park South,43.7190356,-79.406345,3,0,2,1750.0
2280000.0,2299000.0,2280000.0,HOUSE,HOUSE,East End Danforth,43.6807165,-79.2963072,4,3,3,2250.0
2335000.0,2179000.0,2335000.0,HOUSE,HOUSE,The Beaches,43.6776412,-79.2966797,3,1,4,1750.0
2070000.0,1999000.0,2070000.0,HOUSE,HOUSE,Lawrence Park South,43.7176194,-79.409113,4,0,3,2250.0
2100000.0,2295000.0,2100000.0,HOUSE,HOUSE,Trinity Bellwoods,43.6543627,-79.4098013,3,1,3,1300.0
2146000.0,2299000.0,2146000.0,HOUSE,HOUSE,Rosedale Moore Park,43.6915269,-79.3862612,3,1,3,1750.0
2150000.0,1999000.0,2150000.0,HOUSE,HOUSE,The Beaches,43.6700464,-79.3073963,4,1,3,2250.0
2400011.0,1899000.0,2400011.0,HOUSE,HOUSE,Roncesvalles,43.6495075,-79.4450693,3,0,3,1750.0
2490000.0,2515800.0,2490000.0,HOUSE,HOUSE,Greenwood Coxwell,43.6677154,-79.3180296,3,1,4,1750.0
2326000.0,2195000.0,2326000.0,HOUSE,HOUSE,Casa Loma,43.6795518,-79.4138166,5,0,5,4250.0
2175000.0,1999000.0,2175000.0,HOUSE,HOUSE,North Riverdale,43.6740579,-79.3517382,5,1,2,2250.0
2300000.0,2398000.0,2300000.0,HOUSE,HOUSE,Playter Estates Danforth,43.6807562,-79.356841,4,1,3,2250.0
2230000.0,1999999.0,2230000.0,HOUSE,HOUSE,The Beaches,43.671553,-79.290599,3,1,4,1750.0
2300000.0,1999000.0,2300000.0,HOUSE,HOUSE,The Beaches,43.676728,-79.2973161,4,0,4,1750.0
2160000.0,1999900.0,2160000.0,HOUSE,HOUSE,Mount Pleasant East,43.7028945,-79.3826816,3,1,4,1750.0
2150000.0,2175000.0,2150000.0,HOUSE,HOUSE,Rosedale Moore Park,43.6912938,-79.3780872,3,0,2,1300.0
2200000.0,2339000.0,2200000.0,HOUSE,HOUSE,Playter Estates Danforth,43.680257,-79.3478069,4,0,3,1750.0
2318000.0,2499000.0,2318000.0,HOUSE,HOUSE,Forest Hill North,43.7055881,-79.4351059,4,1,4,2250.0
2127000.0,2198000.0,2127000.0,HOUSE,HOUSE,Casa Loma,43.6802701,-79.4155301,3,1,3,1750.0
2400000.0,1950000.0,2400000.0,HOUSE,HOUSE,Junction Area,43.663759,-79.4757184,4,1,4,1750.0
2375000.0,2439900.0,2375000.0,HOUSE,HOUSE,Lawrence Park North,43.731581,-79.4097142,4,1,4,1750.0
2325000.0,1999000.0,2325000.0,HOUSE,HOUSE,Lawrence Park North,43.7276283,-79.3961847,4,1,3,2250.0
2100000.0,1889000.0,2100000.0,HOUSE,HOUSE,Runnymede Bloor West Village,43.6554699,-79.4813479,4,0,2,1750.0
2377000.0,2189000.0,2377000.0,HOUSE,HOUSE,Trinity Bellwoods,43.6465254,-79.422667,4,1,4,2250.0
2350000.0,2398988.0,2350000.0,HOUSE,HOUSE,St Andrew Windfields,43.7548029,-79.3683195,4,1,4,2750.0
2420000.0,2500000.0,2420000.0,HOUSE,HOUSE,Yonge Eglinton,43.7028758,-79.40357,3,0,3,1750.0
2275000.0,2398800.0,2275000.0,HOUSE,HOUSE,Lawrence Park North,43.7282158,-79.4089307,3,1,4,1750.0
2365000.0,2099000.0,2365000.0,HOUSE,HOUSE,High Park North,43.6564862,-79.4768639,4,0,3,1750.0
2011000.0,1998000.0,2011000.0,HOUSE,HOUSE,Runnymede Bloor West Village,43.6544618,-79.484516,4,0,2,1750.0
2375000.0,2179000.0,2375000.0,HOUSE,HOUSE,The Beaches,43.6694072,-79.2957842,3,0,3,2250.0
2275000.0,2395000.0,2275000.0,HOUSE,HOUSE,Forest Hill South,43.7007473,-79.4105737,5,1,5,2750.0
2360000.0,2299000.0,2360000.0,HOUSE,HOUSE,The Beaches,43.6739119,-79.2967432,5,2,3,2250.0
2170000.0,2298000.0,2170000.0,HOUSE,HOUSE,Lawrence Park South,43.7240917,-79.4040118,3,0,2,1300.0
2195000.0,2300000.0,2195000.0,HOUSE,HOUSE,Forest Hill North,43.7033729,-79.4181462,4,1,4,1750.0
2310000.0,1998000.0,2310000.0,HOUSE,HOUSE,High Park North,43.6576373,-79.477331,4,1,3,2250.0
2252323.0,1999900.0,2252323.0,HOUSE,HOUSE,Little Portugal,43.6453862,-79.4265772,4,1,4,2750.0
2150000.0,1987000.0,2150000.0,HOUSE,HOUSE,Runnymede Bloor West Village,43.6513604,-79.4839136,4,0,3,1750.0
2180000.0,1799800.0,2180000.0,HOUSE,HOUSE,Greenwood Coxwell,43.670449,-79.3225115,3,0,3,1750.0
2200000.0,1998000.0,2200000.0,HOUSE,HOUSE,Dovercourt Wallace Emerson Junction,43.6672285,-79.430655,4,0,5,1750.0
2500000.0,2185000.0,2500000.0,HOUSE,HOUSE,High Park Swansea,43.6521149,-79.4544422,5,1,4,2250.0
2076350.0,1798000.0,2076350.0,HOUSE,HOUSE,Runnymede Bloor West Village,43.6542554,-79.4793767,4,0,3,1750.0
2500000.0,2499000.0,2500000.0,HOUSE,HOUSE,High Park Swansea,43.6469564,-79.453936,6,0,4,2250.0
2085000.0,1849000.0,2085000.0,HOUSE,HOUSE,Roncesvalles,43.6476964,-79.4459499,5,0,3,1750.0
2435000.0,1799000.0,2435000.0,HOUSE,HOUSE,Lawrence Park North,43.7322048,-79.4087555,4,1,4,2250.0
2350000.0,1999999.0,2350000.0,HOUSE,HOUSE,The Beaches,43.6772031,-79.2859884,4,0,5,2250.0
2260000.0,2298000.0,2260000.0,HOUSE,HOUSE,Lawrence Park North,43.72375,-79.4114364,3,1,4,2250.0
2080000.0,2248000.0,2080000.0,HOUSE,HOUSE,Lawrence Park North,43.731383,-79.415757,3,1,4,2250.0
2175000.0,2199000.0,2175000.0,HOUSE,HOUSE,The Beaches,43.6739041,-79.2858863,4,1,4,2750.0
2321000.0,1999999.0,2321000.0,HOUSE,HOUSE,The Beaches,43.6772988,-79.2964092,3,2,3,1750.0
2136250.0,2299000.0,2136250.0,HOUSE,HOUSE,Mount Pleasant East,43.6993672,-79.381734,4,2,5,2250.0
2100000.0,2289000.0,2100000.0,HOUSE,HOUSE,Greenwood Coxwell,43.6628011,-79.3265747,4,1,5,1750.0
2260000.0,2299000.0,2260000.0,HOUSE,HOUSE,Danforth,43.6817532,-79.3429269,4,1,4,2250.0
2069155.0,2189000.0,2069155.0,HOUSE,HOUSE,High Park North,43.6567757,-79.4722525,4,1,3,1750.0
2265000.0,1900000.0,2265000.0,HOUSE,HOUSE,Lawrence Park South,43.7089431,-79.4165683,4,1,4,2250.0
2400000.0,2499000.0,2400000.0,HOUSE,HOUSE,Roncesvalles,43.647702,-79.44203859999999,4,0,4,1750.0
2042000.0,1999000.0,2042000.0,HOUSE,HOUSE,Junction Area,43.6642882,-79.4783776,4,0,3,2750.0
2318000.0,2399000.0,2318000.0,HOUSE,HOUSE,Forest Hill North,43.7014312,-79.4333162,4,0,4,2250.0
2125000.0,2125000.0,2125000.0,HOUSE,HOUSE,Lawrence Park South,43.7094273,-79.4166782,3,1,3,1750.0
2500000.0,2699900.0,2500000.0,HOUSE,HOUSE,Lawrence Park South,43.7201683,-79.4004221,4,1,4,2250.0
2230000.0,2299000.0,2230000.0,HOUSE,HOUSE,Yonge Eglinton,43.7012888,-79.409493,3,2,4,2250.0
2250000.0,1899000.0,2250000.0,HOUSE,HOUSE,High Park Swansea,43.6374455,-79.4757205,3,1,4,2250.0
2300000.0,2300000.0,2300000.0,HOUSE,HOUSE,North Riverdale,43.6681883,-79.3467616,3,0,4,2250.0
2130000.0,1899000.0,2130000.0,HOUSE,HOUSE,Roncesvalles,43.6486934,-79.4476455,5,1,3,2250.0
2180000.0,2398000.0,2180000.0,HOUSE,HOUSE,Lawrence Park North,43.7286986,-79.4086369,4,2,4,2250.0
2138000.0,2295000.0,2138000.0,HOUSE,HOUSE,East End Danforth,43.6801099,-79.3090126,4,2,6,2750.0
2450000.0,2550000.0,2450000.0,HOUSE,HOUSE,Yonge St Clair,43.692397,-79.3988655,3,0,3,1750.0
2210000.0,2295000.0,2210000.0,HOUSE,HOUSE,High Park Swansea,43.6420836,-79.470938,4,2,3,1750.0
2111000.0,1999000.0,2111000.0,HOUSE,HOUSE,Mount Pleasant West,43.7014034,-79.3946149,3,1,3,1300.0
2400000.0,2199999.0,2400000.0,HOUSE,HOUSE,The Beaches,43.6751351,-79.2857983,4,0,3,2250.0
2090000.0,2100000.0,2090000.0,HOUSE,HOUSE,Lawrence Park North,43.7306005,-79.391341,3,1,4,1750.0
2201000.0,1949000.0,2201000.0,HOUSE,HOUSE,Yonge Eglinton,43.7108996,-79.4075936,3,0,3,1750.0
2170000.0,2399000.0,2170000.0,HOUSE,HOUSE,Forest Hill North,43.6997831,-79.4346421,3,0,4,2250.0
2450000.0,2749000.0,2450000.0,HOUSE,HOUSE,Playter Estates Danforth,43.6771458,-79.3563685,4,1,4,2750.0
2090000.0,1995000.0,2090000.0,HOUSE,HOUSE,Rosedale Moore Park,43.6899082,-79.3712568,3,0,3,1750.0
2450000.0,2595000.0,2450000.0,HOUSE,HOUSE,Lawrence Park South,43.7064123,-79.4160419,3,1,4,2250.0
2300000.0,1998000.0,2300000.0,HOUSE,HOUSE,Runnymede Bloor West Village,43.654042,-79.4792762,7,2,4,2250.0
2285000.0,2449000.0,2285000.0,HOUSE,HOUSE,High Park Swansea,43.6468433,-79.4502125,5,1,3,2250.0
2159000.0,2249000.0,2159000.0,HOUSE,HOUSE,Forest Hill North,43.707393,-79.4170881,3,1,4,1750.0
2350000.0,2499000.0,2350000.0,HOUSE,HOUSE,Roncesvalles,43.6418358,-79.4395151,3,0,3,2250.0
2300000.0,1979000.0,2300000.0,HOUSE,HOUSE,Corso Italia Davenport,43.6778889,-79.4403862,4,1,5,2750.0
2290000.0,2349000.0,2290000.0,HOUSE,HOUSE,Forest Hill North,43.7095869,-79.4180876,5,1,4,1750.0
2150000.0,2095000.0,2150000.0,HOUSE,HOUSE,Lawrence Park North,43.7290768,-79.4018246,4,0,3,1750.0
2200000.0,1848000.0,2200000.0,HOUSE,HOUSE,High Park North,43.6535287,-79.4737369,4,0,2,2250.0
2111226.0,1799000.0,2111226.0,HOUSE,HOUSE,The Beaches,43.6733847,-79.2946889,4,0,2,1750.0
2095000.0,2095000.0,2095000.0,HOUSE,HOUSE,Lawrence Park North,43.7278949,-79.3968129,3,1,3,1750.0
2360000.0,2195000.0,2360000.0,HOUSE,HOUSE,Mount Pleasant West,43.7033034,-79.3926775,4,1,4,1750.0
2220000.0,2339000.0,2220000.0,HOUSE,HOUSE,Lawrence Park North,43.7286688,-79.4133042,3,1,4,1750.0
2175000.0,2320000.0,2175000.0,HOUSE,HOUSE,Forest Hill North,43.7091745,-79.4201096,3,1,4,2250.0
2303000.0,2198000.0,2303000.0,HOUSE,HOUSE,High Park North,43.6569213,-79.472685,3,1,4,1750.0
2050000.0,1848000.0,2050000.0,HOUSE,HOUSE,Runnymede Bloor West Village,43.652912,-79.4817206,4,0,2,1750.0
2250000.0,1999000.0,2250000.0,HOUSE,HOUSE,Mount Pleasant East,43.715636,-79.3989257,3,0,3,1300.0
2218000.0,2080000.0,2218000.0,HOUSE,HOUSE,St Andrew Windfields,43.7529538,-79.3680275,4,3,4,2750.0
2210000.0,1999000.0,2210000.0,HOUSE,HOUSE,Mount Pleasant East,43.7137394,-79.3872462,4,1,4,2250.0
2171011.0,1699000.0,2171011.0,HOUSE,HOUSE,Annex,43.668138,-79.4186188,4,2,3,2250.0
2100000.0,1990000.0,2100000.0,HOUSE,HOUSE,High Park Swansea,43.6489484,-79.4505325,4,1,5,2750.0
2200000.0,1979000.0,2200000.0,HOUSE,HOUSE,Corso Italia Davenport,43.6757219,-79.4371375,4,1,4,2750.0
2300000.0,1998000.0,2300000.0,HOUSE,HOUSE,Lawrence Park North,43.7295528,-79.4064521,4,1,4,2250.0
2494000.0,2685000.0,2494000.0,HOUSE,HOUSE,Mount Pleasant East,43.7089969,-79.3807467,3,1,4,1750.0
2200000.0,2299000.0,2200000.0,HOUSE,HOUSE,Lawrence Park South,43.7201524,-79.395094,3,2,5,2250.0
2335000.0,2390000.0,2335000.0,HOUSE,HOUSE,The Beaches,43.6726375,-79.2955118,4,1,4,1750.0
2300000.0,2495000.0,2300000.0,HOUSE,HOUSE,Lawrence Park South,43.717555,-79.3986598,3,1,3,1750.0
2195000.0,2295000.0,2195000.0,HOUSE,HOUSE,Playter Estates Danforth,43.6787197,-79.3521238,4,1,4,1750.0
2100000.0,2145000.0,2100000.0,HOUSE,HOUSE,Waterfront Communities The Island,43.6084766,-79.49408679999999,3,1,4,1750.0
2030000.0,1899999.0,2030000.0,HOUSE,HOUSE,Mount Pleasant East,43.7130822,-79.3883595,3,1,4,2250.0
2100000.0,1849000.0,2100000.0,HOUSE,HOUSE,Runnymede Bloor West Village,43.6517412,-79.479811,4,0,2,1750.0
2353000.0,2449000.0,2353000.0,HOUSE,HOUSE,South Riverdale,43.6725137,-79.3328846,4,1,5,2750.0
2460000.0,1999999.0,2460000.0,HOUSE,HOUSE,High Park Swansea,43.6485742,-79.4521579,4,1,3,2250.0
2250000.0,2495000.0,2250000.0,HOUSE,HOUSE,Lawrence Park North,43.7328086,-79.4163318,4,1,4,1750.0
2050000.0,2195000.0,2050000.0,HOUSE,HOUSE,Lawrence Park South,43.7067794,-79.4166553,3,1,4,1750.0
2500000.0,1950000.0,2500000.0,HOUSE,HOUSE,North Riverdale,43.6715354,-79.3503198,3,1,3,1750.0
2300000.0,2499000.0,2300000.0,HOUSE,HOUSE,Lawrence Park North,43.7312283,-79.4057905,3,1,3,1750.0
2100000.0,1699900.0,2100000.0,HOUSE,HOUSE,The Beaches,43.6710423,-79.2847038,3,1,2,1750.0
2430000.0,2495000.0,2430000.0,HOUSE,HOUSE,Lawrence Park North,43.732736,-79.397072,3,1,4,2250.0
2005000.0,2149900.0,2005000.0,HOUSE,HOUSE,Palmerston Little Italy,43.6596746,-79.4165934,4,1,3,1750.0
2379000.0,2379000.0,2379000.0,HOUSE,HOUSE,Lawrence Park North,43.7265392,-79.4149899,3,1,4,2250.0
2200000.0,2249900.0,2200000.0,HOUSE,HOUSE,Mount Pleasant East,43.7057233,-79.38265,3,0,4,1750.0
2400000.0,2495000.0,2400000.0,HOUSE,HOUSE,Englemount-Lawrence,43.7117342,-79.436427,4,1,4,3250.0
2050000.0,1950000.0,2050000.0,HOUSE,HOUSE,Stonegate-Queensway,43.6275975,-79.51365779999999,4,0,4,2250.0
2100000.0,2290000.0,2100000.0,HOUSE,HOUSE,Willowdale East,43.7756654,-79.3904922,4,3,5,2750.0
2400000.0,2399000.0,2400000.0,HOUSE,HOUSE,Forest Hill North,43.700181,-79.4349575,4,1,5,2250.0
2030000.0,1798000.0,2030000.0,HOUSE,HOUSE,High Park North,43.6568509,-79.4727632,4,1,2,1750.0
2300000.0,2199000.0,2300000.0,HOUSE,HOUSE,Mount Pleasant West,43.7033137,-79.3925728,4,1,4,1750.0
2340000.0,2475000.0,2340000.0,HOUSE,HOUSE,Forest Hill North,43.6999804,-79.433288,4,1,4,1750.0
2100000.0,2200000.0,2100000.0,HOUSE,HOUSE,Mount Pleasant East,43.7053372,-79.3873005,4,1,3,2250.0
2300000.0,2298000.0,2300000.0,HOUSE,HOUSE,Mount Pleasant West,43.7029848,-79.3940973,3,1,4,1750.0
2380000.0,2295000.0,2380000.0,HOUSE,HOUSE,Yonge Eglinton,43.7111117,-79.4110496,3,1,4,2250.0
2054000.0,1799900.0,2054000.0,HOUSE,HOUSE,Corso Italia Davenport,43.6761682,-79.4373591,4,0,2,1750.0
2330000.0,2250000.0,2330000.0,HOUSE,HOUSE,Mount Pleasant West,43.7046689,-79.3904676,3,1,4,2250.0
2160000.0,2150000.0,2160000.0,HOUSE,HOUSE,Yonge Eglinton,43.7110332,-79.4068458,4,1,3,2250.0
2250000.0,2299000.0,2250000.0,HOUSE,HOUSE,Trinity Bellwoods,43.64852,-79.4216452,3,2,5,2250.0
2425000.0,2380000.0,2425000.0,HOUSE,HOUSE,Yonge St Clair,43.6949625,-79.4014704,5,1,4,2750.0
2500000.0,2995000.0,2500000.0,HOUSE,HOUSE,South Riverdale,43.6584835,-79.3503411,2,0,3,2250.0
2215000.0,2299000.0,2215000.0,HOUSE,HOUSE,Mimico,43.6201186,-79.50551589999999,4,1,5,2750.0
2150000.0,2499000.0,2150000.0,HOUSE,HOUSE,East End Danforth,43.6791951,-79.2983511,2,0,4,2250.0
2320000.0,2399000.0,2320000.0,HOUSE,HOUSE,High Park Swansea,43.6446618,-79.4722328,4,2,4,1750.0
2414018.0,2580000.0,2414018.0,HOUSE,HOUSE,Forest Hill North,43.7066342,-79.428099,4,0,3,4250.0
2100000.0,1999988.0,2100000.0,HOUSE,HOUSE,Trinity Bellwoods,43.6486549,-79.418095,5,2,5,2750.0
2238000.0,2350000.0,2238000.0,HOUSE,HOUSE,Mount Pleasant East,43.7131742,-79.3901676,4,0,4,2750.0
2150000.0,2299000.0,2150000.0,HOUSE,HOUSE,Corso Italia Davenport,43.6738234,-79.4450319,4,1,5,2750.0
2350000.0,2400000.0,2350000.0,HOUSE,HOUSE,Lawrence Park South,43.7216471,-79.3991569,3,2,2,2250.0
2168000.0,2188000.0,2168000.0,HOUSE,HOUSE,The Beaches,43.6698844,-79.290875,3,1,4,1300.0
2450000.0,2495000.0,2450000.0,HOUSE,HOUSE,Mount Pleasant East,43.7138542,-79.3971652,4,1,3,2750.0
2245000.0,2290000.0,2245000.0,HOUSE,HOUSE,Annex,43.6718027,-79.4108106,4,1,4,2250.0
2499900.0,2499900.0,2499900.0,HOUSE,HOUSE,Woodbine Corridor,43.67024,-79.31547990000001,3,1,5,1750.0
2375000.0,2499000.0,2375000.0,HOUSE,HOUSE,Wychwood,43.6769504,-79.4211347,3,1,2,2250.0
2325000.0,2495000.0,2325000.0,HOUSE,HOUSE,Playter Estates Danforth,43.6794641,-79.3485006,3,1,4,2750.0
2125000.0,2299000.0,2125000.0,HOUSE,HOUSE,Lawrence Park South,43.7172111,-79.41112,3,1,2,2250.0
2375000.0,2495000.0,2375000.0,HOUSE,HOUSE,Mount Pleasant West,43.7013509,-79.3897202,4,1,3,1750.0
2175000.0,2135000.0,2175000.0,HOUSE,HOUSE,Lawrence Park South,43.7077715,-79.415314,3,1,3,1300.0
2100000.0,2225000.0,2100000.0,HOUSE,HOUSE,Mount Pleasant East,43.7029966,-79.3776189,3,1,4,2250.0
2236500.0,2295000.0,2236500.0,HOUSE,HOUSE,Mount Pleasant West,43.7047696,-79.3948644,3,1,4,1750.0
2450000.0,2689000.0,2450000.0,HOUSE,HOUSE,Lawrence Park South,43.7172646,-79.4133629,4,0,4,2750.0
2200000.0,2525000.0,2200000.0,HOUSE,HOUSE,High Park North,43.6593177,-79.467332,5,1,6,700.0
2210018.0,2195000.0,2210018.0,HOUSE,HOUSE,Forest Hill North,43.7010609,-79.4349232,5,0,3,2250.0
2090000.0,1999000.0,2090000.0,HOUSE,HOUSE,Banbury Don Mills,43.7474461,-79.3674112,4,0,4,2250.0
2100000.0,1985000.0,2100000.0,HOUSE,HOUSE,Lawrence Park South,43.7109782,-79.4136807,3,0,2,1750.0
2250000.0,2250000.0,2250000.0,HOUSE,HOUSE,Yonge St Clair,43.689044,-79.3995857,3,1,3,2250.0
2500000.0,2529000.0,2500000.0,HOUSE,HOUSE,Lawrence Park South,43.7206654,-79.3947908,4,1,5,2750.0
2255000.0,2100000.0,2255000.0,HOUSE,HOUSE,Casa Loma,43.6780179,-79.4129624,3,1,2,1300.0
2260000.0,2452000.0,2260000.0,HOUSE,HOUSE,Lawrence Park North,43.7289243,-79.3952564,4,2,4,2250.0
2323888.0,2395000.0,2323888.0,HOUSE,HOUSE,Yonge Eglinton,43.7108067,-79.410013,3,1,4,1750.0
2850000.0,2699000.0,2850000.0,HOUSE,HOUSE,North Riverdale,43.6746228,-79.3506851,4,1,5,2750.0
2910000.0,2898000.0,2910000.0,HOUSE,HOUSE,Yonge Eglinton,43.7013001,-79.4029658,5,1,4,2750.0
2950000.0,2999900.0,2950000.0,HOUSE,HOUSE,Lawrence Park South,43.7121977,-79.4192558,3,1,4,2750.0
2650000.0,2789000.0,2650000.0,HOUSE,HOUSE,Mount Pleasant East,43.7026588,-79.3750085,4,1,4,2250.0
2790000.0,2900000.0,2790000.0,HOUSE,HOUSE,Mount Pleasant East,43.7149444,-79.3940836,4,1,4,2250.0
2600000.0,2495000.0,2600000.0,HOUSE,HOUSE,Lawrence Park South,43.7065115,-79.4109157,3,1,4,2250.0
2655000.0,2749000.0,2655000.0,HOUSE,HOUSE,The Beaches,43.6647813,-79.3094003,3,1,4,2750.0
2653000.0,2589000.0,2653000.0,HOUSE,HOUSE,Greenwood Coxwell,43.6678678,-79.3186907,4,1,5,2750.0
2950000.0,2499000.0,2950000.0,HOUSE,HOUSE,The Beaches,43.6752703,-79.3034382,4,1,5,2250.0
2530000.0,2650000.0,2530000.0,HOUSE,HOUSE,Mount Pleasant West,43.7041506,-79.3929095,3,1,4,2250.0
2750000.0,2699000.0,2750000.0,HOUSE,HOUSE,Lawrence Park South,43.7168542,-79.4173063,5,0,3,1750.0
2630000.0,2598000.0,2630000.0,HOUSE,HOUSE,Blake Jones,43.6787443,-79.3405052,4,1,6,3250.0
2616000.0,2649000.0,2616000.0,HOUSE,HOUSE,Mount Pleasant West,43.7027072,-79.3934036,3,1,4,2250.0
2510000.0,2349000.0,2510000.0,HOUSE,HOUSE,Lawrence Park South,43.7070382,-79.4156506,4,2,5,2750.0
2950000.0,3495000.0,2950000.0,HOUSE,HOUSE,Lawrence Park South,43.7256442,-79.3940117,3,0,2,1750.0
2550000.0,2795000.0,2550000.0,HOUSE,HOUSE,Lawrence Park South,43.7254748,-79.3989328,5,0,5,2250.0
2618000.0,2699000.0,2618000.0,HOUSE,HOUSE,Forest Hill North,43.7091028,-79.4203443,4,1,4,2750.0
2800000.0,2899000.0,2800000.0,HOUSE,HOUSE,Lawrence Park South,43.7137855,-79.4139266,3,0,2,2250.0
2649111.5,2499999.0,2649111.5,HOUSE,HOUSE,The Beaches,43.6731115,-79.2912482,6,1,3,2250.0
2585000.0,2650000.0,2585000.0,HOUSE,HOUSE,Mount Pleasant West,43.7007944,-79.3954432,4,1,4,2750.0
2740000.0,2789999.0,2740000.0,HOUSE,HOUSE,The Beaches,43.6656923,-79.3058414,3,1,4,2250.0
2600000.0,2195000.0,2600000.0,HOUSE,HOUSE,High Park Swansea,43.647621,-79.4499021,3,1,4,2250.0
2805000.0,2995000.0,2805000.0,HOUSE,HOUSE,Lawrence Park South,43.7102941,-79.4124858,4,1,5,2250.0
3000000.0,3295000.0,3000000.0,HOUSE,HOUSE,Lawrence Park South,43.7231154,-79.3931344,4,1,6,2750.0
2600000.0,2799000.0,2600000.0,HOUSE,HOUSE,Lawrence Park South,43.7148584,-79.4089436,4,0,3,2750.0
2650000.0,2795000.0,2650000.0,HOUSE,HOUSE,Lawrence Park South,43.7131034,-79.4033698,4,0,5,2250.0
2600000.0,2495000.0,2600000.0,HOUSE,HOUSE,High Park North,43.658691,-79.4645552,3,1,4,2250.0
2525000.0,2635000.0,2525000.0,HOUSE,HOUSE,Annex,43.6675363,-79.4131087,4,0,5,2250.0
2725000.0,2899000.0,2725000.0,HOUSE,HOUSE,Palmerston Little Italy,43.661348,-79.4126351,4,1,6,3250.0
2925000.0,2895000.0,2925000.0,HOUSE,HOUSE,Lawrence Park South,43.7066222,-79.4166179,4,1,5,2750.0
2635000.0,2499000.0,2635000.0,HOUSE,HOUSE,Woodbine Corridor,43.6748259,-79.3133427,5,1,4,2250.0
2555000.0,1995000.0,2555000.0,HOUSE,HOUSE,South Riverdale,43.6633294,-79.3367035,3,1,4,2250.0
2680000.0,2895000.0,2680000.0,HOUSE,HOUSE,Casa Loma,43.6797135,-79.4032095,5,1,5,2750.0
2826000.0,2779000.0,2826000.0,HOUSE,HOUSE,Lawrence Park North,43.7243639,-79.4123501,4,1,4,2250.0
2730000.0,2795000.0,2730000.0,HOUSE,HOUSE,High Park North,43.6573742,-79.4729128,4,2,4,2250.0
3000000.0,3150000.0,3000000.0,HOUSE,HOUSE,Forest Hill South,43.7005457,-79.4193552,5,0,4,2750.0
2745000.0,2888000.0,2745000.0,HOUSE,HOUSE,Lawrence Park North,43.7237032,-79.4135803,4,1,5,2750.0
2600000.0,2850000.0,2600000.0,HOUSE,HOUSE,Rosedale Moore Park,43.6907575,-79.3874811,4,1,4,2750.0
2850000.0,2998000.0,2850000.0,HOUSE,HOUSE,Forest Hill North,43.7036958,-79.4182823,4,1,4,2750.0
2568000.0,2288000.0,2568000.0,HOUSE,HOUSE,North Riverdale,43.6752517,-79.3562513,3,1,5,4250.0
2703000.0,2489900.0,2703000.0,HOUSE,HOUSE,The Beaches,43.6770347,-79.2944108,4,1,4,1750.0
2603000.0,2695000.0,2603000.0,HOUSE,HOUSE,Lawrence Park North,43.7282937,-79.3911778,3,1,3,1750.0
2975000.0,3275000.0,2975000.0,HOUSE,HOUSE,Rosedale Moore Park,43.6752314,-79.3692197,4,1,5,2750.0
2910000.0,2950000.0,2910000.0,HOUSE,HOUSE,Mount Pleasant West,43.701892,-79.3925282,5,2,4,2750.0
2600000.0,2499900.0,2600000.0,HOUSE,HOUSE,Woodbine Corridor,43.6701929,-79.3156274,4,1,4,2250.0
2895000.0,2895000.0,2895000.0,HOUSE,HOUSE,Yonge St Clair,43.6840224,-79.3966432,4,0,4,2250.0
2905000.0,2490000.0,2905000.0,HOUSE,HOUSE,Palmerston Little Italy,43.6563895,-79.4178371,5,0,4,2250.0
3000000.0,3495000.0,3000000.0,HOUSE,HOUSE,Forest Hill North,43.7059686,-79.429257,5,0,5,3250.0
2805000.0,2750000.0,2805000.0,HOUSE,HOUSE,Rosedale Moore Park,43.6921468,-79.3886641,4,1,4,2750.0
2820000.0,2948000.0,2820000.0,HOUSE,HOUSE,Lawrence Park South,43.7231813,-79.3962689,4,1,5,3250.0
2525000.0,2688888.0,2525000.0,HOUSE,HOUSE,High Park Swansea,43.6399696,-79.4779426,4,2,5,2750.0
2915000.0,2849000.0,2915000.0,HOUSE,HOUSE,Lawrence Park South,43.712498,-79.4066887,4,0,3,2750.0
2635000.0,2699000.0,2635000.0,HOUSE,HOUSE,Trinity Bellwoods,43.6509681,-79.4171759,6,0,3,2750.0
2988888.0,3188800.0,2988888.0,HOUSE,HOUSE,Lawrence Park North,43.7281752,-79.4109521,4,1,5,2250.0
2700000.0,2298000.0,2700000.0,HOUSE,HOUSE,Mount Pleasant East,43.708964,-79.3835241,4,0,6,2250.0
2610000.0,2495000.0,2610000.0,HOUSE,HOUSE,Lawrence Park South,43.713178,-79.4056673,4,0,4,2250.0
2720000.0,2750000.0,2720000.0,HOUSE,HOUSE,High Park-Swansea,43.6455832,-79.4762051,4,0,5,2250.0
2788700.0,2299000.0,2788700.0,HOUSE,HOUSE,The Beaches,43.6770004,-79.293897,4,0,3,2250.0
2800000.0,2749000.0,2800000.0,HOUSE,HOUSE,North Riverdale,43.6662573,-79.3515156,4,1,5,2250.0
2800000.0,2985000.0,2800000.0,HOUSE,HOUSE,Yonge-Eglinton,43.7029117,-79.404951,5,0,5,3250.0
2910000.0,2999000.0,2910000.0,HOUSE,HOUSE,The Beaches,43.6713797,-79.2981318,4,1,4,2250.0
2930000.0,2950000.0,2930000.0,HOUSE,HOUSE,Playter Estates Danforth,43.6773796,-79.3560195,4,1,3,2250.0
2600000.0,2698000.0,2600000.0,HOUSE,HOUSE,Yonge-Eglinton,43.69884829999999,-79.4039524,4,1,4,1750.0
2580000.0,2379000.0,2580000.0,HOUSE,HOUSE,High Park Swansea,43.6419541,-79.4698244,5,0,3,2250.0
2550000.0,3295000.0,2550000.0,HOUSE,HOUSE,Rosedale Moore Park,43.6826485,-79.373538,5,1,4,2750.0
2750000.0,2785000.0,2750000.0,HOUSE,HOUSE,Lawrence Park North,43.7334133,-79.4157236,4,1,5,2250.0
2735000.0,2750000.0,2735000.0,HOUSE,HOUSE,South Riverdale,43.6631526,-79.3374537,3,1,5,2750.0
2550000.0,2725000.0,2550000.0,HOUSE,HOUSE,The Beaches,43.6731677,-79.3003906,4,1,4,2250.0
2890000.0,2890000.0,2890000.0,HOUSE,HOUSE,Lawrence Park South,43.705804,-79.4125388,4,1,4,2250.0
2900000.0,2695000.0,2900000.0,HOUSE,HOUSE,Rosedale Moore Park,43.6935446,-79.3811759,3,1,4,2250.0
2936000.0,2999000.0,2936000.0,HOUSE,HOUSE,Forest Hill North,43.7031201,-79.426573,4,1,5,2250.0
2785000.0,2849000.0,2785000.0,HOUSE,HOUSE,Mount Pleasant West,43.7037114,-79.3925891,3,1,4,1750.0
2825000.0,2995000.0,2825000.0,HOUSE,HOUSE,Cabbagetown South St James Town,43.6728706,-79.3685264,5,1,4,4250.0
2575689.0,2595000.0,2575689.0,HOUSE,HOUSE,Yonge-Eglinton,43.6989657,-79.4039971,3,1,4,1750.0
2705088.0,2699000.0,2705088.0,HOUSE,HOUSE,The Beaches,43.6675852,-79.3001362,4,1,5,2750.0
2900000.0,2399000.0,2900000.0,HOUSE,HOUSE,Runnymede Bloor West Village,43.6575068,-79.4833919,3,1,4,1750.0
2815000.0,2949000.0,2815000.0,HOUSE,HOUSE,The Beaches,43.676852,-79.2904805,5,1,5,2250.0
2750000.0,2839800.0,2750000.0,HOUSE,HOUSE,Palmerston Little Italy,43.661573,-79.4205764,4,1,5,2250.0
2725000.0,2895000.0,2725000.0,HOUSE,HOUSE,Yonge Eglinton,43.7042336,-79.404135,4,2,4,2750.0
2650000.0,2795000.0,2650000.0,HOUSE,HOUSE,Yonge Eglinton,43.6993666,-79.4048682,4,1,3,2750.0
2685000.0,2689000.0,2685000.0,HOUSE,HOUSE,The Beaches,43.6658788,-79.3073491,3,1,4,2250.0
2725000.0,2999000.0,2725000.0,HOUSE,HOUSE,Rosedale Moore Park,43.6871593,-79.3732265,5,0,3,2750.0
2750000.0,2988000.0,2750000.0,HOUSE,HOUSE,Lawrence Park North,43.7263214,-79.413685,4,0,5,2250.0
2900000.0,2995000.0,2900000.0,HOUSE,HOUSE,Casa Loma,43.6775649,-79.3997999,4,0,5,2250.0
3000000.0,2799000.0,3000000.0,HOUSE,HOUSE,Junction Area,43.6633865,-79.4755729,4,1,5,2750.0
2725000.0,2750000.0,2725000.0,HOUSE,HOUSE,The Beaches,43.6783168,-79.285729,4,1,4,3250.0
2910000.0,2999000.0,2910000.0,HOUSE,HOUSE,Rosedale Moore Park,43.692106,-79.3788179,5,0,3,2250.0
2600000.0,2695000.0,2600000.0,HOUSE,HOUSE,Rosedale Moore Park,43.6873654,-79.3710422,3,0,3,2250.0
2700000.0,2850000.0,2700000.0,HOUSE,HOUSE,University,43.6637856,-79.4050876,4,1,5,2750.0
2654321.0,1990000.0,2654321.0,HOUSE,HOUSE,High Park North,43.657797,-79.4666794,4,1,4,2250.0
2550000.0,2598000.0,2550000.0,HOUSE,HOUSE,Lawrence Park North,43.7256756,-79.4058965,3,1,4,1750.0
2650000.0,2650000.0,2650000.0,HOUSE,HOUSE,High Park North,43.6548253,-79.388447,3,1,4,2250.0
2825000.0,2799000.0,2825000.0,HOUSE,HOUSE,Islington City Centre West,43.6399845,-79.5525852,4,2,6,4250.0
2737000.0,2680000.0,2737000.0,HOUSE,HOUSE,The Beaches,43.6762885,-79.2984843,3,1,3,2750.0
2979000.0,2979000.0,2979000.0,HOUSE,HOUSE,Wychwood,43.6783801,-79.4226591,5,0,3,2750.0
2650000.0,2745000.0,2650000.0,HOUSE,HOUSE,High Park Swansea,43.6425703,-79.4531753,8,1,5,4250.0
2580000.0,2699000.0,2580000.0,HOUSE,HOUSE,High Park Swansea,43.6496636,-79.4512202,4,1,4,1750.0
2950000.0,2995000.0,2950000.0,HOUSE,HOUSE,Lawrence Park North,43.728005,-79.4056008,4,1,7,2250.0
2530000.0,2699000.0,2530000.0,HOUSE,HOUSE,Danforth,43.681751,-79.3416361,4,1,5,2250.0
2950000.0,2398000.0,2950000.0,HOUSE,HOUSE,High Park North,43.6606458,-79.4668207,3,1,4,1750.0
2579000.0,2579000.0,2579000.0,HOUSE,HOUSE,Mount Pleasant East,43.7138211,-79.3870671,3,1,4,2250.0
2550000.0,1850000.0,2550000.0,HOUSE,HOUSE,University,43.662838,-79.4064848,3,1,3,2250.0
2875000.0,2895000.0,2875000.0,HOUSE,HOUSE,Rosedale Moore Park,43.6926395,-79.381341,5,0,4,2750.0
2750000.0,2695000.0,2750000.0,HOUSE,HOUSE,Mount Pleasant East,43.7044456,-79.3791561,4,0,4,2250.0
2598000.0,2698000.0,2598000.0,HOUSE,HOUSE,Lawrence Park South,43.7131518,-79.4080945,3,1,3,2250.0
2850000.0,2695000.0,2850000.0,HOUSE,HOUSE,Lawrence Park North,43.7273087,-79.4134392,4,1,4,2250.0
2780000.0,2749000.0,2780000.0,HOUSE,HOUSE,Corso Italia Davenport,43.6760321,-79.4413794,4,1,5,2750.0
2952000.0,1999000.0,2952000.0,HOUSE,HOUSE,North Riverdale,43.676883,-79.3482327,4,0,3,2250.0
2618000.0,2798000.0,2618000.0,HOUSE,HOUSE,Forest Hill North,43.7029335,-79.4236976,4,1,4,2250.0
2650000.0,2899000.0,2650000.0,HOUSE,HOUSE,Forest Hill North,43.7097128,-79.4176092,4,1,5,2750.0
2650000.0,2298000.0,2650000.0,HOUSE,HOUSE,High Park North,43.6552802,-79.4745272,3,0,4,2250.0
2900000.0,2999000.0,2900000.0,HOUSE,HOUSE,Lawrence Park South,43.7174358,-79.4099483,4,2,4,2250.0
2950000.0,2999000.0,2950000.0,HOUSE,HOUSE,The Beaches,43.6663618,-79.3106527,3,1,4,2750.0
2945000.0,3149000.0,2945000.0,HOUSE,HOUSE,Rosedale Moore Park,43.6835407,-79.3908323,4,0,4,2750.0
2670000.0,2699000.0,2670000.0,HOUSE,HOUSE,Forest Hill South,43.6986792,-79.4224025,5,0,2,2750.0
2836000.0,2649000.0,2836000.0,HOUSE,HOUSE,Yonge Eglinton,43.7037433,-79.402093,3,1,4,1750.0
2800800.0,2498000.0,2800800.0,HOUSE,HOUSE,Roncesvalles,43.6431837,-79.4450115,4,0,5,2250.0
2935000.0,2999000.0,2935000.0,HOUSE,HOUSE,Mount Pleasant East,43.7056289,-79.3810567,4,1,5,2250.0
2700000.0,2499000.0,2700000.0,HOUSE,HOUSE,Lawrence Park South,43.7126596,-79.4149472,3,1,3,1750.0
2750000.0,2889000.0,2750000.0,HOUSE,HOUSE,Dovercourt Wallace Emerson Junction,43.6639641,-79.4228481,4,1,6,3250.0
2550000.0,2599000.0,2550000.0,HOUSE,HOUSE,South Riverdale,43.6608142,-79.3360809,4,1,5,2250.0
2590000.0,2700000.0,2590000.0,HOUSE,HOUSE,Lawrence Park North,43.7323238,-79.4131191,4,1,5,2250.0
2525000.0,2748000.0,2525000.0,HOUSE,HOUSE,South Riverdale,43.6715095,-79.3356972,5,1,6,2750.0
2860000.0,2898000.0,2860000.0,HOUSE,HOUSE,High Park Swansea,43.6463047,-79.4773735,3,1,4,2750.0
2895000.0,2895000.0,2895000.0,HOUSE,HOUSE,Wychwood,43.6783637,-79.4227702,6,0,3,2750.0
2908000.0,3088000.0,2908000.0,HOUSE,HOUSE,Annex,43.6750054,-79.3925225,3,1,3,2750.0
2825000.0,2795000.0,2825000.0,HOUSE,HOUSE,Rosedale Moore Park,43.6907471,-79.3745785,5,0,4,2750.0
2750000.0,2599900.0,2750000.0,HOUSE,HOUSE,The Beaches,43.6770203,-79.2982932,3,1,4,1750.0
2550000.0,2649000.0,2550000.0,HOUSE,HOUSE,Lawrence Park North,43.7257674,-79.4143434,4,1,4,2250.0
2760000.0,2795000.0,2760000.0,HOUSE,HOUSE,Forest Hill North,43.7013337,-79.4276454,4,2,5,2750.0
2720000.0,2718888.0,2720000.0,HOUSE,HOUSE,Lawrence Park North,43.7316433,-79.4004938,4,0,4,2250.0
2625000.0,2799000.0,2625000.0,HOUSE,HOUSE,Forest Hill South,43.6961426,-79.4160472,4,0,4,2250.0
2575000.0,2995000.0,2575000.0,HOUSE,HOUSE,Wychwood,43.6764284,-79.4283565,5,2,3,2750.0
2750000.0,2986000.0,2750000.0,HOUSE,HOUSE,Lawrence Park North,43.7296581,-79.3989392,4,1,4,2250.0
2775000.0,2995000.0,2775000.0,HOUSE,HOUSE,Mount Pleasant West,43.7022756,-79.3899534,3,1,4,2750.0
2930000.0,2889000.0,2930000.0,HOUSE,HOUSE,Lawrence Park South,43.7166742,-79.4159482,4,0,4,2250.0
2858000.0,2980000.0,2858000.0,HOUSE,HOUSE,South Parkdale,43.6410252,-79.4311541,5,2,4,3250.0
2589000.0,2589000.0,2589000.0,HOUSE,HOUSE,High Park North,43.6578748,-79.4762384,4,1,3,1750.0
2800000.0,2949000.0,2800000.0,HOUSE,HOUSE,Wychwood,43.6774577,-79.421239,4,0,4,2250.0
2575000.0,2699000.0,2575000.0,HOUSE,HOUSE,Rosedale Moore Park,43.6849283,-79.3752439,4,0,2,2250.0
2650000.0,2850000.0,2650000.0,HOUSE,HOUSE,Lawrence Park South,43.7135802,-79.4128403,5,0,5,2750.0
2800000.0,2999000.0,2800000.0,HOUSE,HOUSE,Forest Hill North,43.7017852,-79.429491,4,0,4,2750.0
2700000.0,2750000.0,2700000.0,HOUSE,HOUSE,Forest Hill South,43.7025379,-79.4137335,3,1,4,1750.0
2900000.0,2995000.0,2900000.0,HOUSE,HOUSE,Lawrence Park North,43.731916,-79.3945793,4,1,5,2750.0
2600000.0,2799999.0,2600000.0,HOUSE,HOUSE,South Riverdale,43.6639165,-79.3369753,3,3,4,3250.0
2550000.0,2495000.0,2550000.0,HOUSE,HOUSE,Yonge Eglinton,43.7006132,-79.4032761,5,0,4,2750.0
2550000.0,2779000.0,2550000.0,HOUSE,HOUSE,Yonge St Clair,43.6841052,-79.3983998,5,0,4,1750.0
3000000.0,2995000.0,3000000.0,HOUSE,HOUSE,Niagara,43.645975,-79.4071755,2,1,3,2250.0
2650000.0,2950000.0,2650000.0,HOUSE,HOUSE,Lawrence Park South,43.7130975,-79.40338,4,0,5,2250.0
2900000.0,2998000.0,2900000.0,HOUSE,HOUSE,Yonge Eglinton,43.7040774,-79.4067756,4,0,5,2750.0
2800000.0,3195000.0,2800000.0,HOUSE,HOUSE,Lawrence Park South,43.7137705,-79.4164759,5,0,3,2750.0
2850000.0,3100000.0,2850000.0,HOUSE,HOUSE,Annex,43.6775543,-79.3943486,7,0,6,700.0
3390000.0,2995000.0,3390000.0,HOUSE,HOUSE,Lawrence Park South,43.7204401,-79.4031802,5,0,4,2750.0
3325000.0,3395000.0,3325000.0,HOUSE,HOUSE,Lawrence Park North,43.7260642,-79.410442,4,0,5,2250.0
3660000.0,3895000.0,3660000.0,HOUSE,HOUSE,Yonge St Clair,43.69473,-79.3981049,4,1,5,2750.0
3025000.0,2689000.0,3025000.0,HOUSE,HOUSE,Runnymede Bloor West Village,43.6520545,-79.4823098,4,1,4,2250.0
3560000.0,3750000.0,3560000.0,HOUSE,HOUSE,Casa Loma,43.6817762,-79.4051138,3,0,3,2750.0
3275000.0,3295000.0,3275000.0,HOUSE,HOUSE,Mount Pleasant East,43.7145667,-79.3936486,3,2,4,2250.0
3255000.0,3395000.0,3255000.0,HOUSE,HOUSE,The Beaches,43.6732441,-79.299948,4,0,4,2750.0
3330000.0,3650000.0,3330000.0,HOUSE,HOUSE,Rosedale Moore Park,43.6892599,-79.384936,5,1,4,4250.0
3055000.0,2799000.0,3055000.0,HOUSE,HOUSE,Mount Pleasant West,43.7039032,-79.3942974,3,2,4,3250.0
3130000.0,3250000.0,3130000.0,HOUSE,HOUSE,Lawrence Park South,43.7241029,-79.4003201,7,0,4,4250.0
3120000.0,3249000.0,3120000.0,HOUSE,HOUSE,Lawrence Park North,43.7272604,-79.4092426,4,1,5,2250.0
3025000.0,2499999.0,3025000.0,HOUSE,HOUSE,The Beaches,43.6717601,-79.2884834,6,0,3,2750.0
3820000.0,4195000.0,3820000.0,HOUSE,HOUSE,Rosedale Moore Park,43.6910267,-79.3765652,4,0,5,3250.0
3200000.0,2590000.0,3200000.0,HOUSE,HOUSE,Playter Estates Danforth,43.682161,-79.3489879,5,1,5,2750.0
3605000.0,3750000.0,3605000.0,HOUSE,HOUSE,Rosedale Moore Park,43.6762607,-79.3709172,3,1,5,4250.0
3800000.0,4369000.0,3800000.0,HOUSE,HOUSE,Lawrence Park South,43.7264393,-79.3918606,5,0,5,4250.0
3550000.0,3795000.0,3550000.0,HOUSE,HOUSE,Rosedale Moore Park,43.6834162,-79.3744149,3,1,4,2750.0
3040000.0,2568000.0,3040000.0,HOUSE,HOUSE,Runnymede Bloor West Village,43.6518051,-79.483563,4,1,4,2250.0
3445000.0,3650000.0,3445000.0,HOUSE,HOUSE,Forest Hill North,43.7058136,-79.430016,4,1,4,3250.0
3250000.0,3295000.0,3250000.0,HOUSE,HOUSE,Lawrence Park South,43.7206842,-79.4021189,4,1,5,1750.0
3600000.0,3498000.0,3600000.0,HOUSE,HOUSE,High Park Swansea,43.6512785,-79.4698679,3,0,3,2250.0
3200000.0,3595000.0,3200000.0,HOUSE,HOUSE,Rosedale Moore Park,43.6885569,-79.3851416,4,0,5,2750.0
3555000.0,3498888.0,3555000.0,HOUSE,HOUSE,Lawrence Park South,43.7242101,-79.3974781,4,1,5,2750.0
3615000.0,3199000.0,3615000.0,HOUSE,HOUSE,High Park-Swansea,43.6454066,-79.4498808,5,1,5,3250.0
3900000.0,4095000.0,3900000.0,HOUSE,HOUSE,Yonge St Clair,43.6897467,-79.3983054,4,1,5,3250.0
3175000.0,2995000.0,3175000.0,HOUSE,HOUSE,Playter Estates Danforth,43.681972,-79.3516506,4,0,4,2750.0
3125000.0,2998000.0,3125000.0,HOUSE,HOUSE,Lawrence Park South,43.7046523,-79.4150641,4,1,4,2250.0
3275000.0,3495000.0,3275000.0,HOUSE,HOUSE,Rosedale Moore Park,43.6904731,-79.3890872,4,1,4,2750.0
3327000.0,3398000.0,3327000.0,HOUSE,HOUSE,Yonge St Clair,43.6844682,-79.3989254,4,1,5,2750.0
3150000.0,3099000.0,3150000.0,HOUSE,HOUSE,Dufferin Grove,43.6544673,-79.4297885,4,0,5,2750.0
3125000.0,2995000.0,3125000.0,HOUSE,HOUSE,The Beaches,43.6781894,-79.2844137,4,0,4,2250.0
3050000.0,3199000.0,3050000.0,HOUSE,HOUSE,Lawrence Park South,43.7203602,-79.3943036,4,2,3,2250.0
3432000.0,2995000.0,3432000.0,HOUSE,HOUSE,Playter Estates Danforth,43.6807462,-79.3616318,3,1,4,2750.0
3495000.0,3495000.0,3495000.0,HOUSE,HOUSE,Lawrence Park North,43.7300489,-79.4118052,4,1,5,2250.0
3900000.0,4000000.0,3900000.0,HOUSE,HOUSE,Rosedale Moore Park,43.6846554,-79.3774326,4,1,4,2250.0
3300000.0,3395000.0,3300000.0,HOUSE,HOUSE,Lawrence Park North,43.7308874,-79.4128854,4,1,5,2250.0
3850000.0,3995000.0,3850000.0,HOUSE,HOUSE,Yonge Eglinton,43.6997012,-79.4010251,4,0,5,3250.0
3300000.0,3279000.0,3300000.0,HOUSE,HOUSE,The Beaches,43.6759923,-79.2855359,4,1,5,2750.0
3400000.0,3688000.0,3400000.0,HOUSE,HOUSE,Lawrence Park North,43.7331085,-79.3951441,4,1,5,2750.0
4000000.0,3898000.0,4000000.0,HOUSE,HOUSE,Lawrence Park South,43.7204567,-79.3914851,5,0,4,2750.0
3425000.0,3499000.0,3425000.0,HOUSE,HOUSE,Trinity Bellwoods,43.6517616,-79.4233509,4,1,4,2750.0
3168000.0,3599900.0,3168000.0,HOUSE,HOUSE,Lawrence Park North,43.7317025,-79.4059582,4,1,4,2250.0
3300000.0,3449000.0,3300000.0,HOUSE,HOUSE,Lawrence Park South,43.7220354,-79.3997115,4,0,5,3250.0
3770000.0,3880000.0,3770000.0,HOUSE,HOUSE,Roncesvalles,43.6446373,-79.4442869,4,3,7,4250.0
3100000.0,2879999.0,3100000.0,HOUSE,HOUSE,East End Danforth,43.6800253,-79.3041676,3,1,5,1750.0
4000000.0,3790000.0,4000000.0,HOUSE,HOUSE,The Beaches,43.676315,-79.2996258,4,1,5,3250.0
3853900.0,3950000.0,3853900.0,HOUSE,HOUSE,Annex,43.6668791,-79.4102978,4,1,5,2750.0
3150000.0,3359000.0,3150000.0,HOUSE,HOUSE,Mount Pleasant West,43.7021038,-79.3887228,4,1,5,2250.0
3050000.0,2679999.0,3050000.0,HOUSE,HOUSE,The Beaches,43.6773483,-79.2884796,5,0,4,2750.0
3600000.0,4200000.0,3600000.0,HOUSE,HOUSE,Forest Hill South,43.6938987,-79.4183755,5,0,4,2750.0
3500000.0,3695000.0,3500000.0,HOUSE,HOUSE,Rosedale Moore Park,43.6884257,-79.3754576,6,0,5,4250.0
3165000.0,3399000.0,3165000.0,HOUSE,HOUSE,Lawrence Park South,43.7174845,-79.4155873,3,2,5,2750.0
3925000.0,3925000.0,3925000.0,HOUSE,HOUSE,Rosedale Moore Park,43.6783016,-79.3868684,3,0,4,2250.0
3600000.0,3895000.0,3600000.0,HOUSE,HOUSE,Lawrence Park North,43.7330956,-79.3933178,4,1,4,2250.0
3370000.0,3495000.0,3370000.0,HOUSE,HOUSE,Forest Hill South,43.6979295,-79.4227714,4,1,4,2250.0
4000000.0,3995000.0,4000000.0,HOUSE,HOUSE,Rosedale Moore Park,43.687742,-79.3764533,5,0,5,3250.0
3179000.0,3179000.0,3179000.0,HOUSE,HOUSE,The Beaches,43.6708781,-79.3045018,4,1,5,2750.0
3125000.0,3269000.0,3125000.0,HOUSE,HOUSE,Forest Hill North,43.7062015,-79.4281329,4,1,4,2750.0
3275000.0,3195000.0,3275000.0,HOUSE,HOUSE,Lawrence Park South,43.7187523,-79.4115474,4,1,4,2250.0
3182000.0,3795000.0,3182000.0,HOUSE,HOUSE,Lawrence Park South,43.7160259,-79.417077,4,1,4,2750.0
3495000.0,3495000.0,3495000.0,HOUSE,HOUSE,Annex,43.6718857,-79.4004431,5,3,5,3250.0
3500000.0,3749000.0,3500000.0,HOUSE,HOUSE,Lawrence Park South,43.7173557,-79.4069143,4,1,5,2750.0
3875000.0,3995000.0,3875000.0,HOUSE,HOUSE,Lawrence Park South,43.7221191,-79.3993817,4,1,5,3250.0
3010000.0,2749000.0,3010000.0,HOUSE,HOUSE,Roncesvalles,43.6465548,-79.4469313,4,1,3,2250.0
3100000.0,3495000.0,3100000.0,HOUSE,HOUSE,The Beaches,43.6769971,-79.29856339999999,4,0,5,3250.0
3205000.0,2999000.0,3205000.0,HOUSE,HOUSE,Rosedale Moore Park,43.6904915,-79.3771614,4,1,5,2750.0
3045000.0,3395000.0,3045000.0,HOUSE,HOUSE,Forest Hill North,43.7096372,-79.4200622,4,1,4,2750.0
3295000.0,3388000.0,3295000.0,HOUSE,HOUSE,Lawrence Park North,43.7271512,-79.4120099,4,1,5,2250.0
3391521.0,3299000.0,3391521.0,HOUSE,HOUSE,Forest Hill North,43.7081858,-79.4178404,4,1,5,3250.0
3150000.0,2999999.0,3150000.0,HOUSE,HOUSE,High Park Swansea,43.6480165,-79.4536826,5,0,5,2750.0
3305000.0,3395000.0,3305000.0,HOUSE,HOUSE,Yonge St Clair,43.684732,-79.3997294,4,0,4,2750.0
3825000.0,3999000.0,3825000.0,HOUSE,HOUSE,The Beaches,43.6711045,-79.2865027,4,1,5,4250.0
3700000.0,3895000.0,3700000.0,HOUSE,HOUSE,Forest Hill North,43.7081648,-79.4204047,4,1,5,3250.0
3175000.0,2899000.0,3175000.0,HOUSE,HOUSE,High Park Swansea,43.64724,-79.4816643,5,0,5,3250.0
3900000.0,4150000.0,3900000.0,HOUSE,HOUSE,Lawrence Park South,43.7203722,-79.3961363,4,1,4,3250.0
3150000.0,3295000.0,3150000.0,HOUSE,HOUSE,High Park Swansea,43.6525222,-79.4525449,4,1,5,2750.0
3330021.0,3595000.0,3330021.0,HOUSE,HOUSE,Forest Hill South,43.7005231,-79.4186531,4,0,4,2750.0
3250000.0,3479000.0,3250000.0,HOUSE,HOUSE,The Beaches,43.672558,-79.2923904,4,1,6,3250.0
3805000.0,3999000.0,3805000.0,HOUSE,HOUSE,Casa Loma,43.6853295,-79.4019935,4,1,5,3250.0
3310000.0,2999000.0,3310000.0,HOUSE,HOUSE,Cabbagetown South St James Town,43.6729383,-79.3687184,5,1,6,5000.0
3788000.0,2995000.0,3788000.0,HOUSE,HOUSE,Yonge Eglinton,43.7017393,-79.3998143,4,0,5,2750.0
3300000.0,3495000.0,3300000.0,HOUSE,HOUSE,Rosedale Moore Park,43.6762739,-79.3701792,5,0,5,2750.0
3385000.0,3589000.0,3385000.0,HOUSE,HOUSE,Lawrence Park South,43.7163377,-79.4146423,5,1,4,3250.0
3650000.0,3699000.0,3650000.0,HOUSE,HOUSE,Rosedale Moore Park,43.6906019,-79.376397,3,1,4,3250.0
3500000.0,3599000.0,3500000.0,HOUSE,HOUSE,Lawrence Park South,43.7172865,-79.409001,4,1,5,2750.0
3290000.0,3295000.0,3290000.0,HOUSE,HOUSE,Lawrence Park South,43.7116849,-79.4193279,5,1,6,4250.0
3200000.0,2699000.0,3200000.0,HOUSE,HOUSE,Lawrence Park North,43.7329019,-79.4103314,4,1,5,2250.0
4000000.0,3980000.0,4000000.0,HOUSE,HOUSE,Lawrence Park South,43.7130651,-79.4084575,4,1,5,2750.0
3550000.0,3695000.0,3550000.0,HOUSE,HOUSE,Mount Pleasant East,43.7157505,-79.3933793,4,1,5,2750.0
3500000.0,3500000.0,3500000.0,HOUSE,HOUSE,High Park Swansea,43.6413574,-79.4828,3,0,3,2250.0
3850000.0,4250000.0,3850000.0,HOUSE,HOUSE,Yonge St Clair,43.6875105,-79.4004526,4,1,5,4250.0
3300000.0,3499000.0,3300000.0,HOUSE,HOUSE,Lawrence Park South,43.7122938,-79.4142437,4,1,4,2750.0
3050000.0,3199000.0,3050000.0,HOUSE,HOUSE,The Beaches,43.6690864,-79.2956129,6,0,2,4250.0
3210000.0,3499900.0,3210000.0,HOUSE,HOUSE,The Beaches,43.67319,-79.281882,5,2,5,4250.0
3400011.0,2949000.0,3400011.0,HOUSE,HOUSE,The Beaches,43.6740355,-79.2940224,4,0,3,2250.0
3190000.0,3495000.0,3190000.0,HOUSE,HOUSE,Forest Hill South,43.6952222,-79.4216724,4,1,5,2750.0
3580000.0,3580000.0,3580000.0,HOUSE,HOUSE,Playter Estates Danforth,43.6784551,-79.3554477,8,1,5,4250.0
3750000.0,3995000.0,3750000.0,HOUSE,HOUSE,Yonge-Eglinton,43.7071566,-79.40736609999999,4,1,6,4250.0
3590000.0,3699000.0,3590000.0,HOUSE,HOUSE,Palmerston Little Italy,43.6581607,-79.4113817,4,1,4,2750.0
3179000.0,3079999.0,3179000.0,HOUSE,HOUSE,Lawrence Park North,43.7330972,-79.4074904,4,1,5,2250.0
3270000.0,3549000.0,3270000.0,HOUSE,HOUSE,Woodbine Corridor,43.6775504,-79.3168412,6,0,4,4250.0
3395000.0,3395000.0,3395000.0,HOUSE,HOUSE,Lawrence Park North,43.7327043,-79.3971604,4,1,5,2250.0
3275000.0,3500000.0,3275000.0,HOUSE,HOUSE,Mount Pleasant East,43.7092477,-79.3793922,4,1,5,2750.0
3100000.0,3295000.0,3100000.0,HOUSE,HOUSE,Rosedale Moore Park,43.6817121,-79.37479259999999,5,1,4,2750.0
4000000.0,4500000.0,4000000.0,HOUSE,HOUSE,Casa Loma,43.6815983,-79.4018362,4,0,4,3250.0
3550500.0,2599000.0,3550500.0,HOUSE,HOUSE,North Riverdale,43.6744778,-79.3517803,3,2,4,2250.0
3725000.0,3995000.0,3725000.0,HOUSE,HOUSE,Rosedale Moore Park,43.6746762,-79.3692362,3,1,4,2750.0
3366000.0,2999000.0,3366000.0,HOUSE,HOUSE,Annex,43.6722295,-79.4088734,5,1,4,3250.0
3010000.0,3298000.0,3010000.0,HOUSE,HOUSE,Lawrence Park South,43.7171493,-79.3990595,4,1,4,2750.0
3110000.0,3195000.0,3110000.0,HOUSE,HOUSE,Forest Hill North,43.7037842,-79.4164668,4,1,4,2250.0
3050000.0,3295000.0,3050000.0,HOUSE,HOUSE,Lawrence Park South,43.7117289,-79.4145386,3,1,4,2250.0
3336000.0,3295000.0,3336000.0,HOUSE,HOUSE,Forest Hill South,43.6980212,-79.4228179,4,2,4,2750.0
3500000.0,3958000.0,3500000.0,HOUSE,HOUSE,Mount Pleasant East,43.7019154,-79.3838503,4,3,4,2750.0
3595000.0,3595000.0,3595000.0,HOUSE,HOUSE,Casa Loma,43.6788189,-79.40021,3,1,5,2750.0
3110000.0,3295000.0,3110000.0,HOUSE,HOUSE,Forest Hill South,43.6952481,-79.4195758,4,1,4,3250.0
3680000.0,3998000.0,3680000.0,HOUSE,HOUSE,Forest Hill North,43.7041713,-79.4177495,4,1,4,2750.0
3925000.0,4199000.0,3925000.0,HOUSE,HOUSE,High Park Swansea,43.6425686,-79.478459,4,1,5,4250.0
3100000.0,3398000.0,3100000.0,HOUSE,HOUSE,Forest Hill South,43.6948364,-79.4207418,4,0,5,2750.0
3607500.0,3795000.0,3607500.0,HOUSE,HOUSE,Mount Pleasant East,43.7161175,-79.397457,4,1,4,2750.0
3188000.0,2799000.0,3188000.0,HOUSE,HOUSE,Yonge Eglinton,43.703762,-79.4005474,4,1,6,3250.0
3050000.0,3195000.0,3050000.0,HOUSE,HOUSE,High Park Swansea,43.6418,-79.44878,4,1,6,2750.0
3085000.0,2795000.0,3085000.0,HOUSE,HOUSE,Roncesvalles,43.6491027,-79.4454897,4,1,4,1750.0
3300000.0,3675000.0,3300000.0,HOUSE,HOUSE,High Park North,43.6584765,-79.4712896,5,2,4,2750.0
3225000.0,3275000.0,3225000.0,HOUSE,HOUSE,The Beaches,43.671747,-79.2850272,6,1,3,4250.0
3400000.0,3399000.0,3400000.0,HOUSE,HOUSE,The Beaches,43.6670917,-79.3005254,4,0,6,2750.0
3700000.0,3450000.0,3700000.0,HOUSE,HOUSE,Playter Estates Danforth,43.6814132,-79.3474353,4,1,5,2750.0
3900000.0,3995000.0,3900000.0,HOUSE,HOUSE,The Beaches,43.6767834,-79.2910334,4,2,4,2750.0
4000000.0,4195000.0,4000000.0,HOUSE,HOUSE,Yonge St Clair,43.6940286,-79.3995675,5,1,6,2750.0
3180000.0,2998000.0,3180000.0,HOUSE,HOUSE,Lawrence Park North,43.7316407,-79.4146181,4,1,5,2250.0
3800000.0,4250000.0,3800000.0,HOUSE,HOUSE,Forest Hill North,43.7016158,-79.4301458,5,1,7,5000.0
3400000.0,3590000.0,3400000.0,HOUSE,HOUSE,Annex,43.673682,-79.4081764,5,0,4,2750.0
3780000.0,4615666.0,3780000.0,HOUSE,HOUSE,Forest Hill South,43.6999126,-79.412036,4,2,4,4250.0
3278000.0,3495000.0,3278000.0,HOUSE,HOUSE,Lawrence Park South,43.7217222,-79.4047554,6,1,5,2750.0
3750000.0,3799900.0,3750000.0,HOUSE,HOUSE,Forest Hill North,43.7096126,-79.4179646,4,1,4,2750.0
3275000.0,3495000.0,3275000.0,HOUSE,HOUSE,Yonge St Clair,43.6916141,-79.3977384,4,0,5,2750.0
3500000.0,3695000.0,3500000.0,HOUSE,HOUSE,Lawrence Park South,43.7229677,-79.4072371,5,1,6,2750.0
3750000.0,4100000.0,3750000.0,HOUSE,HOUSE,Forest Hill South,43.6996545,-79.4113648,4,2,4,2250.0
3550000.0,3950000.0,3550000.0,HOUSE,HOUSE,Lawrence Park South,43.7162386,-79.414487,4,1,5,3250.0
3195000.0,3195000.0,3195000.0,HOUSE,HOUSE,Yonge Eglinton,43.7004725,-79.4000092,5,0,4,3250.0
3220000.0,3493000.0,3220000.0,HOUSE,HOUSE,Mount Pleasant East,43.7079041,-79.3792803,4,1,5,2250.0
3450000.0,3580000.0,3450000.0,HOUSE,HOUSE,High Park Swansea,43.6489088,-79.4538531,4,1,5,2750.0
3410000.0,3750000.0,3410000.0,HOUSE,HOUSE,Lawrence Park North,43.7325313,-79.4024257,6,1,5,3250.0
3025000.0,3188000.0,3025000.0,HOUSE,HOUSE,Wychwood,43.6753535,-79.4274404,4,2,4,4250.0
3402090.0,3489000.0,3402090.0,HOUSE,HOUSE,High Park Swansea,43.6483678,-79.454221,5,1,5,2250.0
3350000.0,3595000.0,3350000.0,HOUSE,HOUSE,Yonge St Clair,43.6910852,-79.4003187,3,2,4,3250.0
3725000.0,3798000.0,3725000.0,HOUSE,HOUSE,Forest Hill North,43.707599,-79.421233,4,1,5,4250.0
3100000.0,3200000.0,3100000.0,HOUSE,HOUSE,South Parkdale,43.6391225,-79.4385021,8,2,6,5000.0
3075000.0,2899000.0,3075000.0,HOUSE,HOUSE,Junction Area,43.6645043,-79.4719555,4,2,6,2250.0
3339000.0,3349000.0,3339000.0,HOUSE,HOUSE,Mount Pleasant East,43.7149401,-79.3988803,4,2,5,2750.0
3500000.0,3695000.0,3500000.0,HOUSE,HOUSE,High Park Swansea,43.6444168,-79.4838622,4,3,3,2750.0
3700000.0,3750000.0,3700000.0,HOUSE,HOUSE,The Beaches,43.6762082,-79.2995475,4,1,5,3250.0
4400000.0,4500000.0,4400000.0,HOUSE,HOUSE,Casa Loma,43.6843584,-79.407851,6,1,6,4250.0
4697500.0,4950000.0,4697500.0,HOUSE,HOUSE,Rosedale Moore Park,43.6835681,-79.3829203,5,0,5,4250.0
4390000.0,4580000.0,4390000.0,HOUSE,HOUSE,Bridle Path Sunnybrook York Mills,43.7248053,-79.3826802,4,1,5,4250.0
4220000.0,4488800.0,4220000.0,HOUSE,HOUSE,Rosedale Moore Park,43.6891144,-79.3926511,3,0,3,2250.0
4495000.0,4695000.0,4495000.0,HOUSE,HOUSE,Forest Hill South,43.7012103,-79.4125657,3,1,5,3250.0
4160000.0,4389000.0,4160000.0,HOUSE,HOUSE,Lawrence Park South,43.7158882,-79.4039842,5,1,5,3250.0
4567075.0,4799000.0,4567075.0,HOUSE,HOUSE,Casa Loma,43.6830978,-79.4029555,6,1,6,4250.0
4305118.0,4249000.0,4305118.0,HOUSE,HOUSE,Lawrence Park South,43.7144241,-79.4155303,6,1,5,4250.0
4800000.0,4749000.0,4800000.0,HOUSE,HOUSE,Annex,43.6737093,-79.3987456,3,0,4,4250.0
4375000.0,4299000.0,4375000.0,HOUSE,HOUSE,Casa Loma,43.6802904,-79.4014097,4,2,5,2750.0
4900000.0,5395000.0,4900000.0,HOUSE,HOUSE,Yonge St Clair,43.684902,-79.399071,4,0,4,3250.0
5000000.0,5198000.0,5000000.0,HOUSE,HOUSE,Casa Loma,43.6860413,-79.4094131,6,0,5,5000.0
4050000.0,4495000.0,4050000.0,HOUSE,HOUSE,Forest Hill South,43.7030591,-79.4108226,4,1,7,3250.0
4300000.0,4495000.0,4300000.0,HOUSE,HOUSE,Lawrence Park South,43.7166876,-79.4102181,4,1,5,5000.0
4300000.0,4495000.0,4300000.0,HOUSE,HOUSE,High Park Swansea,43.6460374,-79.4884141,5,1,5,4250.0
4336000.0,4495000.0,4336000.0,HOUSE,HOUSE,Forest Hill North,43.7071261,-79.4235632,4,1,5,4250.0
4300000.0,3980000.0,4300000.0,HOUSE,HOUSE,Yonge Eglinton,43.698405,-79.402704,4,0,5,3250.0
4950000.0,5249999.0,4950000.0,HOUSE,HOUSE,Lawrence Park South,43.7163656,-79.4017213,5,1,4,3250.0
4435000.0,4250000.0,4435000.0,HOUSE,HOUSE,Cabbagetown South St James Town,43.6647289,-79.3658817,4,0,4,4250.0
4700000.0,5180000.0,4700000.0,HOUSE,HOUSE,Yonge-Eglinton,43.7021865,-79.4046116,6,1,6,5000.0
4125000.0,3995000.0,4125000.0,HOUSE,HOUSE,Rosedale Moore Park,43.6783016,-79.3868684,3,0,4,2250.0
4830000.0,5195000.0,4830000.0,HOUSE,HOUSE,Lawrence Park South,43.7219649,-79.4001291,3,1,5,4250.0
4275000.0,4550000.0,4275000.0,HOUSE,HOUSE,Trinity Bellwoods,43.6519881,-79.4168756,4,1,5,3250.0
4550000.0,4588888.0,4550000.0,HOUSE,HOUSE,Forest Hill South,43.69714,-79.4150955,5,2,5,4250.0
4275000.0,4498000.0,4275000.0,HOUSE,HOUSE,Rosedale Moore Park,43.6754288,-79.3700685,4,0,5,2750.0
5000000.0,5495000.0,5000000.0,HOUSE,HOUSE,Rosedale Moore Park,43.6750507,-79.3698531,5,0,4,3250.0
4350000.0,5450000.0,4350000.0,HOUSE,HOUSE,Forest Hill South,43.6985646,-79.42106,5,1,6,2750.0
4500000.0,4595000.0,4500000.0,HOUSE,HOUSE,Lawrence Park South,43.7231731,-79.3990288,5,1,4,4250.0
4800000.0,4595000.0,4800000.0,HOUSE,HOUSE,Rosedale Moore Park,43.6891146,-79.3811656,5,1,4,4250.0
4500000.0,4595000.0,4500000.0,HOUSE,HOUSE,Lawrence Park South,43.721655,-79.394966,4,1,5,4250.0
4100000.0,3980000.0,4100000.0,HOUSE,HOUSE,Lawrence Park South,43.7226202,-79.4067004,4,1,4,2750.0
4810000.0,4995000.0,4810000.0,HOUSE,HOUSE,Rosedale Moore Park,43.6892406,-79.3745239,4,1,5,3250.0
4609018.0,4645000.0,4609018.0,HOUSE,HOUSE,Forest Hill South,43.6941585,-79.4191117,4,1,5,4250.0
4350000.0,4575000.0,4350000.0,HOUSE,HOUSE,Cabbagetown South St James Town,43.6731086,-79.3670681,5,0,5,4250.0
4850000.0,5395000.0,4850000.0,HOUSE,HOUSE,Forest Hill South,43.6926119,-79.4151013,4,1,5,4250.0
4422800.0,5190000.0,4422800.0,HOUSE,HOUSE,Forest Hill North,43.70593,-79.4294393,4,1,5,4250.0
4087500.0,4229000.0,4087500.0,HOUSE,HOUSE,Yonge St Clair,43.6942029,-79.4005117,4,1,6,2750.0
4750000.0,4595000.0,4750000.0,HOUSE,HOUSE,Rosedale Moore Park,43.6815412,-79.3771745,2,1,4,2750.0
5000000.0,5495000.0,5000000.0,HOUSE,HOUSE,Rosedale Moore Park,43.6917666,-79.3805412,5,1,6,4250.0
4600000.0,5000000.0,4600000.0,HOUSE,HOUSE,Bridle Path Sunnybrook York Mills,43.7251172,-79.3835842,4,2,6,4250.0
4950000.0,5498000.0,4950000.0,HOUSE,HOUSE,High Park Swansea,43.6438059,-79.4712083,4,1,4,2750.0
4900000.0,5450000.0,4900000.0,HOUSE,HOUSE,Lawrence Park South,43.7250815,-79.3963816,4,1,5,3250.0
4250000.0,4299000.0,4250000.0,HOUSE,HOUSE,Corso Italia Davenport,43.6742411,-79.43940909999999,5,0,5,3250.0
4825000.0,4895000.0,4825000.0,HOUSE,HOUSE,Annex,43.6715476,-79.4107257,4,1,5,4250.0
4265000.0,4495000.0,4265000.0,HOUSE,HOUSE,The Beaches,43.6712157,-79.303313,4,1,5,3250.0
4200000.0,4250000.0,4200000.0,HOUSE,HOUSE,Lawrence Park South,43.7136212,-79.4079573,4,1,5,2750.0
4200000.0,4550000.0,4200000.0,HOUSE,HOUSE,Forest Hill South,43.7008686,-79.420767,5,2,4,4250.0
4700000.0,5125000.0,4700000.0,HOUSE,HOUSE,Rosedale Moore Park,43.6763045,-79.3816214,3,1,4,2750.0
4800000.0,4999000.0,4800000.0,HOUSE,HOUSE,Annex,43.6712135,-79.4046653,5,2,8,5000.0
4900000.0,5750000.0,4900000.0,HOUSE,HOUSE,Rosedale Moore Park,43.6891192,-79.3871696,5,0,6,5000.0
4650000.0,4995000.0,4650000.0,HOUSE,HOUSE,Annex,43.6721337,-79.3975171,3,1,5,2250.0
5000000.0,4995000.0,5000000.0,HOUSE,HOUSE,Lawrence Park South,43.7126665,-79.40846,5,1,5,4250.0
4075000.0,4095000.0,4075000.0,HOUSE,HOUSE,Lawrence Park South,43.7129069,-79.4067624,3,2,4,3250.0
4700000.0,4750000.0,4700000.0,HOUSE,HOUSE,Casa Loma,43.681847,-79.4120081,5,0,5,4250.0
4800000.0,5195000.0,4800000.0,HOUSE,HOUSE,Casa Loma,43.6856671,-79.4098539,3,1,4,4250.0
4180000.0,2499000.0,4180000.0,HOUSE,HOUSE,The Beaches,43.6693636,-79.2896581,3,0,3,2250.0
4395000.0,4495000.0,4395000.0,HOUSE,HOUSE,Wychwood,43.677551,-79.4247632,4,1,4,3250.0
6400000.0,7288888.0,6400000.0,HOUSE,HOUSE,Forest Hill South,43.6978825,-79.4083205,5,1,8,5000.0
5150000.0,5999000.0,5150000.0,HOUSE,HOUSE,Forest Hill South,43.6952856,-79.4097087,6,0,5,4250.0
5300018.0,5895000.0,5300018.0,HOUSE,HOUSE,Forest Hill South,43.6961065,-79.407585,5,0,4,2750.0
5600000.0,5695000.0,5600000.0,HOUSE,HOUSE,Rosedale Moore Park,43.6886516,-79.3811387,5,1,5,4250.0
5450000.0,5495000.0,5450000.0,HOUSE,HOUSE,Forest Hill South,43.6867404,-79.4189038,4,1,7,4250.0
5890000.0,5995000.0,5890000.0,HOUSE,HOUSE,Rosedale Moore Park,43.6771667,-79.3817924,3,0,3,3250.0
6000000.0,6445000.0,6000000.0,HOUSE,HOUSE,Lawrence Park South,43.7213401,-79.3965673,4,1,6,4250.0
5900000.0,5999999.0,5900000.0,HOUSE,HOUSE,The Beaches,43.6721374,-79.2814462,4,1,5,3250.0
6300500.0,6495000.0,6300500.0,HOUSE,HOUSE,Annex,43.6757496,-79.3950499,3,1,5,4250.0
5180000.0,5250000.0,5180000.0,HOUSE,HOUSE,Rosedale Moore Park,43.6900996,-79.3760633,5,1,5,3250.0
5800000.0,6095000.0,5800000.0,HOUSE,HOUSE,Lawrence Park South,43.7210999,-79.3925482,4,1,5,4250.0
5450000.0,5495000.0,5450000.0,HOUSE,HOUSE,Lawrence Park South,43.726755,-79.3909128,4,1,6,4250.0
5990000.0,6500000.0,5990000.0,HOUSE,HOUSE,Bridle Path Sunnybrook York Mills,43.7252539,-79.3828767,5,1,6,4250.0
5500000.0,5850000.0,5500000.0,HOUSE,HOUSE,Annex,43.6710591,-79.4071586,5,1,6,4250.0
5350000.0,5495000.0,5350000.0,HOUSE,HOUSE,Casa Loma,43.68054,-79.41136999999999,4,1,7,3250.0
6100000.0,6380000.0,6100000.0,HOUSE,HOUSE,Casa Loma,43.6865946,-79.408772,4,1,5,4250.0
5600000.0,5795000.0,5600000.0,HOUSE,HOUSE,Forest Hill South,43.694695,-79.4200245,5,2,7,4250.0
5500000.0,6195000.0,5500000.0,HOUSE,HOUSE,Forest Hill South,43.6915836,-79.4153328,4,1,5,3250.0
6275000.0,6995000.0,6275000.0,HOUSE,HOUSE,Forest Hill North,43.7055628,-79.4319041,5,2,6,4250.0
6000000.0,6880000.0,6000000.0,HOUSE,HOUSE,Forest Hill South,43.69128000000001,-79.41919,6,0,7,4250.0
5650000.0,6395000.0,5650000.0,HOUSE,HOUSE,Bridle Path Sunnybrook York Mills,43.7245345,-79.3841374,5,1,7,4250.0
5118000.0,5895000.0,5118000.0,HOUSE,HOUSE,Forest Hill North,43.7068891,-79.4330316,4,1,5,4250.0
6550000.0,6795000.0,6550000.0,HOUSE,HOUSE,Yonge-St. Clair,43.68403139999999,-79.393507,2,1,4,3250.0
5750000.0,5999000.0,5750000.0,HOUSE,HOUSE,Rosedale Moore Park,43.6825055,-79.3754587,5,1,4,4250.0
6948013.0,7699999.0,6948013.0,HOUSE,HOUSE,Forest Hill South,43.6964007,-79.4136501,4,1,7,5000.0
6200000.0,6200000.0,6200000.0,HOUSE,HOUSE,Rosedale Moore Park,43.6833126,-79.3696041,5,1,5,4250.0
6650000.0,7133000.0,6650000.0,HOUSE,HOUSE,Forest Hill South,43.6954528,-79.4081984,4,2,5,4250.0
6410000.0,6799000.0,6410000.0,HOUSE,HOUSE,Rosedale Moore Park,43.6835473,-79.3712438,5,1,5,5000.0
6000000.0,4489999.0,6000000.0,HOUSE,HOUSE,The Beaches,43.6706481,-79.2838869,4,1,4,2750.0
5593555.0,5895000.0,5593555.0,HOUSE,HOUSE,Casa Loma,43.6829791,-79.4028596,5,0,6,4250.0
5300000.0,5895000.0,5300000.0,HOUSE,HOUSE,Casa Loma,43.6840428,-79.4060034,5,0,5,3250.0
5338000.0,5499999.0,5338000.0,HOUSE,HOUSE,Rosedale Moore Park,43.6892202,-79.3860254,4,2,6,4250.0
5500000.0,5980000.0,5500000.0,HOUSE,HOUSE,Casa Loma,43.6812991,-79.4021902,6,5,7,5000.0
6280000.0,6950000.0,6280000.0,HOUSE,HOUSE,Forest Hill South,43.6964392,-79.4069428,5,1,7,5000.0
5100000.0,4999999.0,5100000.0,HOUSE,HOUSE,The Beaches,43.6764375,-79.2914947,4,1,5,4250.0
7000000.0,7499000.0,7000000.0,HOUSE,HOUSE,Rosedale Moore Park,43.6808266,-79.3856917,6,2,4,4250.0
5500000.0,5995000.0,5500000.0,HOUSE,HOUSE,Lawrence Park South,43.7144215,-79.4191438,4,1,6,4250.0
6800000.0,6250000.0,6800000.0,HOUSE,HOUSE,Annex,43.6773395,-79.3954692,4,1,5,3250.0
5150000.0,5295000.0,5150000.0,HOUSE,HOUSE,Wychwood,43.6789715,-79.4206266,5,0,5,5000.0
7050000.0,6850000.0,7050000.0,HOUSE,HOUSE,Cabbagetown South St James Town,43.664779,-79.3657661,4,0,7,5000.0
11900000.0,12988000.0,11900000.0,HOUSE,HOUSE,Forest Hill South,43.6983107,-79.4122541,5,1,9,5000.0
7750148.0,8495000.0,7750148.0,HOUSE,HOUSE,Forest Hill South,43.6950831,-79.4071718,5,0,6,4250.0
7475678.64,8998000.0,7475678.64,HOUSE,HOUSE,Forest Hill South,43.6963649,-79.4071392,4,1,7,5000.0
8350000.0,8995000.0,8350000.0,HOUSE,HOUSE,Rosedale-Moore Park,43.6915011,-79.3764481,5,0,4,3250.0
7100000.0,7250000.0,7100000.0,HOUSE,HOUSE,Rosedale-Moore Park,43.6802134,-79.3840836,7,0,5,4250.0
7500000.0,10289000.0,7500000.0,HOUSE,HOUSE,Forest Hill South,43.700049,-79.4137849,4,2,7,5000.0
13550001.0,13250000.0,13550001.0,HOUSE,HOUSE,Casa Loma,43.6811116,-79.4008566,6,0,5,5000.0
8420000.0,8980000.0,8420000.0,HOUSE,HOUSE,Rosedale Moore Park,43.6766299,-79.3848937,5,1,7,5000.0
7400000.0,7825000.0,7400000.0,HOUSE,HOUSE,Rosedale Moore Park,43.6832367,-79.372515,4,1,5,4250.0
7720000.0,8495000.0,7720000.0,HOUSE,HOUSE,Casa Loma,43.6850885,-79.4050926,5,1,8,5000.0
7150000.0,7999998.0,7150000.0,HOUSE,HOUSE,Casa Loma,43.6804346,-79.4090009,4,1,7,4250.0
7750000.0,7895000.0,7750000.0,HOUSE,HOUSE,Lawrence Park South,43.7222444,-79.3922016,5,1,5,4250.0
13200000.0,13950000.0,13200000.0,HOUSE,HOUSE,Rosedale Moore Park,43.6752306,-79.3786037,5,1,9,5000.0
8600000.0,8900000.0,8600000.0,HOUSE,HOUSE,Forest Hill South,43.6965095,-79.4121692,4,1,6,5000.0
9500000.0,10798000.0,9500000.0,HOUSE,HOUSE,Lawrence Park South,43.7253355,-79.3954851,5,2,9,5000.0
7200000.0,7695000.0,7200000.0,HOUSE,HOUSE,Rosedale Moore Park,43.68319229999999,-79.3698838,6,1,6,4250.0
7700000.0,7988000.0,7700000.0,HOUSE,HOUSE,Lawrence Park South,43.7171062,-79.402868,5,1,7,5000.0
9622500.0,9995000.0,9622500.0,HOUSE,HOUSE,Rosedale Moore Park,43.6782768,-79.3813436,7,0,6,5000.0
12200000.0,13995000.0,12200000.0,HOUSE,HOUSE,Rosedale Moore Park,43.6792982,-79.3885887,5,1,7,5000.0
9850000.0,10995000.0,9850000.0,HOUSE,HOUSE,Casa Loma,43.6811751,-79.4028454,6,1,9,5000.0
8000000.0,8998000.0,8000000.0,HOUSE,HOUSE,Annex,43.6742889,-79.3947295,3,1,5,4250.0
781000.0,649995.0,781000.0,DUPLEX_TRIPLEX_FOURPLEX,DUPLEX_TRIPLEX_FOURPLEX,Wychwood,43.6754503,-79.4226724,3,0,3,1300.0
761000.0,799000.0,761000.0,DUPLEX_TRIPLEX_FOURPLEX,DUPLEX_TRIPLEX_FOURPLEX,Wychwood,43.6754963,-79.4226909,3,0,2,900.0
821000.0,855000.0,821000.0,DUPLEX_TRIPLEX_FOURPLEX,DUPLEX_TRIPLEX_FOURPLEX,Corso Italia Davenport,43.6837607,-79.4450176,3,0,4,1300.0
845000.0,899000.0,845000.0,DUPLEX_TRIPLEX_FOURPLEX,DUPLEX_TRIPLEX_FOURPLEX,Woodbine Corridor,43.6725075,-79.317264,3,1,2,1300.0
910000.0,1099000.0,910000.0,DUPLEX_TRIPLEX_FOURPLEX,DUPLEX_TRIPLEX_FOURPLEX,Woodbine Corridor,43.6782037,-79.3185054,3,0,4,1750.0
1000000.0,1099000.0,1000000.0,DUPLEX_TRIPLEX_FOURPLEX,DUPLEX_TRIPLEX_FOURPLEX,Trinity Bellwoods,43.650084,-79.4179817,5,0,3,1300.0
960000.0,1099000.0,960000.0,DUPLEX_TRIPLEX_FOURPLEX,DUPLEX_TRIPLEX_FOURPLEX,Blake Jones,43.6705442,-79.3406118,2,0,2,900.0
925000.0,949900.0,925000.0,DUPLEX_TRIPLEX_FOURPLEX,DUPLEX_TRIPLEX_FOURPLEX,Greenwood Coxwell,43.6644494,-79.3218788,2,1,3,1300.0
910000.0,975000.0,910000.0,DUPLEX_TRIPLEX_FOURPLEX,DUPLEX_TRIPLEX_FOURPLEX,Moss Park,43.6583227,-79.3681624,3,1,3,900.0
1050000.0,989000.0,1050000.0,DUPLEX_TRIPLEX_FOURPLEX,DUPLEX_TRIPLEX_FOURPLEX,The Beaches,43.6744428,-79.2860516,2,0,2,1300.0
1068925.0,1149990.0,1068925.0,DUPLEX_TRIPLEX_FOURPLEX,DUPLEX_TRIPLEX_FOURPLEX,South Riverdale,43.66181,-79.3513422,4,1,4,1750.0
1060000.0,1075000.0,1060000.0,DUPLEX_TRIPLEX_FOURPLEX,DUPLEX_TRIPLEX_FOURPLEX,The Beaches,43.6732735,-79.3073234,4,1,2,1750.0
1100000.0,1350000.0,1100000.0,DUPLEX_TRIPLEX_FOURPLEX,DUPLEX_TRIPLEX_FOURPLEX,Moss Park,43.6572341,-79.3668168,3,1,4,1750.0
1090000.0,1149000.0,1090000.0,DUPLEX_TRIPLEX_FOURPLEX,DUPLEX_TRIPLEX_FOURPLEX,Rockcliffe-Smythe,43.6767968,-79.4750111,6,0,3,3250.0
1049999.0,1075000.0,1049999.0,DUPLEX_TRIPLEX_FOURPLEX,DUPLEX_TRIPLEX_FOURPLEX,Weston Pellam Park,43.6739069,-79.4584273,3,0,4,1300.0
1100000.0,1300000.0,1100000.0,DUPLEX_TRIPLEX_FOURPLEX,DUPLEX_TRIPLEX_FOURPLEX,Junction Area,43.6624466,-79.4686191,4,0,3,2250.0
1030000.0,1199999.0,1030000.0,DUPLEX_TRIPLEX_FOURPLEX,DUPLEX_TRIPLEX_FOURPLEX,Annex,43.6708272,-79.413188,4,3,4,1750.0
1075000.0,1399000.0,1075000.0,DUPLEX_TRIPLEX_FOURPLEX,DUPLEX_TRIPLEX_FOURPLEX,Little Portugal,43.6450514,-79.4240759,4,0,3,1750.0
1100000.0,1000000.0,1100000.0,DUPLEX_TRIPLEX_FOURPLEX,DUPLEX_TRIPLEX_FOURPLEX,Palmerston Little Italy,43.6579585,-79.4192936,3,1,3,1300.0
1065000.0,1099000.0,1065000.0,DUPLEX_TRIPLEX_FOURPLEX,DUPLEX_TRIPLEX_FOURPLEX,Greenwood Coxwell,43.6667915,-79.3170293,3,1,3,1750.0
1068000.0,1198000.0,1068000.0,DUPLEX_TRIPLEX_FOURPLEX,DUPLEX_TRIPLEX_FOURPLEX,South Riverdale,43.6705402,-79.3369096,4,2,3,1750.0
1100000.0,1199000.0,1100000.0,DUPLEX_TRIPLEX_FOURPLEX,DUPLEX_TRIPLEX_FOURPLEX,Wychwood,43.6819164,-79.4194069,6,2,3,2250.0
1076800.0,899000.0,1076800.0,DUPLEX_TRIPLEX_FOURPLEX,DUPLEX_TRIPLEX_FOURPLEX,South Riverdale,43.6682864,-79.332073,4,2,3,1750.0
1190000.0,1199900.0,1190000.0,DUPLEX_TRIPLEX_FOURPLEX,DUPLEX_TRIPLEX_FOURPLEX,Corso Italia Davenport,43.6793867,-79.4482497,4,0,3,2250.0
1160000.0,1249000.0,1160000.0,DUPLEX_TRIPLEX_FOURPLEX,DUPLEX_TRIPLEX_FOURPLEX,The Beaches,43.6725123,-79.3070978,4,1,4,1750.0
1200000.0,1295000.0,1200000.0,DUPLEX_TRIPLEX_FOURPLEX,DUPLEX_TRIPLEX_FOURPLEX,Yonge Eglinton,43.709865,-79.4079451,4,0,2,2250.0
1175000.0,999000.0,1175000.0,DUPLEX_TRIPLEX_FOURPLEX,DUPLEX_TRIPLEX_FOURPLEX,Dovercourt Wallace Emerson Junction,43.6716843,-79.443688,3,0,3,900.0
1189000.0,1188000.0,1189000.0,DUPLEX_TRIPLEX_FOURPLEX,DUPLEX_TRIPLEX_FOURPLEX,South Riverdale,43.6692252,-79.3349123,8,0,4,2750.0
1165000.0,1279000.0,1165000.0,DUPLEX_TRIPLEX_FOURPLEX,DUPLEX_TRIPLEX_FOURPLEX,Oakwood Village,43.6974277,-79.4389723,6,1,3,2250.0
1200000.0,1349990.0,1200000.0,DUPLEX_TRIPLEX_FOURPLEX,DUPLEX_TRIPLEX_FOURPLEX,Trinity Bellwoods,43.6443371,-79.420384,4,0,2,1750.0
1175000.0,1249000.0,1175000.0,DUPLEX_TRIPLEX_FOURPLEX,DUPLEX_TRIPLEX_FOURPLEX,Corso Italia Davenport,43.6827551,-79.449428,4,1,4,1750.0
1120000.0,1259888.0,1120000.0,DUPLEX_TRIPLEX_FOURPLEX,DUPLEX_TRIPLEX_FOURPLEX,The Beaches,43.6705386,-79.2880361,3,1,3,1300.0
1150000.0,1368000.0,1150000.0,DUPLEX_TRIPLEX_FOURPLEX,DUPLEX_TRIPLEX_FOURPLEX,Kensington Chinatown,43.6520798,-79.4032391,3,2,4,1300.0
1195000.0,1249999.0,1195000.0,DUPLEX_TRIPLEX_FOURPLEX,DUPLEX_TRIPLEX_FOURPLEX,Junction Area,43.6624518,-79.4647563,4,0,1,1750.0
1250000.0,1400000.0,1250000.0,DUPLEX_TRIPLEX_FOURPLEX,DUPLEX_TRIPLEX_FOURPLEX,Moss Park,43.6604337,-79.375226,4,2,4,1750.0
1275000.0,1199000.0,1275000.0,DUPLEX_TRIPLEX_FOURPLEX,DUPLEX_TRIPLEX_FOURPLEX,Junction Area,43.6697146,-79.4815127,3,2,4,4250.0
1225000.0,1295000.0,1225000.0,DUPLEX_TRIPLEX_FOURPLEX,DUPLEX_TRIPLEX_FOURPLEX,Dovercourt Wallace Emerson Junction,43.6597632,-79.4409211,5,0,2,1300.0
1245000.0,1288000.0,1245000.0,DUPLEX_TRIPLEX_FOURPLEX,DUPLEX_TRIPLEX_FOURPLEX,Greenwood Coxwell,43.6717851,-79.3274451,4,1,2,2250.0
1280000.0,1389900.0,1280000.0,DUPLEX_TRIPLEX_FOURPLEX,DUPLEX_TRIPLEX_FOURPLEX,Trinity Bellwoods,43.6506522,-79.4237943,4,1,3,2250.0
1250000.0,1399000.0,1250000.0,DUPLEX_TRIPLEX_FOURPLEX,DUPLEX_TRIPLEX_FOURPLEX,Dovercourt Wallace Emerson Junction,43.6645577,-79.4252246,5,0,3,2250.0
1250000.0,1299999.0,1250000.0,DUPLEX_TRIPLEX_FOURPLEX,DUPLEX_TRIPLEX_FOURPLEX,Blake Jones,43.6734985,-79.3377039,6,0,4,2250.0
1275000.0,1195000.0,1275000.0,DUPLEX_TRIPLEX_FOURPLEX,DUPLEX_TRIPLEX_FOURPLEX,Runnymede Bloor West Village,43.6576303,-79.4792357,5,1,4,2250.0
1335000.0,1395000.0,1335000.0,DUPLEX_TRIPLEX_FOURPLEX,DUPLEX_TRIPLEX_FOURPLEX,Dovercourt Wallace Emerson Junction,43.6598865,-79.4409445,7,3,3,2750.0
1380000.0,1470000.0,1380000.0,DUPLEX_TRIPLEX_FOURPLEX,DUPLEX_TRIPLEX_FOURPLEX,High Park North,43.6624872,-79.4580896,5,1,3,1750.0
1399999.0,999900.0,1399999.0,DUPLEX_TRIPLEX_FOURPLEX,DUPLEX_TRIPLEX_FOURPLEX,Trinity Bellwoods,43.6550996,-79.4095457,5,0,2,1750.0
1350000.0,999000.0,1350000.0,DUPLEX_TRIPLEX_FOURPLEX,DUPLEX_TRIPLEX_FOURPLEX,Dovercourt Wallace Emerson Junction,43.6601203,-79.4409882,4,0,4,2250.0
1307777.0,899000.0,1307777.0,DUPLEX_TRIPLEX_FOURPLEX,DUPLEX_TRIPLEX_FOURPLEX,Niagara,43.6411653,-79.4047127,4,1,3,1750.0
1358000.0,1389000.0,1358000.0,DUPLEX_TRIPLEX_FOURPLEX,DUPLEX_TRIPLEX_FOURPLEX,North Riverdale,43.6691299,-79.352315,3,0,3,1750.0
1380000.0,1480000.0,1380000.0,DUPLEX_TRIPLEX_FOURPLEX,DUPLEX_TRIPLEX_FOURPLEX,Mount Pleasant East,43.7117314,-79.3800426,4,2,3,1750.0
1375000.0,1489000.0,1375000.0,DUPLEX_TRIPLEX_FOURPLEX,DUPLEX_TRIPLEX_FOURPLEX,Wychwood,43.6819164,-79.4194069,6,2,3,2250.0
1325000.0,1299900.0,1325000.0,DUPLEX_TRIPLEX_FOURPLEX,DUPLEX_TRIPLEX_FOURPLEX,The Beaches,43.6697239,-79.2942085,4,0,2,2250.0
1335000.0,1399900.0,1335000.0,DUPLEX_TRIPLEX_FOURPLEX,DUPLEX_TRIPLEX_FOURPLEX,Palmerston Little Italy,43.6558902,-79.4204094,5,0,4,2250.0
1350000.0,1395000.0,1350000.0,DUPLEX_TRIPLEX_FOURPLEX,DUPLEX_TRIPLEX_FOURPLEX,Lawrence Park North,43.7347407,-79.4059548,4,1,3,1750.0
1350000.0,1499888.0,1350000.0,DUPLEX_TRIPLEX_FOURPLEX,DUPLEX_TRIPLEX_FOURPLEX,Lawrence Park North,43.7314957,-79.4032206,4,0,2,2250.0
1405000.0,1475000.0,1405000.0,DUPLEX_TRIPLEX_FOURPLEX,DUPLEX_TRIPLEX_FOURPLEX,Cabbagetown-South St. James Town,43.6668056,-79.3654828,4,0,4,2750.0
1430000.0,1445000.0,1430000.0,DUPLEX_TRIPLEX_FOURPLEX,DUPLEX_TRIPLEX_FOURPLEX,East End Danforth,43.6790199,-79.3097544,4,0,4,2250.0
1500000.0,1599000.0,1500000.0,DUPLEX_TRIPLEX_FOURPLEX,DUPLEX_TRIPLEX_FOURPLEX,Lawrence Park North,43.7352633,-79.4074309,4,0,2,1750.0
1470000.0,1479000.0,1470000.0,DUPLEX_TRIPLEX_FOURPLEX,DUPLEX_TRIPLEX_FOURPLEX,East End Danforth,43.6913886,-79.2973122,4,2,5,2250.0
1425000.0,1525000.0,1425000.0,DUPLEX_TRIPLEX_FOURPLEX,DUPLEX_TRIPLEX_FOURPLEX,Playter Estates Danforth,43.682062,-79.3535467,4,1,3,1750.0
1425000.0,1690000.0,1425000.0,DUPLEX_TRIPLEX_FOURPLEX,DUPLEX_TRIPLEX_FOURPLEX,Trinity Bellwoods,43.647381,-79.4184336,4,1,3,1300.0
1412000.0,1538888.0,1412000.0,DUPLEX_TRIPLEX_FOURPLEX,DUPLEX_TRIPLEX_FOURPLEX,South Riverdale,43.6646318,-79.35129909999999,5,0,3,2250.0
1485000.0,1549000.0,1485000.0,DUPLEX_TRIPLEX_FOURPLEX,DUPLEX_TRIPLEX_FOURPLEX,Lawrence Park North,43.7323172,-79.3947157,4,1,3,2250.0
1600000.0,1685000.0,1600000.0,DUPLEX_TRIPLEX_FOURPLEX,DUPLEX_TRIPLEX_FOURPLEX,Wychwood,43.6785426,-79.4327886,8,0,4,2250.0
1650000.0,1488000.0,1650000.0,DUPLEX_TRIPLEX_FOURPLEX,DUPLEX_TRIPLEX_FOURPLEX,Dovercourt Wallace Emerson Junction,43.6625487,-79.4340456,3,1,3,1750.0
1540200.0,1390000.0,1540200.0,DUPLEX_TRIPLEX_FOURPLEX,DUPLEX_TRIPLEX_FOURPLEX,East End Danforth,43.6819133,-79.3000133,4,1,3,1750.0
1675000.0,1699000.0,1675000.0,DUPLEX_TRIPLEX_FOURPLEX,DUPLEX_TRIPLEX_FOURPLEX,Trinity Bellwoods,43.6544462,-79.4085369,7,3,4,2250.0
1515000.0,1499900.0,1515000.0,DUPLEX_TRIPLEX_FOURPLEX,DUPLEX_TRIPLEX_FOURPLEX,Playter Estates Danforth,43.6805232,-79.3489369,4,2,3,1750.0
1587000.0,1499900.0,1587000.0,DUPLEX_TRIPLEX_FOURPLEX,DUPLEX_TRIPLEX_FOURPLEX,Trinity Bellwoods,43.6449072,-79.4174775,7,0,4,1300.0
1565000.0,1669000.0,1565000.0,DUPLEX_TRIPLEX_FOURPLEX,DUPLEX_TRIPLEX_FOURPLEX,Dovercourt Wallace Emerson Junction,43.6608701,-79.4407589,3,1,2,1750.0
1600000.0,1850000.0,1600000.0,DUPLEX_TRIPLEX_FOURPLEX,DUPLEX_TRIPLEX_FOURPLEX,Trinity Bellwoods,43.6535814,-79.4095133,5,1,2,1750.0
1640000.0,1748000.0,1640000.0,DUPLEX_TRIPLEX_FOURPLEX,DUPLEX_TRIPLEX_FOURPLEX,Dovercourt Wallace Emerson Junction,43.6665538,-79.4247266,4,2,4,2250.0
1650000.0,1649000.0,1650000.0,DUPLEX_TRIPLEX_FOURPLEX,DUPLEX_TRIPLEX_FOURPLEX,Trinity Bellwoods,43.6534045,-79.4163227,4,1,4,1750.0
1575000.0,1599900.0,1575000.0,DUPLEX_TRIPLEX_FOURPLEX,DUPLEX_TRIPLEX_FOURPLEX,Mount Pleasant West,43.7012887,-79.3911469,4,0,4,1750.0
1550000.0,1650000.0,1550000.0,DUPLEX_TRIPLEX_FOURPLEX,DUPLEX_TRIPLEX_FOURPLEX,Junction Area,43.6604672,-79.4790353,4,0,2,1750.0
1650000.0,1749999.0,1650000.0,DUPLEX_TRIPLEX_FOURPLEX,DUPLEX_TRIPLEX_FOURPLEX,Trinity Bellwoods,43.6521703,-79.4147265,5,1,5,2250.0
1988000.0,1988000.0,1988000.0,DUPLEX_TRIPLEX_FOURPLEX,DUPLEX_TRIPLEX_FOURPLEX,Rosedale Moore Park,43.6905186,-79.381633,4,0,4,2250.0
1750000.0,1798000.0,1750000.0,DUPLEX_TRIPLEX_FOURPLEX,DUPLEX_TRIPLEX_FOURPLEX,High Park North,43.6607909,-79.4646921,3,1,4,1750.0
1818000.0,1699000.0,1818000.0,DUPLEX_TRIPLEX_FOURPLEX,DUPLEX_TRIPLEX_FOURPLEX,Trinity Bellwoods,43.6514691,-79.4239375,3,1,3,1750.0
1725000.0,1750000.0,1725000.0,DUPLEX_TRIPLEX_FOURPLEX,DUPLEX_TRIPLEX_FOURPLEX,The Beaches,43.6692142,-79.2918947,3,2,3,2250.0
1800000.0,1898000.0,1800000.0,DUPLEX_TRIPLEX_FOURPLEX,DUPLEX_TRIPLEX_FOURPLEX,Trinity Bellwoods,43.6524047,-79.4103092,7,1,4,2750.0
1900000.0,1875000.0,1900000.0,DUPLEX_TRIPLEX_FOURPLEX,DUPLEX_TRIPLEX_FOURPLEX,High Park North,43.6573051,-79.4689283,5,1,4,1750.0
1725000.0,1899000.0,1725000.0,DUPLEX_TRIPLEX_FOURPLEX,DUPLEX_TRIPLEX_FOURPLEX,Annex,43.6765418,-79.3994039,4,3,4,2250.0
1851106.0,1849000.0,1851106.0,DUPLEX_TRIPLEX_FOURPLEX,DUPLEX_TRIPLEX_FOURPLEX,Lawrence Park North,43.7263965,-79.3987016,6,0,3,3250.0
1780000.0,1995000.0,1780000.0,DUPLEX_TRIPLEX_FOURPLEX,DUPLEX_TRIPLEX_FOURPLEX,Lawrence Park South,43.7071913,-79.4103154,4,2,7,2250.0
1730000.0,1788000.0,1730000.0,DUPLEX_TRIPLEX_FOURPLEX,DUPLEX_TRIPLEX_FOURPLEX,High Park Swansea,43.6502566,-79.4579306,3,2,4,2750.0
1884000.0,1994000.0,1884000.0,DUPLEX_TRIPLEX_FOURPLEX,DUPLEX_TRIPLEX_FOURPLEX,Little Portugal,43.644302,-79.4249893,6,0,2,2750.0
1860000.0,1995000.0,1860000.0,DUPLEX_TRIPLEX_FOURPLEX,DUPLEX_TRIPLEX_FOURPLEX,Yonge St Clair,43.6958077,-79.4033633,6,2,3,2750.0
2150000.0,2299888.0,2150000.0,DUPLEX_TRIPLEX_FOURPLEX,DUPLEX_TRIPLEX_FOURPLEX,Corso Italia Davenport,43.6744354,-79.4351038,4,3,4,1750.0
2100000.0,2250000.0,2100000.0,DUPLEX_TRIPLEX_FOURPLEX,DUPLEX_TRIPLEX_FOURPLEX,Yonge Eglinton,43.7002653,-79.4063587,6,0,8,4250.0
2500000.0,2599000.0,2500000.0,DUPLEX_TRIPLEX_FOURPLEX,DUPLEX_TRIPLEX_FOURPLEX,The Beaches,43.669522,-79.289232,4,1,4,2750.0
2225000.0,2199900.0,2225000.0,DUPLEX_TRIPLEX_FOURPLEX,DUPLEX_TRIPLEX_FOURPLEX,High Park Swansea,43.6530193,-79.4553101,3,1,4,2250.0
2100000.0,2249000.0,2100000.0,DUPLEX_TRIPLEX_FOURPLEX,DUPLEX_TRIPLEX_FOURPLEX,Rosedale Moore Park,43.6847135,-79.3811674,4,2,3,2750.0
2500000.0,2768000.0,2500000.0,DUPLEX_TRIPLEX_FOURPLEX,DUPLEX_TRIPLEX_FOURPLEX,High Park North,43.6575309,-79.4684366,7,1,4,2750.0
2100000.0,2330000.0,2100000.0,DUPLEX_TRIPLEX_FOURPLEX,DUPLEX_TRIPLEX_FOURPLEX,Trinity Bellwoods,43.6521089,-79.4229369,6,2,4,4250.0
2080000.0,2199999.0,2080000.0,DUPLEX_TRIPLEX_FOURPLEX,DUPLEX_TRIPLEX_FOURPLEX,High Park North,43.6567636,-79.471303,4,0,3,2250.0
2005000.0,2095000.0,2005000.0,DUPLEX_TRIPLEX_FOURPLEX,DUPLEX_TRIPLEX_FOURPLEX,Annex,43.6785561,-79.3960083,4,0,2,2250.0
2835000.0,3095000.0,2835000.0,DUPLEX_TRIPLEX_FOURPLEX,DUPLEX_TRIPLEX_FOURPLEX,High Park-Swansea,43.64181,-79.4487,4,1,6,2750.0
2600000.0,2750000.0,2600000.0,DUPLEX_TRIPLEX_FOURPLEX,DUPLEX_TRIPLEX_FOURPLEX,University,43.6596602,-79.4047107,4,0,6,2250.0
2600000.0,2869000.0,2600000.0,DUPLEX_TRIPLEX_FOURPLEX,DUPLEX_TRIPLEX_FOURPLEX,Yonge St Clair,43.6954961,-79.4039607,8,0,4,5000.0
2650000.0,2820000.0,2650000.0,DUPLEX_TRIPLEX_FOURPLEX,DUPLEX_TRIPLEX_FOURPLEX,Palmerston Little Italy,43.6614032,-79.4134176,5,1,4,2750.0
2550000.0,2550000.0,2550000.0,DUPLEX_TRIPLEX_FOURPLEX,DUPLEX_TRIPLEX_FOURPLEX,Forest Hill South,43.6956808,-79.4055269,6,1,5,4250.0
3050000.0,3588000.0,3050000.0,DUPLEX_TRIPLEX_FOURPLEX,DUPLEX_TRIPLEX_FOURPLEX,Rosedale Moore Park,43.6842269,-79.3811327,7,3,5,4250.0
3200000.0,3480000.0,3200000.0,DUPLEX_TRIPLEX_FOURPLEX,DUPLEX_TRIPLEX_FOURPLEX,High Park Swansea,43.6530249,-79.4533617,6,2,8,4250.0
470000.0,489900.0,470000.0,CONDO,CONDO,Moss Park,43.6536011,-79.3688254,1,0,1,550.0
455000.0,499000.0,455000.0,CONDO,CONDO,Niagara,43.6383872,-79.4010639,1,0,1,550.0
450000.0,455000.0,450000.0,CONDO,CONDO,South Riverdale,43.657839,-79.3513948,1,0,1,350.0
492500.0,519999.0,492500.0,CONDO,CONDO,Waterfront Communities C8,43.6527641,-79.3565028,1,0,1,350.0
470000.0,499900.0,470000.0,CONDO,CONDO,Waterfront Communities C1,43.645429,-79.391078,1,0,1,350.0
465000.0,489990.0,465000.0,CONDO,CONDO,East End-Danforth,43.6881879,-79.2959713,1,0,1,550.0
425000.0,434900.0,425000.0,CONDO,CONDO,Englemount Lawrence,43.7224076,-79.4316668,1,0,1,550.0
418000.0,425000.0,418000.0,CONDO,CONDO,Cabbagetown South St James Town,43.6642374,-79.3755383,1,0,1,550.0
485000.0,495000.0,485000.0,CONDO,CONDO,Church Yonge Corridor,43.6641249,-79.3816228,1,0,1,650.0
470000.0,488000.0,470000.0,CONDO,CONDO,Forest Hill South,43.7015408,-79.4217717,1,0,1,750.0
470000.0,498800.0,470000.0,CONDO,CONDO,Elms Old Rexdale,43.7229776,-79.5437331,3,0,2,1300.0
490000.0,399000.0,490000.0,CONDO,CONDO,Regent Park,43.6594036,-79.3611785,1,0,1,550.0
425000.0,440000.0,425000.0,CONDO,CONDO,Cabbagetown South St James Town,43.6642374,-79.3755383,1,0,1,350.0
496000.0,449900.0,496000.0,CONDO,CONDO,Elms Old Rexdale,43.721194,-79.5441255,3,0,2,1300.0
500000.0,510000.0,500000.0,CONDO,CONDO,Humber Heights Westmount,43.686338,-79.5141894,2,1,2,1100.0
430000.0,374900.0,430000.0,CONDO,CONDO,Niagara,43.6433727,-79.4041107,2,0,1,550.0
450000.0,469900.0,450000.0,CONDO,CONDO,Cabbagetown South St James Town,43.6642374,-79.3755383,1,0,1,550.0
485000.0,399000.0,485000.0,CONDO,CONDO,Niagara,43.64081179999999,-79.40365039999999,1,0,1,350.0
430000.0,469000.0,430000.0,CONDO,CONDO,Waterfront Communities C1,43.6385099,-79.39934,1,0,1,550.0
481000.0,488000.0,481000.0,CONDO,CONDO,Waterfront Communities C8,43.6526799,-79.35710999999999,1,1,1,550.0
465000.0,483900.0,465000.0,CONDO,CONDO,Waterfront Communities The Island,43.6445254,-79.4025822,1,0,1,550.0
435000.0,450000.0,435000.0,CONDO,CONDO,Moss Park,43.6525884,-79.3637912,1,0,1,350.0
480000.0,499900.0,480000.0,CONDO,CONDO,Church Yonge Corridor,43.6702252,-79.3817578,1,0,1,550.0
476000.0,399000.0,476000.0,CONDO,CONDO,Moss Park,43.6544037,-79.363136,1,0,1,550.0
455000.0,464800.0,455000.0,CONDO,CONDO,Church-Yonge Corridor,43.65737670000001,-79.3744501,1,1,1,550.0
480000.0,499900.0,480000.0,CONDO,CONDO,Niagara,43.6367062,-79.4000807,1,1,1,550.0
458000.0,459999.0,458000.0,CONDO,CONDO,West Humber Clairville,43.7307208,-79.6108976,1,0,1,650.0
465000.0,499000.0,465000.0,CONDO,CONDO,Waterfront Communities C1,43.648321,-79.3928867,1,0,1,350.0
456500.0,485000.0,456500.0,CONDO,CONDO,Moss Park,43.6537663,-79.3640676,1,1,1,350.0
475000.0,510000.0,475000.0,CONDO,CONDO,Church-Yonge Corridor,43.6493456,-79.3758022,2,0,1,350.0
440000.0,455000.0,440000.0,CONDO,CONDO,Islington City Centre West,43.639823,-79.5597887,1,0,1,550.0
478114.44,429900.0,478114.44,CONDO,CONDO,Church Yonge Corridor,43.6553047,-79.375328,1,0,1,550.0
480000.0,459000.0,480000.0,CONDO,CONDO,Church Yonge Corridor,43.6632004,-79.3777681,1,0,1,550.0
409900.0,409900.0,409900.0,CONDO,CONDO,O'Connor-Parkview,43.6715086,-79.2818348,1,1,1,750.0
418000.0,418000.0,418000.0,CONDO,CONDO,Waterfront Communities C1,43.6404932,-79.3949157,1,0,1,350.0
488000.0,499900.0,488000.0,CONDO,CONDO,Bay Street Corridor,43.666815,-79.3875312,1,1,1,350.0
450000.0,399990.0,450000.0,CONDO,CONDO,Mount Pleasant West,43.7060573,-79.3977655,1,0,1,550.0
445000.0,469000.0,445000.0,CONDO,CONDO,Waterfront Communities C1,43.6458064,-79.39205,1,0,1,550.0
532888.0,498888.0,532888.0,CONDO,CONDO,Bay Street Corridor,43.658924,-79.3840439,1,1,1,650.0
559250.0,569000.0,559250.0,CONDO,CONDO,Waterfront Communities The Island,43.645072,-79.390868,1,1,1,750.0
530000.0,549000.0,530000.0,CONDO,CONDO,Moss Park,43.6525884,-79.3637912,1,0,1,650.0
590000.0,618000.0,590000.0,CONDO,CONDO,Waterfront Communities C1,43.6460783,-79.400577,1,1,1,650.0
520000.0,549900.0,520000.0,CONDO,CONDO,Waterfront Communities The Island,43.6475103,-79.3927254,1,0,1,550.0
525000.0,539900.0,525000.0,CONDO,CONDO,Waterfront Communities C1,43.6464437,-79.39358419999999,1,0,1,350.0
585000.0,599000.0,585000.0,CONDO,CONDO,Waterfront Communities C8,43.6455213,-79.3687484,1,1,2,550.0
515000.0,498500.0,515000.0,CONDO,CONDO,Dovercourt Wallace Emerson Junction,43.6657347,-79.447861,1,1,1,650.0
523000.0,489000.0,523000.0,CONDO,CONDO,Waterfront Communities The Island,43.6409947,-79.3945703,1,1,1,550.0
510000.0,468000.0,510000.0,CONDO,CONDO,Church-Yonge Corridor,43.6605208,-79.3785421,1,1,1,550.0
549999.0,549999.0,549999.0,CONDO,CONDO,Little Portugal,43.6430625,-79.4281337,1,1,1,650.0
550000.0,589900.0,550000.0,CONDO,CONDO,Church-Yonge Corridor,43.6568058,-79.3750924,1,0,1,550.0
575000.0,599000.0,575000.0,CONDO,CONDO,Niagara,43.6409911,-79.4143265,1,0,1,650.0
507000.0,525000.0,507000.0,CONDO,CONDO,Moss Park,43.655305,-79.3537502,1,0,1,550.0
595000.0,619000.0,595000.0,CONDO,CONDO,Mount Pleasant West,43.7057158,-79.393101,1,1,1,550.0
582000.0,589000.0,582000.0,CONDO,CONDO,Waterfront Communities C1,43.6404932,-79.3949157,1,1,1,650.0
585000.0,599000.0,585000.0,CONDO,CONDO,Mount Pleasant West,43.7056504,-79.3973799,1,0,1,650.0
547000.0,575000.0,547000.0,CONDO,CONDO,Mount Pleasant West,43.7086965,-79.3967069,1,0,1,650.0
599900.0,599900.0,599900.0,CONDO,CONDO,Dufferin Grove,43.6574768,-79.445671,2,0,1,750.0
550000.0,499000.0,550000.0,CONDO,CONDO,Kensington Chinatown,43.6496375,-79.4042408,1,1,1,350.0
545000.0,599000.0,545000.0,CONDO,CONDO,Rosedale Moore Park,43.6755517,-79.3778062,1,0,1,650.0
543000.0,559000.0,543000.0,CONDO,CONDO,Cabbagetown-South St. James Town,43.6642236,-79.37548450000001,2,0,1,850.0
550000.0,499000.0,550000.0,CONDO,CONDO,Waterfront Communities C1,43.6376551,-79.4024474,1,1,1,650.0
510000.0,520000.0,510000.0,CONDO,CONDO,Moss Park,43.6522223,-79.3708763,1,0,1,550.0
575000.0,592000.0,575000.0,CONDO,CONDO,Humewood Cedarvale,43.6948477,-79.4245633,2,0,1,1100.0
560000.0,595000.0,560000.0,CONDO,CONDO,Eringate Centennial West Deane,43.6562666,-79.5707858,2,1,1,1100.0
593550.0,609000.0,593550.0,CONDO,CONDO,Regent Park,43.6601105,-79.3605898,1,1,1,650.0
570000.0,588000.0,570000.0,CONDO,CONDO,Regent Park,43.6594036,-79.3611785,1,1,1,650.0
530000.0,499500.0,530000.0,CONDO,CONDO,Dovercourt-Wallace Emerson-Junction,43.6657347,-79.447861,1,1,1,650.0
590000.0,514900.0,590000.0,CONDO,CONDO,Niagara,43.6433727,-79.4041107,1,1,1,750.0
576000.0,575000.0,576000.0,CONDO,CONDO,Waterfront Communities The Island,43.6461536,-79.3752086,1,1,1,850.0
545000.0,489900.0,545000.0,CONDO,CONDO,Niagara,43.6387756,-79.4163147,1,0,1,550.0
543000.0,525000.0,543000.0,CONDO,CONDO,Niagara,43.6432744,-79.404727,1,1,1,650.0
528000.0,499000.0,528000.0,CONDO,CONDO,Niagara,43.6433727,-79.4041107,1,1,1,750.0
538000.0,488000.0,538000.0,CONDO,CONDO,Niagara,43.6371837,-79.4018766,1,1,1,550.0
555000.0,525000.0,555000.0,CONDO,CONDO,Regent Park,43.6600823,-79.3659556,1,1,1,650.0
545000.0,579900.0,545000.0,CONDO,CONDO,Kensington-Chinatown,43.6567079,-79.3921349,1,1,1,550.0
535000.0,545000.0,535000.0,CONDO,CONDO,Niagara,43.6457396,-79.4037327,1,0,1,550.0
525000.0,499900.0,525000.0,CONDO,CONDO,Niagara,43.6432744,-79.404727,1,1,1,650.0
582000.0,549990.0,582000.0,CONDO,CONDO,Kensington-Chinatown,43.6498673,-79.39918779999999,1,1,1,550.0
695000.0,699000.0,695000.0,CONDO,CONDO,Moss Park,43.6508207,-79.3712023,1,1,2,850.0
620000.0,639800.0,620000.0,CONDO,CONDO,South Riverdale,43.657839,-79.3513948,2,0,1,650.0
618000.0,639900.0,618000.0,CONDO,CONDO,Waterfront Communities The Island,43.6439014,-79.3994795,1,0,1,550.0
690000.0,729000.0,690000.0,CONDO,CONDO,Rosedale Moore Park,43.6771494,-79.3742142,1,0,1,750.0
620000.0,649900.0,620000.0,CONDO,CONDO,Cabbagetown South St James Town,43.6652923,-79.3763335,2,0,1,850.0
666000.0,700000.0,666000.0,CONDO,CONDO,Waterfront Communities C1,43.6475245,-79.38993119999999,1,1,1,550.0
695000.0,695000.0,695000.0,CONDO,CONDO,Mount Pleasant West,43.7105663,-79.3932957,2,0,2,650.0
613000.0,499800.0,613000.0,CONDO,CONDO,Bay Street Corridor,43.6568586,-79.3836642,1,1,2,850.0
626800.0,579000.0,626800.0,CONDO,CONDO,Church-Yonge Corridor,43.6631881,-79.3836001,1,1,1,550.0
675000.0,699000.0,675000.0,CONDO,CONDO,Mount Pleasant West,43.7070855,-79.3977452,2,1,2,750.0
689000.0,689000.0,689000.0,CONDO,CONDO,Regent Park,43.66142989999999,-79.3585118,2,0,2,750.0
700000.0,738800.0,700000.0,CONDO,CONDO,Bay Street Corridor,43.6595018,-79.3847849,1,1,2,750.0
675000.0,675000.0,675000.0,CONDO,CONDO,Roncesvalles,43.6498372,-79.4445731,1,0,1,550.0
625000.0,629900.0,625000.0,CONDO,CONDO,North St James Town,43.6671746,-79.3763191,1,1,1,650.0
643500.0,649000.0,643500.0,CONDO,CONDO,Trinity-Bellwoods,43.64158620000001,-79.4159365,1,1,1,650.0
697000.0,729900.0,697000.0,CONDO,CONDO,Waterfront Communities C8,43.6463554,-79.36504699999999,1,1,1,650.0
672750.0,599999.0,672750.0,CONDO,CONDO,Niagara,43.6410139,-79.4037653,2,0,1,650.0
649900.0,649900.0,649900.0,CONDO,CONDO,Bay Street Corridor,43.666815,-79.3875312,2,0,1,750.0
659160.0,649000.0,659160.0,CONDO,CONDO,Waterfront Communities The Island,43.6392884,-79.3857185,1,1,1,750.0
625000.0,649000.0,625000.0,CONDO,CONDO,Junction Area,43.6667815,-79.4637755,1,1,1,650.0
700000.0,708000.0,700000.0,CONDO,CONDO,Regent Park,43.6601105,-79.3605898,2,0,2,750.0
680000.0,598888.0,680000.0,CONDO,CONDO,Niagara,43.6432744,-79.404727,2,1,1,950.0
677000.0,699900.0,677000.0,CONDO,CONDO,Weston-Pellam Park,43.6735145,-79.46209689999999,2,0,2,850.0
700000.0,749000.0,700000.0,CONDO,CONDO,Waterfront Communities C1,43.6476803,-79.3969205,2,0,2,750.0
609000.0,635000.0,609000.0,CONDO,CONDO,High Park-Swansea,43.6484374,-79.4865948,1,0,1,550.0
700000.0,599999.0,700000.0,CONDO,CONDO,Niagara,43.6395092,-79.4151815,2,0,1,750.0
610000.0,625000.0,610000.0,CONDO,CONDO,Niagara,43.6357104,-79.3988424,1,2,1,650.0
695000.0,699000.0,695000.0,CONDO,CONDO,Mount Pleasant West,43.6994548,-79.387092,1,1,1,650.0
672000.0,599990.0,672000.0,CONDO,CONDO,Niagara,43.6398765,-79.4167372,1,1,2,650.0
625000.0,675000.0,625000.0,CONDO,CONDO,Eringate Centennial West Deane,43.6556925,-79.5710921,3,1,2,1500.0
622000.0,649900.0,622000.0,CONDO,CONDO,Niagara,43.6427421,-79.4070732,1,1,1,650.0
660000.0,649000.0,660000.0,CONDO,CONDO,Cabbagetown-South St. James Town,43.6647681,-79.37674539999999,2,0,2,850.0
735000.0,799900.0,735000.0,CONDO,CONDO,Waterfront Communities C1,43.6480809,-79.3910262,2,0,1,750.0
740000.0,749800.0,740000.0,CONDO,CONDO,North St James Town,43.6717165,-79.3716453,2,0,2,850.0
730000.0,699000.0,730000.0,CONDO,CONDO,Mount Pleasant West,43.7060573,-79.3977655,2,0,2,750.0
703500.0,707000.0,703500.0,CONDO,CONDO,Mount Pleasant East,43.7058337,-79.3952232,2,0,2,650.0
760000.0,770000.0,760000.0,CONDO,CONDO,Moss Park,43.6516467,-79.3694406,2,0,2,850.0
705000.0,738000.0,705000.0,CONDO,CONDO,Regent Park,43.6594036,-79.3611785,2,0,2,750.0
720000.0,750000.0,720000.0,CONDO,CONDO,Waterfront Communities C8,43.6536918,-79.3552269,2,0,2,750.0
710000.0,729900.0,710000.0,CONDO,CONDO,Waterfront Communities The Island,43.6468329,-79.3752164,1,1,1,650.0
725000.0,749000.0,725000.0,CONDO,CONDO,Lawrence Park North,43.7264262,-79.4039146,2,0,2,850.0
712000.0,719000.0,712000.0,CONDO,CONDO,Church Yonge Corridor,43.6693046,-79.3821176,2,1,2,1300.0
742000.0,770000.0,742000.0,CONDO,CONDO,Waterfront Communities C8,43.655305,-79.3537502,2,0,2,750.0
790000.0,818000.0,790000.0,CONDO,CONDO,Waterfront Communities The Island,43.6445254,-79.4025822,1,0,1,750.0
735000.0,739900.0,735000.0,CONDO,CONDO,Regent Park,43.6605932,-79.3593489,2,0,2,750.0
745000.0,749900.0,745000.0,CONDO,CONDO,Moss Park,43.6520514,-79.3716159,1,1,1,750.0
740000.0,599000.0,740000.0,CONDO,CONDO,Waterfront Communities C8,43.6449381,-79.363673,1,1,1,750.0
750000.0,797900.0,750000.0,CONDO,CONDO,South Riverdale,43.6652349,-79.3411672,2,1,2,750.0
735000.0,745000.0,735000.0,CONDO,CONDO,Niagara,43.638563,-79.412811,2,0,2,750.0
758000.0,740000.0,758000.0,CONDO,CONDO,Bay Street Corridor,43.6569939,-79.3821206,2,1,2,750.0
772000.0,724990.0,772000.0,CONDO,CONDO,Mount Pleasant West,43.704232,-79.3973465,2,0,2,650.0
755000.0,499900.0,755000.0,CONDO,CONDO,Greenwood Coxwell,43.6738549,-79.3199541,2,0,2,850.0
770000.0,788000.0,770000.0,CONDO,CONDO,Church-Yonge Corridor,43.6610167,-79.3765617,2,0,2,1300.0
755000.0,788800.0,755000.0,CONDO,CONDO,Niagara,43.641087,-79.4183872,3,0,1,950.0
715000.0,649900.0,715000.0,CONDO,CONDO,Waterfront Communities C1,43.6412251,-79.3809582,1,1,2,750.0
747500.0,779900.0,747500.0,CONDO,CONDO,East End Danforth,43.6807387,-79.2883524,1,0,1,750.0
730000.0,599000.0,730000.0,CONDO,CONDO,Waterfront Communities The Island,43.6401213,-79.3812266,1,1,2,750.0
705000.0,748888.0,705000.0,CONDO,CONDO,Waterfront Communities C8,43.6455213,-79.3687484,2,0,2,850.0
725000.0,724900.0,725000.0,CONDO,CONDO,Niagara,43.6415894,-79.4157619,1,1,1,650.0
715500.0,769900.0,715500.0,CONDO,CONDO,Annex,43.6675198,-79.4011128,2,0,1,750.0
750000.0,785000.0,750000.0,CONDO,CONDO,North St James Town,43.6708289,-79.3768492,2,0,2,950.0
765000.0,749900.0,765000.0,CONDO,CONDO,Mount Pleasant West,43.6972775,-79.3896236,2,0,1,750.0
725000.0,649000.0,725000.0,CONDO,CONDO,Niagara,43.6395092,-79.4151815,2,0,1,750.0
730000.0,769000.0,730000.0,CONDO,CONDO,Regent Park,43.6602279,-79.3649687,2,0,2,850.0
710000.0,739000.0,710000.0,CONDO,CONDO,Church Yonge Corridor,43.6693046,-79.3821176,2,0,2,1500.0
779000.0,799000.0,779000.0,CONDO,CONDO,Yonge-St. Clair,43.6864734,-79.4001668,2,0,1,750.0
779000.0,779000.0,779000.0,CONDO,CONDO,Roncesvalles,43.6499681,-79.4441693,1,0,1,650.0
720000.0,724900.0,720000.0,CONDO,CONDO,Roncesvalles,43.6519444,-79.450175,1,1,1,650.0
735000.0,757000.0,735000.0,CONDO,CONDO,Roncesvalles,43.6525644,-79.4511968,1,1,1,850.0
747000.0,750000.0,747000.0,CONDO,CONDO,Church-Yonge Corridor,43.651914,-79.3739662,2,0,2,950.0
760000.0,799900.0,760000.0,CONDO,CONDO,High Park Swansea,43.636943,-79.4689321,2,0,2,850.0
780000.0,819000.0,780000.0,CONDO,CONDO,Niagara,43.6384589,-79.4140635,2,0,2,750.0
700000.0,697000.0,700000.0,CONDO,CONDO,Church Yonge Corridor,43.6491763,-79.3770958,2,0,2,750.0
720000.0,778000.0,720000.0,CONDO,CONDO,Waterfront Communities C8,43.6455213,-79.3687484,2,0,2,750.0
731000.0,775000.0,731000.0,CONDO,CONDO,Bay Street Corridor,43.6599507,-79.3849463,1,1,2,750.0
702000.0,729900.0,702000.0,CONDO,CONDO,Bay Street Corridor,43.6595018,-79.3847849,1,1,2,750.0
725000.0,729900.0,725000.0,CONDO,CONDO,Little Portugal,43.6432865,-79.4277898,2,0,2,750.0
732000.0,749000.0,732000.0,CONDO,CONDO,Regent Park,43.6611063,-79.3595908,2,0,2,750.0
792000.0,799000.0,792000.0,CONDO,CONDO,Waterfront Communities The Island,43.6501177,-79.3579349,2,0,2,850.0
750000.0,785000.0,750000.0,CONDO,CONDO,Mount Pleasant West,43.7052295,-79.3964318,2,1,2,1300.0
725000.0,749000.0,725000.0,CONDO,CONDO,Kensington-Chinatown,43.65280560000001,-79.3905954,2,0,1,850.0
774000.0,780000.0,774000.0,CONDO,CONDO,Moss Park,43.6516467,-79.3694406,2,0,2,850.0
735000.0,748000.0,735000.0,CONDO,CONDO,Waterfront Communities The Island,43.6488825,-79.3652193,2,1,2,1100.0
710000.0,728000.0,710000.0,CONDO,CONDO,Mount Pleasant East,43.7058187,-79.3959738,2,0,2,750.0
705000.0,739000.0,705000.0,CONDO,CONDO,Waterfront Communities The Island,43.6393446,-79.3929716,1,1,1,650.0
750000.0,799800.0,750000.0,CONDO,CONDO,Waterfront Communities C1,43.6368787,-79.3966477,1,1,1,850.0
760000.0,799999.0,760000.0,CONDO,CONDO,Annex,43.6748081,-79.3996562,2,0,2,650.0
715000.0,720000.0,715000.0,CONDO,CONDO,Cabbagetown-South St. James Town,43.6673247,-79.3727384,2,0,2,350.0
725000.0,745000.0,725000.0,CONDO,CONDO,Waterfront Communities The Island,43.6440617,-79.3894386,1,1,1,650.0
705000.0,699900.0,705000.0,CONDO,CONDO,Waterfront Communities The Island,43.6427513,-79.3769186,2,0,2,950.0
720000.0,739900.0,720000.0,CONDO,CONDO,Church Yonge Corridor,43.6515293,-79.375757,2,0,1,750.0
728000.0,779000.0,728000.0,CONDO,CONDO,Bay Street Corridor,43.6694723,-79.3874877,1,1,2,850.0
730000.0,749000.0,730000.0,CONDO,CONDO,Yonge-Eglinton,43.700445,-79.397789,2,0,2,750.0
800000.0,790000.0,800000.0,CONDO,CONDO,Annex,43.668542,-79.397174,1,1,1,650.0
713500.0,748800.0,713500.0,CONDO,CONDO,Waterfront Communities C1,43.6481267,-79.391866,2,0,1,650.0
770000.0,799000.0,770000.0,CONDO,CONDO,Niagara,43.6396649,-79.4146468,2,0,2,850.0
700000.0,699900.0,700000.0,CONDO,CONDO,Mount Pleasant West,43.7069544,-79.395016,2,0,2,750.0
715000.0,739900.0,715000.0,CONDO,CONDO,Waterfront Communities The Island,43.6406816,-79.376999,1,0,1,1100.0
710000.0,779900.0,710000.0,CONDO,CONDO,Church-Yonge Corridor,43.6655348,-79.3801464,2,0,2,1100.0
793000.0,799900.0,793000.0,CONDO,CONDO,Waterfront Communities C1,43.6393941,-79.3997862,2,0,2,850.0
865000.0,889999.0,865000.0,CONDO,CONDO,Waterfront Communities The Island,43.6511969,-79.3589449,2,0,2,1100.0
900000.0,969000.0,900000.0,CONDO,CONDO,Moss Park,43.6529344,-79.36660599999999,2,0,2,850.0
850000.0,919000.0,850000.0,CONDO,CONDO,The Beaches,43.6787626,-79.2975325,2,0,2,850.0
848000.0,888000.0,848000.0,CONDO,CONDO,Waterfront Communities C1,43.6471782,-79.3910623,2,0,2,850.0
815000.0,849000.0,815000.0,CONDO,CONDO,Niagara,43.6427421,-79.4070732,2,1,2,950.0
860000.0,895000.0,860000.0,CONDO,CONDO,Lawrence Park South,43.7215298,-79.4123672,2,0,2,950.0
899102.0,799000.0,899102.0,CONDO,CONDO,Mount Pleasant West,43.6964558,-79.3933434,2,0,2,950.0
870000.0,899900.0,870000.0,CONDO,CONDO,Junction Area,43.6704884,-79.4781969,2,2,3,1100.0
895000.0,800000.0,895000.0,CONDO,CONDO,Roncesvalles,43.6503421,-79.4444185,2,0,2,850.0
870000.0,899999.0,870000.0,CONDO,CONDO,Regent Park,43.6610187,-79.3635907,3,0,2,1100.0
885000.0,899990.0,885000.0,CONDO,CONDO,Waterfront Communities The Island,43.6448836,-79.3920974,2,0,2,1300.0
820000.0,849000.0,820000.0,CONDO,CONDO,Bay Street Corridor,43.6568586,-79.3836642,2,0,2,1100.0
835000.0,879000.0,835000.0,CONDO,CONDO,Mount Pleasant West,43.7065237,-79.3920212,2,1,2,950.0
827000.0,829000.0,827000.0,CONDO,CONDO,Niagara,43.6398765,-79.4167372,2,1,2,850.0
805000.0,699900.0,805000.0,CONDO,CONDO,Little Portugal,43.641523,-79.4240871,2,0,2,850.0
858500.0,889000.0,858500.0,CONDO,CONDO,South Riverdale,43.6584891,-79.3511249,2,0,2,850.0
840000.0,879000.0,840000.0,CONDO,CONDO,Waterfront Communities The Island,43.6461536,-79.3752086,1,1,2,1300.0
810000.0,839000.0,810000.0,CONDO,CONDO,High Park North,43.6547778,-79.4688142,2,0,1,1100.0
830000.0,898000.0,830000.0,CONDO,CONDO,Mount Pleasant West,43.708536,-79.3974755,2,1,2,1500.0
860000.0,899888.0,860000.0,CONDO,CONDO,Niagara,43.6397892,-79.4098417,2,1,2,850.0
867000.0,872000.0,867000.0,CONDO,CONDO,Rosedale Moore Park,43.6724987,-79.3774996,2,0,2,1100.0
850000.0,899000.0,850000.0,CONDO,CONDO,Moss Park,43.6565512,-79.3574839,2,1,2,850.0
850000.0,899900.0,850000.0,CONDO,CONDO,Mount Pleasant West,43.7116204,-79.3955165,2,1,2,950.0
875000.0,699000.0,875000.0,CONDO,CONDO,Dufferin Grove,43.6536281,-79.4430752,2,0,2,850.0
815000.0,849900.0,815000.0,CONDO,CONDO,Mount Pleasant West,43.7084796,-79.3975213,2,1,2,850.0
860000.0,879000.0,860000.0,CONDO,CONDO,Mount Pleasant East,43.7125911,-79.3776798,2,0,2,1300.0
890000.0,887000.0,890000.0,CONDO,CONDO,Waterfront Communities C8,43.64682519999999,-79.3751298,2,0,2,1100.0
815000.0,818000.0,815000.0,CONDO,CONDO,The Beaches,43.66765,-79.3038,1,1,1,650.0
830000.0,899900.0,830000.0,CONDO,CONDO,Waterfront Communities The Island,43.6403108,-79.3908593,2,1,2,1100.0
825000.0,899001.0,825000.0,CONDO,CONDO,Waterfront Communities C8,43.6451075,-79.3692911,2,0,2,750.0
899000.0,949000.0,899000.0,CONDO,CONDO,Waterfront Communities C8,43.6416066,-79.3719866,2,0,2,850.0
824500.0,777000.0,824500.0,CONDO,CONDO,Church Yonge Corridor,43.6517024,-79.3747876,1,1,2,350.0
820000.0,848000.0,820000.0,CONDO,CONDO,Church Yonge Corridor,43.6700844,-79.3805554,2,0,2,850.0
805000.0,729900.0,805000.0,CONDO,CONDO,Niagara,43.6430001,-79.4038183,2,1,2,1100.0
825000.0,880000.0,825000.0,CONDO,CONDO,Forest Hill South,43.686339,-79.4127338,1,0,2,1100.0
815000.0,828000.0,815000.0,CONDO,CONDO,Mount Pleasant West,43.7107674,-79.3943498,2,1,2,850.0
900000.0,929900.0,900000.0,CONDO,CONDO,Waterfront Communities C1,43.6459582,-79.3898731,3,0,2,950.0
875000.0,895000.0,875000.0,CONDO,CONDO,Yonge St Clair,43.6855437,-79.3934229,2,0,2,1100.0
860000.0,890000.0,860000.0,CONDO,CONDO,Rosedale Moore Park,43.6729857,-79.3870289,2,1,2,850.0
837000.0,895000.0,837000.0,CONDO,CONDO,Lawrence Park South,43.7211444,-79.4117899,2,0,2,1100.0
900000.0,949900.0,900000.0,CONDO,CONDO,High Park North,43.655709,-79.4564077,2,0,2,1100.0
950000.0,888000.0,950000.0,CONDO,CONDO,Waterfront Communities C1,43.6456213,-79.3919338,3,0,2,950.0
960000.0,985000.0,960000.0,CONDO,CONDO,Lawrence Park South,43.7211444,-79.4117899,2,1,2,1100.0
1000000.0,1100000.0,1000000.0,CONDO,CONDO,Annex,43.673341,-79.3892433,2,1,2,1700.0
950000.0,1029000.0,950000.0,CONDO,CONDO,Annex,43.6720081,-79.3879319,2,0,2,950.0
930000.0,969000.0,930000.0,CONDO,CONDO,Waterfront Communities The Island,43.6421254,-79.3807088,2,0,2,950.0
980000.0,999000.0,980000.0,CONDO,CONDO,Waterfront Communities The Island,43.6372862,-79.3909081,1,1,2,1500.0
915000.0,948000.0,915000.0,CONDO,CONDO,Moss Park,43.653598,-79.3662319,2,0,2,850.0
985000.0,979000.0,985000.0,CONDO,CONDO,Mount Pleasant West,43.7065237,-79.3920212,2,1,2,1100.0
905000.0,950000.0,905000.0,CONDO,CONDO,Niagara,43.6386152,-79.4127418,1,1,2,1100.0
935000.0,976000.0,935000.0,CONDO,CONDO,Waterfront Communities The Island,43.6427017,-79.3933634,2,1,2,1100.0
915000.0,919900.0,915000.0,CONDO,CONDO,High Park North,43.654449,-79.4680817,2,0,2,950.0
950000.0,998000.0,950000.0,CONDO,CONDO,The Beaches,43.6673714,-79.3110607,2,0,2,950.0
999000.0,999000.0,999000.0,CONDO,CONDO,The Beaches,43.6673714,-79.3110607,2,1,2,950.0
955000.0,989000.0,955000.0,CONDO,CONDO,Niagara,43.6363712,-79.4027602,2,0,2,950.0
968888.0,989000.0,968888.0,CONDO,CONDO,Church-Yonge Corridor,43.6519098,-79.3770909,2,1,2,850.0
960000.0,995000.0,960000.0,CONDO,CONDO,Waterfront Communities C8,43.6528879,-79.35544039999999,2,1,2,950.0
950000.0,1048000.0,950000.0,CONDO,CONDO,Church-Yonge Corridor,43.6631881,-79.3836001,3,0,2,950.0
960000.0,999900.0,960000.0,CONDO,CONDO,Waterfront Communities C8,43.6451075,-79.3692911,2,0,2,850.0
935000.0,1088000.0,935000.0,CONDO,CONDO,Waterfront Communities C8,43.6528879,-79.35544039999999,2,1,2,950.0
1058000.0,1188000.0,1058000.0,CONDO,CONDO,Casa Loma,43.6790191,-79.3981227,2,0,2,850.0
1045000.0,1136000.0,1045000.0,CONDO,CONDO,Waterfront Communities The Island,43.6480735,-79.3741188,2,0,2,950.0
1100000.0,1139000.0,1100000.0,CONDO,CONDO,The Beaches,43.678702,-79.3002078,2,1,2,1100.0
1080000.0,1079000.0,1080000.0,CONDO,CONDO,Waterfront Communities The Island,43.642422,-79.3755829,2,0,2,1300.0
1060000.0,999990.0,1060000.0,CONDO,CONDO,Kensington-Chinatown,43.6496767,-79.3992309,2,1,3,1100.0
1055000.0,1200000.0,1055000.0,CONDO,CONDO,Waterfront Communities C1,43.6479866,-79.3918411,3,0,2,950.0
1100000.0,1150000.0,1100000.0,CONDO,CONDO,Niagara,43.6414946,-79.4100723,2,0,2,1100.0
1030000.0,1099900.0,1030000.0,CONDO,CONDO,East End-Danforth,43.6807328,-79.2877203,2,0,2,1100.0
1085000.0,1248000.0,1085000.0,CONDO,CONDO,Church-Yonge Corridor,43.6702331,-79.3843476,2,1,2,1300.0
1098000.0,1098000.0,1098000.0,CONDO,CONDO,South Riverdale,43.6625248,-79.3400404,2,0,2,1100.0
1095000.0,1099000.0,1095000.0,CONDO,CONDO,The Beaches,43.67430299999999,-79.3072454,2,0,2,1100.0
1030000.0,1049900.0,1030000.0,CONDO,CONDO,Niagara,43.6449103,-79.4142458,2,1,2,1100.0
1025000.0,1099000.0,1025000.0,CONDO,CONDO,South Parkdale,43.635715,-79.467226,2,0,3,950.0
1050000.0,999000.0,1050000.0,CONDO,CONDO,Bay Street Corridor,43.6645609,-79.3852342,3,0,2,850.0
1140000.0,1180000.0,1140000.0,CONDO,CONDO,Waterfront Communities The Island,43.6372862,-79.3909081,2,0,2,1300.0
1200000.0,1249999.0,1200000.0,CONDO,CONDO,The Beaches,43.6800422,-79.2904733,2,1,2,1300.0
1105000.0,999999.0,1105000.0,CONDO,CONDO,Waterfront Communities The Island,43.6440617,-79.3894386,2,1,2,1100.0
1156000.0,1175000.0,1156000.0,CONDO,CONDO,Edenbridge Humber Valley,43.6600719,-79.5164138,2,1,3,1300.0
1155000.0,1190000.0,1155000.0,CONDO,CONDO,Roncesvalles,43.6519444,-79.450175,2,1,2,1100.0
1200000.0,1274900.0,1200000.0,CONDO,CONDO,Waterfront Communities C8,43.6520432,-79.3551781,3,1,2,1300.0
1179900.0,1189000.0,1179900.0,CONDO,CONDO,Yonge-St. Clair,43.6897659,-79.4021711,2,1,2,950.0
1150000.0,1200000.0,1150000.0,CONDO,CONDO,Annex,43.6699638,-79.3938492,2,0,2,1700.0
1195000.0,1249000.0,1195000.0,CONDO,CONDO,Waterfront Communities The Island,43.6520263,-79.37160519999999,2,1,2,1300.0
1180000.0,1233000.0,1180000.0,CONDO,CONDO,Mount Pleasant West,43.6959683,-79.3957747,2,0,2,1100.0
1150000.0,1249800.0,1150000.0,CONDO,CONDO,Bay Street Corridor,43.66186140000001,-79.3841461,2,1,2,850.0
1100000.0,1165000.0,1100000.0,CONDO,CONDO,Waterfront Communities The Island,43.6438059,-79.3916717,2,0,2,1100.0
1150000.0,1195100.0,1150000.0,CONDO,CONDO,Waterfront Communities C8,43.6436476,-79.3737615,2,1,2,950.0
1165000.0,1179800.0,1165000.0,CONDO,CONDO,Junction Area,43.6650475,-79.4597091,2,1,2,950.0
1149000.0,1149000.0,1149000.0,CONDO,CONDO,High Park Swansea,43.6484374,-79.4865948,2,0,2,1100.0
1130000.0,1199000.0,1130000.0,CONDO,CONDO,Forest Hill South,43.6884978,-79.4146412,2,0,2,1300.0
1125000.0,1125000.0,1125000.0,CONDO,CONDO,Birchcliffe Cliffside,43.6809724,-79.282023,2,0,2,1100.0
1300000.0,1300000.0,1300000.0,CONDO,CONDO,High Park North,43.654449,-79.4680817,2,0,2,1100.0
1300000.0,1355000.0,1300000.0,CONDO,CONDO,Annex,43.6756017,-79.3978774,2,0,2,1300.0
1240000.0,1324900.0,1240000.0,CONDO,CONDO,Niagara,43.636454,-79.40189240000001,3,0,2,1300.0
1300000.0,1399999.0,1300000.0,CONDO,CONDO,North St James Town,43.66699450000001,-79.37636619999999,2,0,3,1500.0
1250000.0,1200000.0,1250000.0,CONDO,CONDO,Rosedale Moore Park,43.6746785,-79.3860744,2,1,2,1500.0
1230000.0,1249000.0,1230000.0,CONDO,CONDO,Waterfront Communities The Island,43.6401306,-79.3938481,2,1,2,1300.0
1230000.0,1269000.0,1230000.0,CONDO,CONDO,Rosedale Moore Park,43.6724917,-79.3781288,2,1,2,1700.0
1295000.0,1298000.0,1295000.0,CONDO,CONDO,Bay Street Corridor,43.6668981,-79.3890419,2,0,2,850.0
1250000.0,1328000.0,1250000.0,CONDO,CONDO,Waterfront Communities C1,43.6417088,-79.3793164,2,1,2,1100.0
1260000.0,1260000.0,1260000.0,CONDO,CONDO,Yonge St Clair,43.6855437,-79.3934229,2,0,2,1100.0
1270000.0,1319900.0,1270000.0,CONDO,CONDO,Waterfront Communities The Island,43.6430829,-79.4018327,2,0,2,1100.0
1300000.0,1395000.0,1300000.0,CONDO,CONDO,Yonge Eglinton,43.7080437,-79.4096643,2,1,2,1500.0
1272500.0,1295000.0,1272500.0,CONDO,CONDO,Waterfront Communities The Island,43.6430829,-79.4018327,2,1,2,1300.0
1298000.0,1298000.0,1298000.0,CONDO,CONDO,Yonge St Clair,43.6892416,-79.3952485,2,0,2,1100.0
1324000.0,899000.0,1324000.0,CONDO,CONDO,Roncesvalles,43.6519708,-79.451622,2,1,2,950.0
1386000.0,1395000.0,1386000.0,CONDO,CONDO,Rosedale Moore Park,43.672274,-79.3804573,2,1,2,1700.0
1400000.0,1349000.0,1400000.0,CONDO,CONDO,The Beaches,43.6800422,-79.2904733,2,1,2,1300.0
1380000.0,1380000.0,1380000.0,CONDO,CONDO,The Beaches,43.6642589,-79.3094767,2,0,2,1100.0
1312500.0,1399900.0,1312500.0,CONDO,CONDO,Waterfront Communities C1,43.6457098,-79.3945777,2,0,3,1300.0
1330000.0,1399000.0,1330000.0,CONDO,CONDO,South Riverdale,43.6575992,-79.3498961,1,0,1,1300.0
1350000.0,1399000.0,1350000.0,CONDO,CONDO,Rosedale-Moore Park,43.6737772,-79.3711653,2,1,2,1500.0
1350000.0,1389000.0,1350000.0,CONDO,CONDO,Bay Street Corridor,43.6644522,-79.3881835,2,1,2,1700.0
1400000.0,1449000.0,1400000.0,CONDO,CONDO,Waterfront Communities C1,43.6471274,-79.3995797,2,1,2,1100.0
1380000.0,1249000.0,1380000.0,CONDO,CONDO,Bay Street Corridor,43.6617616,-79.3836302,2,1,3,1300.0
1350000.0,1388000.0,1350000.0,CONDO,CONDO,Rosedale Moore Park,43.672274,-79.3804573,3,0,2,1900.0
1344000.0,1199000.0,1344000.0,CONDO,CONDO,Annex,43.67372659999999,-79.4122197,2,1,3,1300.0
1320000.0,1399000.0,1320000.0,CONDO,CONDO,Bay Street Corridor,43.6569939,-79.3821206,3,0,2,1100.0
1350000.0,1350000.0,1350000.0,CONDO,CONDO,Annex,43.6696058,-79.3917007,1,0,2,1100.0
1330000.0,1399000.0,1330000.0,CONDO,CONDO,Waterfront Communities The Island,43.6414554,-79.3912936,3,0,3,1500.0
1330000.0,1299999.0,1330000.0,CONDO,CONDO,Waterfront Communities The Island,43.6457578,-79.3946255,2,0,2,1300.0
1372000.0,1499999.0,1372000.0,CONDO,CONDO,Waterfront Communities The Island,43.6428617,-79.3769141,3,0,2,1300.0
1400000.0,1429900.0,1400000.0,CONDO,CONDO,Waterfront Communities The Island,43.646841,-79.390268,2,0,2,1300.0
1329000.0,1329000.0,1329000.0,CONDO,CONDO,Annex,43.67372659999999,-79.4122197,2,1,3,1300.0
1300000.0,1349000.0,1300000.0,CONDO,CONDO,Lawrence Park South,43.7210011,-79.4017748,2,0,2,1500.0
1375000.0,1595000.0,1375000.0,CONDO,CONDO,Waterfront Communities The Island,43.6398111,-79.3776731,2,0,2,1700.0
1360000.0,1399000.0,1360000.0,CONDO,CONDO,Annex,43.6716254,-79.3877935,2,0,2,1100.0
1320000.0,1349000.0,1320000.0,CONDO,CONDO,Bay Street Corridor,43.6668981,-79.3890419,2,0,2,850.0
1349000.0,1349000.0,1349000.0,CONDO,CONDO,High Park North,43.6556663,-79.4682434,3,0,2,1300.0
1349000.0,1349000.0,1349000.0,CONDO,CONDO,Banbury Don Mills,43.7388732,-79.3443723,2,0,2,2124.0
1350000.0,1479000.0,1350000.0,CONDO,CONDO,Forest Hill South,43.6879328,-79.4154131,2,0,2,1500.0
1370000.0,1399000.0,1370000.0,CONDO,CONDO,Annex,43.6716254,-79.3877935,2,0,2,1100.0
1300000.0,1650000.0,1300000.0,CONDO,CONDO,Bay Street Corridor,43.6490534,-79.3861546,2,0,3,1500.0
1328000.0,1099999.0,1328000.0,CONDO,CONDO,Waterfront Communities C1,43.641872,-79.3796564,3,0,2,1100.0
1320000.0,1390000.0,1320000.0,CONDO,CONDO,Waterfront Communities C1,43.6475245,-79.38993119999999,3,0,2,1300.0
1300000.0,1349000.0,1300000.0,CONDO,CONDO,Lawrence Park South,43.7244341,-79.4022961,2,1,2,950.0
1380000.0,1489000.0,1380000.0,CONDO,CONDO,Bay Street Corridor,43.6490534,-79.3861546,1,1,1,1100.0
1315000.0,1349000.0,1315000.0,CONDO,CONDO,Roncesvalles,43.6519708,-79.451622,2,0,2,950.0
1320000.0,1390000.0,1320000.0,CONDO,CONDO,Yonge St Clair,43.6865805,-79.3975526,2,0,2,1300.0
1314000.0,1385000.0,1314000.0,CONDO,CONDO,Waterfront Communities The Island,43.6423736,-79.4009157,1,0,1,1100.0
1425000.0,1450000.0,1425000.0,CONDO,CONDO,Waterfront Communities The Island,43.646841,-79.390268,2,0,2,1300.0
1500000.0,1588000.0,1500000.0,CONDO,CONDO,Rosedale Moore Park,43.6810606,-79.3897705,2,0,2,1300.0
1470000.0,1485000.0,1470000.0,CONDO,CONDO,Rosedale Moore Park,43.672274,-79.3804573,3,0,2,2124.0
1450000.0,1459000.0,1450000.0,CONDO,CONDO,Forest Hill South,43.6871777,-79.41507519999999,2,0,2,1500.0
1425000.0,1549999.0,1425000.0,CONDO,CONDO,Lawrence Park South,43.7186636,-79.4005926,2,0,3,1300.0
1460000.0,1499000.0,1460000.0,CONDO,CONDO,Rosedale-Moore Park,43.6853296,-79.3925252,2,0,2,1300.0
1415000.0,1458900.0,1415000.0,CONDO,CONDO,Mount Pleasant West,43.7002631,-79.3965898,2,0,3,1100.0
1417500.0,1449000.0,1417500.0,CONDO,CONDO,Waterfront Communities C1,43.6468582,-79.3997116,2,0,2,1100.0
1500000.0,1550000.0,1500000.0,CONDO,CONDO,Annex,43.668542,-79.397174,2,0,2,950.0
1410000.0,1499999.0,1410000.0,CONDO,CONDO,Bay Street Corridor,43.6490534,-79.3861546,2,0,3,1300.0
1448000.0,1498000.0,1448000.0,CONDO,CONDO,Church-Yonge Corridor,43.6700845,-79.3864005,2,1,3,1100.0
1430000.0,1488800.0,1430000.0,CONDO,CONDO,Waterfront Communities C1,43.641872,-79.3796564,3,0,2,1100.0
1460000.0,1480000.0,1460000.0,CONDO,CONDO,Waterfront Communities C1,43.6432614,-79.3761533,3,0,2,1300.0
1495000.0,1500000.0,1495000.0,CONDO,CONDO,Mount Pleasant West,43.70877249999999,-79.3937821,2,1,2,1300.0
1460000.0,1479900.0,1460000.0,CONDO,CONDO,Annex,43.67380139999999,-79.4122324,2,1,3,1300.0
1449000.0,1449000.0,1449000.0,CONDO,CONDO,Lawrence Park South,43.717523,-79.4003183,2,1,2,1500.0
1500000.0,1635000.0,1500000.0,CONDO,CONDO,Rosedale Moore Park,43.6878595,-79.3890491,2,0,2,1100.0
1465000.0,1599900.0,1465000.0,CONDO,CONDO,Forest Hill South,43.6871601,-79.4150637,2,0,2,1500.0
1640000.0,1649000.0,1640000.0,CONDO,CONDO,Casa Loma,43.6882475,-79.4028074,2,0,2,1500.0
1555000.0,1649000.0,1555000.0,CONDO,CONDO,Casa Loma,43.6849627,-79.4116874,2,0,3,1900.0
1569999.0,1598000.0,1569999.0,CONDO,CONDO,Waterfront Communities The Island,43.6371859,-79.3961552,2,0,2,1100.0
1700000.0,1799000.0,1700000.0,CONDO,CONDO,Lawrence Park South,43.7210011,-79.4017748,2,0,3,1900.0
1590000.0,1669000.0,1590000.0,CONDO,CONDO,Church-Yonge Corridor,43.6484128,-79.3764665,2,1,2,1300.0
1550000.0,1588000.0,1550000.0,CONDO,CONDO,Mount Pleasant West,43.705293,-79.3972641,2,0,2,1500.0
1700000.0,1795000.0,1700000.0,CONDO,CONDO,Annex,43.6689136,-79.398247,2,0,3,2124.0
1520000.0,1550000.0,1520000.0,CONDO,CONDO,Annex,43.6694844,-79.3937943,2,0,3,1900.0
1540000.0,1620000.0,1540000.0,CONDO,CONDO,Annex,43.6698863,-79.3909824,2,0,2,1300.0
1585000.0,1595000.0,1585000.0,CONDO,CONDO,Annex,43.6694844,-79.3937943,2,0,2,1700.0
1520000.0,1299000.0,1520000.0,CONDO,CONDO,Church Yonge Corridor,43.6516524,-79.3769603,2,1,3,1500.0
1575000.0,1649000.0,1575000.0,CONDO,CONDO,Waterfront Communities The Island,43.6480735,-79.3741188,2,1,2,1300.0
1585000.0,1595000.0,1585000.0,CONDO,CONDO,High Park Swansea,43.6484374,-79.4865948,2,1,3,1300.0
1520000.0,1590000.0,1520000.0,CONDO,CONDO,Yonge St Clair,43.6865805,-79.3975526,2,0,2,1700.0
1640000.0,1679000.0,1640000.0,CONDO,CONDO,High Park Swansea,43.6474322,-79.4899983,2,0,2,1900.0
1665000.0,1750000.0,1665000.0,CONDO,CONDO,Waterfront Communities C1,43.6429418,-79.38055709999999,3,0,3,2124.0
1600000.0,1649000.0,1600000.0,CONDO,CONDO,Casa Loma,43.6856818,-79.4047339,2,0,3,350.0
1680000.0,1785000.0,1680000.0,CONDO,CONDO,Annex,43.6753313,-79.3971281,2,0,3,1500.0
1550000.0,1750000.0,1550000.0,CONDO,CONDO,Casa Loma,43.6899454,-79.4033746,2,0,2,1500.0
1692000.0,1950000.0,1692000.0,CONDO,CONDO,Bay Street Corridor,43.6490534,-79.3861546,2,0,3,1500.0
1630000.0,1890000.0,1630000.0,CONDO,CONDO,Waterfront Communities C1,43.641253,-79.3727863,2,0,2,1500.0
1535000.0,1599000.0,1535000.0,CONDO,CONDO,Waterfront Communities The Island,43.6398111,-79.3776731,2,1,2,1700.0
1680000.0,1599000.0,1680000.0,CONDO,CONDO,Waterfront Communities C1,43.6398111,-79.3776731,3,0,3,2374.0
1573500.0,1599000.0,1573500.0,CONDO,CONDO,Moss Park,43.6505002,-79.3695382,2,0,3,2124.0
1660000.0,1692000.0,1660000.0,CONDO,CONDO,Mount Pleasant West,43.6977732,-79.387333,2,1,2,1300.0
1560000.0,1575000.0,1560000.0,CONDO,CONDO,Waterfront Communities The Island,43.6445575,-79.4021809,2,0,2,1100.0
1900000.0,2050000.0,1900000.0,CONDO,CONDO,Waterfront Communities The Island,43.6454146,-79.387361,2,0,2,1500.0
1975000.0,1975000.0,1975000.0,CONDO,CONDO,Yonge St Clair,43.6865805,-79.3975526,2,0,2,1700.0
1800000.0,1799000.0,1800000.0,CONDO,CONDO,Waterfront Communities C8,43.6443936,-79.363966,2,1,3,1300.0
1762500.0,1849900.0,1762500.0,CONDO,CONDO,Waterfront Communities C1,43.6432934,-79.4013564,2,1,2,1500.0
1715000.0,1825000.0,1715000.0,CONDO,CONDO,Bay Street Corridor,43.6497827,-79.3804402,2,0,2,1900.0
1819000.0,1888000.0,1819000.0,CONDO,CONDO,Waterfront Communities The Island,43.6397347,-79.3920867,3,0,4,1700.0
1787000.0,1999000.0,1787000.0,CONDO,CONDO,Runnymede-Bloor West Village,43.6484374,-79.4865948,2,0,2,1300.0
1950000.0,1975000.0,1950000.0,CONDO,CONDO,Casa Loma,43.6815627,-79.3999553,2,1,2,1500.0
2000000.0,2250000.0,2000000.0,CONDO,CONDO,Annex,43.6702175,-79.3951083,2,0,3,1300.0
1725000.0,1888000.0,1725000.0,CONDO,CONDO,Waterfront Communities C8,43.6443936,-79.363966,2,1,3,1300.0
1870000.0,1995000.0,1870000.0,CONDO,CONDO,Waterfront Communities C1,43.6454133,-79.3872946,1,0,2,1300.0
1715000.0,1750000.0,1715000.0,CONDO,CONDO,Annex,43.6694844,-79.3937943,2,0,2,1700.0
1835000.0,1899000.0,1835000.0,CONDO,CONDO,Waterfront Communities C8,43.6451075,-79.3692911,2,1,2,1500.0
1900000.0,1999000.0,1900000.0,CONDO,CONDO,Waterfront Communities The Island,43.646841,-79.390268,2,1,2,1500.0
1900000.0,1949708.0,1900000.0,CONDO,CONDO,Lawrence Park South,43.7210011,-79.4017748,2,1,3,1900.0
1800000.0,1695000.0,1800000.0,CONDO,CONDO,Rosedale Moore Park,43.6728255,-79.3856552,2,1,2,1900.0
2000000.0,1999000.0,2000000.0,CONDO,CONDO,Yonge St Clair,43.6892416,-79.3952485,2,0,2,1700.0
1950000.0,2049000.0,1950000.0,CONDO,CONDO,Waterfront Communities The Island,43.6454146,-79.387361,2,0,2,1500.0
1750000.0,1850000.0,1750000.0,CONDO,CONDO,Church-Yonge Corridor,43.6700845,-79.3864005,2,1,3,1500.0
1720000.0,1799999.0,1720000.0,CONDO,CONDO,Waterfront Communities C1,43.64709000000001,-79.39993369999999,2,0,3,1300.0
1750000.0,1750000.0,1750000.0,CONDO,CONDO,Annex,43.671742,-79.387803,2,1,3,1300.0
1730000.0,1799000.0,1730000.0,CONDO,CONDO,Mount Pleasant West,43.7086965,-79.3967069,2,1,3,1900.0
1800000.0,1875000.0,1800000.0,CONDO,CONDO,Mount Pleasant West,43.7047626,-79.3890362,2,0,3,1900.0
1765000.0,1895000.0,1765000.0,CONDO,CONDO,Yonge St Clair,43.6873207,-79.3993936,2,0,3,1700.0
1950000.0,2080000.0,1950000.0,CONDO,CONDO,Bay Street Corridor,43.6497827,-79.3804402,2,0,3,2124.0
1722000.0,1780000.0,1722000.0,CONDO,CONDO,Waterfront Communities The Island,43.6398111,-79.3776731,2,0,2,1500.0
1900000.0,2050000.0,1900000.0,CONDO,CONDO,Waterfront Communities The Island,43.6454146,-79.387361,1,0,2,1700.0
1800000.0,1869000.0,1800000.0,CONDO,CONDO,Waterfront Communities The Island,43.6480735,-79.3741188,2,1,3,1500.0
1830000.0,2000000.0,1830000.0,CONDO,CONDO,Waterfront Communities The Island,43.6431621,-79.3762619,3,0,3,1700.0
1750000.0,1820000.0,1750000.0,CONDO,CONDO,Waterfront Communities The Island,43.6400837,-79.3790949,2,0,2,1300.0
1810000.0,1849000.0,1810000.0,CONDO,CONDO,Annex,43.6753313,-79.3971281,2,1,3,1300.0
2250000.0,2299000.0,2250000.0,CONDO,CONDO,Waterfront Communities The Island,43.6372862,-79.3909081,2,1,2,1700.0
2500000.0,2495000.0,2500000.0,CONDO,CONDO,Rosedale Moore Park,43.6807098,-79.3894335,2,1,2,1700.0
2050000.0,2250000.0,2050000.0,CONDO,CONDO,Waterfront Communities The Island,43.6454146,-79.387361,2,0,2,1500.0
2075000.0,2199000.0,2075000.0,CONDO,CONDO,Rosedale Moore Park,43.6878595,-79.3890491,2,0,2,1100.0
2253900.0,2305000.0,2253900.0,CONDO,CONDO,Waterfront Communities C1,43.6435087,-79.39656389999999,2,1,3,1700.0
2099000.0,2350000.0,2099000.0,CONDO,CONDO,Casa Loma,43.6862939,-79.4017541,2,0,2,1700.0
2150000.0,2308800.0,2150000.0,CONDO,CONDO,Waterfront Communities C1,43.6435087,-79.39656389999999,2,0,3,1700.0
2530000.0,2595000.0,2530000.0,CONDO,CONDO,Waterfront Communities C1,43.6435087,-79.39656389999999,2,0,3,1700.0
2963000.0,3100000.0,2963000.0,CONDO,CONDO,Bay Street Corridor,43.6497827,-79.3804402,2,0,3,3374.0
2705000.0,2920000.0,2705000.0,CONDO,CONDO,Annex,43.6711007,-79.3957329,2,0,3,2124.0
2750000.0,3099000.0,2750000.0,CONDO,CONDO,Waterfront Communities C1,43.6462538,-79.38359969999999,3,0,3,3124.0
2900000.0,3475000.0,2900000.0,CONDO,CONDO,Church-Yonge Corridor,43.6700845,-79.3864005,2,0,3,2374.0
2700000.0,2750000.0,2700000.0,CONDO,CONDO,Yonge St Clair,43.6900995,-79.4023575,2,1,3,2124.0
2950000.0,3099000.0,2950000.0,CONDO,CONDO,Bay Street Corridor,43.6490534,-79.3861546,2,1,3,1900.0
2875000.0,3275000.0,2875000.0,CONDO,CONDO,Bay Street Corridor,43.6497827,-79.3804402,2,0,3,3374.0
2850000.0,2999999.0,2850000.0,CONDO,CONDO,Annex,43.66869,-79.395704,2,0,3,2124.0
2850000.0,2995000.0,2850000.0,CONDO,CONDO,Annex,43.6756017,-79.3978774,3,1,3,1900.0
2530000.0,2570000.0,2530000.0,CONDO,CONDO,Waterfront Communities C1,43.6435087,-79.39656389999999,2,0,3,1700.0
2827000.0,2899000.0,2827000.0,CONDO,CONDO,Yonge St Clair,43.6883007,-79.3970953,3,0,3,3124.0
2885000.0,2999900.0,2885000.0,CONDO,CONDO,Yonge St Clair,43.6865805,-79.3975526,2,0,2,1700.0
2784000.0,2990000.0,2784000.0,CONDO,CONDO,Bay Street Corridor,43.6687309,-79.389488,2,0,2,2124.0
3000000.0,3100000.0,3000000.0,CONDO,CONDO,Waterfront Communities C1,43.6490067,-79.38854959999999,2,1,3,2374.0
3400000.0,3690000.0,3400000.0,CONDO,CONDO,Mount Pleasant West,43.7056504,-79.3973799,3,1,3,3124.0
3050000.0,3195000.0,3050000.0,CONDO,CONDO,Yonge St Clair,43.6867181,-79.3965311,3,0,3,2624.0
3825000.0,3810000.0,3825000.0,CONDO,CONDO,Waterfront Communities C1,43.6435087,-79.39656389999999,2,1,4,2374.0
3350000.0,3450000.0,3350000.0,CONDO,CONDO,Bay Street Corridor,43.6497827,-79.3804402,2,1,3,2874.0
3485000.0,3575000.0,3485000.0,CONDO,CONDO,Yonge St Clair,43.6867181,-79.3965311,3,0,3,2374.0
3875000.0,3950000.0,3875000.0,CONDO,CONDO,Annex,43.6702175,-79.3951083,3,1,3,2874.0
3125000.0,3250000.0,3125000.0,CONDO,CONDO,Bay Street Corridor,43.6677468,-79.3903146,1,1,2,1500.0
3325000.0,3650000.0,3325000.0,CONDO,CONDO,Waterfront Communities C8,43.6464952,-79.3621505,2,0,3,2124.0
3200000.0,3395000.0,3200000.0,CONDO,CONDO,Waterfront Communities C1,43.6435087,-79.39656389999999,2,1,3,2374.0
3400000.0,3695000.0,3400000.0,CONDO,CONDO,Annex,43.6714903,-79.3905169,2,1,3,2874.0
3150000.0,3290000.0,3150000.0,CONDO,CONDO,Bay Street Corridor,43.6687309,-79.389488,2,0,2,2374.0
4025000.0,4180000.0,4025000.0,CONDO,CONDO,Bay Street Corridor,43.6682258,-79.3901581,2,1,3,2374.0
4500000.0,3995000.0,4500000.0,CONDO,CONDO,Rosedale Moore Park,43.6874575,-79.3899597,3,0,3,2374.0
4700000.0,4800000.0,4700000.0,CONDO,CONDO,Casa Loma,43.686651,-79.40288,2,1,3,2374.0
4175000.0,4195000.0,4175000.0,CONDO,CONDO,Annex,43.668542,-79.397174,2,0,3,2124.0
5150000.0,5490000.0,5150000.0,CONDO,CONDO,Annex,43.6702175,-79.3951083,3,1,5,3374.0
5500000.0,6295000.0,5500000.0,CONDO,CONDO,Bay Street Corridor,43.6689192,-79.3911832,3,0,4,3874.0
6275000.0,6995000.0,6275000.0,CONDO,CONDO,Bay Street Corridor,43.6689192,-79.3911832,2,0,4,3874.0
5850000.0,5995000.0,5850000.0,CONDO,CONDO,Lawrence Park South,43.7186636,-79.4005926,3,0,3,2624.0
5150000.0,5399000.0,5150000.0,CONDO,CONDO,Casa Loma,43.6862939,-79.4017541,3,0,3,2624.0
5175000.0,5250000.0,5175000.0,CONDO,CONDO,Casa Loma,43.6866164,-79.4036084,3,0,3,2374.0
7054000.0,6495000.0,7054000.0,CONDO,CONDO,Annex,43.6702175,-79.3951083,3,0,5,4374.0
685000.0,699900.0,685000.0,HOUSE,HOUSE,Corso Italia Davenport,43.6793476,-79.4575914,2,0,2,900.0
800000.0,749900.0,800000.0,HOUSE,HOUSE,Woodbine Corridor,43.6817057,-79.3200141,3,0,1,900.0
800000.0,688800.0,800000.0,HOUSE,HOUSE,South Riverdale,43.6667589,-79.330747,3,0,1,1300.0
735000.0,747000.0,735000.0,HOUSE,HOUSE,Wychwood,43.680057,-79.4901076,3,0,2,1300.0
850000.0,699000.0,850000.0,HOUSE,HOUSE,Palmerston Little Italy,43.6595161,-79.4202079,1,0,2,700.0
850000.0,859000.0,850000.0,HOUSE,HOUSE,Weston Pellam Park,43.6765638,-79.4607541,3,2,3,1300.0
900000.0,919000.0,900000.0,HOUSE,HOUSE,Junction Area,43.6775577,-79.4736474,2,1,1,900.0
875000.0,799995.0,875000.0,HOUSE,HOUSE,Weston Pellam Park,43.6782852,-79.461152,2,1,2,900.0
960000.0,999000.0,960000.0,HOUSE,HOUSE,Dovercourt Wallace Emerson Junction,43.6689319,-79.4450772,4,1,3,900.0
980000.0,999000.0,980000.0,HOUSE,HOUSE,Morningside,43.642711,-79.4333181,3,1,3,1300.0
922500.0,999900.0,922500.0,HOUSE,HOUSE,Corso Italia Davenport,43.6830071,-79.4496652,3,0,2,900.0
965000.0,879000.0,965000.0,HOUSE,HOUSE,Greenwood Coxwell,43.6698928,-79.3195141,2,0,1,900.0
990000.0,1049000.0,990000.0,HOUSE,HOUSE,The Beaches,43.6797908,-79.2838876,3,0,2,1300.0
985000.0,1099000.0,985000.0,HOUSE,HOUSE,High Park North,43.660104,-79.4789891,5,0,3,2250.0
980000.0,850000.0,980000.0,HOUSE,HOUSE,East End Danforth,43.6842687,-79.3071236,2,0,2,900.0
975000.0,975000.0,975000.0,HOUSE,HOUSE,Corso Italia Davenport,43.6817388,-79.4443352,4,0,2,1300.0
1000000.0,999000.0,1000000.0,HOUSE,HOUSE,High Park Swansea,43.6458877,-79.4759214,1,0,1,700.0
998800.0,1059900.0,998800.0,HOUSE,HOUSE,Forest Hill North,43.6987865,-79.43936,3,0,2,1300.0
1000000.0,1070000.0,1000000.0,HOUSE,HOUSE,Weston Pellam Park,43.6772593,-79.4616729,3,0,2,1300.0
950000.0,1250000.0,950000.0,HOUSE,HOUSE,Junction Area,43.6646276,-79.4820299,5,0,2,700.0
975000.0,999000.0,975000.0,HOUSE,HOUSE,Rockcliffe-Smythe,43.67057639999999,-79.4965102,3,2,3,2250.0
1025000.0,1049000.0,1025000.0,HOUSE,HOUSE,South Riverdale,43.6653533,-79.3381995,2,0,2,900.0
1050000.0,949900.0,1050000.0,HOUSE,HOUSE,Mount Pleasant East,43.7015838,-79.3790608,2,0,1,1300.0
1065000.0,949000.0,1065000.0,HOUSE,HOUSE,Wychwood,43.6780146,-79.4272861,2,0,3,1750.0
1055000.0,999999.0,1055000.0,HOUSE,HOUSE,Moss Park,43.6102418,-79.4947646,2,1,2,1300.0
1100000.0,998888.0,1100000.0,HOUSE,HOUSE,Corso Italia Davenport,43.6782966,-79.4571747,3,0,3,1300.0
1050000.0,999000.0,1050000.0,HOUSE,HOUSE,Weston Pellam Park,43.6771768,-79.4589428,3,0,2,1300.0
1075000.0,749900.0,1075000.0,HOUSE,HOUSE,East End Danforth,43.6798652,-79.309478,3,0,2,1300.0
1040000.0,1079000.0,1040000.0,HOUSE,HOUSE,Church Yonge Corridor,43.70609,-79.51901,4,1,3,2250.0
1011000.0,849999.0,1011000.0,HOUSE,HOUSE,East End Danforth,43.6801729,-79.3061971,2,1,2,900.0
1085000.0,1125000.0,1085000.0,HOUSE,HOUSE,High Park Swansea,43.6389001,-79.4770977,3,0,2,1300.0
1100000.0,1160000.0,1100000.0,HOUSE,HOUSE,Corso Italia Davenport,43.6792127,-79.4490393,3,0,3,1300.0
1050000.0,1148900.0,1050000.0,HOUSE,HOUSE,Danforth,43.6882439,-79.3167977,3,1,2,1300.0
1033000.0,938000.0,1033000.0,HOUSE,HOUSE,Corso Italia Davenport,43.6781349,-79.449477,2,1,2,1300.0
1000088.0,1089000.0,1000088.0,HOUSE,HOUSE,South Riverdale,43.660465,-79.3354506,2,0,2,900.0
1025000.0,1100000.0,1025000.0,HOUSE,HOUSE,Woodbine Corridor,43.6767605,-79.3189589,2,1,3,1300.0
1100000.0,1375000.0,1100000.0,HOUSE,HOUSE,Roncesvalles,43.6460221,-79.4447759,3,0,3,1300.0
1050000.0,929000.0,1050000.0,HOUSE,HOUSE,South Riverdale,43.6707462,-79.3351686,2,0,1,900.0
1100000.0,1195000.0,1100000.0,HOUSE,HOUSE,Moss Park,43.6582114,-79.3684665,6,0,4,2750.0
1150888.0,999000.0,1150888.0,HOUSE,HOUSE,Greenwood Coxwell,43.671555,-79.3229549,4,0,2,1300.0
1200000.0,999000.0,1200000.0,HOUSE,HOUSE,High Park Swansea,43.6446018,-79.4807278,2,0,2,900.0
1160000.0,899000.0,1160000.0,HOUSE,HOUSE,Blake Jones,43.6747588,-79.3339987,3,1,3,1750.0
1105000.0,1095000.0,1105000.0,HOUSE,HOUSE,The Beaches,43.6800832,-79.2840207,3,2,2,1300.0
1180000.0,949000.0,1180000.0,HOUSE,HOUSE,Weston Pellam Park,43.6784001,-79.461702,3,1,2,1300.0
1140000.0,1188000.0,1140000.0,HOUSE,HOUSE,Wychwood,43.6729048,-79.4338305,4,1,3,1300.0
1135000.0,899900.0,1135000.0,HOUSE,HOUSE,Corso Italia Davenport,43.6737488,-79.4485537,3,1,2,1300.0
1300000.0,1469000.0,1300000.0,HOUSE,HOUSE,Playter Estates Danforth,43.6788914,-79.3483055,4,1,4,2400.0
1268800.0,999999.0,1268800.0,HOUSE,HOUSE,Dovercourt Wallace Emerson Junction,43.6640919,-79.4332863,3,0,2,900.0
1275000.0,1289000.0,1275000.0,HOUSE,HOUSE,Junction Area,43.6671492,-79.474687,3,0,2,1300.0
1260000.0,1099999.0,1260000.0,HOUSE,HOUSE,East End Danforth,43.6851643,-79.311574,3,1,2,1300.0
1265000.0,1199000.0,1265000.0,HOUSE,HOUSE,Mount Pleasant East,43.7057233,-79.38265,3,0,2,1300.0
1220000.0,1099000.0,1220000.0,HOUSE,HOUSE,High Park North,43.6592078,-79.4562301,3,0,2,1750.0
1285000.0,999000.0,1285000.0,HOUSE,HOUSE,South Riverdale,43.6730594,-79.3325947,2,1,2,900.0
1260000.0,1299000.0,1260000.0,HOUSE,HOUSE,Mount Pleasant East,43.7051063,-79.3814013,1,1,1,900.0
1300000.0,1339000.0,1300000.0,HOUSE,HOUSE,Woodbine Corridor,43.6708406,-79.3149567,3,1,3,1300.0
1300000.0,1319000.0,1300000.0,HOUSE,HOUSE,Corso Italia Davenport,43.6769453,-79.4446402,4,0,2,2250.0
1275018.0,1365000.0,1275018.0,HOUSE,HOUSE,Annex,43.6679462,-79.4198912,2,1,3,1300.0
1225000.0,1299000.0,1225000.0,HOUSE,HOUSE,Mount Pleasant West,43.6998326,-79.3911607,2,2,2,900.0
1275000.0,1299000.0,1275000.0,HOUSE,HOUSE,Forest Hill North,43.6998671,-79.4397985,3,0,2,900.0
1255000.0,1250000.0,1255000.0,HOUSE,HOUSE,Dovercourt Wallace Emerson Junction,43.6636904,-79.4387487,3,0,2,1750.0
1298000.0,1298000.0,1298000.0,HOUSE,HOUSE,Annex,43.6649251,-79.416601,3,0,2,1300.0
1400000.0,1439999.0,1400000.0,HOUSE,HOUSE,Dovercourt Wallace Emerson Junction,43.6597177,-79.4413681,3,0,2,1300.0
1365000.0,1199000.0,1365000.0,HOUSE,HOUSE,Runnymede Bloor West Village,43.657611,-79.4822791,3,0,4,1300.0
1310000.0,1199000.0,1310000.0,HOUSE,HOUSE,East End Danforth,43.6835991,-79.3041662,3,0,2,1300.0
1385000.0,1395000.0,1385000.0,HOUSE,HOUSE,East End Danforth,43.6892058,-79.2943822,4,0,3,1750.0
1400000.0,999000.0,1400000.0,HOUSE,HOUSE,Blake Jones,43.6756077,-79.3369039,3,0,2,1300.0
1313000.0,1595000.0,1313000.0,HOUSE,HOUSE,Forest Hill North,43.7016022,-79.4384977,3,0,3,1750.0
1389000.0,1289000.0,1389000.0,HOUSE,HOUSE,Woodbine Corridor,43.6737275,-79.3127384,3,1,1,1750.0
1390000.0,1395000.0,1390000.0,HOUSE,HOUSE,East End Danforth,43.682245,-79.2849461,3,1,3,1750.0
1400000.0,1499000.0,1400000.0,HOUSE,HOUSE,Dovercourt Wallace Emerson Junction,43.6617892,-79.4394795,3,1,2,1300.0
1335000.0,1250000.0,1335000.0,HOUSE,HOUSE,High Park Swansea,43.6487108,-79.4840112,3,0,2,1300.0
1400000.0,1499000.0,1400000.0,HOUSE,HOUSE,High Park Swansea,43.6475068,-79.4796668,6,0,3,1750.0
1470000.0,1489900.0,1470000.0,HOUSE,HOUSE,Woodbine Corridor,43.6766853,-79.313632,3,0,2,1300.0
1430000.0,1349999.0,1430000.0,HOUSE,HOUSE,Dovercourt Wallace Emerson Junction,43.6609769,-79.4518782,3,0,2,1300.0
1460000.0,1298000.0,1460000.0,HOUSE,HOUSE,High Park Swansea,43.6407944,-79.4774669,4,0,2,1750.0
1500000.0,1589900.0,1500000.0,HOUSE,HOUSE,South Riverdale,43.6707863,-79.3294689,3,0,3,1750.0
1409000.0,1479000.0,1409000.0,HOUSE,HOUSE,Dovercourt Wallace Emerson Junction,43.668405,-79.4337525,3,0,2,1750.0
1452000.0,1298000.0,1452000.0,HOUSE,HOUSE,Corso Italia Davenport,43.674746,-79.4465006,3,0,4,1750.0
1450000.0,1299900.0,1450000.0,HOUSE,HOUSE,Danforth,43.6842306,-79.3246541,3,0,2,1300.0
1403000.0,999999.0,1403000.0,HOUSE,HOUSE,South Riverdale,43.6716459,-79.3319159,3,1,2,1750.0
1420000.0,1349000.0,1420000.0,HOUSE,HOUSE,The Beaches,43.6734634,-79.3020933,1,0,1,900.0
1465000.0,1525000.0,1465000.0,HOUSE,HOUSE,Dovercourt Wallace Emerson Junction,43.6705945,-79.4441431,3,1,2,900.0
1500000.0,1579000.0,1500000.0,HOUSE,HOUSE,High Park Swansea,43.6459623,-79.4790153,3,1,3,1750.0
1500000.0,1399999.0,1500000.0,HOUSE,HOUSE,High Park Swansea,43.6454546,-79.4824612,3,0,2,1300.0
1460000.0,1499000.0,1460000.0,HOUSE,HOUSE,Wychwood,43.6777719,-79.4272766,3,0,3,1300.0
1402918.0,1299000.0,1402918.0,HOUSE,HOUSE,Greenwood Coxwell,43.6706756,-79.321465,3,0,3,1750.0
1500000.0,1499000.0,1500000.0,HOUSE,HOUSE,East End Danforth,43.6847941,-79.2864496,3,1,2,1300.0
1486000.0,1398000.0,1486000.0,HOUSE,HOUSE,Dovercourt Wallace Emerson Junction,43.66941,-79.4276753,3,1,2,1750.0
1450000.0,1299000.0,1450000.0,HOUSE,HOUSE,Dufferin Grove,43.6571893,-79.4421857,5,1,2,700.0
1410000.0,1298000.0,1410000.0,HOUSE,HOUSE,High Park Swansea,43.6385169,-79.4691999,3,1,2,1300.0
1436000.0,1579000.0,1436000.0,HOUSE,HOUSE,Annex,43.6728305,-79.4164818,3,0,1,700.0
1500000.0,1500000.0,1500000.0,HOUSE,HOUSE,South Riverdale,43.6653583,-79.3300724,3,0,2,1750.0
1447000.0,1499000.0,1447000.0,HOUSE,HOUSE,High Park Swansea,43.6453226,-79.4814766,2,2,3,1300.0
1420000.0,1450000.0,1420000.0,HOUSE,HOUSE,Dovercourt Wallace Emerson Junction,43.6636961,-79.4493811,3,1,3,1300.0
1487000.0,1299999.0,1487000.0,HOUSE,HOUSE,South Riverdale,43.666355,-79.3319102,3,0,3,1300.0
1475000.0,1595000.0,1475000.0,HOUSE,HOUSE,Yonge St Clair,43.6923781,-79.3980904,2,0,1,1300.0
1405000.0,979900.0,1405000.0,HOUSE,HOUSE,East End Danforth,43.678103,-79.3053393,3,0,2,1300.0
1445000.0,1398000.0,1445000.0,HOUSE,HOUSE,Woodbine Corridor,43.6763159,-79.3105435,3,0,2,900.0
1500000.0,1500000.0,1500000.0,HOUSE,HOUSE,Corso Italia Davenport,43.676164,-79.446308,3,0,3,1750.0
1450000.0,1199999.0,1450000.0,HOUSE,HOUSE,Dovercourt Wallace Emerson Junction,43.6630438,-79.437692,3,1,2,1750.0
1426000.0,1174000.0,1426000.0,HOUSE,HOUSE,Corso Italia Davenport,43.6771476,-79.4502861,3,0,3,2000.0
1500000.0,1795000.0,1500000.0,HOUSE,HOUSE,Bayview Woods-Steeles,43.7926073,-79.3815024,5,1,3,6548.0
1460000.0,1470000.0,1460000.0,HOUSE,HOUSE,Greenwood Coxwell,43.6711575,-79.3234566,3,0,2,1300.0
1548000.0,1590000.0,1548000.0,HOUSE,HOUSE,The Beaches,43.6748037,-79.2875099,3,1,4,1300.0
1600000.0,1499900.0,1600000.0,HOUSE,HOUSE,South Riverdale,43.6629052,-79.3360435,4,0,2,1750.0
1551000.0,1389000.0,1551000.0,HOUSE,HOUSE,East End Danforth,43.681482,-79.2872845,3,1,2,1300.0
1685000.0,1699000.0,1685000.0,HOUSE,HOUSE,Mount Pleasant East,43.7118235,-79.379587,4,0,2,1300.0
1550000.0,1450000.0,1550000.0,HOUSE,HOUSE,Junction Area,43.661952,-79.4768229,5,1,2,2250.0
1650000.0,1699999.0,1650000.0,HOUSE,HOUSE,High Park Swansea,43.6421148,-79.4787398,2,1,2,1300.0
1685000.0,1699999.0,1685000.0,HOUSE,HOUSE,Wychwood,43.6808469,-79.4219151,3,0,3,1300.0
1630000.0,1599000.0,1630000.0,HOUSE,HOUSE,The Beaches,43.6728905,-79.2810718,3,0,2,1300.0
1680000.0,1680000.0,1680000.0,HOUSE,HOUSE,The Beaches,43.6760671,-79.2873508,2,0,1,1750.0
1661000.0,1399000.0,1661000.0,HOUSE,HOUSE,High Park North,43.6571076,-79.4562218,4,0,2,2250.0
1616000.0,1498000.0,1616000.0,HOUSE,HOUSE,High Park-Swansea,43.6415345,-79.47576140000001,5,1,2,1600.0
1680000.0,1499000.0,1680000.0,HOUSE,HOUSE,East End Danforth,43.6776106,-79.3087957,3,1,4,1750.0
1652000.0,1299000.0,1652000.0,HOUSE,HOUSE,East End-Danforth,43.6809181,-79.30668650000001,3,0,2,1750.0
1645000.0,1599000.0,1645000.0,HOUSE,HOUSE,South Riverdale,43.6675549,-79.3362365,3,1,4,1750.0
1507000.0,1558000.0,1507000.0,HOUSE,HOUSE,Lawrence Park North,43.7348741,-79.407967,3,1,2,1300.0
1575000.0,1299900.0,1575000.0,HOUSE,HOUSE,Danforth,43.6853175,-79.3235647,3,1,2,1750.0
1698220.0,1778000.0,1698220.0,HOUSE,HOUSE,Runnymede Bloor West Village,43.6523156,-79.4845468,4,0,2,1300.0
1529000.0,1199000.0,1529000.0,HOUSE,HOUSE,High Park Swansea,43.6403596,-79.4767665,3,0,2,1750.0
1505000.0,1499000.0,1505000.0,HOUSE,HOUSE,Lawrence Park North,43.7283735,-79.4039433,3,0,3,1750.0
1550000.0,1569000.0,1550000.0,HOUSE,HOUSE,Lawrence Park South,43.707823,-79.4131645,3,1,3,1300.0
1680000.0,1698000.0,1680000.0,HOUSE,HOUSE,High Park North,43.658775,-79.4761248,5,0,2,2250.0
1524500.0,1489000.0,1524500.0,HOUSE,HOUSE,Lawrence Park North,43.7255437,-79.4063674,3,0,2,1300.0
1602000.0,1379000.0,1602000.0,HOUSE,HOUSE,Woodbine Corridor,43.6681666,-79.3154543,4,1,3,1750.0
1505000.0,1569000.0,1505000.0,HOUSE,HOUSE,Annex,43.6710277,-79.4203302,3,1,2,1300.0
1678000.0,1695000.0,1678000.0,HOUSE,HOUSE,Forest Hill North,43.7088305,-79.4172113,3,1,3,1750.0
1525000.0,1575000.0,1525000.0,HOUSE,HOUSE,Lawrence Park North,43.7304443,-79.4049582,4,1,2,900.0
1690000.0,1329000.0,1690000.0,HOUSE,HOUSE,North Riverdale,43.6778795,-79.3457224,3,0,1,2250.0
1650000.0,1579000.0,1650000.0,HOUSE,HOUSE,Mount Pleasant East,43.7070404,-79.3884845,3,1,4,1750.0
1610000.0,1588000.0,1610000.0,HOUSE,HOUSE,Junction Area,43.6644029,-79.4778925,5,1,4,2250.0
1595000.0,1595000.0,1595000.0,HOUSE,HOUSE,South Riverdale,43.6644376,-79.3296642,4,1,3,2250.0
1700000.0,1795000.0,1700000.0,HOUSE,HOUSE,North Riverdale,43.6676552,-79.3477125,3,1,3,1300.0
1700000.0,1749000.0,1700000.0,HOUSE,HOUSE,Lawrence Park South,43.713035,-79.4039291,3,1,3,900.0
1935000.0,1879000.0,1935000.0,HOUSE,HOUSE,Corso Italia Davenport,43.6757103,-79.44127,3,2,4,1750.0
1780000.0,1799000.0,1780000.0,HOUSE,HOUSE,Greenwood Coxwell,43.6743663,-79.3207877,3,1,4,1750.0
1910000.0,1849000.0,1910000.0,HOUSE,HOUSE,Corso Italia Davenport,43.6774717,-79.4414421,4,1,4,1750.0
1780000.0,1399000.0,1780000.0,HOUSE,HOUSE,Playter Estates Danforth,43.6823765,-79.3472087,3,1,3,1300.0
1775000.0,1299000.0,1775000.0,HOUSE,HOUSE,The Beaches,43.6769975,-79.2999297,3,1,2,1300.0
1810000.0,1950000.0,1810000.0,HOUSE,HOUSE,Wychwood,43.6765679,-79.4339118,4,1,3,2250.0
1880000.0,1899000.0,1880000.0,HOUSE,HOUSE,Mount Pleasant East,43.6993876,-79.3853504,3,0,3,1750.0
1850000.0,1698000.0,1850000.0,HOUSE,HOUSE,Mount Pleasant East,43.7108236,-79.3828162,3,0,4,1750.0
1845000.0,1849000.0,1845000.0,HOUSE,HOUSE,High Park Swansea,43.64919,-79.4757404,3,1,3,1300.0
1975000.0,1649000.0,1975000.0,HOUSE,HOUSE,Playter Estates Danforth,43.6786976,-79.3590539,3,0,4,1750.0
1880000.0,1880000.0,1880000.0,HOUSE,HOUSE,The Beaches,43.6695871,-79.2906012,2,1,2,1300.0
1982000.0,1798000.0,1982000.0,HOUSE,HOUSE,Yonge Eglinton,43.7033257,-79.4017509,4,0,2,1750.0
1701100.0,1886200.0,1701100.0,HOUSE,HOUSE,Yonge Eglinton,43.7026757,-79.404052,4,0,2,1750.0
1950000.0,2150000.0,1950000.0,HOUSE,HOUSE,Lawrence Park North,43.7332307,-79.3946203,3,0,2,1750.0
1725000.0,1799000.0,1725000.0,HOUSE,HOUSE,Junction Area,43.6612395,-79.4657377,4,0,2,2250.0
2000000.0,1599900.0,2000000.0,HOUSE,HOUSE,South Riverdale,43.6635857,-79.3348227,3,1,3,1750.0
1960000.0,1698999.0,1960000.0,HOUSE,HOUSE,High Park Swansea,43.6485046,-79.4821803,3,0,4,2750.0
1725000.0,1759000.0,1725000.0,HOUSE,HOUSE,Lawrence Park South,43.7077233,-79.4136666,3,2,3,1750.0
1875000.0,1875000.0,1875000.0,HOUSE,HOUSE,Lawrence Park South,43.7183801,-79.4099636,3,0,3,1300.0
1800000.0,1869900.0,1800000.0,HOUSE,HOUSE,Greenwood Coxwell,43.6732942,-79.3280561,4,1,4,1750.0
1915000.0,1678000.0,1915000.0,HOUSE,HOUSE,Runnymede Bloor West Village,43.6578948,-79.4847469,3,0,2,1300.0
2000000.0,2099000.0,2000000.0,HOUSE,HOUSE,Lambton Baby Point,43.65179,-79.4856802,4,1,4,2250.0
1770000.0,1599000.0,1770000.0,HOUSE,HOUSE,Dufferin Grove,43.6560553,-79.4377459,5,1,4,1750.0
1830000.0,1799000.0,1830000.0,HOUSE,HOUSE,Annex,43.6674457,-79.4130779,4,1,3,1750.0
1786900.0,1499000.0,1786900.0,HOUSE,HOUSE,Lawrence Park North,43.7289556,-79.4021745,3,1,2,1300.0
1780000.0,1499900.0,1780000.0,HOUSE,HOUSE,South Riverdale,43.6633928,-79.3347516,4,1,2,1750.0
1808000.0,1199000.0,1808000.0,HOUSE,HOUSE,Mount Pleasant East,43.701651,-79.3837427,2,1,3,900.0
1725000.0,1198000.0,1725000.0,HOUSE,HOUSE,South Riverdale,43.6622583,-79.3470879,3,0,2,1750.0
1930000.0,1999999.0,1930000.0,HOUSE,HOUSE,Mount Pleasant West,43.7050653,-79.3904249,3,1,2,1750.0
1910000.0,1975000.0,1910000.0,HOUSE,HOUSE,Corso Italia Davenport,43.6757447,-79.4473844,4,0,3,2250.0
1710000.0,1249000.0,1710000.0,HOUSE,HOUSE,Roncesvalles,43.6420612,-79.4457053,3,1,2,1300.0
1711000.0,1399000.0,1711000.0,HOUSE,HOUSE,East End Danforth,43.6848225,-79.3075667,3,0,4,1750.0
1900000.0,1798000.0,1900000.0,HOUSE,HOUSE,Dovercourt Wallace Emerson Junction,43.663603,-79.4546846,3,1,3,1300.0
1825000.0,1799000.0,1825000.0,HOUSE,HOUSE,High Park North,43.6597069,-79.464282,3,1,3,1300.0
1772000.0,1898000.0,1772000.0,HOUSE,HOUSE,Lawrence Park South,43.7057365,-79.414748,3,1,2,1300.0
1750000.0,1789000.0,1750000.0,HOUSE,HOUSE,Yonge Eglinton,43.7057254,-79.4084001,3,1,2,1300.0
1998000.0,2050000.0,1998000.0,HOUSE,HOUSE,High Park Swansea,43.6458656,-79.4789664,3,1,4,2750.0
1750000.0,1798000.0,1750000.0,HOUSE,HOUSE,Trinity Bellwoods,43.6504391,-79.4214253,6,2,3,2750.0
1960000.0,1778000.0,1960000.0,HOUSE,HOUSE,Woodbine Corridor,43.6692284,-79.3162282,3,1,3,1750.0
1960000.0,1949000.0,1960000.0,HOUSE,HOUSE,High Park Swansea,43.6501023,-79.4770886,3,1,3,1300.0
1925000.0,1988000.0,1925000.0,HOUSE,HOUSE,High Park North,43.6579746,-79.4718709,3,0,4,1750.0
1800000.0,1499000.0,1800000.0,HOUSE,HOUSE,The Beaches,43.6704368,-79.3086701,4,1,2,1750.0
1705000.0,1779000.0,1705000.0,HOUSE,HOUSE,Mount Pleasant East,43.7021919,-79.3785843,3,0,2,1300.0
1785000.0,1599000.0,1785000.0,HOUSE,HOUSE,The Beaches,43.6707509,-79.3044145,3,1,2,1750.0
1800000.0,1799000.0,1800000.0,HOUSE,HOUSE,Mount Pleasant East,43.6996897,-79.3802441,3,2,2,1750.0
1800000.0,1899000.0,1800000.0,HOUSE,HOUSE,East End Danforth,43.6843272,-79.3080606,4,0,4,1750.0
1850000.0,1499000.0,1850000.0,HOUSE,HOUSE,East End Danforth,43.682634,-79.293951,3,0,3,2250.0
1963000.0,1599900.0,1963000.0,HOUSE,HOUSE,Dovercourt Wallace Emerson Junction,43.6661969,-79.42456,3,1,3,1750.0
1740000.0,1850000.0,1740000.0,HOUSE,HOUSE,Lawrence Park North,43.7331225,-79.4154549,4,1,2,1750.0
2000000.0,1879999.0,2000000.0,HOUSE,HOUSE,The Beaches,43.6703163,-79.2949595,3,1,2,1750.0
1750000.0,1599000.0,1750000.0,HOUSE,HOUSE,Junction Area,43.6629644,-79.4708245,3,0,2,1300.0
1701000.0,1799000.0,1701000.0,HOUSE,HOUSE,Lawrence Park South,43.710142,-79.4132392,3,0,2,1750.0
1892000.0,1599000.0,1892000.0,HOUSE,HOUSE,Danforth,43.6831746,-79.3323164,4,0,3,1750.0
1900000.0,1845500.0,1900000.0,HOUSE,HOUSE,Palmerston Little Italy,43.6602855,-79.4226057,3,1,3,1750.0
2000000.0,1998900.0,2000000.0,HOUSE,HOUSE,Roncesvalles,43.6440488,-79.4390839,3,1,3,2250.0
1880000.0,1900000.0,1880000.0,HOUSE,HOUSE,East End Danforth,43.6811794,-79.3021173,4,0,3,2250.0
1950000.0,1879000.0,1950000.0,HOUSE,HOUSE,The Beaches,43.6699345,-79.3035396,3,1,3,1300.0
1850013.0,1499999.0,1850013.0,HOUSE,HOUSE,Mount Pleasant East,43.70507689999999,-79.3847504,3,1,3,1750.0
1795000.0,1795000.0,1795000.0,HOUSE,HOUSE,Rosedale Moore Park,43.6938408,-79.3807924,3,1,2,1750.0
1706000.0,1689000.0,1706000.0,HOUSE,HOUSE,Runnymede Bloor West Village,43.6566654,-79.4822533,3,0,2,1300.0
1750000.0,1499000.0,1750000.0,HOUSE,HOUSE,Rosedale Moore Park,43.6924326,-79.3843491,3,2,4,1750.0
2300000.0,2299000.0,2300000.0,HOUSE,HOUSE,The Beaches,43.6737532,-79.2996372,4,1,5,2250.0
2111202.0,1890000.0,2111202.0,HOUSE,HOUSE,Lawrence Park South,43.7176883,-79.4111766,3,0,3,1750.0
2110000.0,1699000.0,2110000.0,HOUSE,HOUSE,The Beaches,43.672735,-79.2955148,3,0,2,1750.0
2380018.0,2469000.0,2380018.0,HOUSE,HOUSE,Forest Hill North,43.7093338,-79.4192843,3,1,4,1750.0
2300000.0,1699000.0,2300000.0,HOUSE,HOUSE,North Riverdale,43.6718604,-79.3446697,4,0,2,1750.0
2365000.0,2389000.0,2365000.0,HOUSE,HOUSE,The Beaches,43.671474,-79.3059652,3,0,3,1750.0
2200000.0,2250000.0,2200000.0,HOUSE,HOUSE,High Park North,43.6565177,-79.4685649,4,2,3,2250.0
2365000.0,2250000.0,2365000.0,HOUSE,HOUSE,Lawrence Park North,43.728065,-79.3933166,4,0,2,1750.0
2050000.0,2198800.0,2050000.0,HOUSE,HOUSE,Lawrence Park North,43.7272427,-79.3973093,3,0,4,1750.0
2445000.0,2498800.0,2445000.0,HOUSE,HOUSE,Lawrence Park North,43.7289389,-79.4094109,3,1,4,1750.0
2256000.0,1998800.0,2256000.0,HOUSE,HOUSE,Lawrence Park South,43.7228682,-79.4097207,3,1,3,1750.0
2375000.0,2499000.0,2375000.0,HOUSE,HOUSE,Forest Hill North,43.7078525,-79.4194749,3,1,4,2250.0
2250000.0,2349000.0,2250000.0,HOUSE,HOUSE,High Park Swansea,43.6473715,-79.4715637,4,0,3,2250.0
2400000.0,2199000.0,2400000.0,HOUSE,HOUSE,Blake Jones,43.6787042,-79.3407951,4,0,4,1750.0
2300000.0,1849000.0,2300000.0,HOUSE,HOUSE,North Riverdale,43.6724279,-79.3522079,3,1,4,1750.0
2200000.0,1879000.0,2200000.0,HOUSE,HOUSE,Trinity Bellwoods,43.6483801,-79.4222185,3,1,4,1300.0
2425000.0,2399000.0,2425000.0,HOUSE,HOUSE,Junction Area,43.6649282,-79.4751945,4,1,4,1750.0
2262000.0,1795000.0,2262000.0,HOUSE,HOUSE,Yonge Eglinton,43.711586,-79.4086679,3,1,3,1750.0
2375000.0,2479000.0,2375000.0,HOUSE,HOUSE,Dufferin Grove,43.6573247,-79.4413508,4,1,4,2200.0
2299000.0,2299000.0,2299000.0,HOUSE,HOUSE,High Park Swansea,43.6419207,-79.4747349,3,1,4,2750.0
2342000.0,2495000.0,2342000.0,HOUSE,HOUSE,Lawrence Park South,43.7206842,-79.4021189,4,1,3,2250.0
2242000.0,1799000.0,2242000.0,HOUSE,HOUSE,Annex,43.6653829,-79.4180996,4,0,2,2750.0
2025000.0,1949999.0,2025000.0,HOUSE,HOUSE,Rosedale Moore Park,43.6928678,-79.3860699,3,1,2,2250.0
2450000.0,2099000.0,2450000.0,HOUSE,HOUSE,High Park North,43.6576771,-79.4771079,4,0,4,2250.0
2050000.0,1995000.0,2050000.0,HOUSE,HOUSE,High Park Swansea,43.6447627,-79.4535067,5,0,3,4250.0
2410000.0,2490000.0,2410000.0,HOUSE,HOUSE,East End Danforth,43.6819705,-79.3014254,4,0,4,3250.0
2225000.0,2099000.0,2225000.0,HOUSE,HOUSE,Lawrence Park North,43.7243319,-79.4145293,3,0,4,1750.0
2316000.0,1999000.0,2316000.0,HOUSE,HOUSE,Corso Italia Davenport,43.6759141,-79.4401597,6,0,3,2750.0
2700000.0,2699000.0,2700000.0,HOUSE,HOUSE,Casa Loma,43.6770784,-79.402601,4,0,3,2750.0
2965000.0,2695000.0,2965000.0,HOUSE,HOUSE,The Beaches,43.6797836,-79.2848694,3,2,4,2250.0
2860000.0,2999000.0,2860000.0,HOUSE,HOUSE,The Beaches,43.6713083,-79.3005894,4,1,3,2250.0
2750000.0,2699000.0,2750000.0,HOUSE,HOUSE,The Beaches,43.6751643,-79.2902057,4,0,4,1750.0
2695000.0,2299000.0,2695000.0,HOUSE,HOUSE,Mount Pleasant East,43.7086357,-79.383433,3,0,4,2250.0
2935000.0,2799000.0,2935000.0,HOUSE,HOUSE,The Beaches,43.6657527,-79.3072971,3,1,4,4000.0
2555000.0,2499000.0,2555000.0,HOUSE,HOUSE,The Beaches,43.6742531,-79.2892652,4,1,5,3000.0
2650000.0,2799000.0,2650000.0,HOUSE,HOUSE,Dovercourt Wallace Emerson Junction,43.6630527,-79.4328794,4,0,4,2250.0
2588000.0,2398000.0,2588000.0,HOUSE,HOUSE,High Park Swansea,43.6489893,-79.4752546,4,0,5,2250.0
2520250.0,2489000.0,2520250.0,HOUSE,HOUSE,Mount Pleasant East,43.7113703,-79.3814407,3,2,4,2250.0
2999000.0,3240000.0,2999000.0,HOUSE,HOUSE,North Riverdale,43.6754481,-79.3511113,4,1,5,2250.0
2750000.0,2899900.0,2750000.0,HOUSE,HOUSE,High Park Swansea,43.6543545,-79.4529081,5,1,4,2750.0
2650000.0,2248000.0,2650000.0,HOUSE,HOUSE,High Park Swansea,43.6434978,-79.4718036,3,0,4,2250.0
2550000.0,2390000.0,2550000.0,HOUSE,HOUSE,Rosedale Moore Park,43.6903563,-79.3870602,3,0,5,1750.0
2520000.0,1950000.0,2520000.0,HOUSE,HOUSE,Wychwood,43.6768504,-79.4226389,4,0,3,2250.0
2655000.0,2399000.0,2655000.0,HOUSE,HOUSE,High Park North,43.6550475,-79.473317,4,1,3,2250.0
2550000.0,2600000.0,2550000.0,HOUSE,HOUSE,High Park Swansea,43.6468018,-79.4526976,5,1,3,2750.0
2735000.0,2379999.0,2735000.0,HOUSE,HOUSE,The Beaches,43.6745991,-79.2933647,3,1,3,2250.0
2695000.0,2795000.0,2695000.0,HOUSE,HOUSE,Lawrence Park North,43.7240279,-79.4140212,4,0,4,2250.0
2695000.0,2695000.0,2695000.0,HOUSE,HOUSE,Yonge St Clair,43.6857132,-79.399805,5,0,3,2750.0
2685000.0,2699000.0,2685000.0,HOUSE,HOUSE,Yonge Eglinton,43.7025865,-79.4022832,4,1,4,1750.0
2900000.0,2990000.0,2900000.0,HOUSE,HOUSE,Rosedale Moore Park,43.685602,-79.3774393,3,1,4,1750.0
2680000.0,2289000.0,2680000.0,HOUSE,HOUSE,Runnymede Bloor West Village,43.6573958,-79.4840411,4,1,4,1750.0
2660000.0,2775000.0,2660000.0,HOUSE,HOUSE,Yonge Eglinton,43.6990328,-79.4047227,3,1,3,2750.0
2500000.0,2588000.0,2500000.0,HOUSE,HOUSE,Lawrence Park North,43.7283848,-79.4004609,3,1,4,1750.0
2580000.0,2299000.0,2580000.0,HOUSE,HOUSE,High Park North,43.6532796,-79.473488,3,0,4,1750.0
2750000.0,2750000.0,2750000.0,HOUSE,HOUSE,Roncesvalles,43.6428651,-79.4466651,4,0,4,1750.0
2505000.0,2269000.0,2505000.0,HOUSE,HOUSE,The Beaches,43.6756347,-79.2977739,4,1,4,2250.0
2625000.0,2499000.0,2625000.0,HOUSE,HOUSE,Little Portugal,43.6456787,-79.4280435,3,1,3,1750.0
2652000.0,2499999.0,2652000.0,HOUSE,HOUSE,High Park North,43.659645,-79.4591775,5,2,4,1750.0
2625000.0,2385000.0,2625000.0,HOUSE,HOUSE,Junction Area,43.6632618,-79.4760935,4,0,5,1750.0
2625000.0,2748000.0,2625000.0,HOUSE,HOUSE,Junction Area,43.6616888,-79.4784252,4,0,4,1750.0
2980000.0,2999000.0,2980000.0,HOUSE,HOUSE,Palmerston Little Italy,43.6603366,-79.4135735,5,0,3,2750.0
3000000.0,2999999.0,3000000.0,HOUSE,HOUSE,The Beaches,43.6751427,-79.2883564,5,0,4,2750.0
2620000.0,2199000.0,2620000.0,HOUSE,HOUSE,High Park Swansea,43.6465671,-79.4518346,3,1,3,2250.0
2550000.0,1999000.0,2550000.0,HOUSE,HOUSE,North Riverdale,43.6744755,-79.3494488,3,1,4,1750.0
2951000.0,2895000.0,2951000.0,HOUSE,HOUSE,The Beaches,43.6719974,-79.2952979,5,0,5,2250.0
2751600.0,2349000.0,2751600.0,HOUSE,HOUSE,Playter Estates Danforth,43.6786041,-79.3537983,4,1,3,2250.0
3000000.0,3199000.0,3000000.0,HOUSE,HOUSE,Lawrence Park South,43.7121285,-79.410721,4,1,3,2250.0
2500000.0,2399000.0,2500000.0,HOUSE,HOUSE,Mount Pleasant East,43.7145545,-79.3896056,5,0,4,3250.0
2550000.0,2590000.0,2550000.0,HOUSE,HOUSE,Lawrence Park South,43.7222023,-79.395378,4,0,3,2750.0
2650000.0,2349000.0,2650000.0,HOUSE,HOUSE,High Park North,43.6574803,-79.4567801,4,1,3,2250.0
2625000.0,1999000.0,2625000.0,HOUSE,HOUSE,Roncesvalles,43.6508728,-79.4494323,5,0,3,2250.0
2950000.0,2995000.0,2950000.0,HOUSE,HOUSE,Yonge Eglinton,43.7035412,-79.4030048,4,1,4,1750.0
2850000.0,2888000.0,2850000.0,HOUSE,HOUSE,Lawrence Park South,43.7233831,-79.4073948,4,1,4,2250.0
2778000.0,2888000.0,2778000.0,HOUSE,HOUSE,High Park Swansea,43.6446528,-79.4787834,4,1,5,2750.0
2725000.0,2795000.0,2725000.0,HOUSE,HOUSE,Forest Hill South,43.7021875,-79.4121864,4,1,3,2250.0
2950000.0,3075000.0,2950000.0,HOUSE,HOUSE,Lawrence Park North,43.7328591,-79.41259140000001,4,1,4,2250.0
2650000.0,2495000.0,2650000.0,HOUSE,HOUSE,Mount Pleasant East,43.7028431,-79.3851155,3,1,4,3250.0
2600000.0,1999000.0,2600000.0,HOUSE,HOUSE,Yonge St Clair,43.6929564,-79.4005471,3,0,3,2250.0
2600000.0,2450000.0,2600000.0,HOUSE,HOUSE,Lawrence Park South,43.7145716,-79.4126589,5,0,3,2250.0
2735000.0,2999999.0,2735000.0,HOUSE,HOUSE,Yonge Eglinton,43.7012713,-79.400338,4,1,3,4250.0
2850000.0,2899000.0,2850000.0,HOUSE,HOUSE,Forest Hill South,43.6968334,-79.4165408,5,0,3,3250.0
2740000.0,2895000.0,2740000.0,HOUSE,HOUSE,High Park Swansea,43.6464215,-79.475106,4,1,5,2250.0
2850000.0,2999900.0,2850000.0,HOUSE,HOUSE,Lawrence Park North,43.7346417,-79.4104175,4,1,5,2250.0
2650000.0,2785000.0,2650000.0,HOUSE,HOUSE,Yonge St Clair,43.6928723,-79.4008912,4,0,4,2750.0
2888000.0,2888000.0,2888000.0,HOUSE,HOUSE,Lawrence Park North,43.7261786,-79.4006163,4,1,5,2250.0
2675000.0,2795000.0,2675000.0,HOUSE,HOUSE,The Beaches,43.6767644,-79.2950604,3,1,4,1750.0
2600196.0,2499000.0,2600196.0,HOUSE,HOUSE,Rosedale Moore Park,43.6917676,-79.382804,4,1,4,2250.0
2700000.0,2650000.0,2700000.0,HOUSE,HOUSE,Annex,43.6750941,-79.4031068,6,1,5,3250.0
3000000.0,2999888.0,3000000.0,HOUSE,HOUSE,Corso Italia Davenport,43.6770702,-79.4400282,5,0,4,3250.0
2650000.0,2299000.0,2650000.0,HOUSE,HOUSE,High Park Swansea,43.6449154,-79.4811805,4,1,4,2750.0
2950000.0,2999000.0,2950000.0,HOUSE,HOUSE,Wychwood,43.6756101,-79.4258884,5,1,5,3250.0
2660000.0,2775000.0,2660000.0,HOUSE,HOUSE,Forest Hill North,43.7030199,-79.4242317,3,1,4,2250.0
2561205.0,2595000.0,2561205.0,HOUSE,HOUSE,Palmerston Little Italy,43.6585607,-79.4272699,6,1,3,2750.0
3000000.0,3200000.0,3000000.0,HOUSE,HOUSE,Lawrence Park South,43.7221832,-79.3973593,4,0,3,2250.0
2529000.0,2549000.0,2529000.0,HOUSE,HOUSE,Yonge Eglinton,43.7109901,-79.4023716,3,1,4,2250.0
2654500.0,2749000.0,2654500.0,HOUSE,HOUSE,Forest Hill North,43.7058713,-79.4307773,4,1,3,2250.0
2599000.0,2599000.0,2599000.0,HOUSE,HOUSE,Annex,43.6746841,-79.4041755,9,3,4,2750.0
3000000.0,3799000.0,3000000.0,HOUSE,HOUSE,Annex,43.7313872,-79.5562351,5,2,4,2750.0
2520000.0,2900000.0,2520000.0,HOUSE,HOUSE,Kensington Chinatown,43.6584076,-79.3946993,7,2,4,2750.0
3000000.0,3149000.0,3000000.0,HOUSE,HOUSE,Forest Hill South,43.6896562,-79.4111619,3,1,5,2750.0
2560000.0,1999000.0,2560000.0,HOUSE,HOUSE,Yonge St Clair,43.684733,-79.3978189,5,0,4,2750.0
2599000.0,2599000.0,2599000.0,HOUSE,HOUSE,Yonge St Clair,43.6935537,-79.3993456,3,1,5,2250.0
3399000.0,3399000.0,3399000.0,HOUSE,HOUSE,Lawrence Park South,43.7140168,-79.4174156,5,0,3,3250.0
3800000.0,3989000.0,3800000.0,HOUSE,HOUSE,Lawrence Park North,43.7321717,-79.3998119,4,1,4,3250.0
3900000.0,3995000.0,3900000.0,HOUSE,HOUSE,Casa Loma,43.6780226,-79.4127812,3,1,4,3250.0
3200033.0,2899000.0,3200033.0,HOUSE,HOUSE,North Riverdale,43.6736179,-79.3492133,4,1,6,2250.0
3102000.0,2799000.0,3102000.0,HOUSE,HOUSE,Playter Estates Danforth,43.6806553,-79.3601211,4,1,4,1750.0
3500000.0,3600000.0,3500000.0,HOUSE,HOUSE,Forest Hill South,43.6969434,-79.4197365,5,0,5,2750.0
3300000.0,3300000.0,3300000.0,HOUSE,HOUSE,Dufferin Grove,43.654842,-79.437757,4,1,5,3250.0
3300000.0,2999000.0,3300000.0,HOUSE,HOUSE,East End Danforth,43.6807471,-79.2981273,5,1,5,4250.0
3205000.0,3350000.0,3205000.0,HOUSE,HOUSE,Yonge-Eglinton,43.6987889,-79.4031978,4,1,5,2750.0
3127000.0,3195000.0,3127000.0,HOUSE,HOUSE,Roncesvalles,43.6447293,-79.4416931,4,1,4,2750.0
3030000.0,2985000.0,3030000.0,HOUSE,HOUSE,High Park Swansea,43.6499426,-79.472389,3,1,4,3500.0
3400000.0,3599999.0,3400000.0,HOUSE,HOUSE,Lawrence Park North,43.7283084,-79.398605,5,1,6,4000.0
3400000.0,3498000.0,3400000.0,HOUSE,HOUSE,The Beaches,43.6756487,-79.2976302,4,2,5,2750.0
3300132.0,3199999.0,3300132.0,HOUSE,HOUSE,Wychwood,43.6783151,-79.4229975,4,1,4,2750.0
3175000.0,3288000.0,3175000.0,HOUSE,HOUSE,Runnymede Bloor West Village,43.6551618,-79.4824356,4,1,6,2250.0
4000000.0,4189000.0,4000000.0,HOUSE,HOUSE,Rosedale Moore Park,43.6922518,-79.3851268,4,1,5,2750.0
3480000.0,3529000.0,3480000.0,HOUSE,HOUSE,Lawrence Park South,43.7144406,-79.4189708,4,1,3,2250.0
3290000.0,3195000.0,3290000.0,HOUSE,HOUSE,The Beaches,43.6737042,-79.2883683,4,1,5,3250.0
3175000.0,3395000.0,3175000.0,HOUSE,HOUSE,Mount Pleasant East,43.7149709,-79.3914501,4,1,4,3250.0
3410000.0,3499000.0,3410000.0,HOUSE,HOUSE,Lawrence Park South,43.7192544,-79.4083357,4,2,4,2250.0
3525000.0,3679000.0,3525000.0,HOUSE,HOUSE,Lawrence Park South,43.7161364,-79.418651,4,1,5,2750.0
3150000.0,3398000.0,3150000.0,HOUSE,HOUSE,Lawrence Park North,43.7306325,-79.4109945,4,1,5,2250.0
3750000.0,4195000.0,3750000.0,HOUSE,HOUSE,Rosedale Moore Park,43.6929119,-79.3800192,4,2,5,2750.0
3950000.0,4299000.0,3950000.0,HOUSE,HOUSE,Forest Hill North,43.7051496,-79.416774,4,1,6,2750.0
3995060.0,3995000.0,3995060.0,HOUSE,HOUSE,Rosedale Moore Park,43.6873536,-79.3806274,7,0,5,2750.0
3025000.0,3195000.0,3025000.0,HOUSE,HOUSE,Lawrence Park South,43.7047408,-79.4155964,4,1,4,2250.0
3185000.0,3279000.0,3185000.0,HOUSE,HOUSE,Wychwood,43.6801654,-79.4207926,4,0,5,2250.0
3023000.0,2750000.0,3023000.0,HOUSE,HOUSE,Roncesvalles,43.6426136,-79.4432026,4,1,3,2250.0
3205000.0,3195000.0,3205000.0,HOUSE,HOUSE,Mount Pleasant East,43.7001073,-79.3839959,4,1,4,2250.0
3900000.0,4000000.0,3900000.0,HOUSE,HOUSE,Rosedale Moore Park,43.68898,-79.3772346,4,0,5,2750.0
3075000.0,2795000.0,3075000.0,HOUSE,HOUSE,Casa Loma,43.6790587,-79.4038842,3,0,4,2750.0
3225000.0,3395000.0,3225000.0,HOUSE,HOUSE,Lawrence Park North,43.7325752,-79.4102396,4,1,4,2750.0
3150000.0,3175000.0,3150000.0,HOUSE,HOUSE,Rosedale Moore Park,43.6912895,-79.3830123,5,0,4,2250.0
3525000.0,2799880.0,3525000.0,HOUSE,HOUSE,Mount Pleasant East,43.7147472,-79.3885179,4,2,6,2750.0
3700000.0,3695000.0,3700000.0,HOUSE,HOUSE,Lawrence Park South,43.7121907,-79.4103412,4,1,4,2750.0
3350000.0,3545000.0,3350000.0,HOUSE,HOUSE,Rosedale Moore Park,43.6896263,-79.373713,4,0,2,2250.0
3100000.0,3350000.0,3100000.0,HOUSE,HOUSE,Rosedale Moore Park,43.688257,-79.3723322,5,1,5,2250.0
4201000.0,3800000.0,4201000.0,HOUSE,HOUSE,Dufferin Grove,43.6568144,-79.4292546,4,1,5,4250.0
4900000.0,4995000.0,4900000.0,HOUSE,HOUSE,Rosedale Moore Park,43.6808478,-79.3866733,5,1,5,4250.0
4250000.0,4195000.0,4250000.0,HOUSE,HOUSE,Casa Loma,43.6789426,-79.4130123,4,1,5,4250.0
4100000.0,4595000.0,4100000.0,HOUSE,HOUSE,Mount Pleasant East,43.7179852,-79.3918925,3,2,4,3250.0
4050000.0,4325000.0,4050000.0,HOUSE,HOUSE,Rosedale Moore Park,43.6893297,-79.3745647,4,0,5,4250.0
4875000.0,4895000.0,4875000.0,HOUSE,HOUSE,Rosedale Moore Park,43.6896707,-79.3783607,5,0,4,3500.0
4300000.0,4595000.0,4300000.0,HOUSE,HOUSE,Rosedale Moore Park,43.6902267,-79.3736069,5,0,4,3250.0
4125000.0,4250000.0,4125000.0,HOUSE,HOUSE,Rosedale Moore Park,43.6889926,-79.3770889,5,1,5,3250.0
4467500.0,4500000.0,4467500.0,HOUSE,HOUSE,Mount Pleasant East,43.7150515,-79.3913266,4,1,4,3250.0
4500000.0,4995000.0,4500000.0,HOUSE,HOUSE,Rosedale Moore Park,43.6902322,-79.3757354,5,0,5,3250.0
4347500.0,4395000.0,4347500.0,HOUSE,HOUSE,Forest Hill South,43.6877662,-79.417921,6,0,5,4250.0
4200000.0,4295000.0,4200000.0,HOUSE,HOUSE,Rosedale Moore Park,43.6866469,-79.3819361,5,1,5,3250.0
4100000.0,4595000.0,4100000.0,HOUSE,HOUSE,Rosedale Moore Park,43.6771024,-79.3766691,3,1,3,2250.0
4400000.0,4495000.0,4400000.0,HOUSE,HOUSE,Yonge St Clair,43.6847136,-79.3979101,4,1,5,2750.0
4150000.0,4250000.0,4150000.0,HOUSE,HOUSE,Yonge St Clair,43.6844766,-79.3946195,4,1,5,2250.0
4950000.0,5259000.0,4950000.0,HOUSE,HOUSE,Rosedale Moore Park,43.6784902,-79.387977,5,1,5,4250.0
4650000.0,3988000.0,4650000.0,HOUSE,HOUSE,North Riverdale,43.6736331,-79.3537139,5,0,2,4250.0
4395000.0,4395000.0,4395000.0,HOUSE,HOUSE,Forest Hill South,43.6973201,-79.4231253,4,2,4,3250.0
4200000.0,4395000.0,4200000.0,HOUSE,HOUSE,Lawrence Park South,43.7150982,-79.4097046,5,0,5,4250.0
4068000.0,4298000.0,4068000.0,HOUSE,HOUSE,Rosedale Moore Park,43.6883501,-79.3857951,5,0,5,4250.0
4100000.0,4185000.0,4100000.0,HOUSE,HOUSE,High Park Swansea,43.6456425,-79.4509823,6,0,5,4250.0
4800000.0,5495000.0,4800000.0,HOUSE,HOUSE,Forest Hill South,43.6991657,-79.4232573,7,1,8,5000.0
4300000.0,4350000.0,4300000.0,HOUSE,HOUSE,Forest Hill South,43.6969058,-79.4177789,6,0,5,4250.0
4300000.0,4550000.0,4300000.0,HOUSE,HOUSE,Lawrence Park South,43.714084,-79.4150188,4,1,6,3250.0
4999999.0,5545000.0,4999999.0,HOUSE,HOUSE,Forest Hill North,43.7095171,-79.420541,4,1,8,4000.0
4200000.0,4695000.0,4200000.0,HOUSE,HOUSE,Niagara,43.6456525,-79.4068561,4,0,5,4250.0
4795000.0,4795000.0,4795000.0,HOUSE,HOUSE,Casa Loma,43.6798704,-79.4041296,4,1,5,3250.0
4075018.0,4198000.0,4075018.0,HOUSE,HOUSE,Forest Hill South,43.6912573,-79.416733,3,1,5,2250.0
5200000.0,5995000.0,5200000.0,HOUSE,HOUSE,Casa Loma,43.6818627,-79.4113813,7,1,6,4250.0
5968000.0,5999000.0,5968000.0,HOUSE,HOUSE,Rosedale Moore Park,43.6777673,-79.3775365,5,0,5,4250.0
5814000.0,5695000.0,5814000.0,HOUSE,HOUSE,Lawrence Park South,43.7227533,-79.3903801,5,1,5,4250.0
5300000.0,5495000.0,5300000.0,HOUSE,HOUSE,Rosedale Moore Park,43.6874577,-79.3800635,5,3,5,4250.0
5200000.0,5495900.0,5200000.0,HOUSE,HOUSE,Rosedale Moore Park,43.6769587,-79.3782923,5,1,5,4250.0
6000000.0,6500000.0,6000000.0,HOUSE,HOUSE,Rosedale Moore Park,43.6746606,-79.3783722,5,2,6,5000.0
5125000.0,5285000.0,5125000.0,HOUSE,HOUSE,Yonge St Clair,43.6883305,-79.4007709,4,1,5,4250.0
6025000.0,6100000.0,6025000.0,HOUSE,HOUSE,Rosedale Moore Park,43.6892313,-79.3758826,7,0,6,4250.0
5575000.0,5350000.0,5575000.0,HOUSE,HOUSE,Lawrence Park South,43.7167335,-79.4078023,5,1,5,3250.0
6690000.0,6849999.0,6690000.0,HOUSE,HOUSE,The Beaches,43.6718027,-79.283126,4,1,5,4250.0
5800000.0,6498000.0,5800000.0,HOUSE,HOUSE,Forest Hill South,43.6913978,-79.4115324,5,1,6,4250.0
6450000.0,6895000.0,6450000.0,HOUSE,HOUSE,Rosedale Moore Park,43.6903699,-79.3800804,6,1,6,5000.0
10425000.0,11995000.0,10425000.0,HOUSE,HOUSE,Forest Hill South,43.6966275,-79.4123235,4,1,7,5000.0
16180339.89,18888000.0,16180339.89,HOUSE,HOUSE,Rosedale Moore Park,43.6819345,-79.385032,4,1,8,5000.0
9000000.0,9995000.0,9000000.0,HOUSE,HOUSE,Lawrence Park South,43.7208456,-79.3919686,4,1,7,4250.0
7200000.0,7800000.0,7200000.0,HOUSE,HOUSE,Annex,43.67572440000001,-79.39502879999999,4,0,5,4250.0
910100.0,848000.0,910100.0,DUPLEX_TRIPLEX_FOURPLEX,DUPLEX_TRIPLEX_FOURPLEX,Junction Area,43.6662914,-79.4790486,4,0,2,1750.0
950000.0,999000.0,950000.0,DUPLEX_TRIPLEX_FOURPLEX,DUPLEX_TRIPLEX_FOURPLEX,Wychwood,43.6745337,-79.431397,4,1,3,1750.0
1052500.0,999000.0,1052500.0,DUPLEX_TRIPLEX_FOURPLEX,DUPLEX_TRIPLEX_FOURPLEX,Blake Jones,43.6748216,-79.3335292,3,1,2,1300.0
1075000.0,1150000.0,1075000.0,DUPLEX_TRIPLEX_FOURPLEX,DUPLEX_TRIPLEX_FOURPLEX,The Beaches,43.6735929,-79.3079768,2,1,3,900.0
1065000.0,999000.0,1065000.0,DUPLEX_TRIPLEX_FOURPLEX,DUPLEX_TRIPLEX_FOURPLEX,East End Danforth,43.6831318,-79.3068775,3,0,3,1750.0
1160000.0,1199000.0,1160000.0,DUPLEX_TRIPLEX_FOURPLEX,DUPLEX_TRIPLEX_FOURPLEX,Wychwood,43.675089,-79.4267671,4,0,2,1750.0
1215000.0,1399900.0,1215000.0,DUPLEX_TRIPLEX_FOURPLEX,DUPLEX_TRIPLEX_FOURPLEX,Danforth,43.6877177,-79.3192466,3,0,2,1300.0
1201000.0,1120000.0,1201000.0,DUPLEX_TRIPLEX_FOURPLEX,DUPLEX_TRIPLEX_FOURPLEX,High Park Swansea,43.6474524,-79.48501,4,0,1,2250.0
1400000.0,1468000.0,1400000.0,DUPLEX_TRIPLEX_FOURPLEX,DUPLEX_TRIPLEX_FOURPLEX,High Park North,43.6620252,-79.4557757,5,2,3,1750.0
1385000.0,1499900.0,1385000.0,DUPLEX_TRIPLEX_FOURPLEX,DUPLEX_TRIPLEX_FOURPLEX,High Park Swansea,43.6502671,-79.4756898,3,2,3,1750.0
1325000.0,1289000.0,1325000.0,DUPLEX_TRIPLEX_FOURPLEX,DUPLEX_TRIPLEX_FOURPLEX,Palmerston Little Italy,43.6631184,-79.4151506,5,0,3,2250.0
1370000.0,1399900.0,1370000.0,DUPLEX_TRIPLEX_FOURPLEX,DUPLEX_TRIPLEX_FOURPLEX,Corso Italia Davenport,43.6768443,-79.4429031,6,0,3,2250.0
1500000.0,1249000.0,1500000.0,DUPLEX_TRIPLEX_FOURPLEX,DUPLEX_TRIPLEX_FOURPLEX,North Riverdale,43.6759041,-79.3442366,4,1,3,1750.0
1450000.0,1649000.0,1450000.0,DUPLEX_TRIPLEX_FOURPLEX,DUPLEX_TRIPLEX_FOURPLEX,High Park Swansea,43.6506297,-79.4556858,5,2,4,2250.0
1530000.0,1600000.0,1530000.0,DUPLEX_TRIPLEX_FOURPLEX,DUPLEX_TRIPLEX_FOURPLEX,Corso Italia-Davenport,43.6752729,-79.43454419999999,4,0,2,2750.0
1510000.0,1650000.0,1510000.0,DUPLEX_TRIPLEX_FOURPLEX,DUPLEX_TRIPLEX_FOURPLEX,Yonge Eglinton,43.7029757,-79.4082121,4,1,5,2250.0
1650000.0,1695000.0,1650000.0,DUPLEX_TRIPLEX_FOURPLEX,DUPLEX_TRIPLEX_FOURPLEX,High Park North,43.6613152,-79.457735,3,2,3,2250.0
1535000.0,1549000.0,1535000.0,DUPLEX_TRIPLEX_FOURPLEX,DUPLEX_TRIPLEX_FOURPLEX,Trinity Bellwoods,43.6547551,-79.4094289,4,1,3,1750.0
1950000.0,1998000.0,1950000.0,DUPLEX_TRIPLEX_FOURPLEX,DUPLEX_TRIPLEX_FOURPLEX,South Riverdale,43.6673067,-79.3301638,4,1,4,1750.0
1875000.0,1988000.0,1875000.0,DUPLEX_TRIPLEX_FOURPLEX,DUPLEX_TRIPLEX_FOURPLEX,High Park North,43.6575325,-79.4674146,8,0,3,4000.0
1830000.0,1899000.0,1830000.0,DUPLEX_TRIPLEX_FOURPLEX,DUPLEX_TRIPLEX_FOURPLEX,Mimico,43.6205692,-79.5034423,6,1,3,2750.0
1930000.0,1989000.0,1930000.0,DUPLEX_TRIPLEX_FOURPLEX,DUPLEX_TRIPLEX_FOURPLEX,South Riverdale,43.6602388,-79.3509826,4,1,5,2250.0
1890000.0,1999000.0,1890000.0,DUPLEX_TRIPLEX_FOURPLEX,DUPLEX_TRIPLEX_FOURPLEX,Church Yonge Corridor,43.6675459,-79.3799244,5,1,3,3250.0
1950000.0,2199900.0,1950000.0,DUPLEX_TRIPLEX_FOURPLEX,DUPLEX_TRIPLEX_FOURPLEX,Kensington Chinatown,43.656078,-79.404564,5,2,3,2250.0
2200000.0,1989000.0,2200000.0,DUPLEX_TRIPLEX_FOURPLEX,DUPLEX_TRIPLEX_FOURPLEX,North Riverdale,43.6758478,-79.34444409999999,4,2,4,1750.0
2110000.0,2185000.0,2110000.0,DUPLEX_TRIPLEX_FOURPLEX,DUPLEX_TRIPLEX_FOURPLEX,High Park North,43.6573839,-79.4689469,4,3,3,2750.0
2645000.0,2689000.0,2645000.0,DUPLEX_TRIPLEX_FOURPLEX,DUPLEX_TRIPLEX_FOURPLEX,Roncesvalles,43.6445692,-79.4430954,9,1,5,4250.0
2800000.0,2499000.0,2800000.0,DUPLEX_TRIPLEX_FOURPLEX,DUPLEX_TRIPLEX_FOURPLEX,South Riverdale,43.66448,-79.32602,7,0,4,3250.0
2650000.0,2750000.0,2650000.0,DUPLEX_TRIPLEX_FOURPLEX,DUPLEX_TRIPLEX_FOURPLEX,Palmerston Little Italy,43.6627634,-79.4126296,7,0,3,2750.0
2620000.0,2799000.0,2620000.0,DUPLEX_TRIPLEX_FOURPLEX,DUPLEX_TRIPLEX_FOURPLEX,Yonge Eglinton,43.70372039999999,-79.4083613,8,0,4,4250.0
3450000.0,3595000.0,3450000.0,DUPLEX_TRIPLEX_FOURPLEX,DUPLEX_TRIPLEX_FOURPLEX,Yonge Eglinton,43.7022906,-79.4062027,7,2,6,4250.0
3075000.0,2999999.0,3075000.0,DUPLEX_TRIPLEX_FOURPLEX,DUPLEX_TRIPLEX_FOURPLEX,Yonge Eglinton,43.7022409,-79.4067605,6,2,4,4250.0
480000.0,499900.0,480000.0,CONDO,CONDO,Keelesdale Eglinton West,43.6815022,-79.471876,1,1,1,650.0
417000.0,449900.0,417000.0,CONDO,CONDO,Eringate Centennial West Deane,43.6562666,-79.5707858,1,1,1,950.0
457500.0,475000.0,457500.0,CONDO,CONDO,Islington City Centre West,43.639823,-79.5597887,1,0,1,550.0
410000.0,449900.0,410000.0,CONDO,CONDO,Elms Old Rexdale,43.7229776,-79.5437331,3,0,2,1300.0
440000.0,458000.0,440000.0,CONDO,CONDO,Cabbagetown South St James Town,43.6642374,-79.3755383,1,0,1,550.0
480000.0,489900.0,480000.0,CONDO,CONDO,Waterfront Communities The Island,43.641921,-79.3758133,1,0,1,550.0
436000.0,447000.0,436000.0,CONDO,CONDO,Cabbagetown South St James Town,43.6642374,-79.3755383,1,0,1,550.0
500000.0,485000.0,500000.0,CONDO,CONDO,High Park North,43.6606909,-79.4679829,1,0,1,950.0
486000.0,499900.0,486000.0,CONDO,CONDO,Moss Park,43.652818,-79.3666347,1,0,1,350.0
405000.0,389000.0,405000.0,CONDO,CONDO,Regent Park,43.6610068,-79.3603549,2,0,1,350.0
480000.0,409000.0,480000.0,CONDO,CONDO,Regent Park,43.6610187,-79.3635907,1,0,1,550.0
435000.0,449900.0,435000.0,CONDO,CONDO,Waterfront Communities The Island,43.6497482,-79.3656563,1,1,1,550.0
485000.0,499999.0,485000.0,CONDO,CONDO,Moss Park,43.6515395,-79.3680908,1,0,1,350.0
420000.0,439990.0,420000.0,CONDO,CONDO,Regent Park,43.6601105,-79.3605898,2,0,1,350.0
494000.0,499000.0,494000.0,CONDO,CONDO,Elms Old Rexdale,43.721194,-79.5441255,3,0,2,1100.0
450000.0,505000.0,450000.0,CONDO,CONDO,Church Yonge Corridor,43.6547114,-79.3792073,2,0,1,350.0
465000.0,475000.0,465000.0,CONDO,CONDO,Church Yonge Corridor,43.6699083,-79.3815245,1,0,1,550.0
439000.0,449900.0,439000.0,CONDO,CONDO,Kensington Chinatown,43.6544427,-79.3945505,1,0,1,650.0
465000.0,495000.0,465000.0,CONDO,CONDO,Kingsview Village The Westway,43.6959152,-79.5561577,2,1,1,1100.0
440000.0,450000.0,440000.0,CONDO,CONDO,Dovercourt Wallace Emerson Junction,43.6665874,-79.4460776,1,0,1,550.0
435000.0,449900.0,435000.0,CONDO,CONDO,Waterfront Communities C8,43.6455213,-79.3687484,2,0,1,350.0
498000.0,509000.0,498000.0,CONDO,CONDO,Bay Street Corridor,43.6624074,-79.3858983,2,0,1,350.0
450000.0,459800.0,450000.0,CONDO,CONDO,Moss Park,43.653267,-79.3692169,2,0,1,350.0
487500.0,529000.0,487500.0,CONDO,CONDO,Kensington Chinatown,43.652433,-79.3896865,1,0,1,550.0
496000.0,499999.0,496000.0,CONDO,CONDO,Waterfront Communities The Island,43.6400003,-79.3788904,2,0,1,350.0
470000.0,488888.0,470000.0,CONDO,CONDO,Elms Old Rexdale,43.721194,-79.5441255,3,0,2,1100.0
415000.0,399000.0,415000.0,CONDO,CONDO,Church-Yonge Corridor,43.6611534,-79.3816303,2,0,1,350.0
475000.0,400000.0,475000.0,CONDO,CONDO,Niagara,43.6397892,-79.4098417,2,0,1,350.0
442023.4,458000.0,442023.4,CONDO,CONDO,Mount Pleasant West,43.7095303,-79.3982269,1,0,1,550.0
432500.0,444900.0,432500.0,CONDO,CONDO,Niagara,43.6369794,-79.4060787,2,0,1,350.0
485000.0,499000.0,485000.0,CONDO,CONDO,Cabbagetown South St James Town,43.6642374,-79.3755383,1,0,1,550.0
475000.0,489000.0,475000.0,CONDO,CONDO,High Park North,43.6543545,-79.4632051,2,0,1,350.0
463500.0,469900.0,463500.0,CONDO,CONDO,Mount Pleasant West,43.704232,-79.3973465,2,0,1,350.0
400000.0,408888.0,400000.0,CONDO,CONDO,Kingsview Village The Westway,43.694886,-79.5569069,1,0,1,650.0
489000.0,489000.0,489000.0,CONDO,CONDO,Elms Old Rexdale,43.7229776,-79.5437331,2,0,1,950.0
415000.0,425000.0,415000.0,CONDO,CONDO,Forest Hill North,43.7066441,-79.4271318,1,0,1,750.0
435000.0,439900.0,435000.0,CONDO,CONDO,Elms Old Rexdale,43.7220795,-79.5439469,2,0,1,1100.0
436000.0,450000.0,436000.0,CONDO,CONDO,Waterfront Communities C1,43.6411056,-79.4011877,2,0,1,350.0
452500.0,369900.0,452500.0,CONDO,CONDO,Waterfront Communities C1,43.6463925,-79.40304330000001,2,0,1,350.0
479000.0,489000.0,479000.0,CONDO,CONDO,Bay Street Corridor,43.65886,-79.384741,2,1,1,550.0
420000.0,425000.0,420000.0,CONDO,CONDO,Mount Pleasant West,43.7089649,-79.3929849,2,0,1,350.0
500000.0,529000.0,500000.0,CONDO,CONDO,Niagara,43.6427421,-79.4070732,1,0,1,550.0
460000.0,489000.0,460000.0,CONDO,CONDO,Church-Yonge Corridor,43.6605208,-79.3785421,1,0,1,350.0
490000.0,538000.0,490000.0,CONDO,CONDO,Kensington Chinatown,43.6530828,-79.3900382,1,0,1,350.0
500000.0,525000.0,500000.0,CONDO,CONDO,Church-Yonge Corridor,43.6575048,-79.3728456,1,1,1,550.0
475000.0,535000.0,475000.0,CONDO,CONDO,Eringate Centennial West Deane,43.6562666,-79.5707858,2,1,2,1100.0
415000.0,399900.0,415000.0,CONDO,CONDO,West Humber Clairville,43.7316352,-79.61029959999999,1,0,1,650.0
495000.0,499900.0,495000.0,CONDO,CONDO,South Riverdale,43.6576395,-79.350917,1,0,1,550.0
475000.0,499999.0,475000.0,CONDO,CONDO,Waterfront Communities The Island,43.6461536,-79.3752086,1,0,1,650.0
480000.0,495000.0,480000.0,CONDO,CONDO,South Riverdale,43.6578337,-79.3513945,1,0,1,550.0
489000.0,499000.0,489000.0,CONDO,CONDO,South Parkdale,43.6361278,-79.4672709,1,0,1,350.0
465000.0,499900.0,465000.0,CONDO,CONDO,Church Yonge Corridor,43.65737670000001,-79.3744501,1,1,1,550.0
410000.0,379999.0,410000.0,CONDO,CONDO,High Park Swansea,43.6361579,-79.4706161,1,0,1,350.0
470100.0,475000.0,470100.0,CONDO,CONDO,Yonge Eglinton,43.7081369,-79.4005574,1,0,1,350.0
465000.0,470000.0,465000.0,CONDO,CONDO,Dovercourt Wallace Emerson Junction,43.6667421,-79.4482712,1,1,1,550.0
458000.0,399900.0,458000.0,CONDO,CONDO,Little Portugal,43.6417386,-79.4233157,2,0,1,650.0
485000.0,499000.0,485000.0,CONDO,CONDO,Cabbagetown South St James Town,43.6642374,-79.3755383,1,0,1,750.0
495000.0,499990.0,495000.0,CONDO,CONDO,Church Yonge Corridor,43.6610459,-79.3787591,1,1,1,550.0
430000.0,458000.0,430000.0,CONDO,CONDO,Church-Yonge Corridor,43.6693009,-79.3841709,2,1,1,350.0
416000.0,439990.0,416000.0,CONDO,CONDO,Waterfront Communities C1,43.6456213,-79.3919338,2,0,1,350.0
400000.0,424900.0,400000.0,CONDO,CONDO,Kensington Chinatown,43.653632,-79.390954,1,0,1,350.0
415000.0,458000.0,415000.0,CONDO,CONDO,Bay Street Corridor,43.66186140000001,-79.3841461,2,0,1,350.0
490000.0,499900.0,490000.0,CONDO,CONDO,Moss Park,43.6543821,-79.3630452,1,0,1,550.0
490000.0,539000.0,490000.0,CONDO,CONDO,Kensington-Chinatown,43.650405,-79.3921684,1,0,1,550.0
455000.0,479000.0,455000.0,CONDO,CONDO,Moss Park,43.6543821,-79.3630452,1,0,1,550.0
475000.0,485000.0,475000.0,CONDO,CONDO,Waterfront Communities The Island,43.6434625,-79.3991248,1,0,1,550.0
480000.0,489000.0,480000.0,CONDO,CONDO,East End-Danforth,43.6881879,-79.2959713,1,0,1,550.0
499880.0,499880.0,499880.0,CONDO,CONDO,Bay Street Corridor,43.6659675,-79.3871076,1,1,1,550.0
470000.0,469999.0,470000.0,CONDO,CONDO,Waterfront Communities C1,43.6392929,-79.4000267,1,0,1,350.0
414000.0,455000.0,414000.0,CONDO,CONDO,Waterfront Communities The Island,43.6497482,-79.3656563,1,1,1,650.0
450000.0,459900.0,450000.0,CONDO,CONDO,Elms Old Rexdale,43.7220795,-79.5439469,2,0,1,1100.0
492500.0,519900.0,492500.0,CONDO,CONDO,Dovercourt Wallace Emerson Junction,43.6667421,-79.4482712,1,1,2,550.0
499000.0,499000.0,499000.0,CONDO,CONDO,Waterfront Communities The Island,43.6456689,-79.3930607,1,0,1,550.0
487500.0,509000.0,487500.0,CONDO,CONDO,Moss Park,43.6565512,-79.3574839,1,0,1,350.0
488000.0,520500.0,488000.0,CONDO,CONDO,Islington City Centre West,43.6443679,-79.5236517,1,1,1,550.0
430000.0,450000.0,430000.0,CONDO,CONDO,Waterfront Communities C8,43.6451075,-79.3692911,2,0,1,350.0
498800.0,499900.0,498800.0,CONDO,CONDO,Mount Pleasant East,43.7095655,-79.3859931,1,0,1,650.0
440000.0,459900.0,440000.0,CONDO,CONDO,Church Yonge Corridor,43.6649767,-79.3782139,1,0,1,550.0
490000.0,499000.0,490000.0,CONDO,CONDO,Waterfront Communities C8,43.6472458,-79.3711376,1,0,1,550.0
490000.0,518000.0,490000.0,CONDO,CONDO,Kensington Chinatown,43.6522394,-79.3983238,1,0,1,550.0
490000.0,499900.0,490000.0,CONDO,CONDO,Dovercourt Wallace Emerson Junction,43.6657347,-79.447861,1,1,1,650.0
490000.0,499900.0,490000.0,CONDO,CONDO,East End Danforth,43.6874796,-79.3017847,1,0,1,550.0
458000.0,458000.0,458000.0,CONDO,CONDO,Dovercourt Wallace Emerson Junction,43.66710279999999,-79.4474491,1,0,1,550.0
465000.0,475000.0,465000.0,CONDO,CONDO,Yonge-Eglinton,43.7080568,-79.400489,1,0,1,350.0
432500.0,449900.0,432500.0,CONDO,CONDO,The Beaches,43.675619,-79.2847476,2,0,1,850.0
425000.0,399000.0,425000.0,CONDO,CONDO,Waterfront Communities C1,43.6388732,-79.3986617,2,0,1,350.0
470000.0,479900.0,470000.0,CONDO,CONDO,Little Portugal,43.6423906,-79.4247385,1,1,1,550.0
425000.0,435000.0,425000.0,CONDO,CONDO,Little Portugal,43.6420208,-79.4233917,1,0,1,350.0
480212.0,445000.0,480212.0,CONDO,CONDO,Bay Street Corridor,43.6568586,-79.3836642,1,1,1,650.0
433880.0,439900.0,433880.0,CONDO,CONDO,Kensington Chinatown,43.652285,-79.3903666,1,0,1,550.0
466000.0,445000.0,466000.0,CONDO,CONDO,Bay Street Corridor,43.6568586,-79.3836642,1,1,1,650.0
439000.0,399999.0,439000.0,CONDO,CONDO,Waterfront Communities C8,43.6451075,-79.3692911,2,0,1,350.0
418000.0,429900.0,418000.0,CONDO,CONDO,Moss Park,43.6575048,-79.3728456,1,0,1,550.0
439000.0,450000.0,439000.0,CONDO,CONDO,Waterfront Communities The Island,43.6431621,-79.3762619,2,1,1,350.0
479000.0,479900.0,479000.0,CONDO,CONDO,Little Portugal,43.6423906,-79.4247385,1,0,1,350.0
480000.0,399000.0,480000.0,CONDO,CONDO,Mount Olive Silverstone Jamestown,43.7474711,-79.5833296,2,0,2,1100.0
421000.0,399900.0,421000.0,CONDO,CONDO,L Amoreaux,43.7933386,-79.3262139,2,0,2,1100.0
485000.0,499999.0,485000.0,CONDO,CONDO,Palmerston Little Italy,43.6602538,-79.428648,1,0,1,550.0
438000.0,449900.0,438000.0,CONDO,CONDO,Bay Street Corridor,43.65886,-79.384741,2,1,1,550.0
495000.0,499800.0,495000.0,CONDO,CONDO,Waterfront Communities The Island,43.6461536,-79.3752086,1,0,1,650.0
465000.0,445000.0,465000.0,CONDO,CONDO,Waterfront Communities C1,43.6393686,-79.3995846,1,0,1,350.0
490000.0,499900.0,490000.0,CONDO,CONDO,Little Portugal,43.641523,-79.4240871,1,0,1,350.0
465000.0,399000.0,465000.0,CONDO,CONDO,Regent Park,43.661415,-79.35921189999999,1,0,1,550.0
435000.0,459000.0,435000.0,CONDO,CONDO,Elms Old Rexdale,43.721194,-79.5441255,2,1,1,950.0
410000.0,418000.0,410000.0,CONDO,CONDO,Waterfront Communities C1,43.6417442,-79.3819559,2,0,1,350.0
465000.0,479000.0,465000.0,CONDO,CONDO,Forest Hill North,43.70208650000001,-79.421808,1,0,1,750.0
432000.0,459320.0,432000.0,CONDO,CONDO,Waterfront Communities C1,43.6452979,-79.39172049999999,2,0,1,350.0
450000.0,398000.0,450000.0,CONDO,CONDO,Bay Street Corridor,43.6505114,-79.3820778,2,0,1,350.0
470000.0,499900.0,470000.0,CONDO,CONDO,Waterfront Communities The Island,43.6412475,-79.4001678,1,0,1,350.0
479900.0,479900.0,479900.0,CONDO,CONDO,Church Yonge Corridor,43.6526819,-79.3734498,1,0,1,550.0
480000.0,425000.0,480000.0,CONDO,CONDO,North St James Town,43.6707607,-79.3773018,1,0,1,550.0
485000.0,499888.0,485000.0,CONDO,CONDO,Mount Pleasant West,43.71016600000001,-79.39348,1,1,1,550.0
490000.0,399990.0,490000.0,CONDO,CONDO,Regent Park,43.6612119,-79.359668,1,0,1,350.0
415000.0,419900.0,415000.0,CONDO,CONDO,Woodbine Corridor,43.66666,-79.3159569,1,0,1,550.0
493000.0,99999.0,493000.0,CONDO,CONDO,Church Yonge Corridor,43.6545231,-79.3791276,1,1,1,650.0
478000.0,499000.0,478000.0,CONDO,CONDO,South Parkdale,43.6404251,-79.4246524,1,0,1,550.0
467500.0,479880.0,467500.0,CONDO,CONDO,Mount Pleasant West,43.71016600000001,-79.39348,1,0,1,350.0
455000.0,468888.0,455000.0,CONDO,CONDO,Church Yonge Corridor,43.6611024,-79.3819277,2,0,1,350.0
499000.0,499000.0,499000.0,CONDO,CONDO,Mount Pleasant West,43.6972775,-79.3896236,1,0,1,650.0
500000.0,548000.0,500000.0,CONDO,CONDO,Regent Park,43.6614881,-79.3585181,1,0,1,550.0
490000.0,508900.0,490000.0,CONDO,CONDO,High Park Swansea,43.6361579,-79.4706161,1,0,1,350.0
427000.0,438999.0,427000.0,CONDO,CONDO,Waterfront Communities C8,43.6455213,-79.3687484,2,1,1,350.0
475000.0,475000.0,475000.0,CONDO,CONDO,Moss Park,43.6543821,-79.3630452,1,0,1,550.0
415000.0,399999.0,415000.0,CONDO,CONDO,Waterfront Communities C1,43.6488776,-79.3880393,1,0,1,350.0
425000.0,428000.0,425000.0,CONDO,CONDO,Little Portugal,43.6419929,-79.42352819999999,1,0,1,350.0
495000.0,528800.0,495000.0,CONDO,CONDO,Parkwoods Donalda,43.7524996,-79.3325441,2,0,2,750.0
450000.0,475000.0,450000.0,CONDO,CONDO,Church Yonge Corridor,43.6547114,-79.3792073,2,0,1,350.0
440000.0,395000.0,440000.0,CONDO,CONDO,Waterfront Communities The Island,43.6450517,-79.3988327,2,0,1,350.0
447000.0,469000.0,447000.0,CONDO,CONDO,High Park North,43.6529602,-79.4694407,1,0,1,550.0
450000.0,458000.0,450000.0,CONDO,CONDO,High Park Swansea,43.63625529999999,-79.47087189999999,1,0,1,350.0
450000.0,469000.0,450000.0,CONDO,CONDO,Niagara,43.6384589,-79.4140635,1,0,1,350.0
485000.0,529000.0,485000.0,CONDO,CONDO,Moss Park,43.650384,-79.3686809,1,0,1,350.0
469000.0,479900.0,469000.0,CONDO,CONDO,Church Yonge Corridor,43.6557758,-79.3759895,1,0,1,550.0
465000.0,475000.0,465000.0,CONDO,CONDO,Kingsview Village The Westway,43.6959152,-79.5561577,2,0,1,1100.0
489000.0,489900.0,489000.0,CONDO,CONDO,Moss Park,43.65388,-79.364005,1,0,1,350.0
446000.0,478000.0,446000.0,CONDO,CONDO,Waterfront Communities C1,43.6459582,-79.3898731,2,0,1,350.0
492000.0,499000.0,492000.0,CONDO,CONDO,Mount Pleasant West,43.7087689,-79.3937974,1,0,1,350.0
459000.0,459000.0,459000.0,CONDO,CONDO,Waterfront Communities C1,43.6456213,-79.3919338,2,0,1,350.0
405000.0,400000.0,405000.0,CONDO,CONDO,Niagara,43.6433727,-79.4041107,2,0,1,350.0
429000.0,429000.0,429000.0,CONDO,CONDO,Forest Hill North,43.7073069,-79.427323,1,0,1,650.0
435000.0,449000.0,435000.0,CONDO,CONDO,Regent Park,43.6605687,-79.3593324,2,0,1,350.0
487000.0,507000.0,487000.0,CONDO,CONDO,Bay Street Corridor,43.6505114,-79.3820778,1,0,1,350.0
470000.0,480000.0,470000.0,CONDO,CONDO,University,43.6645164,-79.4105865,2,0,1,350.0
437000.0,449000.0,437000.0,CONDO,CONDO,Waterfront Communities C1,43.6439484,-79.4014758,1,0,1,350.0
480000.0,474999.0,480000.0,CONDO,CONDO,Trinity-Bellwoods,43.6431601,-79.4224878,1,0,1,350.0
430000.0,449900.0,430000.0,CONDO,CONDO,Kensington Chinatown,43.652433,-79.3896865,1,0,1,550.0
415000.0,419900.0,415000.0,CONDO,CONDO,Waterfront Communities C1,43.6412006,-79.40053309999999,2,0,1,350.0
485000.0,488800.0,485000.0,CONDO,CONDO,Church Yonge Corridor,43.6632526,-79.38358710000001,2,0,1,350.0
480000.0,499000.0,480000.0,CONDO,CONDO,Yonge Eglinton,43.7087661,-79.3995613,1,0,1,350.0
445000.0,450000.0,445000.0,CONDO,CONDO,Waterfront Communities C8,43.6455213,-79.3687484,2,1,2,350.0
500000.0,505000.0,500000.0,CONDO,CONDO,Waterfront Communities C1,43.650446,-79.38771,1,0,1,350.0
480000.0,449999.0,480000.0,CONDO,CONDO,High Park Swansea,43.6361278,-79.4672709,1,0,1,350.0
490000.0,499900.0,490000.0,CONDO,CONDO,East End Danforth,43.6866288,-79.3076195,1,0,1,350.0
470000.0,469900.0,470000.0,CONDO,CONDO,Bay Street Corridor,43.6642638,-79.3855084,2,0,1,350.0
440000.0,449000.0,440000.0,CONDO,CONDO,Waterfront Communities The Island,43.6494123,-79.37088,2,0,1,350.0
415000.0,459000.0,415000.0,CONDO,CONDO,Church Yonge Corridor,43.6699083,-79.3815245,2,0,1,550.0
455000.0,399000.0,455000.0,CONDO,CONDO,Waterfront Communities C8,43.6455213,-79.3687484,2,0,1,350.0
487000.0,499000.0,487000.0,CONDO,CONDO,Waterfront Communities C1,43.6375023,-79.40103649999999,1,0,1,350.0
490000.0,399999.0,490000.0,CONDO,CONDO,Weston Pellam Park,43.6738836,-79.4624341,1,0,1,550.0
449000.0,449000.0,449000.0,CONDO,CONDO,Waterfront Communities C1,43.6439484,-79.4014758,1,0,1,350.0
479000.0,499000.0,479000.0,CONDO,CONDO,Church-Yonge Corridor,43.6493456,-79.3758022,2,0,1,350.0
455000.0,459000.0,455000.0,CONDO,CONDO,Regent Park,43.659783,-79.362653,2,0,1,350.0
495000.0,495000.0,495000.0,CONDO,CONDO,East End-Danforth,43.68747,-79.301861,1,0,1,550.0
470000.0,393800.0,470000.0,CONDO,CONDO,Mount Pleasant West,43.7089649,-79.3929849,2,0,1,350.0
485000.0,499900.0,485000.0,CONDO,CONDO,Dovercourt Wallace Emerson Junction,43.6666975,-79.448268,1,0,1,550.0
485000.0,499999.0,485000.0,CONDO,CONDO,Little Portugal,43.6423205,-79.42436239999999,1,0,1,550.0
488000.0,499900.0,488000.0,CONDO,CONDO,Waterfront Communities The Island,43.6431621,-79.3762619,2,0,1,350.0
460000.0,469000.0,460000.0,CONDO,CONDO,Niagara,43.6370159,-79.4055772,2,0,1,550.0
438000.0,448000.0,438000.0,CONDO,CONDO,Waterfront Communities C1,43.63717159999999,-79.4014302,2,0,1,350.0
475000.0,449000.0,475000.0,CONDO,CONDO,Waterfront Communities C1,43.6439484,-79.4014758,1,0,1,350.0
485000.0,499000.0,485000.0,CONDO,CONDO,Dovercourt-Wallace Emerson-Junction,43.6657347,-79.447861,1,0,1,550.0
500000.0,515000.0,500000.0,CONDO,CONDO,Junction Area,43.66692399999999,-79.4643782,1,1,1,650.0
430000.0,378800.0,430000.0,CONDO,CONDO,Mount Pleasant West,43.7101988,-79.3933953,2,0,1,350.0
499900.0,499900.0,499900.0,CONDO,CONDO,Waterfront Communities The Island,43.6444922,-79.3908577,1,1,1,750.0
465000.0,468000.0,465000.0,CONDO,CONDO,Church Yonge Corridor,43.6565215,-79.3766048,1,0,1,350.0
405000.0,429000.0,405000.0,CONDO,CONDO,Niagara,43.6370159,-79.4055772,2,0,1,350.0
485000.0,499900.0,485000.0,CONDO,CONDO,Moss Park,43.6558379,-79.3574385,1,0,1,350.0
500000.0,535000.0,500000.0,CONDO,CONDO,Waterfront Communities C8,43.6496637,-79.3665194,1,0,1,550.0
450000.0,399900.0,450000.0,CONDO,CONDO,Waterfront Communities C8,43.6451075,-79.3692911,2,0,1,350.0
419000.0,439000.0,419000.0,CONDO,CONDO,Church Yonge Corridor,43.6573763,-79.3741082,2,0,1,350.0
445000.0,399000.0,445000.0,CONDO,CONDO,Waterfront Communities C8,43.6455213,-79.3687484,1,0,1,350.0
420000.0,439900.0,420000.0,CONDO,CONDO,The Beaches,43.6756105,-79.28473439999999,2,0,1,750.0
500000.0,519000.0,500000.0,CONDO,CONDO,Moss Park,43.6534041,-79.3680104,1,0,1,550.0
462500.0,489900.0,462500.0,CONDO,CONDO,Moss Park,43.6533142,-79.3683904,1,0,1,350.0
415000.0,409900.0,415000.0,CONDO,CONDO,Elms Old Rexdale,43.7220795,-79.5439469,2,0,1,850.0
455000.0,385000.0,455000.0,CONDO,CONDO,Weston,43.7082653,-79.5342051,1,0,1,650.0
495000.0,499000.0,495000.0,CONDO,CONDO,Waterfront Communities The Island,43.6430829,-79.4018327,1,0,1,350.0
481000.0,489000.0,481000.0,CONDO,CONDO,Dovercourt-Wallace Emerson-Junction,43.6666975,-79.448268,1,0,1,550.0
482000.0,499000.0,482000.0,CONDO,CONDO,Church Yonge Corridor,43.6573763,-79.3741082,1,0,1,550.0
415000.0,429900.0,415000.0,CONDO,CONDO,Elms Old Rexdale,43.7220795,-79.5439469,2,0,1,950.0
419000.0,428000.0,419000.0,CONDO,CONDO,Niagara,43.6367062,-79.4000807,2,0,1,350.0
430000.0,438000.0,430000.0,CONDO,CONDO,Bay Street Corridor,43.6545873,-79.3866557,1,0,1,550.0
440000.0,469900.0,440000.0,CONDO,CONDO,South Parkdale,43.6404251,-79.4246524,1,0,1,350.0
488888.0,488888.0,488888.0,CONDO,CONDO,Elms Old Rexdale,43.7220795,-79.5439469,3,0,2,1100.0
489000.0,499900.0,489000.0,CONDO,CONDO,Mount Pleasant East,43.7144643,-79.3968421,1,0,1,750.0
401000.0,409999.0,401000.0,CONDO,CONDO,Niagara,43.643048,-79.4054414,2,0,1,350.0
473000.0,480888.0,473000.0,CONDO,CONDO,Niagara,43.6375103,-79.4005804,2,0,1,350.0
475000.0,499900.0,475000.0,CONDO,CONDO,Waterfront Communities C1,43.6456213,-79.3919338,2,0,1,350.0
478000.0,479500.0,478000.0,CONDO,CONDO,Agincourt South Malvern West,43.7844008,-79.288555,2,0,2,850.0
440000.0,449900.0,440000.0,CONDO,CONDO,Weston,43.7082653,-79.5342051,1,0,1,650.0
493000.0,399999.0,493000.0,CONDO,CONDO,Waterfront Communities C1,43.65042769999999,-79.3877847,1,0,1,350.0
475000.0,479000.0,475000.0,CONDO,CONDO,Niagara,43.6383872,-79.4010639,1,0,1,550.0
500000.0,509900.0,500000.0,CONDO,CONDO,Moss Park,43.6515395,-79.3680908,1,0,1,550.0
500000.0,514999.0,500000.0,CONDO,CONDO,Little Portugal,43.6423906,-79.4247385,1,1,1,550.0
457000.0,465000.0,457000.0,CONDO,CONDO,Briar Hill Belgravia,43.7049416,-79.4399755,1,0,1,750.0
434000.0,449900.0,434000.0,CONDO,CONDO,Taylor Massey,43.6962745,-79.2927586,1,0,1,850.0
492000.0,499899.0,492000.0,CONDO,CONDO,Junction Area,43.6666975,-79.448268,1,0,1,550.0
490000.0,499000.0,490000.0,CONDO,CONDO,Waterfront Communities C1,43.650446,-79.38771,1,0,1,350.0
500000.0,399000.0,500000.0,CONDO,CONDO,Waterfront Communities The Island,43.6497122,-79.3613016,1,0,1,550.0
475000.0,529000.0,475000.0,CONDO,CONDO,Bay Street Corridor,43.657776,-79.383296,1,0,1,650.0
480000.0,518800.0,480000.0,CONDO,CONDO,Moss Park,43.6566436,-79.3547917,1,0,1,350.0
408000.0,419900.0,408000.0,CONDO,CONDO,South Riverdale,43.6575434,-79.3513614,2,0,1,350.0
420000.0,429900.0,420000.0,CONDO,CONDO,Little Portugal,43.6423205,-79.42436239999999,1,0,1,350.0
410000.0,410000.0,410000.0,CONDO,CONDO,Church-Yonge Corridor,43.6574957,-79.3743712,2,0,1,350.0
495000.0,499990.0,495000.0,CONDO,CONDO,Roncesvalles,43.6438827,-79.43285159999999,1,0,1,350.0
460000.0,499000.0,460000.0,CONDO,CONDO,Niagara,43.6387756,-79.4163147,2,0,1,350.0
430000.0,459900.0,430000.0,CONDO,CONDO,North St James Town,43.6719746,-79.3774195,2,0,1,350.0
500000.0,498000.0,500000.0,CONDO,CONDO,Waterfront Communities The Island,43.6412475,-79.4001678,1,0,1,550.0
500000.0,499999.0,500000.0,CONDO,CONDO,Moss Park,43.6525884,-79.3637912,1,0,1,350.0
498000.0,509000.0,498000.0,CONDO,CONDO,Waterfront Communities C1,43.649428,-79.388411,1,0,1,350.0
493000.0,499900.0,493000.0,CONDO,CONDO,East End-Danforth,43.6881879,-79.2959713,1,0,1,550.0
474000.0,486000.0,474000.0,CONDO,CONDO,Dovercourt Wallace Emerson Junction,43.6666975,-79.448268,1,0,1,550.0
492500.0,488888.0,492500.0,CONDO,CONDO,Yorkdale Glen Park,43.7145019,-79.4535044,1,0,1,350.0
482000.0,492000.0,482000.0,CONDO,CONDO,Dovercourt Wallace Emerson Junction,43.6656823,-79.4475781,1,1,1,650.0
500000.0,499500.0,500000.0,CONDO,CONDO,High Park Swansea,43.63599749999999,-79.471368,1,0,1,350.0
422000.0,450000.0,422000.0,CONDO,CONDO,Mount Pleasant West,43.7101988,-79.3933953,2,0,1,350.0
450000.0,389000.0,450000.0,CONDO,CONDO,Bay Street Corridor,43.6569939,-79.3821206,2,0,1,350.0
460000.0,469000.0,460000.0,CONDO,CONDO,Church Yonge Corridor,43.6493456,-79.3758022,1,0,1,350.0
475000.0,499000.0,475000.0,CONDO,CONDO,Waterfront Communities C1,43.6464433,-79.3980282,1,0,1,350.0
427500.0,399900.0,427500.0,CONDO,CONDO,Waterfront Communities C1,43.6404408,-79.3971889,2,0,1,350.0
460000.0,499999.0,460000.0,CONDO,CONDO,Yorkdale Glen Park,43.7065068,-79.465492,3,0,1,850.0
474000.0,488888.0,474000.0,CONDO,CONDO,Mount Pleasant West,43.7036869,-79.3971647,1,0,1,350.0
456000.0,399999.0,456000.0,CONDO,CONDO,Church-Yonge Corridor,43.6568058,-79.3750924,2,0,1,550.0
448000.0,448000.0,448000.0,CONDO,CONDO,Forest Hill South,43.7016568,-79.4212468,1,0,1,850.0
483050.0,499999.0,483050.0,CONDO,CONDO,Church-Yonge Corridor,43.6705792,-79.3805895,1,0,1,550.0
478000.0,479000.0,478000.0,CONDO,CONDO,Waterfront Communities The Island,43.641419,-79.3995785,1,0,1,550.0
460000.0,465000.0,460000.0,CONDO,CONDO,O Connor Parkview,43.6979764,-79.2993523,1,1,1,750.0
500000.0,499900.0,500000.0,CONDO,CONDO,Church Yonge Corridor,43.6557919,-79.3750179,1,0,1,350.0
440000.0,449000.0,440000.0,CONDO,CONDO,Kensington Chinatown,43.6544427,-79.3945505,1,0,1,350.0
492000.0,509000.0,492000.0,CONDO,CONDO,Cabbagetown South St James Town,43.6642374,-79.3755383,1,0,1,550.0
463900.0,474900.0,463900.0,CONDO,CONDO,Church Yonge Corridor,43.667222,-79.3839697,1,0,1,650.0
500000.0,532800.0,500000.0,CONDO,CONDO,Moss Park,43.6503271,-79.3686736,1,0,1,550.0
500000.0,499999.0,500000.0,CONDO,CONDO,High Park Swansea,43.6357637,-79.4679304,1,0,1,350.0
475000.0,498800.0,475000.0,CONDO,CONDO,Waterfront Communities C1,43.6471782,-79.3910623,2,0,1,350.0
493000.0,499900.0,493000.0,CONDO,CONDO,Mount Pleasant West,43.7070855,-79.3977452,1,0,1,550.0
475000.0,495000.0,475000.0,CONDO,CONDO,Church-Yonge Corridor,43.6492726,-79.3746899,2,0,1,350.0
475000.0,485000.0,475000.0,CONDO,CONDO,Waterfront Communities C1,43.6457205,-79.3918198,2,0,1,350.0
446000.0,458000.0,446000.0,CONDO,CONDO,South Parkdale,43.6401441,-79.4239168,1,0,1,350.0
435000.0,419000.0,435000.0,CONDO,CONDO,Yonge St Clair,43.6839132,-79.3998833,1,0,1,750.0
450000.0,479900.0,450000.0,CONDO,CONDO,High Park Swansea,43.6362926,-79.47046279999999,1,0,1,350.0
486000.0,499000.0,486000.0,CONDO,CONDO,Agincourt South Malvern West,43.7844008,-79.288555,2,0,1,750.0
488000.0,499900.0,488000.0,CONDO,CONDO,Niagara,43.6397756,-79.4133527,1,0,1,550.0
495000.0,499900.0,495000.0,CONDO,CONDO,Waterfront Communities C8,43.6569796,-79.3554171,1,0,1,550.0
476000.0,480000.0,476000.0,CONDO,CONDO,Bay Street Corridor,43.6599507,-79.3849463,2,1,1,350.0
450000.0,399000.0,450000.0,CONDO,CONDO,Yonge-Eglinton,43.7080568,-79.400489,1,0,1,350.0
440000.0,450000.0,440000.0,CONDO,CONDO,Little Portugal,43.6417386,-79.4233157,1,0,1,350.0
446000.0,460000.0,446000.0,CONDO,CONDO,Church Yonge Corridor,43.667222,-79.3839697,1,0,1,350.0
477500.0,494000.0,477500.0,CONDO,CONDO,Weston Pellam Park,43.6738836,-79.4624341,1,0,1,550.0
409000.0,420000.0,409000.0,CONDO,CONDO,Waterfront Communities C1,43.6468737,-79.392387,2,0,1,350.0
450000.0,579900.0,450000.0,CONDO,CONDO,Niagara,43.638566,-79.416906,1,0,1,550.0
425000.0,385000.0,425000.0,CONDO,CONDO,Mount Pleasant West,43.71016600000001,-79.39348,2,0,1,350.0
498000.0,498000.0,498000.0,CONDO,CONDO,Waterfront Communities C1,43.6468455,-79.4028294,1,0,1,350.0
469000.0,429900.0,469000.0,CONDO,CONDO,Bay Street Corridor,43.6667966,-79.3886683,2,0,1,350.0
490000.0,499900.0,490000.0,CONDO,CONDO,Bay Street Corridor,43.6648039,-79.3869669,2,1,1,350.0
485000.0,498900.0,485000.0,CONDO,CONDO,Church Yonge Corridor,43.6696371,-79.3805424,2,0,1,350.0
455000.0,475000.0,455000.0,CONDO,CONDO,Agincourt South Malvern West,43.7853277,-79.2885086,2,0,2,1100.0
492500.0,399000.0,492500.0,CONDO,CONDO,Mount Pleasant West,43.7087689,-79.3937974,1,0,1,350.0
469000.0,480000.0,469000.0,CONDO,CONDO,Yonge Eglinton,43.7087661,-79.3995613,1,0,1,350.0
490000.0,499000.0,490000.0,CONDO,CONDO,Waterfront Communities C1,43.6457205,-79.3918198,1,0,1,550.0
475000.0,479000.0,475000.0,CONDO,CONDO,Casa Loma,43.6770215,-79.4063849,1,0,1,350.0
460000.0,499900.0,460000.0,CONDO,CONDO,Moss Park,43.6535819,-79.3687903,1,0,1,550.0
439900.0,439900.0,439900.0,CONDO,CONDO,Cabbagetown South St James Town,43.6642374,-79.3755383,1,0,1,650.0
453000.0,469900.0,453000.0,CONDO,CONDO,Church Yonge Corridor,43.6610459,-79.3787591,2,0,1,350.0
445000.0,479900.0,445000.0,CONDO,CONDO,Bay Street Corridor,43.6599507,-79.3849463,2,0,1,350.0
460000.0,465000.0,460000.0,CONDO,CONDO,Church Yonge Corridor,43.660165,-79.3761657,2,1,1,550.0
490000.0,509000.0,490000.0,CONDO,CONDO,Waterfront Communities C8,43.6527641,-79.3565028,1,1,1,550.0
480000.0,485000.0,480000.0,CONDO,CONDO,Church-Yonge Corridor,43.6568058,-79.3750924,1,0,1,550.0
445000.0,499000.0,445000.0,CONDO,CONDO,Bay Street Corridor,43.6617616,-79.3836302,2,0,1,350.0
419000.0,419900.0,419000.0,CONDO,CONDO,Church-Yonge Corridor,43.6574957,-79.3743712,2,0,1,350.0
480000.0,499800.0,480000.0,CONDO,CONDO,Niagara,43.6367062,-79.4000807,1,0,1,550.0
500000.0,525000.0,500000.0,CONDO,CONDO,Dovercourt Wallace Emerson Junction,43.6667421,-79.4482712,1,1,1,550.0
500000.0,509000.0,500000.0,CONDO,CONDO,Waterfront Communities C1,43.6468455,-79.4028294,1,0,1,350.0
455000.0,469900.0,455000.0,CONDO,CONDO,Little Portugal,43.6419929,-79.42352819999999,1,1,1,550.0
420500.0,430000.0,420500.0,CONDO,CONDO,L Amoreaux,43.7933386,-79.3262139,2,0,2,1100.0
415000.0,439900.0,415000.0,CONDO,CONDO,Cabbagetown South St James Town,43.6642374,-79.3755383,1,0,1,350.0
420000.0,425000.0,420000.0,CONDO,CONDO,Humber Heights Westmount,43.684461,-79.5234873,2,0,1,850.0
440000.0,440000.0,440000.0,CONDO,CONDO,Kingsview Village The Westway,43.695785,-79.5531547,2,0,1,950.0
400000.0,349000.0,400000.0,CONDO,CONDO,Weston,43.7082653,-79.5342051,1,0,1,350.0
500000.0,529000.0,500000.0,CONDO,CONDO,Bay Street Corridor,43.6569939,-79.3821206,2,1,1,350.0
435000.0,449888.0,435000.0,CONDO,CONDO,Weston Pellam Park,43.6735585,-79.4621417,1,0,1,350.0
460000.0,469990.0,460000.0,CONDO,CONDO,Dovercourt Wallace Emerson Junction,43.6667421,-79.4482712,1,0,1,550.0
420000.0,429900.0,420000.0,CONDO,CONDO,Kingsview Village The Westway,43.6968309,-79.5525309,3,0,2,1300.0
445500.0,459000.0,445500.0,CONDO,CONDO,Islington City Centre West,43.6448243,-79.5319897,1,1,1,750.0
475000.0,479000.0,475000.0,CONDO,CONDO,Dovercourt Wallace Emerson Junction,43.6656792,-79.4475982,1,0,1,550.0
430000.0,458000.0,430000.0,CONDO,CONDO,Annex,43.6732429,-79.3898622,2,0,1,350.0
470000.0,480000.0,470000.0,CONDO,CONDO,Dovercourt-Wallace Emerson-Junction,43.6667421,-79.4482712,1,1,1,550.0
477500.0,499900.0,477500.0,CONDO,CONDO,Waterfront Communities C1,43.650446,-79.38771,1,1,1,350.0
430000.0,375000.0,430000.0,CONDO,CONDO,Waterfront Communities The Island,43.6497482,-79.3656563,1,1,1,550.0
428500.0,449000.0,428500.0,CONDO,CONDO,Waterfront Communities C1,43.6458064,-79.39205,2,0,1,350.0
480000.0,485000.0,480000.0,CONDO,CONDO,Church-Yonge Corridor,43.6695417,-79.3837883,2,1,1,350.0
455000.0,468888.0,455000.0,CONDO,CONDO,Waterfront Communities C1,43.650446,-79.38771,1,0,1,350.0
400000.0,409000.0,400000.0,CONDO,CONDO,The Beaches,43.6675693,-79.3048715,2,0,1,350.0
490000.0,499900.0,490000.0,CONDO,CONDO,Moss Park,43.653598,-79.3662319,1,0,1,350.0
465000.0,475000.0,465000.0,CONDO,CONDO,Moss Park,43.6525884,-79.3637912,1,0,1,350.0
485000.0,499900.0,485000.0,CONDO,CONDO,Kensington-Chinatown,43.645072,-79.390868,1,0,1,550.0
470000.0,475000.0,470000.0,CONDO,CONDO,Waterfront Communities C1,43.6393941,-79.3997862,1,0,1,350.0
472000.0,485000.0,472000.0,CONDO,CONDO,Mount Pleasant West,43.7101671,-79.3934793,1,0,1,350.0
473888.0,485000.0,473888.0,CONDO,CONDO,Englemount Lawrence,43.7224076,-79.4316668,1,0,1,550.0
499000.0,499000.0,499000.0,CONDO,CONDO,Thorncliffe Park,43.7039489,-79.3500357,2,0,1,950.0
448000.0,468000.0,448000.0,CONDO,CONDO,Mount Pleasant West,43.7075225,-79.392402,1,0,1,350.0
452000.0,399900.0,452000.0,CONDO,CONDO,Little Portugal,43.6420208,-79.4233917,2,0,1,550.0
470000.0,499900.0,470000.0,CONDO,CONDO,Church Yonge Corridor,43.667222,-79.3839697,1,0,1,550.0
450000.0,449900.0,450000.0,CONDO,CONDO,Moss Park,43.6566436,-79.3547917,1,0,1,550.0
420000.0,428900.0,420000.0,CONDO,CONDO,Mount Pleasant West,43.7116204,-79.3955165,1,0,1,350.0
470000.0,488000.0,470000.0,CONDO,CONDO,Yonge-Eglinton,43.7080568,-79.400489,1,0,1,350.0
490000.0,500000.0,490000.0,CONDO,CONDO,Waterfront Communities C1,43.6457205,-79.3918198,1,0,1,550.0
450000.0,450000.0,450000.0,CONDO,CONDO,Mount Pleasant West,43.7101997,-79.3932422,1,0,1,350.0
495000.0,506000.0,495000.0,CONDO,CONDO,Yonge St Clair,43.6870884,-79.3940321,1,0,1,550.0
485000.0,499900.0,485000.0,CONDO,CONDO,Waterfront Communities C1,43.6476915,-79.3933074,1,0,1,350.0
485000.0,490900.0,485000.0,CONDO,CONDO,Elms Old Rexdale,43.7220795,-79.5439469,3,0,2,1300.0
500000.0,520000.0,500000.0,CONDO,CONDO,Palmerston Little Italy,43.6602538,-79.428648,1,0,1,550.0
500000.0,509000.0,500000.0,CONDO,CONDO,Forest Hill South,43.6882788,-79.4135522,1,1,1,750.0
495000.0,519900.0,495000.0,CONDO,CONDO,Islington City Centre West,43.6443679,-79.5236517,1,1,1,650.0
485000.0,499900.0,485000.0,CONDO,CONDO,Waterfront Communities The Island,43.641744,-79.381956,2,0,1,350.0
460000.0,399000.0,460000.0,CONDO,CONDO,Moss Park,43.6537663,-79.36406769999999,1,0,1,350.0
420000.0,449900.0,420000.0,CONDO,CONDO,Moss Park,43.6566436,-79.3547917,1,0,1,350.0
455000.0,488000.0,455000.0,CONDO,CONDO,Church-Yonge Corridor,43.6622339,-79.3792506,1,0,1,350.0
425000.0,450000.0,425000.0,CONDO,CONDO,Little Portugal,43.641551,-79.424515,1,0,1,550.0
450000.0,480000.0,450000.0,CONDO,CONDO,Waterfront Communities C1,43.6449468,-79.4027332,1,0,1,350.0
480000.0,487888.0,480000.0,CONDO,CONDO,Waterfront Communities The Island,43.6450088,-79.3912754,2,1,1,350.0
435000.0,485000.0,435000.0,CONDO,CONDO,West Humber Clairville,43.7247822,-79.6160393,1,0,1,550.0
460000.0,428000.0,460000.0,CONDO,CONDO,Waterfront Communities C1,43.6393446,-79.3929716,1,0,1,350.0
450000.0,399000.0,450000.0,CONDO,CONDO,Dovercourt-Wallace Emerson-Junction,43.6657347,-79.447861,1,0,1,550.0
402000.0,419000.0,402000.0,CONDO,CONDO,Bay Street Corridor,43.6488273,-79.3780964,2,1,1,550.0
465800.0,480000.0,465800.0,CONDO,CONDO,Waterfront Communities C1,43.6474142,-79.3872935,2,0,1,350.0
475000.0,489900.0,475000.0,CONDO,CONDO,Waterfront Communities The Island,43.6434625,-79.3991248,1,0,1,350.0
470000.0,480000.0,470000.0,CONDO,CONDO,Bay Street Corridor,43.65886,-79.384741,1,1,1,550.0
450000.0,485000.0,450000.0,CONDO,CONDO,Church Yonge Corridor,43.6704872,-79.3845738,1,1,1,550.0
460000.0,499900.0,460000.0,CONDO,CONDO,Church Yonge Corridor,43.669879,-79.385009,1,0,1,550.0
480000.0,499800.0,480000.0,CONDO,CONDO,Waterfront Communities The Island,43.6457241,-79.3996183,1,0,1,350.0
490000.0,499000.0,490000.0,CONDO,CONDO,East End-Danforth,43.6867119,-79.3076241,1,0,1,550.0
467500.0,508888.0,467500.0,CONDO,CONDO,Bay Street Corridor,43.6648039,-79.3869669,2,0,1,350.0
410000.0,399000.0,410000.0,CONDO,CONDO,Moss Park,43.6566436,-79.3547917,1,0,1,350.0
500000.0,509000.0,500000.0,CONDO,CONDO,Niagara,43.6371667,-79.404733,1,0,1,550.0
451000.0,468000.0,451000.0,CONDO,CONDO,Mount Pleasant West,43.7101671,-79.3934793,1,0,1,350.0
488000.0,499000.0,488000.0,CONDO,CONDO,Islington City Centre West,43.6454885,-79.5303865,1,0,1,650.0
435000.0,448900.0,435000.0,CONDO,CONDO,Waterfront Communities C8,43.6452369,-79.36924429999999,2,0,1,350.0
480000.0,499900.0,480000.0,CONDO,CONDO,Waterfront Communities C1,43.6457205,-79.3918198,1,0,1,550.0
475800.0,498000.0,475800.0,CONDO,CONDO,Mount Pleasant West,43.7105663,-79.3932957,1,0,1,350.0
425000.0,439900.0,425000.0,CONDO,CONDO,Cabbagetown South St James Town,43.6642374,-79.3755383,1,0,1,350.0
440000.0,449900.0,440000.0,CONDO,CONDO,Church Yonge Corridor,43.6695584,-79.3846569,1,0,1,350.0
480000.0,389000.0,480000.0,CONDO,CONDO,Kensington Chinatown,43.653632,-79.390954,1,1,1,650.0
488000.0,500000.0,488000.0,CONDO,CONDO,Moss Park,43.6508207,-79.3712023,1,0,1,650.0
426000.0,457500.0,426000.0,CONDO,CONDO,Waterfront Communities C1,43.6453481,-79.3916907,2,0,1,350.0
480000.0,499900.0,480000.0,CONDO,CONDO,Waterfront Communities C1,43.6457205,-79.3918198,1,0,1,350.0
470000.0,479000.0,470000.0,CONDO,CONDO,Weston Pellam Park,43.6735585,-79.4621417,1,0,1,650.0
482000.0,499900.0,482000.0,CONDO,CONDO,Waterfront Communities The Island,43.6468825,-79.4008445,1,0,1,350.0
470000.0,518000.0,470000.0,CONDO,CONDO,Bay Street Corridor,43.6488273,-79.3780964,1,0,1,650.0
470000.0,498800.0,470000.0,CONDO,CONDO,Waterfront Communities C1,43.6464433,-79.3980282,1,0,1,350.0
475000.0,499000.0,475000.0,CONDO,CONDO,Church Yonge Corridor,43.6552936,-79.37536229999999,1,0,1,550.0
445000.0,448888.0,445000.0,CONDO,CONDO,Waterfront Communities C1,43.6480809,-79.3910262,2,0,1,350.0
446000.0,399900.0,446000.0,CONDO,CONDO,Church-Yonge Corridor,43.6655095,-79.3830247,1,0,1,350.0
450000.0,480000.0,450000.0,CONDO,CONDO,Yorkdale Glen Park,43.7145019,-79.4535044,1,0,1,350.0
500000.0,515000.0,500000.0,CONDO,CONDO,Waterfront Communities C1,43.64195290000001,-79.38201629999999,1,1,1,550.0
480000.0,498000.0,480000.0,CONDO,CONDO,Waterfront Communities The Island,43.6400837,-79.3790949,2,0,1,350.0
500000.0,515000.0,500000.0,CONDO,CONDO,Niagara,43.6427421,-79.4070732,1,1,1,750.0
465000.0,489000.0,465000.0,CONDO,CONDO,Mount Pleasant West,43.7101997,-79.3932422,1,0,1,350.0
478000.0,479999.0,478000.0,CONDO,CONDO,South Parkdale,43.6384128,-79.4276448,1,0,1,350.0
488000.0,489000.0,488000.0,CONDO,CONDO,Waterfront Communities C1,43.6405556,-79.3968958,1,0,1,550.0
422000.0,436000.0,422000.0,CONDO,CONDO,Mount Pleasant West,43.7101997,-79.3932422,2,0,1,350.0
500000.0,549900.0,500000.0,CONDO,CONDO,Moss Park,43.6524379,-79.3611118,1,0,1,550.0
410000.0,399000.0,410000.0,CONDO,CONDO,Waterfront Communities C1,43.6455046,-79.3924571,2,0,1,350.0
435000.0,350000.0,435000.0,CONDO,CONDO,Church Yonge Corridor,43.653392,-79.373798,1,0,1,350.0
485000.0,490000.0,485000.0,CONDO,CONDO,Niagara,43.6441326,-79.403265,2,0,1,650.0
465000.0,469900.0,465000.0,CONDO,CONDO,Church-Yonge Corridor,43.6605208,-79.3785421,1,0,1,350.0
470000.0,479999.0,470000.0,CONDO,CONDO,Niagara,43.6348247,-79.40156,1,0,1,550.0
462000.0,495000.0,462000.0,CONDO,CONDO,Waterfront Communities C1,43.6450517,-79.3988327,1,0,1,550.0
480000.0,489999.0,480000.0,CONDO,CONDO,Waterfront Communities The Island,43.6405065,-79.3969011,1,0,1,350.0
455000.0,498000.0,455000.0,CONDO,CONDO,Bay Street Corridor,43.6592713,-79.3849163,2,1,1,550.0
455000.0,459000.0,455000.0,CONDO,CONDO,Waterfront Communities The Island,43.6409947,-79.3945703,1,1,1,650.0
415000.0,440000.0,415000.0,CONDO,CONDO,Kensington Chinatown,43.653632,-79.390954,1,0,1,350.0
449000.0,449000.0,449000.0,CONDO,CONDO,Waterfront Communities C1,43.641744,-79.381956,1,1,1,550.0
480000.0,489000.0,480000.0,CONDO,CONDO,Little Portugal,43.6420208,-79.4233917,2,0,1,650.0
470000.0,509000.0,470000.0,CONDO,CONDO,Church-Yonge Corridor,43.6622339,-79.3792506,1,0,1,350.0
448000.0,464900.0,448000.0,CONDO,CONDO,The Beaches,43.6742201,-79.3071393,1,0,1,550.0
400000.0,399000.0,400000.0,CONDO,CONDO,Regent Park,43.6615739,-79.3586529,2,1,2,350.0
460000.0,499000.0,460000.0,CONDO,CONDO,Waterfront Communities C1,43.64195290000001,-79.38201629999999,1,1,1,550.0
490000.0,499999.0,490000.0,CONDO,CONDO,Yonge St Clair,43.693523,-79.3962369,1,1,1,750.0
468000.0,469900.0,468000.0,CONDO,CONDO,Church-Yonge Corridor,43.6605208,-79.3785421,1,0,1,350.0
480000.0,475000.0,480000.0,CONDO,CONDO,Little Portugal,43.6432774,-79.4282542,1,0,1,550.0
430000.0,490000.0,430000.0,CONDO,CONDO,Waterfront Communities C1,43.645345,-79.39162999999999,2,0,1,350.0
452200.0,454990.0,452200.0,CONDO,CONDO,Niagara,43.6387983,-79.415507,1,0,1,350.0
410000.0,449999.0,410000.0,CONDO,CONDO,West Humber Clairville,43.7307208,-79.6108976,1,0,1,650.0
500000.0,530000.0,500000.0,CONDO,CONDO,Niagara,43.6370159,-79.4055772,1,0,1,550.0
472000.0,485000.0,472000.0,CONDO,CONDO,Elms Old Rexdale,43.7220795,-79.5439469,3,0,2,1300.0
475000.0,490000.0,475000.0,CONDO,CONDO,South Riverdale,43.6652675,-79.3410336,1,1,1,350.0
500000.0,519000.0,500000.0,CONDO,CONDO,Niagara,43.6370159,-79.4055772,1,0,1,550.0
475000.0,494500.0,475000.0,CONDO,CONDO,Dovercourt-Wallace Emerson-Junction,43.6650324,-79.447587,1,0,1,550.0
493000.0,498000.0,493000.0,CONDO,CONDO,High Park Swansea,43.6361883,-79.46728569999999,1,0,1,350.0
500000.0,505000.0,500000.0,CONDO,CONDO,Waterfront Communities C1,43.6404522,-79.39477049999999,1,0,1,550.0
435000.0,449000.0,435000.0,CONDO,CONDO,Church Yonge Corridor,43.667222,-79.3839697,1,0,1,550.0
475000.0,489000.0,475000.0,CONDO,CONDO,Bay Street Corridor,43.6598277,-79.3797427,1,0,1,550.0
435000.0,449880.0,435000.0,CONDO,CONDO,Forest Hill South,43.6878371,-79.4133733,1,0,1,650.0
480000.0,499900.0,480000.0,CONDO,CONDO,Regent Park,43.6594036,-79.3611785,1,0,1,550.0
400000.0,425000.0,400000.0,CONDO,CONDO,Bay Street Corridor,43.6488273,-79.3780964,1,0,1,550.0
460000.0,460000.0,460000.0,CONDO,CONDO,Kensington Chinatown,43.6530828,-79.3900382,1,0,1,350.0
430000.0,450000.0,430000.0,CONDO,CONDO,Moss Park,43.6574957,-79.3743712,1,0,1,350.0
490000.0,499000.0,490000.0,CONDO,CONDO,Annex,43.6739939,-79.388627,1,0,1,350.0
425000.0,449000.0,425000.0,CONDO,CONDO,Keelesdale Eglinton West,43.6904046,-79.4641307,1,0,1,650.0
479000.0,498000.0,479000.0,CONDO,CONDO,Waterfront Communities C1,43.6417088,-79.3793164,2,0,1,350.0
495000.0,499900.0,495000.0,CONDO,CONDO,High Park Swansea,43.6361883,-79.46728569999999,1,0,1,350.0
458000.0,463950.0,458000.0,CONDO,CONDO,Dovercourt-Wallace Emerson-Junction,43.6667421,-79.4482712,1,0,1,550.0
455000.0,475000.0,455000.0,CONDO,CONDO,East End-Danforth,43.6881879,-79.2959713,1,0,1,550.0
500000.0,536000.0,500000.0,CONDO,CONDO,Kensington Chinatown,43.6524244,-79.390463,1,0,1,550.0
485000.0,499900.0,485000.0,CONDO,CONDO,Waterfront Communities The Island,43.63993749999999,-79.3771812,2,0,1,550.0
480000.0,488800.0,480000.0,CONDO,CONDO,Bay Street Corridor,43.6616166,-79.3846797,1,1,1,750.0
500000.0,549888.0,500000.0,CONDO,CONDO,Mount Pleasant West,43.708378,-79.3921009,1,1,1,650.0
494000.0,510000.0,494000.0,CONDO,CONDO,Waterfront Communities The Island,43.6511969,-79.3589449,1,0,1,650.0
449000.0,459000.0,449000.0,CONDO,CONDO,Cabbagetown South St James Town,43.6642374,-79.3755383,1,0,1,650.0
407000.0,438000.0,407000.0,CONDO,CONDO,Waterfront Communities C1,43.6469907,-79.3922487,2,0,1,350.0
442500.0,450000.0,442500.0,CONDO,CONDO,Waterfront Communities The Island,43.6404948,-79.3808155,2,0,1,350.0
495000.0,535000.0,495000.0,CONDO,CONDO,Bay Street Corridor,43.6616166,-79.3846797,1,1,1,750.0
500000.0,529900.0,500000.0,CONDO,CONDO,Moss Park,43.6575048,-79.3728456,1,1,1,550.0
480000.0,499900.0,480000.0,CONDO,CONDO,Waterfront Communities The Island,43.641921,-79.3758133,1,0,1,350.0
480000.0,528000.0,480000.0,CONDO,CONDO,Church-Yonge Corridor,43.6574957,-79.3743712,1,1,1,550.0
459000.0,459000.0,459000.0,CONDO,CONDO,Forest Hill North,43.7078141,-79.4264307,1,1,1,850.0
485000.0,399000.0,485000.0,CONDO,CONDO,Regent Park,43.6612119,-79.359668,1,0,1,350.0
445000.0,458000.0,445000.0,CONDO,CONDO,Brookhaven Amesbury,43.6989235,-79.478878,1,0,1,750.0
435000.0,399999.0,435000.0,CONDO,CONDO,Moss Park,43.6566436,-79.3547917,1,0,1,350.0
490000.0,499000.0,490000.0,CONDO,CONDO,South Riverdale,43.6584655,-79.3527106,1,0,1,550.0
460000.0,462000.0,460000.0,CONDO,CONDO,Dovercourt Wallace Emerson Junction,43.6666975,-79.448268,1,0,1,550.0
500000.0,449000.0,500000.0,CONDO,CONDO,Islington City Centre West,43.609339,-79.5575604,1,0,1,550.0
415000.0,439800.0,415000.0,CONDO,CONDO,Annex,43.67271179999999,-79.3886581,2,0,1,350.0
415000.0,429900.0,415000.0,CONDO,CONDO,Waterfront Communities C1,43.650446,-79.38771,2,0,1,350.0
475000.0,399000.0,475000.0,CONDO,CONDO,Church-Yonge Corridor,43.6551052,-79.3762548,1,0,1,350.0
478000.0,478000.0,478000.0,CONDO,CONDO,Waterfront Communities The Island,43.6400003,-79.3788904,2,0,1,350.0
479000.0,479900.0,479000.0,CONDO,CONDO,Waterfront Communities The Island,43.6400837,-79.3790949,2,0,1,350.0
440000.0,529295.0,440000.0,CONDO,CONDO,Elms Old Rexdale,43.721194,-79.5441255,2,0,1,850.0
500000.0,499900.0,500000.0,CONDO,CONDO,Dovercourt Wallace Emerson Junction,43.6657347,-79.447861,1,0,1,550.0
500000.0,510000.0,500000.0,CONDO,CONDO,Mount Pleasant West,43.7105663,-79.3932957,1,0,1,350.0
496000.0,499000.0,496000.0,CONDO,CONDO,Waterfront Communities The Island,43.6400003,-79.3788904,2,0,1,350.0
434000.0,449000.0,434000.0,CONDO,CONDO,Rosedale Moore Park,43.6735648,-79.3740557,2,0,1,350.0
500000.0,549000.0,500000.0,CONDO,CONDO,High Park Swansea,43.6376021,-79.473026,1,1,1,650.0
415000.0,415000.0,415000.0,CONDO,CONDO,Casa Loma,43.6851958,-79.406631,1,0,1,650.0
458700.0,475000.0,458700.0,CONDO,CONDO,High Park Swansea,43.63625529999999,-79.47087189999999,1,0,1,350.0
471000.0,479999.0,471000.0,CONDO,CONDO,Elms Old Rexdale,43.7220795,-79.5439469,3,0,2,1300.0
485000.0,499000.0,485000.0,CONDO,CONDO,Church Yonge Corridor,43.6622383,-79.37933269999999,2,0,1,350.0
450000.0,469998.0,450000.0,CONDO,CONDO,Mount Pleasant West,43.7036869,-79.3971647,2,0,1,350.0
590000.0,625000.0,590000.0,CONDO,CONDO,Waterfront Communities The Island,43.6403108,-79.3908593,1,1,1,650.0
588000.0,599000.0,588000.0,CONDO,CONDO,Mount Pleasant West,43.7067244,-79.3971563,1,1,1,650.0
572000.0,589000.0,572000.0,CONDO,CONDO,Niagara,43.6384589,-79.4140635,1,0,1,550.0
600000.0,623000.0,600000.0,CONDO,CONDO,South Parkdale,43.6404251,-79.4246524,2,0,1,650.0
540000.0,549000.0,540000.0,CONDO,CONDO,Little Portugal,43.6420208,-79.4233917,2,0,2,550.0
585000.0,599000.0,585000.0,CONDO,CONDO,Waterfront Communities The Island,43.6488825,-79.3652193,2,1,2,1100.0
525000.0,525000.0,525000.0,CONDO,CONDO,Palmerston Little Italy,43.6566249,-79.4083695,1,1,1,750.0
585000.0,599900.0,585000.0,CONDO,CONDO,High Park Swansea,43.6357918,-79.471414,2,0,2,950.0
540000.0,589000.0,540000.0,CONDO,CONDO,Church-Yonge Corridor,43.6574957,-79.3743712,1,1,1,650.0
510000.0,549000.0,510000.0,CONDO,CONDO,Yorkdale Glen Park,43.71551119999999,-79.4516599,1,1,1,750.0
550000.0,569000.0,550000.0,CONDO,CONDO,Church Yonge Corridor,43.6590857,-79.3756802,2,0,1,950.0
578000.0,578000.0,578000.0,CONDO,CONDO,Moss Park,43.6529344,-79.36660599999999,1,1,1,650.0
600000.0,599000.0,600000.0,CONDO,CONDO,Regent Park,43.6615739,-79.3586529,1,1,1,650.0
595000.0,639999.0,595000.0,CONDO,CONDO,Agincourt South Malvern West,43.7900246,-79.25466,2,0,2,1500.0
570000.0,599900.0,570000.0,CONDO,CONDO,Church-Yonge Corridor,43.6492726,-79.3746899,1,1,1,650.0
539000.0,588000.0,539000.0,CONDO,CONDO,Little Portugal,43.6419929,-79.42352819999999,2,0,2,550.0
515000.0,529000.0,515000.0,CONDO,CONDO,Church Yonge Corridor,43.6518649,-79.3760066,1,0,1,750.0
565000.0,499888.0,565000.0,CONDO,CONDO,L Amoreaux,43.7766877,-79.3229623,2,0,2,1100.0
588000.0,599000.0,588000.0,CONDO,CONDO,Waterfront Communities The Island,43.6505719,-79.3572672,1,0,1,550.0
600000.0,609900.0,600000.0,CONDO,CONDO,Waterfront Communities The Island,43.6388732,-79.3986617,1,1,1,650.0
516000.0,528888.0,516000.0,CONDO,CONDO,Waterfront Communities C1,43.639832,-79.3932202,1,0,1,550.0
595000.0,615000.0,595000.0,CONDO,CONDO,Church Yonge Corridor,43.6517024,-79.3747876,1,1,2,950.0
556000.0,559000.0,556000.0,CONDO,CONDO,Annex,43.6698751,-79.3941652,1,0,1,350.0
581500.0,600000.0,581500.0,CONDO,CONDO,Regent Park,43.6601105,-79.3605898,1,1,1,650.0
598000.0,599999.0,598000.0,CONDO,CONDO,Little Portugal,43.6420208,-79.4233917,2,0,2,650.0
560000.0,599000.0,560000.0,CONDO,CONDO,South Parkdale,43.6404251,-79.4246524,2,0,1,750.0
540000.0,569000.0,540000.0,CONDO,CONDO,Waterfront Communities The Island,43.6393941,-79.3997862,1,1,1,550.0
568000.0,549000.0,568000.0,CONDO,CONDO,Church-Yonge Corridor,43.6687952,-79.3839693,1,1,2,550.0
587000.0,599900.0,587000.0,CONDO,CONDO,North St James Town,43.6719003,-79.3725853,1,1,1,550.0
527000.0,449000.0,527000.0,CONDO,CONDO,Regent Park,43.6615739,-79.3586529,1,0,1,550.0
600000.0,610000.0,600000.0,CONDO,CONDO,Waterfront Communities C1,43.6367593,-79.3978503,1,1,1,650.0
540000.0,550000.0,540000.0,CONDO,CONDO,Waterfront Communities C1,43.6429141,-79.3806469,1,0,1,350.0
561666.0,569000.0,561666.0,CONDO,CONDO,Church Yonge Corridor,43.65631740000001,-79.37669629999999,1,1,1,550.0
523000.0,534900.0,523000.0,CONDO,CONDO,Moss Park,43.6503838,-79.36868199999999,1,0,1,550.0
503500.0,539900.0,503500.0,CONDO,CONDO,Waterfront Communities The Island,43.6403228,-79.3917567,1,0,1,550.0
527500.0,529800.0,527500.0,CONDO,CONDO,Waterfront Communities The Island,43.6501177,-79.3579349,1,0,1,550.0
545000.0,499000.0,545000.0,CONDO,CONDO,Church Yonge Corridor,43.6700844,-79.3805554,1,0,1,550.0
530000.0,580000.0,530000.0,CONDO,CONDO,Church Yonge Corridor,43.6520368,-79.3733358,1,1,1,750.0
527000.0,535000.0,527000.0,CONDO,CONDO,Greenwood-Coxwell,43.6811252,-79.3324348,1,1,1,550.0
530000.0,499000.0,530000.0,CONDO,CONDO,High Park Swansea,43.6372542,-79.4733446,1,1,1,750.0
562500.0,499000.0,562500.0,CONDO,CONDO,Waterfront Communities The Island,43.6454222,-79.3937919,1,0,1,650.0
515000.0,518000.0,515000.0,CONDO,CONDO,Moss Park,43.6503838,-79.36868199999999,1,0,1,350.0
528500.0,540000.0,528500.0,CONDO,CONDO,Little Portugal,43.641551,-79.424515,2,0,2,650.0
550000.0,579000.0,550000.0,CONDO,CONDO,Waterfront Communities C1,43.63983169999999,-79.4098558,1,0,1,650.0
502000.0,530000.0,502000.0,CONDO,CONDO,Church Yonge Corridor,43.66958349999999,-79.3841631,1,0,1,350.0
585000.0,609000.0,585000.0,CONDO,CONDO,Mount Pleasant West,43.7075225,-79.392402,1,1,2,650.0
600000.0,614900.0,600000.0,CONDO,CONDO,Waterfront Communities The Island,43.6430971,-79.3916393,1,1,1,650.0
526000.0,519000.0,526000.0,CONDO,CONDO,Junction Area,43.66710279999999,-79.4474491,1,1,1,650.0
575000.0,539900.0,575000.0,CONDO,CONDO,Waterfront Communities C1,43.648321,-79.3928867,1,1,1,550.0
560000.0,549990.0,560000.0,CONDO,CONDO,Regent Park,43.6590809,-79.3629156,1,0,1,550.0
585000.0,524900.0,585000.0,CONDO,CONDO,High Park North,43.6602898,-79.4542617,1,1,1,650.0
600000.0,548000.0,600000.0,CONDO,CONDO,Waterfront Communities The Island,43.6392884,-79.3857185,1,1,1,750.0
577000.0,549000.0,577000.0,CONDO,CONDO,Mount Pleasant West,43.70877249999999,-79.3937821,1,1,1,650.0
520000.0,519900.0,520000.0,CONDO,CONDO,Dovercourt-Wallace Emerson-Junction,43.6669742,-79.4473037,1,0,1,550.0
513888.0,528000.0,513888.0,CONDO,CONDO,Waterfront Communities C1,43.6387206,-79.3994587,1,0,1,550.0
595000.0,568000.0,595000.0,CONDO,CONDO,Waterfront Communities C1,43.6393941,-79.3997862,1,1,1,650.0
575000.0,599900.0,575000.0,CONDO,CONDO,Niagara,43.6369794,-79.4060787,1,0,1,550.0
572500.0,599900.0,572500.0,CONDO,CONDO,Church Yonge Corridor,43.6700844,-79.3805554,1,0,1,550.0
510000.0,515000.0,510000.0,CONDO,CONDO,Yorkdale Glen Park,43.7145019,-79.4535044,1,0,1,350.0
556000.0,559000.0,556000.0,CONDO,CONDO,Mount Pleasant West,43.7075334,-79.3933991,1,0,1,650.0
575000.0,569999.0,575000.0,CONDO,CONDO,Bay Street Corridor,43.657776,-79.383296,1,0,1,750.0
580000.0,575000.0,580000.0,CONDO,CONDO,Church-Yonge Corridor,43.656969,-79.3741222,1,1,1,550.0
535000.0,549000.0,535000.0,CONDO,CONDO,Waterfront Communities The Island,43.6446338,-79.3929358,1,0,1,650.0
585000.0,549000.0,585000.0,CONDO,CONDO,Little Portugal,43.642607,-79.4259342,1,1,1,650.0
530000.0,550000.0,530000.0,CONDO,CONDO,Waterfront Communities C1,43.6405065,-79.3969011,1,0,1,550.0
590000.0,599000.0,590000.0,CONDO,CONDO,Waterfront Communities C1,43.6421205,-79.3836315,1,0,1,550.0
575000.0,499000.0,575000.0,CONDO,CONDO,Niagara,43.6367062,-79.4000807,2,0,1,750.0
560000.0,569900.0,560000.0,CONDO,CONDO,Mount Olive Silverstone Jamestown,43.758194,-79.5885159,2,1,2,1100.0
600000.0,649900.0,600000.0,CONDO,CONDO,High Park Swansea,43.636943,-79.4689321,1,1,2,850.0
580000.0,599000.0,580000.0,CONDO,CONDO,Niagara,43.63983169999999,-79.4098558,1,0,1,650.0
540000.0,499000.0,540000.0,CONDO,CONDO,Church Yonge Corridor,43.6557919,-79.3750179,1,0,1,550.0
525000.0,525000.0,525000.0,CONDO,CONDO,Niagara,43.6375103,-79.4005804,1,0,1,350.0
510000.0,525000.0,510000.0,CONDO,CONDO,Bay Street Corridor,43.657776,-79.383296,1,0,1,650.0
550000.0,565000.0,550000.0,CONDO,CONDO,Wychwood,43.6791909,-79.4254067,2,0,1,950.0
565000.0,575000.0,565000.0,CONDO,CONDO,Annex,43.6702658,-79.3943539,1,0,1,350.0
543000.0,550000.0,543000.0,CONDO,CONDO,Moss Park,43.656969,-79.3741222,1,0,1,350.0
540000.0,549900.0,540000.0,CONDO,CONDO,South Parkdale,43.6385674,-79.4277319,1,0,1,550.0
600000.0,617999.0,600000.0,CONDO,CONDO,Moss Park,43.652818,-79.3666347,1,0,1,550.0
565000.0,575000.0,565000.0,CONDO,CONDO,Dovercourt-Wallace Emerson-Junction,43.6669742,-79.4473037,1,1,1,650.0
583000.0,619000.0,583000.0,CONDO,CONDO,Church-Yonge Corridor,43.6605208,-79.3785421,1,0,1,350.0
540000.0,499000.0,540000.0,CONDO,CONDO,Moss Park,43.6494123,-79.37088,1,0,1,550.0
550000.0,585000.0,550000.0,CONDO,CONDO,Annex,43.6709631,-79.4018934,1,0,1,750.0
540000.0,560000.0,540000.0,CONDO,CONDO,High Park Swansea,43.6361278,-79.4672709,1,0,1,550.0
538800.0,559000.0,538800.0,CONDO,CONDO,Niagara,43.6427421,-79.4070732,1,1,1,650.0
525000.0,529000.0,525000.0,CONDO,CONDO,Niagara,43.6387744,-79.4117185,1,0,1,550.0
600000.0,615000.0,600000.0,CONDO,CONDO,Waterfront Communities C1,43.6475172,-79.39270309999999,1,0,1,550.0
515000.0,524999.0,515000.0,CONDO,CONDO,Annex,43.6703938,-79.39430279999999,1,0,1,350.0
520000.0,499000.0,520000.0,CONDO,CONDO,Islington City Centre West,43.6448243,-79.5319897,1,0,1,550.0
557000.0,599000.0,557000.0,CONDO,CONDO,Mount Pleasant West,43.7087689,-79.3937974,1,1,1,650.0
535000.0,549800.0,535000.0,CONDO,CONDO,Waterfront Communities The Island,43.6425442,-79.3814615,1,1,1,550.0
520000.0,549000.0,520000.0,CONDO,CONDO,Mount Pleasant West,43.7089649,-79.3929849,1,1,1,550.0
555000.0,499000.0,555000.0,CONDO,CONDO,Waterfront Communities The Island,43.6456689,-79.3930607,1,0,1,550.0
573000.0,589700.0,573000.0,CONDO,CONDO,South Riverdale,43.6638888,-79.3266817,1,0,1,550.0
517500.0,529900.0,517500.0,CONDO,CONDO,Cabbagetown South St James Town,43.6642374,-79.3755383,1,0,1,550.0
557000.0,564900.0,557000.0,CONDO,CONDO,Niagara,43.6372054,-79.4035754,1,0,1,550.0
600000.0,599888.0,600000.0,CONDO,CONDO,Annex,43.6748081,-79.3996562,1,1,1,550.0
524900.0,524900.0,524900.0,CONDO,CONDO,Niagara,43.6383649,-79.4145613,1,0,1,650.0
521000.0,399990.0,521000.0,CONDO,CONDO,Little Portugal,43.6419668,-79.4233424,1,0,1,350.0
580000.0,599000.0,580000.0,CONDO,CONDO,South Parkdale,43.6404251,-79.4246524,2,0,1,650.0
515000.0,529000.0,515000.0,CONDO,CONDO,Church Yonge Corridor,43.6696427,-79.3805547,2,0,1,350.0
590101.0,569000.0,590101.0,CONDO,CONDO,Waterfront Communities C1,43.6421205,-79.3836315,1,0,1,550.0
501355.0,520000.0,501355.0,CONDO,CONDO,Waterfront Communities C1,43.6425442,-79.3814615,2,0,1,350.0
535000.0,554900.0,535000.0,CONDO,CONDO,High Park North,43.6602898,-79.4542617,1,1,1,650.0
557500.0,599000.0,557500.0,CONDO,CONDO,Niagara,43.6376551,-79.4024474,1,1,1,550.0
506000.0,499000.0,506000.0,CONDO,CONDO,Church Yonge Corridor,43.6521328,-79.3777157,1,0,1,650.0
540888.0,549900.0,540888.0,CONDO,CONDO,Waterfront Communities The Island,43.6439014,-79.3994795,1,0,1,350.0
585000.0,598000.0,585000.0,CONDO,CONDO,Waterfront Communities The Island,43.6412475,-79.4001678,1,0,1,550.0
525000.0,528000.0,525000.0,CONDO,CONDO,Moss Park,43.6534041,-79.3680104,1,0,1,550.0
592000.0,599000.0,592000.0,CONDO,CONDO,Waterfront Communities C1,43.6371837,-79.4018766,1,0,1,550.0
560000.0,525000.0,560000.0,CONDO,CONDO,Rosedale Moore Park,43.6712941,-79.384925,1,0,1,350.0
560000.0,598000.0,560000.0,CONDO,CONDO,Waterfront Communities C1,43.6375611,-79.3996469,1,0,1,350.0
565000.0,599000.0,565000.0,CONDO,CONDO,Waterfront Communities C1,43.6475103,-79.3927254,1,0,1,350.0
540000.0,569000.0,540000.0,CONDO,CONDO,Niagara,43.6369794,-79.4060787,1,1,1,550.0
592000.0,598000.0,592000.0,CONDO,CONDO,Islington City Centre West,43.6426375,-79.5588279,3,0,2,1300.0
560000.0,599990.0,560000.0,CONDO,CONDO,Waterfront Communities C1,43.6475103,-79.3927254,1,0,1,350.0
582000.0,587000.0,582000.0,CONDO,CONDO,Waterfront Communities The Island,43.6388732,-79.3986617,1,0,1,550.0
573000.0,578000.0,573000.0,CONDO,CONDO,Eringate Centennial West Deane,43.6558636,-79.5706039,2,1,2,1100.0
563000.0,529999.0,563000.0,CONDO,CONDO,South Riverdale,43.658096,-79.351027,1,0,1,550.0
505000.0,489900.0,505000.0,CONDO,CONDO,Dovercourt Wallace Emerson Junction,43.6650324,-79.447587,1,0,1,550.0
594000.0,599999.0,594000.0,CONDO,CONDO,Waterfront Communities C1,43.6384793,-79.3980847,1,0,1,550.0
550000.0,575000.0,550000.0,CONDO,CONDO,Church-Yonge Corridor,43.6561669,-79.3751316,1,0,1,350.0
570000.0,589900.0,570000.0,CONDO,CONDO,Waterfront Communities C1,43.6405065,-79.3969011,1,0,1,550.0
530000.0,499999.0,530000.0,CONDO,CONDO,Little Portugal,43.6423906,-79.4247385,1,0,1,350.0
530000.0,545000.0,530000.0,CONDO,CONDO,Waterfront Communities C1,43.6425442,-79.3814615,2,1,1,350.0
600000.0,499000.0,600000.0,CONDO,CONDO,Mount Pleasant West,43.7056504,-79.3973799,1,0,1,650.0
550000.0,569000.0,550000.0,CONDO,CONDO,Waterfront Communities The Island,43.6398049,-79.3979687,1,1,1,650.0
600000.0,600000.0,600000.0,CONDO,CONDO,East End-Danforth,43.6881879,-79.2959713,1,1,1,650.0
568000.0,625000.0,568000.0,CONDO,CONDO,Niagara,43.6412424,-79.414406,1,0,1,550.0
582000.0,599000.0,582000.0,CONDO,CONDO,Waterfront Communities C1,43.6387206,-79.3994587,1,0,1,550.0
580000.0,598500.0,580000.0,CONDO,CONDO,Bay Street Corridor,43.666815,-79.3875312,1,0,1,550.0
542000.0,549000.0,542000.0,CONDO,CONDO,Niagara,43.636608,-79.4048673,1,0,1,550.0
528000.0,499168.0,528000.0,CONDO,CONDO,Waterfront Communities C1,43.6489604,-79.392576,1,0,1,350.0
515000.0,515000.0,515000.0,CONDO,CONDO,Yorkdale Glen Park,43.7145019,-79.4535044,1,0,1,350.0
540000.0,550000.0,540000.0,CONDO,CONDO,Regent Park,43.6601105,-79.3605898,1,0,1,550.0
582500.0,589000.0,582500.0,CONDO,CONDO,Waterfront Communities C8,43.6539511,-79.35415789999999,1,1,1,650.0
595000.0,619900.0,595000.0,CONDO,CONDO,Moss Park,43.6523306,-79.3688408,1,1,1,750.0
510000.0,510000.0,510000.0,CONDO,CONDO,Regent Park,43.661433,-79.3584553,1,0,1,350.0
585000.0,599999.0,585000.0,CONDO,CONDO,Mount Pleasant West,43.7089649,-79.3929849,1,1,1,650.0
528000.0,549999.0,528000.0,CONDO,CONDO,Mount Olive Silverstone Jamestown,43.7590053,-79.5885886,2,1,2,1100.0
540000.0,399000.0,540000.0,CONDO,CONDO,Yonge St Clair,43.6864965,-79.4002312,1,0,1,350.0
520000.0,559900.0,520000.0,CONDO,CONDO,Eringate Centennial West Deane,43.6562666,-79.5707858,2,0,1,1100.0
516000.0,559000.0,516000.0,CONDO,CONDO,Rosedale Moore Park,43.6755517,-79.3778062,1,0,1,750.0
535000.0,550000.0,535000.0,CONDO,CONDO,Church Yonge Corridor,43.65513929999999,-79.3757478,1,1,1,550.0
595000.0,599900.0,595000.0,CONDO,CONDO,Little Portugal,43.641523,-79.4240871,1,1,1,650.0
530000.0,529900.0,530000.0,CONDO,CONDO,Eringate Centennial West Deane,43.6568866,-79.57077029999999,3,0,2,1300.0
535000.0,549000.0,535000.0,CONDO,CONDO,Church-Yonge Corridor,43.6605208,-79.3785421,1,0,1,550.0
505000.0,519000.0,505000.0,CONDO,CONDO,Waterfront Communities C1,43.6469907,-79.3922487,1,0,1,350.0
599000.0,629000.0,599000.0,CONDO,CONDO,Waterfront Communities The Island,43.6432587,-79.3764035,1,0,1,650.0
522000.0,539900.0,522000.0,CONDO,CONDO,Waterfront Communities C8,43.6520432,-79.3551781,1,1,1,550.0
575000.0,499000.0,575000.0,CONDO,CONDO,Bay Street Corridor,43.6620243,-79.3865463,1,0,1,350.0
595000.0,599000.0,595000.0,CONDO,CONDO,Eringate Centennial West Deane,43.6556925,-79.5710921,3,1,2,1500.0
530000.0,549000.0,530000.0,CONDO,CONDO,Little Portugal,43.642607,-79.4259342,1,0,1,550.0
560000.0,565000.0,560000.0,CONDO,CONDO,Waterfront Communities C1,43.6417088,-79.3793164,1,0,1,350.0
520000.0,539900.0,520000.0,CONDO,CONDO,Church Yonge Corridor,43.6515293,-79.375757,1,0,1,550.0
560000.0,499900.0,560000.0,CONDO,CONDO,Mount Pleasant West,43.7060573,-79.3977655,1,1,1,550.0
507500.0,519900.0,507500.0,CONDO,CONDO,Kensington Chinatown,43.6540697,-79.3904086,1,0,1,650.0
538000.0,549000.0,538000.0,CONDO,CONDO,Rosedale Moore Park,43.6712941,-79.384925,1,1,1,650.0
539900.0,565000.0,539900.0,CONDO,CONDO,Niagara,43.638566,-79.416906,1,1,1,550.0
503000.0,515000.0,503000.0,CONDO,CONDO,Mount Pleasant West,43.7057158,-79.393101,1,0,1,550.0
592500.0,599900.0,592500.0,CONDO,CONDO,Islington City Centre West,43.6426375,-79.5588279,2,1,2,1300.0
595000.0,618000.0,595000.0,CONDO,CONDO,Waterfront Communities The Island,43.6505719,-79.3572672,1,1,1,650.0
580000.0,629900.0,580000.0,CONDO,CONDO,Waterfront Communities The Island,43.6429451,-79.3805034,1,1,1,550.0
572500.0,549900.0,572500.0,CONDO,CONDO,Junction Area,43.6667815,-79.4637755,1,1,1,650.0
600000.0,620000.0,600000.0,CONDO,CONDO,Waterfront Communities The Island,43.6388732,-79.3986617,1,1,1,650.0
535000.0,549900.0,535000.0,CONDO,CONDO,Niagara,43.6386152,-79.4127418,1,0,1,550.0
520000.0,529000.0,520000.0,CONDO,CONDO,Regent Park,43.6605705,-79.3563724,1,0,1,350.0
525000.0,539900.0,525000.0,CONDO,CONDO,Bay Street Corridor,43.6616166,-79.3846797,1,1,1,850.0
595000.0,600000.0,595000.0,CONDO,CONDO,Waterfront Communities The Island,43.6439014,-79.3994795,1,0,1,550.0
510000.0,529900.0,510000.0,CONDO,CONDO,Waterfront Communities C8,43.6527641,-79.3565028,1,0,1,550.0
512500.0,528000.0,512500.0,CONDO,CONDO,Dovercourt-Wallace Emerson-Junction,43.6650324,-79.447587,1,0,1,550.0
515000.0,549999.0,515000.0,CONDO,CONDO,Waterfront Communities C1,43.6425442,-79.3814615,1,1,1,550.0
515000.0,519900.0,515000.0,CONDO,CONDO,South Riverdale,43.6578337,-79.3513945,1,0,1,550.0
529000.0,529000.0,529000.0,CONDO,CONDO,Waterfront Communities The Island,43.6392884,-79.3857185,1,1,1,850.0
535000.0,539990.0,535000.0,CONDO,CONDO,Church Yonge Corridor,43.6705792,-79.3805895,1,0,1,550.0
535713.0,549000.0,535713.0,CONDO,CONDO,Waterfront Communities The Island,43.6456689,-79.3930607,1,0,1,550.0
542000.0,548000.0,542000.0,CONDO,CONDO,Waterfront Communities C1,43.6466334,-79.40169190000002,1,1,1,550.0
590500.0,589880.0,590500.0,CONDO,CONDO,Regent Park,43.6615739,-79.3586529,1,1,1,650.0
545000.0,549000.0,545000.0,CONDO,CONDO,North St. James Town,43.6679848,-79.3755762,1,1,1,650.0
526000.0,529000.0,526000.0,CONDO,CONDO,Moss Park,43.652818,-79.3666347,1,0,1,550.0
585000.0,624999.0,585000.0,CONDO,CONDO,North St James Town,43.6717536,-79.3714449,1,1,1,550.0
565000.0,569000.0,565000.0,CONDO,CONDO,Waterfront Communities The Island,43.6444922,-79.3908577,1,1,1,850.0
572000.0,579900.0,572000.0,CONDO,CONDO,Waterfront Communities The Island,43.6393941,-79.3997862,1,1,1,550.0
560000.0,499000.0,560000.0,CONDO,CONDO,Waterfront Communities C1,43.6404408,-79.3971889,1,0,1,550.0
575000.0,594500.0,575000.0,CONDO,CONDO,Mount Pleasant West,43.7099274,-79.3939021,1,1,2,650.0
508000.0,499000.0,508000.0,CONDO,CONDO,Waterfront Communities C1,43.6476915,-79.3933074,1,0,1,550.0
570000.0,579000.0,570000.0,CONDO,CONDO,Rockcliffe Smythe,43.6758727,-79.5068983,1,0,1,850.0
509000.0,509999.0,509000.0,CONDO,CONDO,Agincourt South Malvern West,43.7778723,-79.2807506,1,0,1,550.0
560000.0,499000.0,560000.0,CONDO,CONDO,Church-Yonge Corridor,43.6533456,-79.3793731,1,0,1,550.0
575000.0,589000.0,575000.0,CONDO,CONDO,Waterfront Communities The Island,43.6368129,-79.3975163,1,0,1,550.0
505000.0,499000.0,505000.0,CONDO,CONDO,Church-Yonge Corridor,43.6568058,-79.3750924,1,0,1,550.0
600000.0,629000.0,600000.0,CONDO,CONDO,South Riverdale,43.6601382,-79.3424223,1,1,1,650.0
525000.0,498000.0,525000.0,CONDO,CONDO,Waterfront Communities C1,43.6456213,-79.3919338,1,0,1,350.0
575000.0,598800.0,575000.0,CONDO,CONDO,Dufferin Grove,43.6533702,-79.4284509,1,0,1,650.0
508000.0,519000.0,508000.0,CONDO,CONDO,Waterfront Communities C1,43.641744,-79.381956,1,1,1,550.0
592500.0,599900.0,592500.0,CONDO,CONDO,Church Yonge Corridor,43.6493456,-79.3758022,1,1,1,650.0
545000.0,549000.0,545000.0,CONDO,CONDO,Moss Park,43.6522223,-79.3708763,1,1,1,550.0
549000.0,559000.0,549000.0,CONDO,CONDO,Church Yonge Corridor,43.6610459,-79.3787591,1,1,1,550.0
570000.0,575000.0,570000.0,CONDO,CONDO,L Amoreaux,43.7985239,-79.3153793,3,0,2,1300.0
549900.0,549900.0,549900.0,CONDO,CONDO,Church Yonge Corridor,43.6523954,-79.3730743,1,0,1,550.0
545000.0,559000.0,545000.0,CONDO,CONDO,Waterfront Communities C8,43.6450422,-79.36357269999999,1,0,1,350.0
563000.0,598888.0,563000.0,CONDO,CONDO,Regent Park,43.6615739,-79.3586529,1,0,1,550.0
518000.0,544888.0,518000.0,CONDO,CONDO,Waterfront Communities C1,43.6459582,-79.3898731,1,0,1,550.0
570000.0,579900.0,570000.0,CONDO,CONDO,Wychwood,43.6810029,-79.4277869,1,1,1,650.0
550000.0,579999.0,550000.0,CONDO,CONDO,Little Portugal,43.6425507,-79.42592909999999,1,0,1,650.0
543000.0,575000.0,543000.0,CONDO,CONDO,Waterfront Communities The Island,43.6420815,-79.3828097,1,0,1,550.0
577000.0,575000.0,577000.0,CONDO,CONDO,Regent Park,43.6615739,-79.3586529,1,0,1,550.0
565000.0,569000.0,565000.0,CONDO,CONDO,Waterfront Communities The Island,43.6438059,-79.3916717,1,1,1,650.0
550000.0,499990.0,550000.0,CONDO,CONDO,Niagara,43.6371667,-79.404733,1,1,1,650.0
557500.0,569000.0,557500.0,CONDO,CONDO,Yonge-Eglinton,43.708749,-79.3995696,1,1,1,550.0
600000.0,598000.0,600000.0,CONDO,CONDO,Waterfront Communities The Island,43.6427017,-79.3933634,1,1,1,650.0
585000.0,593000.0,585000.0,CONDO,CONDO,Waterfront Communities C1,43.6402683,-79.3960141,1,1,1,650.0
560000.0,579800.0,560000.0,CONDO,CONDO,Waterfront Communities C8,43.6451075,-79.3692911,1,0,1,550.0
565000.0,599000.0,565000.0,CONDO,CONDO,South Riverdale,43.658096,-79.351027,2,0,1,650.0
600000.0,599000.0,600000.0,CONDO,CONDO,Waterfront Communities C1,43.6412006,-79.40053309999999,1,1,1,650.0
539000.0,548000.0,539000.0,CONDO,CONDO,Thorncliffe Park,43.7041062,-79.3489348,2,0,2,950.0
522000.0,539000.0,522000.0,CONDO,CONDO,Kensington-Chinatown,43.6539796,-79.3885197,1,0,1,550.0
564250.0,599000.0,564250.0,CONDO,CONDO,East End Danforth,43.6811924,-79.2986478,2,0,1,850.0
565000.0,565000.0,565000.0,CONDO,CONDO,Yonge-Eglinton,43.708749,-79.3995696,1,1,1,550.0
600000.0,619900.0,600000.0,CONDO,CONDO,Waterfront Communities The Island,43.6429451,-79.3805034,1,1,1,650.0
523000.0,530000.0,523000.0,CONDO,CONDO,Mount Pleasant East,43.7101671,-79.3934793,1,1,1,350.0
570000.0,580000.0,570000.0,CONDO,CONDO,Waterfront Communities The Island,43.6381358,-79.39147,1,0,1,650.0
600000.0,628000.0,600000.0,CONDO,CONDO,Church Yonge Corridor,43.6695584,-79.3846569,1,1,1,650.0
581000.0,594900.0,581000.0,CONDO,CONDO,Moss Park,43.6503838,-79.36868199999999,1,0,1,550.0
520000.0,549000.0,520000.0,CONDO,CONDO,Mount Pleasant West,43.7075225,-79.392402,1,0,1,550.0
590000.0,598888.0,590000.0,CONDO,CONDO,Niagara,43.6372054,-79.4035754,1,1,1,750.0
566800.0,569900.0,566800.0,CONDO,CONDO,Mount Pleasant West,43.7070855,-79.3977452,1,1,1,550.0
550000.0,588888.0,550000.0,CONDO,CONDO,Annex,43.6702658,-79.3943539,1,1,1,550.0
578000.0,589000.0,578000.0,CONDO,CONDO,East End-Danforth,43.6867119,-79.3076241,1,1,1,650.0
537500.0,549000.0,537500.0,CONDO,CONDO,Waterfront Communities C1,43.6469907,-79.3922487,1,1,1,550.0
580000.0,614000.0,580000.0,CONDO,CONDO,Bay Street Corridor,43.665412,-79.3871187,1,1,1,750.0
535000.0,555000.0,535000.0,CONDO,CONDO,Church Yonge Corridor,43.66278639999999,-79.3792921,1,0,1,350.0
550000.0,559900.0,550000.0,CONDO,CONDO,North St James Town,43.7901957,-79.4237643,1,0,1,550.0
600000.0,499888.0,600000.0,CONDO,CONDO,Waterfront Communities The Island,43.6461536,-79.3752086,2,0,1,750.0
510000.0,529900.0,510000.0,CONDO,CONDO,Church Yonge Corridor,43.650055,-79.3749505,1,1,1,650.0
546000.0,540000.0,546000.0,CONDO,CONDO,Waterfront Communities C8,43.6452369,-79.36924429999999,1,0,1,550.0
522000.0,539000.0,522000.0,CONDO,CONDO,Moss Park,43.6503838,-79.36868199999999,1,0,1,350.0
580000.0,599000.0,580000.0,CONDO,CONDO,Yonge-Eglinton,43.7080568,-79.400489,1,1,1,650.0
555000.0,569900.0,555000.0,CONDO,CONDO,Regent Park,43.6601105,-79.3605898,1,1,1,650.0
593000.0,599000.0,593000.0,CONDO,CONDO,Niagara,43.6430497,-79.4037726,1,0,1,850.0
570000.0,579999.0,570000.0,CONDO,CONDO,Niagara,43.6418932,-79.4144587,1,0,1,550.0
560000.0,579900.0,560000.0,CONDO,CONDO,High Park Swansea,43.6363049,-79.4702129,1,1,1,750.0
580000.0,599000.0,580000.0,CONDO,CONDO,Mount Pleasant West,43.7075225,-79.392402,1,1,2,650.0
550000.0,579000.0,550000.0,CONDO,CONDO,Waterfront Communities C8,43.6460368,-79.3649192,1,0,1,550.0
565000.0,550000.0,565000.0,CONDO,CONDO,Waterfront Communities C8,43.6492726,-79.3746899,1,1,1,750.0
525000.0,599000.0,525000.0,CONDO,CONDO,Rosedale Moore Park,43.6826194,-79.391523,1,1,1,1100.0
516000.0,559000.0,516000.0,CONDO,CONDO,Bay Street Corridor,43.6648039,-79.3869669,1,0,1,350.0
507000.0,515000.0,507000.0,CONDO,CONDO,Bay Street Corridor,43.6616166,-79.3846797,1,1,1,650.0
600000.0,619990.0,600000.0,CONDO,CONDO,Waterfront Communities The Island,43.6397205,-79.384172,1,0,1,550.0
558000.0,579000.0,558000.0,CONDO,CONDO,Mount Pleasant West,43.7089649,-79.3929849,1,1,1,550.0
530000.0,500000.0,530000.0,CONDO,CONDO,Waterfront Communities C1,43.6425442,-79.3814615,1,1,1,550.0
592000.0,599999.0,592000.0,CONDO,CONDO,Mount Pleasant West,43.7065237,-79.3920212,1,1,1,650.0
600000.0,649999.0,600000.0,CONDO,CONDO,Eringate Centennial West Deane,43.6568866,-79.57077029999999,3,1,2,1300.0
532500.0,538500.0,532500.0,CONDO,CONDO,Waterfront Communities C1,43.6439484,-79.4014758,1,0,1,550.0
570000.0,598000.0,570000.0,CONDO,CONDO,Waterfront Communities C1,43.6490377,-79.3884119,1,0,1,350.0
559250.0,498000.0,559250.0,CONDO,CONDO,Bay Street Corridor,43.6624074,-79.3858983,1,0,1,550.0
565000.0,579999.0,565000.0,CONDO,CONDO,Mount Pleasant West,43.7056504,-79.3973799,1,0,1,650.0
600000.0,549900.0,600000.0,CONDO,CONDO,Regent Park,43.6614881,-79.3585181,1,1,1,650.0
558000.0,488000.0,558000.0,CONDO,CONDO,Yonge Eglinton,43.7087661,-79.3995613,1,0,1,550.0
560000.0,599900.0,560000.0,CONDO,CONDO,Niagara,43.6396436,-79.4151851,1,1,1,550.0
520000.0,529000.0,520000.0,CONDO,CONDO,Trinity Bellwoods,43.6545439,-79.4208367,1,0,1,550.0
550000.0,575000.0,550000.0,CONDO,CONDO,Moss Park,43.6529344,-79.36660599999999,1,0,1,550.0
555000.0,539000.0,555000.0,CONDO,CONDO,Waterfront Communities The Island,43.6368129,-79.3975163,1,0,1,550.0
524900.0,524900.0,524900.0,CONDO,CONDO,Moss Park,43.6503838,-79.36868199999999,1,0,1,350.0
580000.0,598000.0,580000.0,CONDO,CONDO,Mount Pleasant West,43.7099274,-79.3939021,2,0,1,750.0
557000.0,575000.0,557000.0,CONDO,CONDO,Niagara,43.6409911,-79.4143265,1,0,1,550.0
588500.0,609000.0,588500.0,CONDO,CONDO,Niagara,43.6384324,-79.4135407,1,0,1,650.0
517000.0,488800.0,517000.0,CONDO,CONDO,Yonge St Clair,43.6864535,-79.4003053,1,0,1,350.0
522500.0,539000.0,522500.0,CONDO,CONDO,Kensington Chinatown,43.6539796,-79.3885197,1,0,1,550.0
589800.0,589800.0,589800.0,CONDO,CONDO,Mount Pleasant West,43.7065237,-79.3920212,1,1,1,650.0
578000.0,539000.0,578000.0,CONDO,CONDO,Dovercourt-Wallace Emerson-Junction,43.6667421,-79.4482712,2,0,2,650.0
515000.0,535000.0,515000.0,CONDO,CONDO,Mount Pleasant West,43.7002631,-79.3965898,1,1,1,550.0
547500.0,549000.0,547500.0,CONDO,CONDO,South Riverdale,43.6652349,-79.3411672,1,0,1,550.0
513000.0,529900.0,513000.0,CONDO,CONDO,High Park Swansea,43.6363049,-79.4702129,1,0,1,650.0
599000.0,610000.0,599000.0,CONDO,CONDO,Junction Area,43.6704884,-79.4781969,2,0,2,750.0
600000.0,629900.0,600000.0,CONDO,CONDO,Waterfront Communities C1,43.6476915,-79.3933074,1,0,1,350.0
595000.0,595000.0,595000.0,CONDO,CONDO,Church Yonge Corridor,43.6564202,-79.37654460000002,1,1,1,550.0
528000.0,525000.0,528000.0,CONDO,CONDO,High Park Swansea,43.6361579,-79.4706161,1,1,2,650.0
555000.0,599000.0,555000.0,CONDO,CONDO,Rosedale Moore Park,43.6720296,-79.3798098,1,0,1,550.0
572000.0,599900.0,572000.0,CONDO,CONDO,East End Danforth,43.6874796,-79.3017847,1,1,1,650.0
515000.0,549000.0,515000.0,CONDO,CONDO,Church-Yonge Corridor,43.6695417,-79.3837883,1,0,1,350.0
599000.0,619900.0,599000.0,CONDO,CONDO,Niagara,43.6382738,-79.415117,1,0,1,650.0
520000.0,499900.0,520000.0,CONDO,CONDO,Niagara,43.6387756,-79.4163147,1,0,1,550.0
580000.0,599900.0,580000.0,CONDO,CONDO,Mount Pleasant West,43.6972775,-79.3896236,1,1,1,650.0
570000.0,588800.0,570000.0,CONDO,CONDO,Waterfront Communities The Island,43.6412475,-79.4001678,1,0,1,550.0
600000.0,609000.0,600000.0,CONDO,CONDO,Niagara,43.638563,-79.412811,1,1,1,650.0
566666.0,588000.0,566666.0,CONDO,CONDO,Church-Yonge Corridor,43.6561669,-79.3751316,1,1,1,550.0
595000.0,599000.0,595000.0,CONDO,CONDO,Waterfront Communities C1,43.6383693,-79.3986981,1,1,1,750.0
575000.0,609000.0,575000.0,CONDO,CONDO,Waterfront Communities C1,43.6458064,-79.39205,1,1,1,550.0
600000.0,599000.0,600000.0,CONDO,CONDO,Bay Street Corridor,43.665388,-79.3880211,1,0,1,550.0
565000.0,583000.0,565000.0,CONDO,CONDO,Little Portugal,43.641523,-79.4240871,1,0,1,650.0
540000.0,549900.0,540000.0,CONDO,CONDO,Dovercourt Wallace Emerson Junction,43.6667421,-79.4482712,1,1,2,650.0
535000.0,549900.0,535000.0,CONDO,CONDO,Westminster Branson,43.7909895,-79.4499094,2,0,2,850.0
568000.0,598000.0,568000.0,CONDO,CONDO,Mount Pleasant West,43.7105663,-79.3932957,1,1,2,550.0
560000.0,569000.0,560000.0,CONDO,CONDO,Waterfront Communities C8,43.6451075,-79.3692911,1,0,1,550.0
570000.0,599900.0,570000.0,CONDO,CONDO,Islington City Centre West,43.609209,-79.5583318,2,0,2,850.0
525000.0,549500.0,525000.0,CONDO,CONDO,Niagara,43.6398765,-79.4167372,1,0,1,550.0
550000.0,579000.0,550000.0,CONDO,CONDO,Thorncliffe Park,43.7039489,-79.3500357,2,0,2,950.0
587000.0,599900.0,587000.0,CONDO,CONDO,Waterfront Communities C8,43.6451075,-79.3692911,1,0,1,550.0
530000.0,536000.0,530000.0,CONDO,CONDO,Tam O Shanter Sullivan,43.7839924,-79.29537549999999,2,1,2,1300.0
554000.0,559800.0,554000.0,CONDO,CONDO,Niagara,43.63717159999999,-79.4014302,1,0,1,350.0
525000.0,550000.0,525000.0,CONDO,CONDO,Cabbagetown South St James Town,43.6644413,-79.3751085,1,1,1,750.0
575000.0,599999.0,575000.0,CONDO,CONDO,Niagara,43.638566,-79.416906,1,1,1,650.0
540000.0,539000.0,540000.0,CONDO,CONDO,Waterfront Communities C1,43.6388091,-79.3997521,1,1,1,650.0
588000.0,589990.0,588000.0,CONDO,CONDO,Waterfront Communities C1,43.641872,-79.3796564,1,0,1,550.0
590000.0,600000.0,590000.0,CONDO,CONDO,Mount Pleasant West,43.7081279,-79.3971351,1,1,2,650.0
525000.0,539000.0,525000.0,CONDO,CONDO,Regent Park,43.6614881,-79.3585181,1,0,1,550.0
535000.0,549800.0,535000.0,CONDO,CONDO,Dovercourt Wallace Emerson Junction,43.6657347,-79.447861,1,1,1,650.0
548000.0,569000.0,548000.0,CONDO,CONDO,Church Yonge Corridor,43.6547114,-79.3792073,1,0,1,650.0
595000.0,599900.0,595000.0,CONDO,CONDO,Mount Pleasant West,43.7101671,-79.3934793,1,1,2,650.0
548000.0,569988.0,548000.0,CONDO,CONDO,University,43.6657959,-79.4036131,1,0,1,650.0
530000.0,569000.0,530000.0,CONDO,CONDO,Church-Yonge Corridor,43.6552121,-79.375727,1,1,1,550.0
574000.0,579000.0,574000.0,CONDO,CONDO,Waterfront Communities C1,43.6375677,-79.3995487,1,0,1,550.0
550000.0,599000.0,550000.0,CONDO,CONDO,Niagara,43.6396262,-79.4157955,1,0,1,550.0
557000.0,549800.0,557000.0,CONDO,CONDO,Waterfront Communities C1,43.6404932,-79.3949157,1,0,1,650.0
530000.0,559900.0,530000.0,CONDO,CONDO,Waterfront Communities The Island,43.6461536,-79.3752086,1,1,1,850.0
600000.0,599000.0,600000.0,CONDO,CONDO,Annex,43.6805741,-79.3912778,1,1,1,750.0
550000.0,559000.0,550000.0,CONDO,CONDO,Moss Park,43.652818,-79.3666347,1,1,1,650.0
586000.0,599900.0,586000.0,CONDO,CONDO,Mount Pleasant East,43.7095655,-79.3859931,2,0,2,750.0
545000.0,579999.0,545000.0,CONDO,CONDO,Waterfront Communities The Island,43.6429451,-79.3805034,1,0,1,350.0
533000.0,536000.0,533000.0,CONDO,CONDO,Waterfront Communities C1,43.6404932,-79.3949157,1,0,1,550.0
515000.0,518800.0,515000.0,CONDO,CONDO,Waterfront Communities C1,43.649428,-79.388411,1,0,1,350.0
577000.0,599900.0,577000.0,CONDO,CONDO,Moss Park,43.652818,-79.3666347,1,1,1,650.0
505000.0,525000.0,505000.0,CONDO,CONDO,Niagara,43.64286370000001,-79.40713060000002,1,1,1,650.0
590000.0,595000.0,590000.0,CONDO,CONDO,Waterfront Communities C1,43.6393941,-79.3997862,1,1,1,650.0
575000.0,599000.0,575000.0,CONDO,CONDO,Little Portugal,43.6421431,-79.4264907,1,0,1,550.0
590000.0,619500.0,590000.0,CONDO,CONDO,Waterfront Communities The Island,43.6456503,-79.3964914,1,0,1,550.0
540000.0,549999.0,540000.0,CONDO,CONDO,Waterfront Communities C8,43.6536918,-79.3552269,1,1,1,550.0
575000.0,598000.0,575000.0,CONDO,CONDO,Mount Pleasant West,43.70705479999999,-79.3950141,1,1,1,650.0
525000.0,499999.0,525000.0,CONDO,CONDO,Regent Park,43.6614881,-79.3585181,1,0,1,550.0
595000.0,549999.0,595000.0,CONDO,CONDO,Weston Pellam Park,43.6738228,-79.4609282,2,0,2,850.0
585000.0,500000.0,585000.0,CONDO,CONDO,Flemingdon Park,43.711299,-79.322574,3,0,2,1100.0
600000.0,649000.0,600000.0,CONDO,CONDO,Waterfront Communities The Island,43.6501177,-79.3579349,1,0,1,650.0
598000.0,619900.0,598000.0,CONDO,CONDO,Kensington Chinatown,43.6474722,-79.39958709999999,1,1,1,650.0
563000.0,575000.0,563000.0,CONDO,CONDO,Church Yonge Corridor,43.6557758,-79.3759895,1,0,1,650.0
598000.0,618000.0,598000.0,CONDO,CONDO,Islington City Centre West,43.6382499,-79.5362492,1,1,1,750.0
508000.0,499900.0,508000.0,CONDO,CONDO,Cabbagetown South St James Town,43.6667703,-79.3748964,1,1,2,650.0
595000.0,599000.0,595000.0,CONDO,CONDO,Waterfront Communities C1,43.6417088,-79.3793164,1,0,1,550.0
540000.0,549900.0,540000.0,CONDO,CONDO,Waterfront Communities The Island,43.6450088,-79.3912754,1,0,1,550.0
565000.0,575000.0,565000.0,CONDO,CONDO,Niagara,43.6384324,-79.4135407,1,0,1,550.0
585000.0,599000.0,585000.0,CONDO,CONDO,Mount Pleasant West,43.7060573,-79.3977655,1,0,1,550.0
590000.0,615000.0,590000.0,CONDO,CONDO,Mount Pleasant West,43.7000245,-79.3874656,1,0,1,550.0
555000.0,575000.0,555000.0,CONDO,CONDO,Church-Yonge Corridor,43.6492726,-79.3746899,1,1,1,550.0
575000.0,585000.0,575000.0,CONDO,CONDO,High Park Swansea,43.6399438,-79.4735875,2,0,2,1100.0
518000.0,518800.0,518000.0,CONDO,CONDO,Bay Street Corridor,43.6488273,-79.3780964,1,0,1,350.0
545000.0,545000.0,545000.0,CONDO,CONDO,Waterfront Communities The Island,43.6434094,-79.3923139,1,1,1,550.0
560000.0,569000.0,560000.0,CONDO,CONDO,Little Portugal,43.6423906,-79.4247385,2,0,2,650.0
550000.0,559000.0,550000.0,CONDO,CONDO,Dovercourt-Wallace Emerson-Junction,43.6667421,-79.4482712,1,1,1,650.0
540000.0,583000.0,540000.0,CONDO,CONDO,Waterfront Communities C1,43.649428,-79.388411,1,0,1,550.0
520000.0,610000.0,520000.0,CONDO,CONDO,Niagara,43.6376551,-79.4024474,1,0,1,550.0
590500.0,599000.0,590500.0,CONDO,CONDO,Mount Pleasant West,43.7099274,-79.3939021,1,1,2,650.0
595000.0,619900.0,595000.0,CONDO,CONDO,Yonge-St. Clair,43.6897659,-79.4021711,1,1,2,550.0
591610.0,599900.0,591610.0,CONDO,CONDO,Waterfront Communities C1,43.6402683,-79.3960141,2,0,1,650.0
590000.0,599000.0,590000.0,CONDO,CONDO,Church Yonge Corridor,43.6692984,-79.3838639,1,0,1,650.0
550000.0,559000.0,550000.0,CONDO,CONDO,Waterfront Communities C8,43.6503521,-79.3609928,1,0,1,550.0
600000.0,610000.0,600000.0,CONDO,CONDO,Regent Park,43.6605932,-79.3593489,1,0,1,650.0
590000.0,599000.0,590000.0,CONDO,CONDO,Mount Pleasant West,43.708378,-79.3921009,1,0,1,750.0
530000.0,552000.0,530000.0,CONDO,CONDO,Waterfront Communities The Island,43.6404948,-79.3808155,1,0,1,550.0
570000.0,579900.0,570000.0,CONDO,CONDO,Regent Park,43.6594036,-79.3611785,1,1,1,550.0
588000.0,599900.0,588000.0,CONDO,CONDO,High Park North,43.6559939,-79.4669626,1,0,1,550.0
595000.0,610000.0,595000.0,CONDO,CONDO,Niagara,43.6396436,-79.4151851,1,1,1,650.0
565000.0,575000.0,565000.0,CONDO,CONDO,Niagara,43.6363712,-79.4027602,1,0,1,650.0
570000.0,589900.0,570000.0,CONDO,CONDO,Waterfront Communities The Island,43.6505719,-79.3572672,1,1,1,650.0
532000.0,549000.0,532000.0,CONDO,CONDO,Waterfront Communities C8,43.6539511,-79.35415789999999,1,0,1,550.0
518000.0,519900.0,518000.0,CONDO,CONDO,South Riverdale,43.6576395,-79.350917,1,0,1,550.0
525000.0,499000.0,525000.0,CONDO,CONDO,Waterfront Communities The Island,43.6494123,-79.37088,1,0,1,550.0
540000.0,563900.0,540000.0,CONDO,CONDO,Moss Park,43.6543821,-79.3630452,1,1,1,550.0
564000.0,499000.0,564000.0,CONDO,CONDO,Church Yonge Corridor,43.6611024,-79.3819277,1,0,1,550.0
535000.0,556000.0,535000.0,CONDO,CONDO,Bay Street Corridor,43.6505114,-79.3820778,1,0,1,350.0
528000.0,499800.0,528000.0,CONDO,CONDO,North St James Town,43.6719746,-79.3774195,1,1,1,550.0
573000.0,585000.0,573000.0,CONDO,CONDO,Bay Street Corridor,43.6648039,-79.3869669,1,0,1,550.0
542000.0,499000.0,542000.0,CONDO,CONDO,Waterfront Communities The Island,43.6471782,-79.3910623,1,0,1,550.0
550000.0,595000.0,550000.0,CONDO,CONDO,Kensington Chinatown,43.6539796,-79.3885197,1,1,1,650.0
522500.0,549000.0,522500.0,CONDO,CONDO,Church Yonge Corridor,43.6637914,-79.3830261,1,0,1,650.0
540000.0,549900.0,540000.0,CONDO,CONDO,Dovercourt-Wallace Emerson-Junction,43.6667421,-79.4482712,1,1,1,650.0
545000.0,580000.0,545000.0,CONDO,CONDO,Waterfront Communities C1,43.6386323,-79.399676,1,0,1,550.0
553000.0,569900.0,553000.0,CONDO,CONDO,Niagara,43.6384324,-79.4135407,1,0,1,650.0
596000.0,625000.0,596000.0,CONDO,CONDO,Moss Park,43.6569796,-79.3554171,1,1,1,750.0
531000.0,498888.0,531000.0,CONDO,CONDO,Yonge St Clair,43.6864535,-79.4003053,1,0,1,350.0
510000.0,499000.0,510000.0,CONDO,CONDO,Church Yonge Corridor,43.6570682,-79.3740411,1,0,1,350.0
560000.0,589000.0,560000.0,CONDO,CONDO,Church-Yonge Corridor,43.6552121,-79.375727,1,0,1,550.0
525000.0,549900.0,525000.0,CONDO,CONDO,Regent Park,43.6601105,-79.3605898,1,0,1,550.0
519500.0,565000.0,519500.0,CONDO,CONDO,High Park Swansea,43.6363049,-79.4702129,1,0,1,650.0
525000.0,554900.0,525000.0,CONDO,CONDO,Waterfront Communities C1,43.6404408,-79.3971889,1,0,1,550.0
530000.0,545000.0,530000.0,CONDO,CONDO,Waterfront Communities The Island,43.6417442,-79.3819559,1,0,1,550.0
583680.0,599900.0,583680.0,CONDO,CONDO,Waterfront Communities C8,43.6497298,-79.3652996,2,1,1,850.0
597000.0,597000.0,597000.0,CONDO,CONDO,High Park North,43.6559939,-79.4669626,1,0,1,550.0
555000.0,565000.0,555000.0,CONDO,CONDO,Cabbagetown-South St. James Town,43.6673247,-79.3727384,1,1,2,650.0
570000.0,549000.0,570000.0,CONDO,CONDO,Bay Street Corridor,43.6596665,-79.3859262,1,0,1,650.0
550000.0,499900.0,550000.0,CONDO,CONDO,Dovercourt Wallace Emerson Junction,43.6657347,-79.447861,1,1,1,650.0
539900.0,545555.0,539900.0,CONDO,CONDO,Eringate Centennial West Deane,43.6556925,-79.5710921,2,1,2,1300.0
529900.0,529900.0,529900.0,CONDO,CONDO,Niagara,43.6415878,-79.415938,1,0,1,550.0
563000.0,589000.0,563000.0,CONDO,CONDO,Mount Pleasant East,43.7109338,-79.3791255,1,1,1,750.0
600000.0,619900.0,600000.0,CONDO,CONDO,Waterfront Communities C1,43.6476915,-79.3933074,1,1,1,550.0
580000.0,598000.0,580000.0,CONDO,CONDO,Annex,43.6697824,-79.3942951,1,0,1,350.0
516000.0,528800.0,516000.0,CONDO,CONDO,Waterfront Communities C1,43.6489604,-79.392576,1,0,1,350.0
577500.0,569000.0,577500.0,CONDO,CONDO,Yonge-Eglinton,43.7080568,-79.400489,1,1,1,550.0
553000.0,569900.0,553000.0,CONDO,CONDO,Waterfront Communities The Island,43.644122,-79.3960066,1,0,1,650.0
587000.0,598000.0,587000.0,CONDO,CONDO,Waterfront Communities The Island,43.6381358,-79.39147,1,0,1,650.0
600000.0,579999.0,600000.0,CONDO,CONDO,Bay Street Corridor,43.65886,-79.384741,1,2,1,850.0
557000.0,568000.0,557000.0,CONDO,CONDO,Moss Park,43.6533464,-79.3684691,1,1,1,650.0
525000.0,525000.0,525000.0,CONDO,CONDO,Church Yonge Corridor,43.6521328,-79.3777157,1,0,1,650.0
555000.0,560000.0,555000.0,CONDO,CONDO,University,43.6539796,-79.3885197,1,0,1,550.0
585000.0,599000.0,585000.0,CONDO,CONDO,Pelmo Park Humberlea,43.7317091,-79.5318448,2,0,1,850.0
590000.0,608000.0,590000.0,CONDO,CONDO,Waterfront Communities C1,43.6469907,-79.3922487,1,0,1,350.0
590000.0,598000.0,590000.0,CONDO,CONDO,Mount Pleasant West,43.7089649,-79.3929849,1,1,1,550.0
600000.0,610000.0,600000.0,CONDO,CONDO,Waterfront Communities The Island,43.6475103,-79.3927254,1,0,1,550.0
568000.0,599000.0,568000.0,CONDO,CONDO,Church Yonge Corridor,43.6622383,-79.37933269999999,1,0,1,350.0
540255.0,525000.0,540255.0,CONDO,CONDO,High Park Swansea,43.63625529999999,-79.47087189999999,1,1,2,650.0
523000.0,530000.0,523000.0,CONDO,CONDO,Islington City Centre West,43.6440838,-79.5286733,1,0,1,550.0
515000.0,529000.0,515000.0,CONDO,CONDO,Niagara,43.6397892,-79.4098417,1,0,1,550.0
540000.0,545000.0,540000.0,CONDO,CONDO,Dovercourt Wallace Emerson Junction,43.6667421,-79.4482712,1,1,2,650.0
550000.0,549900.0,550000.0,CONDO,CONDO,High Park Swansea,43.636943,-79.4689321,1,0,1,550.0
550000.0,529000.0,550000.0,CONDO,CONDO,South Riverdale,43.6575434,-79.3513614,1,0,1,350.0
542000.0,499000.0,542000.0,CONDO,CONDO,Niagara,43.639949,-79.41581870000002,1,0,1,350.0
575000.0,560000.0,575000.0,CONDO,CONDO,Niagara,43.6387744,-79.4117185,1,1,1,550.0
558000.0,569900.0,558000.0,CONDO,CONDO,Waterfront Communities The Island,43.6488825,-79.3652193,1,1,1,650.0
595000.0,599000.0,595000.0,CONDO,CONDO,East End-Danforth,43.6881879,-79.2959713,1,1,1,650.0
550000.0,579900.0,550000.0,CONDO,CONDO,Mount Pleasant West,43.7089649,-79.3929849,1,0,1,550.0
555000.0,399900.0,555000.0,CONDO,CONDO,Waterfront Communities C8,43.6455213,-79.3687484,2,0,1,350.0
537000.0,559900.0,537000.0,CONDO,CONDO,Moss Park,43.6522223,-79.3708763,1,0,1,550.0
590000.0,598000.0,590000.0,CONDO,CONDO,Waterfront Communities C1,43.6476915,-79.3933074,1,1,1,550.0
574700.0,599000.0,574700.0,CONDO,CONDO,Waterfront Communities C8,43.6462317,-79.37523929999999,1,1,1,850.0
599999.0,599999.0,599999.0,CONDO,CONDO,Moss Park,43.6522223,-79.3708763,1,1,2,650.0
542000.0,559000.0,542000.0,CONDO,CONDO,Yonge St Clair,43.6864965,-79.4002312,1,0,1,350.0
570000.0,579000.0,570000.0,CONDO,CONDO,Westminster Branson,43.7901767,-79.4495948,2,1,2,1100.0
545000.0,568000.0,545000.0,CONDO,CONDO,Church-Yonge Corridor,43.6533456,-79.3793731,1,0,1,550.0
523000.0,538000.0,523000.0,CONDO,CONDO,Waterfront Communities C1,43.6459582,-79.3898731,1,0,1,550.0
560000.0,499900.0,560000.0,CONDO,CONDO,Niagara,43.63983169999999,-79.4098558,1,0,1,650.0
565000.0,499900.0,565000.0,CONDO,CONDO,Waterfront Communities C8,43.6455213,-79.3687484,1,0,1,550.0
595888.0,499900.0,595888.0,CONDO,CONDO,Little Portugal,43.6417386,-79.4233157,2,0,2,550.0
559900.0,569900.0,559900.0,CONDO,CONDO,Waterfront Communities C1,43.6480809,-79.3910262,1,0,1,350.0
585000.0,599000.0,585000.0,CONDO,CONDO,Waterfront Communities C1,43.6388732,-79.3986617,1,0,1,550.0
517500.0,519000.0,517500.0,CONDO,CONDO,High Park North,43.6529949,-79.4689872,1,0,1,350.0
555000.0,595000.0,555000.0,CONDO,CONDO,Waterfront Communities C1,43.6459582,-79.3898731,1,1,1,550.0
585000.0,599800.0,585000.0,CONDO,CONDO,Little Portugal,43.6420176,-79.4235089,2,0,2,550.0
600000.0,599900.0,600000.0,CONDO,CONDO,Clairlea Birchmount,43.7165398,-79.2845142,2,0,2,950.0
595000.0,599000.0,595000.0,CONDO,CONDO,Moss Park,43.656969,-79.3741222,1,1,1,550.0
550500.0,549900.0,550500.0,CONDO,CONDO,South Parkdale,43.6401441,-79.4239168,2,0,2,750.0
