Name,Cuisine,Latitude,Longitude
Amsterdam Brew House,american,43.6378988,-79.3847424
Kandahar Kabab,kebab,43.7051364,-79.3486642
Miller Tavern,,43.7407675,-79.405694
Pizza Hut,pizza,43.7932425,-79.353702
Acqua Supper Club,,43.6308935,-79.4228248
The Keating Channel Pub & Grill,,43.6476371,-79.3533929
Pizza Hut,pizza,43.7637688,-79.2921125
Gwalia,indian,43.7353644,-79.60471
Earls,american,43.6146275,-79.5558261
K&B Sushi,sushi;asian;japanese;korean;chinese;thai,43.6222347,-79.5224867
Asian Buffet,asian,43.7109016,-79.5688585
Handi Indian Cuisine,indian,43.7145749,-79.5687569
Pizza Hut,pizza,43.7142443,-79.5686577
Mr. Greek,greek,43.799814,-79.19828
Caribbean Heat 3,caribbean,43.7520775,-79.5442264
Captain's Catch,chinese,43.774945,-79.3338865
Patty King,,43.773548,-79.2680335
Boston Pizza,pizza,43.6888107,-79.5857778
Tucker's Marketplace,,43.6890233,-79.5851189
Lone Star Texas Grill,tex-mex,43.6872276,-79.5972592
The Keg,steak_house,43.6862761,-79.5974538
East Side Mario's,italian,43.7238945,-79.290673
Kelsey's,american,43.7967925,-79.2025765
Boston Pizza,pizza,43.7963785,-79.204146
Royal Meats BBQ,burger,43.62543,-79.529283
Nobuya (Japanese Fast Food-Ya),japanese,43.6145129,-79.4974215
St. Louis Bar & Grill,chicken,43.7015167,-79.3976439
Sushi by K,regional;sushi,43.7137733,-79.3651461
Bramble,,43.6482788,-79.5084913
Himalayan Kitchen & Bar,,43.6401893,-79.4375999
Bumpkin's,,43.6665837,-79.3840893
Local Public Eatery,,43.7099116,-79.3635479
The Keg - Steakhouse + Bar - Mansion,steak_house,43.6668133,-79.3778821
The Blake House,,43.6645309,-79.3771464
Barberian's Steakhouse and Tavern,steak_house,43.6576095,-79.382135
The Grand Hive Honey's Bistro and Bar,,43.6672258,-79.3791224
Grenadier Cafe,,43.6455131,-79.4660066
Merlot,french,43.6478349,-79.510359
Just Greek Restaurant,greek,43.6477998,-79.5105399
Prague Restaurant,,43.7543846,-79.2159596
Swiss Chalet,chicken,43.7785673,-79.2570504
Scaddabush,italian,43.7776162,-79.2542572
Soluna,mediterranean,43.6496257,-79.3942756
Rivoli,,43.6494798,-79.3949601
David Duncan House,,43.758296,-79.3488355
The Works,burger,43.648766,-79.3740903
Canyon Creek,,43.777028,-79.2618555
Kelsey's,american,43.7288555,-79.2846475
Cellar Door,,43.6000038,-79.5077067
Carousel Cafe,,43.6194375,-79.3738341
Tom Jones Steakhouse,steak_house,43.6491556,-79.3753975
Island Riviera,,43.6273597,-79.3565358
The Keg,steak_house,43.782669,-79.2349535
East Side Mario's,italian,43.7855404,-79.4759976
Montana's,barbecue,43.7866226,-79.4714585
Toronto Island BBQ & Beer Company,american,43.6233609,-79.3786894
The Greek Boy,,43.6866968,-79.3481173
Swiss Chalet,chicken,43.712842,-79.3075535
Sunrise Bar & Restaurant,,43.71993,-79.301053
Kasamoto,japanese,43.6706209,-79.3927707
The Keg,steak_house,43.6499807,-79.3840096
名門金宴,chinese,43.8196245,-79.322363
Queen Margherita Pizza,pizza,43.6581682,-79.4878229
The OWL of Minerva,korean,43.7732893,-79.4142004
HeyNoodles,chinese;noodle,43.7728334,-79.41409
Sugar Marmalade,dessert,43.7732266,-79.4142102
Caribbean Coast,,43.735615,-79.255026
Chop Steakhouse & Bar,steak_house,43.6868255,-79.5892385
Pi Co.,pizza,43.6814873,-79.4258236
Prime Doner Shwarma,,43.6633207,-79.4025009
Harry's Charbroiled,burger,43.6556742,-79.4098907
The Fourth Man in the Fire Pizzeria,pizza,43.6517057,-79.4096053
Drom Taberna,,43.648206,-79.3995577
Max's Restaurant,asian,43.7624945,-79.22597
Barans Turkish Cuisine & BBQ,turkish,43.728905,-79.2807795
Red Lobster,seafood,43.6561655,-79.3836362
Toro Toro,japanese;sushi,43.6687971,-79.3859933
Mexitaco,mexican,43.7086174,-79.2955784
Pisac Peruvian Bistro,peruvian,43.6635565,-79.3706025
Chew Chew's Diner,burger,43.6634831,-79.3723075
Biagio Ristorante,italian,43.6502174,-79.3723941
P.J. O'Brien Restaurant,,43.6488983,-79.3753257
Mercatto Restaurant,,43.6502414,-79.3760324
BLD Restaurant,,43.6506875,-79.3766921
Sunset Grill,american,43.6515163,-79.3790842
Kyoto House Japanese Restaurant,sushi;japanese,43.65527,-79.3853128
Gyubee Japanese Grill,japanese,43.6551479,-79.3858166
Hemispheres Restaurant Bistro,,43.6548563,-79.386186
Park Snacks,,43.6669253,-79.3631687
Swiss Chalet,chicken,43.7404471,-79.232771
Pizza Hut,pizza,43.704869,-79.405697
Cherry Street Bar-B-Que,barbecue,43.6455815,-79.3523218
Fran's Restaurant,,43.6543834,-79.3789778
Congee Wong,chinese,43.7906388,-79.3657401
Petit Potato,,43.7905754,-79.3660962
The Keg,steak_house,43.7588226,-79.3608736
Big Way Hot Pot,korean,43.6651215,-79.4106262
Matha Roti,indian,43.6620921,-79.4063327
Akai,sushi,43.6625828,-79.4049411
Chinese Halal Restaurant,chinese,43.7911958,-79.3667693
Asian Legend,,43.7883678,-79.2672011
Trattoria Fieramosca,italian,43.6695225,-79.3973194
Opus Restaurant,,43.6692221,-79.3972109
Joyous Chinese Cuisine,chinese,43.7912104,-79.3677019
Jerusalem Restaurant,mediterranean,43.7788827,-79.3639364
Gyubee Japanese Grill,japanese,43.6671324,-79.4006315
Swiss Chalet,chicken,43.7121924,-79.5776247
Olde Yorke Fish & Chips,,43.7062483,-79.3620148
Swiss Chalet Express,chicken,43.6716885,-79.2929317
Red Lobster,seafood,43.6146073,-79.5583735
Swiss Chalet,chicken,43.6798251,-79.3453954
New College Cafeteria,,43.6620985,-79.4011589
The Arbor Room,,43.6636712,-79.3945238
Taqueria El Pastorcito,mexican,43.6806191,-79.3376284
Red Lobster,seafood,43.7189057,-79.4561032
nutbar,,43.6461322,-79.3979085
Avenue Open Kitchen & Deli,,43.6471362,-79.3964363
Köz Bingöl,turkish,43.6470273,-79.4041776
Campechano Taqueria,mexican,43.6457945,-79.4007525
Sector 17,burger;indian,43.6583384,-79.3722469
Garage,,43.6647899,-79.380393
Ginger,vietnamese,43.6653713,-79.3809334
Bymark,regional,43.6471261,-79.3814556
SS Kitchen,chinese,43.7985753,-79.1388241
Jadranka Cafe & Pastries,,43.6773604,-79.5059173
Dumpling House Restaurant,chinese,43.6537676,-79.3986924
Sizzler Kabab,,43.6562551,-79.3990565
Chopfire,,43.6550695,-79.3985646
Kupfert & Kim - Spadina,,43.647695,-79.396262
Pizza Rustica Restaurant & Bar,pizza,43.6450581,-79.3917106
Boston Pizza,pizza,43.644225,-79.388488
Scaddabush,,43.6448503,-79.3854168
Phở Hieu Vietnamese Cuisine,vietnamese;noodle,43.6930144,-79.3157307
Ice Flame,,43.7365424,-79.562431
Lettuce Love Cafe,,43.6508433,-79.4769812
Maya Bay,thai,43.6643566,-79.3681554
Sultan Shawarma & Falafel,,43.6883364,-79.3017614
Hooters,burger,43.6479942,-79.3905326
California Pub & Grill,,43.6858529,-79.3476982
K.C. Caribbean Take-Out,,43.6859401,-79.3472838
Westbank Restaurant & Bar,,43.7137573,-79.2719464
Eggsmart,breakfast,43.6711436,-79.376202
Gabby's,,43.6697144,-79.3759409
CC Lounge and Whiskey Bar,,43.647892,-79.3744397
Ceci Bar,,43.6471732,-79.3767732
Montana's,barbecue,43.687279,-79.5860534
Route 401 Diner,,43.7009864,-79.5624706
Lezzet 12 Shawarma,turkish,43.6957445,-79.4491979
Pizza Hut,pizza,43.7572163,-79.2347236
Sammy's Family Restaurant,,43.7535345,-79.2442293
Tacos El Asador,mexican,43.6637644,-79.4169172
Buk Chang Dong Soon Tofu,korean,43.6637464,-79.4169987
Kinton Ramen,ramen,43.6641535,-79.4163143
Korea House,korean,43.6641663,-79.4162447
Mapo Gamjatang,korean,43.6645374,-79.4145066
Korean Village Restaurant,korean,43.6645599,-79.4143924
Kimsoonrye Soonsal Chicken,korean,43.6646289,-79.4140629
Yupdduk,korean,43.6646941,-79.4137973
Namaste Indian Cuisine,indian,43.6647836,-79.4133681
Arisu,korean;sushi,43.6649547,-79.412604
The Greek Grill,,43.6935209,-79.3500867
Karahi Point,,43.7077422,-79.3442136
Jack Astor's,american,43.7345493,-79.3437159
Bar Mercurio,italian;pizza,43.6675661,-79.4003773
Masters,,43.6671544,-79.4023108
Faley Restaurant,chinese,43.7081819,-79.3437206
Harvest Noon Cafe,,43.6608398,-79.4003207
Sol Pizza,pizza,43.6659474,-79.3873456
Cheeky Chat Eatery,chinese;hong_kong_cafe,43.7880408,-79.3810577
Sun Star Chinese,chinese,43.7879823,-79.3811425
Ming Lou,chinese,43.7905909,-79.3660023
He He Long BBQ Takeout,chinese,43.7910098,-79.366856
Hot Spicy Spicy,chinese,43.7912263,-79.3674221
Jack Astor's,american,43.6709062,-79.3868618
La Barbacha/Roja’s Kitchen,,43.6386668,-79.4458602
Richtree Market Restaurants,,43.7473083,-79.3850726
Swiss Chalet,chicken,43.7530511,-79.3578159
Mr. Greek,greek,43.7542107,-79.3515564
Pizza Hut,pizza,43.7543348,-79.3514333
Kelly's Landing,,43.6449489,-79.382751
Dog Saloon,sports_bar,43.71941,-79.2498527
Milestones,bar_and_grill,43.6565847,-79.3805395
Cranberries Restaurant,,43.6679314,-79.3692009
Yonge Street Warehouse,burger;mexican,43.6575025,-79.381582
Congee Queen,,43.6583341,-79.3819365
Market Garden Food Emporium & Terrace,,43.6585506,-79.3825848
Swiss Chalet,chicken,43.671578,-79.46749
Peter Pan Bistro,local,43.6492193,-79.3934602
August 8,,43.7243024,-79.290798
Minerva Tiffins,indian,43.7233574,-79.2905004
Ginsky,,43.7250405,-79.2901715
Our Spot,breakfast,43.6841783,-79.3189908
Golden Griddle,,43.7677199,-79.473959
Mr. Greek,greek,43.7688531,-79.4691016
Golden Horseshoe Barbecue,barbecue,43.6715175,-79.421286
The Benue,nigerian,43.6754255,-79.4231429
Ki,japanese,43.6471898,-79.3793403
The Joneses,,43.6477376,-79.3770201
Sukho Thai,thai,43.6485652,-79.3746014
Hothouse Restaurant & Bar,italian,43.6488188,-79.3736883
The Corner Place,,43.6497545,-79.3713051
Bombay Palace Haute Indian Cuisine,indian,43.6511246,-79.3719662
Yeti Kitchen,,43.6537263,-79.3736904
Philthy Philly's,sandwich;american,43.656805,-79.3762556
Jack Astor's,american,43.6565979,-79.3804057
Spring Sushi,sushi,43.656542,-79.3804572
Armenian Bistro,,43.632219,-79.5437491
Swiss Chalet,chicken,43.632116,-79.5441656
Kiku,japanese,43.7544893,-79.3578227
St. Louis Bar & Grill,chicken,43.7545836,-79.3574262
St. Louis Bar & Grill,chicken,43.6403904,-79.3905411
Swiss Chalet,chicken,43.6391215,-79.3861027
Golden Egg Restaurant,,43.6391703,-79.3858573
Shoeless Joe's,grill,43.6387309,-79.3858117
Wild Wing,chicken,43.6394618,-79.3849709
Bairrada Churrasqueria Grill,portuguese;grill,43.6532897,-79.428705
The Lakeview Restaurant,diner,43.649575,-79.4203399
Stacked Pancake & Breakfast House,breakfast,43.7563319,-79.3141889
Tehranto Persian Cuisine,,43.7804896,-79.4154524
Boston Pizza,pizza,43.775702,-79.26277
Wimpy's Diner,diner,43.7159611,-79.2617629
Hakka Pavilion,,43.8064362,-79.2217293
Pizza Hut,pizza,43.7049095,-79.4928553
Swiss Chalet,chicken,43.6199641,-79.5249049
Pizza Hut,pizza,43.7068072,-79.2689615
Pita Lite,,43.7850263,-79.1870122
Asian Gourmet,chinese,43.7848869,-79.1867777
Pimienta Restaurant,,43.7234991,-79.3373157
Swiss Chalet,chicken,43.7734227,-79.3217333
Dang Smoke BBQ,barbecue,43.664569,-79.3255192
Fusilli Ristorante,italian,43.6570752,-79.3571503
Louf Toronto,middle_eastern,43.6775224,-79.4070307
Courtney's Places,,37.7981198,-95.9509133
W Burger Bar,burger,43.696877,-79.4636737
The Beaver Cafe,sandwich,43.6428562,-79.4264321
Legenda,mexican,43.65461,-79.4018801
Beach Hill Restaurant,,43.680264,-79.3115982
Vietnamese Delight,vietnamese,43.7943993,-79.353514
Grass Mountain Villa Seafood,,43.794685,-79.3532615
The Rec Room,,43.6410584,-79.3866048
Paramount Fine Foods,middle_eastern,43.7362962,-79.343917
Anejo,,43.7340702,-79.3455779
Joey,regional,43.734024,-79.344775
The Good Son,italian,43.7348027,-79.3444486
Congee Queen,,43.7359494,-79.3473182
St. Louis Bar & Grill,chicken,43.7678673,-79.4673671
Amazing Shawarma,,43.7398036,-79.2362232
Chiang Mai,,43.6656019,-79.4694448
3 Brewers,burger;pizza;seafood,43.6555018,-79.3803803
Gabby's,,43.729186,-79.4030994
PhaYao Thai,thai,43.7335874,-79.4041986
Toasted on Roncy,,43.6416786,-79.4470949
Cactus Club Cafe,international,43.61287,-79.5600002
The Chestnut Tree,,43.6541294,-79.3850984
Hello 123,,43.6433847,-79.4234943
Mademoiselle,,43.6444753,-79.3991963
Rodney's Oyster House,,43.644953,-79.3969096
Peking Man Restaurant,,43.7711556,-79.3692898
SunShine Spot,,43.7700926,-79.3747599
Café Polonez,polish,43.6451197,-79.4484135
Sangria Lounge,,43.6435586,-79.4477993
Chinese Hut,chinese,43.7661431,-79.2816389
Miss Fu in ChengDu,chinese,43.6674626,-79.3853834
Big Fat Burrito,,43.6559981,-79.4024513
Wanda's Pie in the Sky,,43.6562403,-79.4025371
The Cottage Cheese,,43.6561828,-79.4028475
Swiss Chalet,chicken,43.7001739,-79.4285846
Fresh,,43.6481175,-79.3956576
Ginger,vietnamese,43.6504582,-79.3892637
Parquet,french,43.6625686,-79.403643
Kinton Ramen,japanese,43.660384,-79.3790342
Fresh,,43.6451654,-79.4149985
Ultra Restaurant and Lounge,,43.6884419,-79.3933109
Evviva,coffee_shop,43.7069088,-79.3969125
Pho Anh Vu,vietnamese,43.7069032,-79.3965485
Copacabana,brazilian,43.7078506,-79.393748
Maja Indian Cuisine,indian,43.6717942,-79.378642
Michi Sushi,sushi,43.7650997,-79.4003626
Paisano's,,43.7646159,-79.4001598
Swiss Chalet,chicken,43.7476461,-79.4068907
Join Sushi,sushi,43.738939,-79.2176324
Pit Stop Tropical Restaurant,,43.8118117,-79.302331
Cafe Landwer,coffee_shop,43.6488126,-79.3851922
Outrigger,,43.6727404,-79.2878315
Shirley Restaurant,,43.689223,-79.2964149
Pho Linh,vietnamese,43.6523966,-79.4341442
Korean Grill House,korean,43.6503762,-79.3893185
Planta Queen,,43.6506351,-79.388204
Jack Astor's,american,43.6451991,-79.3837245
Trio 3,,43.7688128,-79.414216
Yorkville Crepes,crepe,43.6719852,-79.3878498
Lahori Taste,pakistani,43.7465475,-79.2880804
Shinyi Dumplings,chinese,43.6677913,-79.3855938
Sushi Ichiban,sushi,43.7591926,-79.311164
The Bullger Burger & Steak,burger,43.7594429,-79.3099598
Jack Astor's,american,43.6141539,-79.5601185
Chef of India,indian,43.707123,-79.397356
Benihana,japanese;teppanyaki;steak,43.6457221,-79.3823359
Bardi's Steak House,steak_house,43.6462201,-79.3830742
Aaha,,43.6546371,-79.3901046
Lamhan Banh Mi,vietnamese;sandwich,43.6634074,-79.4185968
Monkey Sushi Restaurant,sushi,43.6657161,-79.4078813
Souvlaki Place,greek,43.6657069,-79.4079464
Mezcalero,mexican,43.6655608,-79.4084542
Future Bistro,,43.6657503,-79.4076226
Brown Donkatsu,korean,43.6657426,-79.4077245
Myeongdong,thai;asian,43.6658968,-79.4066406
Indian Desire,indian,43.6658803,-79.4067052
Wild Wing,chicken,43.6664294,-79.4056319
Crafty Coyote,,43.6655252,-79.4087476
EAT BKK,thai,43.6655059,-79.4088218
Peace Resturant,chinese,43.6654879,-79.4088864
Gully,indian,43.6654601,-79.4090629
Sushi on Bloor,japanese,43.6654241,-79.4091785
Insomnia,,43.6650738,-79.4107978
Kibo Sushi,sushi,43.665208,-79.4101999
Korean Grill House,korean,43.6692895,-79.3865689
Mogouyan Hand Pulled Noodle,chinese,43.6694587,-79.3866313
Monga Fried Chicken,chicken,43.6676205,-79.3858505
A BBQ House,korean;barbecue,43.667101,-79.3856484
Sansotei Ramen,ramen,43.6668025,-79.3855287
Shamshiri Restaurant,persian,43.6667291,-79.3854925
El Gourmet,lebanese,43.6720855,-79.3858411
Kiro Sushi,sushi,43.6723075,-79.3872038
Madras Curry,indian,43.6634338,-79.3725845
Terrazza,,43.6590912,-79.4221831
Bike Joint,,43.6605538,-79.4150877
Maguro House,,43.6367455,-79.3971814
The Belsize Public House,,43.702645,-79.3876506
Mr Fish,seafood;chinese,43.7735444,-79.4136429
Upper East Food Club,,43.7734604,-79.4136102
Meet Fresh,taiwanese,43.7733809,-79.4135886
Midori Ramen,,43.7733309,-79.4135758
St. Louis Bar & Grill,chicken,43.7732021,-79.4135493
Cheese Garden,dessert;japanese,43.7728154,-79.4134444
Wako Sushi,japanese;sushi,43.7708252,-79.4129719
Pho 88,vietnamese,43.7705299,-79.4128401
Qing Shu Spicy Hot Pot,chinese,43.7704435,-79.4129068
Kinton Ramen,japanese;ramen,43.769798,-79.4127347
Shawarma Max,shawarma,43.7699157,-79.4127542
Izakaya Tokyo Grill,japanese,43.7700009,-79.412753
Wimpy's,diner,43.7639544,-79.3988515
All-Star Wings & Ribs,,43.7730825,-79.2512864
Shoeless Joe's,grill,43.787719,-79.235297
Golden Griddle,,43.7886794,-79.2358013
Harry's Steak House,,43.6455037,-79.518347
Supernatural,,43.6925477,-79.4410707
One Love Sports Bar,,43.6926047,-79.4412152
Crystal,,43.6926472,-79.4412712
5 Points,,43.6927007,-79.4414312
Paris Steak,steak_house,43.6396104,-79.4213453
Insieme,,43.6396629,-79.4213656
In Japan,sushi,43.6397154,-79.4213857
Thai Barn Na,thai,43.6395148,-79.4218197
Sk Cookks,,43.6396754,-79.4218815
Lac Vien,,43.7211323,-79.4684263
Freshii,salad,43.6702975,-79.3852523
MezGouf,middle_eastern,43.6335385,-79.5314385
Elijah's Automatic Flame Broiled,,43.6248915,-79.507962
Rashnaa,,43.6681399,-79.3689334
New Orleans Seafood & Steakhouse,,43.6777641,-79.5061378
Nikos Greek Grill,greek,43.706874,-79.5051638
Toronto Pho,vietnamese;thai,43.7186772,-79.5075587
Tandoori Time,indian,43.7430568,-79.6029316
The Keg,steak_house,43.766424,-79.4117074
Anjappar Chettinad,,43.7417405,-79.2268845
Milestones,bar_and_grill,43.7780285,-79.2554675
Scotty Bons,caribbean,43.6818928,-79.4682842
North of Brooklyn,pizza,43.6818864,-79.4685662
Rebozos Taqueria,mexican,43.6848265,-79.4496041
Sophie's Sports Bar & Grill,,43.6929835,-79.3344738
Brunch On Cosburn Ave,,43.693108,-79.3336215
Kibo Sushi House,sushi;japanese,43.6625658,-79.3326915
Green Mango,thai,43.6477809,-79.510661
Ruth's Chris Steak House,american;steak_house,43.6868894,-79.5998924
Revival,,43.6546671,-79.4199572
Jesse Jr. Restaurant,,43.7871917,-79.26883
Oriental Kitchen,,43.7883922,-79.2667164
Swiss Chalet,chicken,43.7268057,-79.3415071
Swiss Chalet,chicken,43.726981,-79.4803387
Markham Station,,43.7926072,-79.2388165
Jack Astor's,american,43.7774561,-79.2542466
The Chef's House,,43.6509278,-79.3692412
J&G Fried Chicken,chicken,43.6561625,-79.3932813
Shopsy's,,43.6511649,-79.3838083
Ruth's Chris Steak House,american;steak_house,43.6499915,-79.3857217
360 Cooking Studio,,43.6530171,-79.4684087
Chris Jerk,jamaican,43.7896221,-79.302397
The Cherie Bistro,french;italian,43.6651027,-79.380843
The Keg,steak_house,43.7057171,-79.3978766
Chacho's,mexican,43.6977435,-79.389077
Bellwoods Brewery,international,43.6470326,-79.4201764
Camros Organic Eatery,organic,43.6694393,-79.3853812
Dreyfus,,43.662961,-79.4032669
Libra Lounge,,43.6455556,-79.3936659
Pancho y Emiliano,mexican,43.6463969,-79.3899333
King Street Social Kitchen Bar,,43.6463746,-79.3913481
The Daily Plate,,43.6463984,-79.3847523
Oasis Rooftop Lounge,,43.6453635,-79.3914881
Milagro Cantina Mexicana,mexican,43.6457176,-79.3896698
Freshii,salad,43.6609955,-79.3840148
Freshii,salad,43.6477075,-79.3964377
W Burger Bar,,43.6614167,-79.3836837
Fran's Restaurant,american,43.6613378,-79.3840301
Tosto,italian,43.6612358,-79.3862092
Shopsy's,,43.651038,-79.3826024
Estiatorio Volos,greek,43.650309,-79.3847104
Tundra Restaurant and Bar,,43.6500512,-79.3851523
Eden Trattoria,,43.6271571,-79.476928
Freshii,salad,43.6483644,-79.3854814
Ninki Japanese Cuisine,japanese,43.6496207,-79.3795292
Mio RistoBar,,43.6492772,-79.3794192
Piazza Manna Restaurant & Bar,,43.6410481,-79.3780462
Oyshi Sushi,sushi,43.6419574,-79.3758644
Turf Lounge,,43.6501179,-79.3810438
Mercatto Restaurant,,43.6501934,-79.3810748
Bluestone Grill & Bar,international,43.6508602,-79.3813438
Little Anthony's,,43.6502492,-79.3842989
Trattoria Mercatto,italian,43.6544334,-79.3810122
Touhenboku Ramen,japanese,43.6501898,-79.3891371
Limon,arab;mediterranean,43.669915,-79.3017138
Lahore Tikka House,indian,43.6714279,-79.324579
The Pearl of Asia,,43.7883705,-79.268361
Blanco Cantina,mexican,43.6662413,-79.4065258
El Pocho Antojitos Bar,,43.6695936,-79.4133628
Banjara Indian Cuisine,indian,43.6631513,-79.4219757
Actinolite Restaurant,,43.6678466,-79.4278983
El Tenedor Restaurant Bar,,43.6749514,-79.3885276
Freshii,salad,43.6662602,-79.406427
Pizzeria Libretto,pizza,43.6489274,-79.420443
Smoque N' Bones,barbecue,43.645709,-79.4107337
La Palma,italian,43.6513475,-79.4101178
O Patio Churrasqueira,portuguese;chicken,43.7015234,-79.4760695
Darosa,latin_american,43.7069054,-79.4529494
Sip Wine Bar,italian,43.709778,-79.3985383
Mehfill Indian Cuisine,indian,43.7144139,-79.4002194
Hutchie Catering & Caribbean Restaurant,,43.6833561,-79.3001385
Tiarré's Brunch & Bistro,,43.6700083,-79.3008153
Ichiban Sushi,sushi,43.6686919,-79.3068008
The Oxley,british,43.670519,-79.392956
Pizza Pide,pizza;turkish,43.6679746,-79.3405008
Latin World,mexican,43.6589263,-79.4406205
Lebanese Garden,lebanese,43.6572551,-79.40456
African Delight,,43.6595941,-79.4374358
African Palace,ethiopian,43.6611155,-79.4290265
Govinda's,indian;fusion;bengali,43.6769959,-79.3969184
Ola Restaurant,african,43.6982301,-79.5027738
Jasmin's Grill,,43.7073323,-79.5053149
Pizza Hut,pizza,43.6786396,-79.2985689
O&B Canteen,regional,43.6466596,-79.390013
Mi Ne Sushi Japanese Restaurant,sushi,43.640431,-79.3910006
Beast Pizza,,43.6440878,-79.405647
Last Resort Riverfront Bar & Grill,,40.4778137,-80.5985714
Liberty Village Market & Café,,43.6379706,-79.4212385
Dum Pukht,indian,43.7616449,-79.4092178
Dynasty Chinese Cuisine,chinese,43.6686315,-79.392987
Khazana by Khazana Mithai,bangladeshi,43.7328003,-79.2686963
Sea Town West Indian Restaurant,jamaican,43.732078,-79.2707616
Caribbean Splash,jamaican,43.7324133,-79.2692585
Chung Moi,chinese,43.7323889,-79.2693336
Manyaman Foods,filipino,43.7273427,-79.2656227
Tagpuan,filipino,43.7278025,-79.2654847
Morton's Grille,steak_house,43.6696327,-79.3948063
Ichiban Sushi,sushi,43.7943176,-79.4199192
Kinton Ramen,ramen,43.7073671,-79.3960657
Millwood Bread & Butter,,43.701585,-79.387192
Instant Du Palais,,43.7030482,-79.3878035
Shah’s Halal Food,,43.6499555,-79.3891828
Cora,breakfast,43.650121,-79.3706647
Paramount Middle Eastern Cuisine and Bakery,,43.6550597,-79.3801574
Kairali,indian,43.7548314,-79.2772691
Karaikudi Chettinad South Indian Restaurant,,43.7561086,-79.276094
Swiss Chalet,chicken,43.706978,-79.396493
Paul's Pizza,pizza,40.4660773,-80.6006484
Blue Claw Lobster Shack,,43.6681647,-79.3873253
Canadiana Restaurant and Banquet Hall,canadian,43.6405208,-79.538302
Pita Ikram,,43.7676151,-79.4749535
Mia Brunch Bar,breakfast,43.70363,-79.3978817
Amico Eatery,italian;pizza;dessert;coffee_shop,43.7010438,-79.396943
Boston Pizza,pizza,43.7578966,-79.4659762
Cucina Italian Cafe,italian,43.7744587,-79.501574
Hana Don,,43.6556657,-79.3845852
You Don Ya,japanese,43.655759,-79.3841891
Shogun Japanese Restaurant & Sushi Bar,japanese,43.669947,-79.393286
Crown & Dragon Restaurant,,43.6734961,-79.3882705
Capocaccia,italian,43.6859327,-79.3934012
Tamasha,indian,43.6967649,-79.3960141
Happy Burger,,43.6743768,-79.3880493
Pantry,,43.6782804,-79.390241
Carens Rosedale,,43.6789031,-79.3904893
Swiss Chalet,chicken,43.6895742,-79.3948974
Lee Chen Asian Bistro,chinese,43.6723681,-79.3874757
Armando's Authentic Italian Cuisine,italian,43.7628999,-79.4116255
Moxie's,bar_and_grill,43.764853,-79.412275
Cafe Palma,,43.7685382,-79.4136639
Sushi One,sushi,43.7644121,-79.4120288
Tandoori House Indian Cuisine,indian,43.7628093,-79.4115923
Lee Namjang Korean Restaurant,korean,43.7625054,-79.4114628
Pangaea,,43.670135,-79.389429
Naan Kabob,afghan;mediterranean,43.6690321,-79.3861122
Ginger Vietnamese Cuisine,vietnamese,43.6690975,-79.3861328
all@ne,,43.6689633,-79.3860793
Chaska Indian Street Food Obsession,indian,43.7744849,-79.501463
Sushi Garden,japanese,43.664646,-79.384955
GBF Gourmet Burger Co.,,43.6684821,-79.3867566
Sushi Club,sushi,43.66812,-79.387722
Okonomi House,japanese,43.668133,-79.387207
Exotic Tandoori,,43.6684706,-79.3868618
MIMI Chinese,chinese,43.6742363,-79.3982846
GoGrill,,43.6578226,-79.3995785
Goa Kitchen,indian,43.7683578,-79.3863323
Pearl Bayview,chinese,43.7684461,-79.3862454
Lola Sushi,sushi,43.701932,-79.3975357
Constantine,italian,43.668546,-79.385369
O Noir,,43.6692398,-79.3826036
Sushi Time,sushi,43.6495998,-79.3918114
Holy Cow Steakhouse,,43.6499205,-79.3913965
Hey Lucy's Wood Oven Pizza,pizza,43.6463831,-79.3900915
Mado,,43.6512107,-79.378962
Miznon,,43.6704691,-79.3896094
Ramyun Korean Snack Bar,korean,43.7038384,-79.3979194
Tabülè,middle_eastern,43.70091,-79.3969212
Lala Spicy Lab,chinese,43.6588583,-79.3942407
Dear Saigon,vietnamese,43.6588273,-79.3943877
Asian Bowl,,43.6553804,-79.3803339
555 Boat Noodles,thai;noodle,43.663058,-79.3841311
Jeff’s Kitchen,,43.6978994,-79.3887469
Petit Potato,,43.6664187,-79.3874798
St. Louis Bar & Grill,chicken,43.6565251,-79.382802
KAKA All You Can Eat,japanese;sushi,43.6575176,-79.384124
Bom Bibimbap,,43.6585272,-79.3852068
Cantaritos,mexican,43.6595906,-79.4350242
Remezzo,,43.777633,-79.30791
Eggsmart,breakfast,43.727503,-79.2871836
Chokka Persian Cuisine,,43.7049538,-79.3885922
Sushi Supreme,,43.7018855,-79.3873235
Pita Lite,,43.6873484,-79.3939854
Java House,,43.647833,-79.399745
Juicy Dumpling,chinese,43.7037294,-79.3979055
Evivva Restaurant Breakfast & Lunch,,43.7711954,-79.4130989
Tokyo Sushi,sushi,43.66561,-79.387169
Sushi Kiwami,sushi,43.6664232,-79.385006
Rusty Bull Taco Co.,mexican,40.458772,-80.6062178
New Golden House,chinese,40.4594067,-80.6062651
King's Noodle Restaurant,chinese,43.653053,-79.398397
St. Louis Bar & Grill,chicken,43.7771827,-79.3450597
Hana Don Japanese Cuisine and Bar,japanese,43.7774061,-79.344448
Moxie's,bar_and_grill,43.7776146,-79.343339
Heart Sushi,japanese,43.7775882,-79.3439511
Freshii,salad,43.67062,-79.390095
Dynasty Chinese Cuisine  (Last Straw Distillery),,43.671049,-79.390832
Edo-Ko,japanese,43.6889332,-79.4126302
Fresh Kitchen + Juice Bar,,43.6479329,-79.3743617
The Sultan's Tent,french;moroccan,43.6479793,-79.3742625
Zin Restaurant,,43.6722249,-79.3958771
Reds,,43.6493587,-79.3824405
Chefs of Pauri Khal,indian,43.7038952,-79.3746754
Pizza Hut,pizza,43.700751,-79.3734823
Aria,italian,43.643481,-79.3803828
Nene Chicken,korean;chicken,43.6551191,-79.3861176
Wah Too Seafood Restaurant,chinese,43.65476,-79.3871732
Pizza Hut,pizza,43.7705697,-79.1863435
Thai Noodle,,43.6825101,-79.4198609
Jyugoya Japanese Restaurant,,43.704384,-79.3750285
The Keg,steak_house,43.6466575,-79.3749662
The Old Spaghetti Factory,italian,43.6469094,-79.374395
Mercatto,italian,43.660083,-79.387467
Pizza maru,pizza;korean,43.6599227,-79.3787231
Katsuya,japanese,43.6598935,-79.3788764
United Bakers Dairy Restaurant,sandwich,43.7202879,-79.4311057
Empire Supper Club,,43.6472967,-79.3870405
Oniwa Sushi,sushi,43.6473653,-79.3867133
Lee Chen Asian Bistro,,43.6473724,-79.3866426
O Sushi,,43.6666075,-79.3168184
The Homeway,,43.7125227,-79.3915049
Porticello Restaurant,,43.6386738,-79.3900036
Katana on Bay,japanese,43.650334,-79.380766
Iggy's Pizza,pizza,40.4533213,-80.6078217
Sorn Thai Restaurant,thai,43.7133623,-79.3999679
C'est Bon,chinese,43.7169135,-79.4001159
The Resevoir Lounge,,43.6485802,-79.374533
Uncle Tony's,italian,43.6484703,-79.3750114
Rex's,,43.6566666,-79.3838379
Yulla Sushi Asian Cuisine,sushi,43.651395,-79.379378
Watan Pizza,pizza;burger,43.7082977,-79.3433342
Il Fornaro,italian,43.7341384,-79.419943
Bellissimo,italian,43.6488421,-79.3687241
Sunset Grill,american,43.67105,-79.384016
Mad Radish,,43.6710448,-79.3839087
Yuzuki,,43.6710522,-79.3838569
From Shunoko,,43.7287789,-79.4033551
Melani - Modern Greek,,43.713016,-79.399445
Auberge du Pommier Restaurant,,43.747081,-79.40766
Portico,,43.6517823,-79.3780277
Freshii,salad,43.6499338,-79.3748549
St. Louis Bar & Grill,chicken,43.6498738,-79.3751323
Carisma,,43.6503523,-79.3760841
Swaagat,indian,43.649641,-79.376381
Bampot,tea,43.6615389,-79.4090555
Zelden's Deli and Desserts,deli;dessert,43.6874553,-79.3940208
Popular Chinese Diner,chinese,43.6836937,-79.392453
The Rebel House,,43.6776549,-79.3899887
Rollstar Sushi,sushi,43.674678,-79.3888337
Tao Tea Leaf,,43.6745066,-79.388771
Sunny Morning,breakfast,43.6864739,-79.3936057
Boccone Deli & Pizza Bar,,43.6863273,-79.3935466
Bloom,,43.655284,-79.386618
Salad King,,43.6577036,-79.3816976
Krabi Thai Cuisine,thai,43.701987,-79.387351
Wild Chicory,,43.702176,-79.387402
Wylie's,,43.6826001,-79.3919937
Maurya East Indian Roti,indian,43.705303,-79.374765
Tutto Pronto Fresh Italian,italian,43.705353,-79.374781
Echo Sushi,sushi,43.7012652,-79.3973893
Mariachi's Mexican Cuisine,mexican,43.7021621,-79.3975815
Marigold Indian Bistro,indian,43.7028232,-79.3881598
Yukashi,,43.7049183,-79.3885745
Margaret's Cafe,,40.4732879,-80.6019254
Rumi,,43.7062032,-79.3750915
Caribbean Heat,caribbean,43.7645627,-79.4897725
Shibui Sushi,sushi,43.703744,-79.388506
Bindaz Biryani’s,indian,43.707901,-79.393379
99 Sushi,sushi,43.707939,-79.393162
Smoke Show BBQ & Brew,,43.707174,-79.390038
Bolan Thai Cuisine,thai,43.7066294,-79.3892785
Brownes Bistro,,43.684081,-79.392107
Zezafoun,syrian,43.702666,-79.3970833
Bhoj Indian Cuisine,indian,43.6645934,-79.4024199
Pig Out BBQ,,43.6631932,-79.4024398
Chilliy Pepper Tacos,mexican,43.6757082,-79.4036267
Kadak Vibrant Indian Cuisine,indian,43.7022234,-79.3975922
Namil Korean Food,,43.7015158,-79.3970493
Little Sister Indonesian Food Bar,indonesian,43.7015731,-79.3970604
Hokkaido Ramen Satouka,japanese,43.7021133,-79.3971633
Hong Shing Chinese Restaurant,chinese,43.6549367,-79.3869324
Mom's Pan Fried Bun,chinese,43.6549824,-79.3867092
VegeDelight Restaurant,,43.6550602,-79.3863319
Gyugyuya,asian;curry,43.6550421,-79.3864295
Evergreen Thai Restaurant,thai,43.6550545,-79.3863673
Yueh Tung Restaurant,japanese,43.6552238,-79.3852634
Joey,regional,43.655865,-79.38186
La Bamboche,,43.7281129,-79.4181696
OffCourt Bistro,,43.6983471,-79.3908466
Pickle Barrel,,43.7074131,-79.3990386
JJ Fried Chicken,korean,43.6906671,-79.4718026
Best Bite Bar & Grill,,43.6533216,-79.6003185
Fran's Restaurant,,43.647574,-79.376017
Positano Restaurant,italian,43.704718,-79.388476
Domaine Mamo,,43.703601,-79.3880476
Ravi Soup,,43.6476139,-79.3919228
Azure Restaurant & Bar,,43.644434,-79.38539
Yunshang Rice Noodle,noodle,43.803588,-79.288112
chako,,43.8143103,-79.2947473
Sing Viet Thai,,43.814549,-79.293211
Harbour Sixty Steakhouse,steak,43.6420253,-79.3784323
New Ho King,chinese,43.6561356,-79.3995961
Shoeless Joe's,grill,43.7688679,-79.185835
Don Alfonso 1890,,43.6504702,-79.3761464
Sansotei Ramen,japanese,43.650899,-79.377091
Pumpernickel's,,43.650942,-79.376904
Pho House,vietnamese,43.6397386,-79.5375294
Easy Restaurant,,43.6387165,-79.4456868
Ghazale,,43.5979754,-79.5190603
Pegrolls,,43.5973292,-79.5215445
Qahwah Cafe & Lounge,,43.5954551,-79.5285192
Khazana,,43.6551796,-79.3802455
Vietnam Noodle Star,vietnamese,43.8045658,-79.2876632
BiBab Express Sushi N Rolls,sushi,43.6477934,-79.3761064
Biff's,steak_house,43.6474564,-79.3762616
Matsuda teppanyaki sushi,japanese,43.7454703,-79.3461435
Darband,persian,43.7551357,-79.3483402
Makkal Chon,korean,43.7446209,-79.2963747
Konia Kitchen & Bar,,43.6509771,-79.4506845
CKB,,43.6507,-79.4505792
Darna,,43.6512292,-79.4507872
Woods,,43.6489563,-79.3750025
Chadani,indian,43.649008,-79.374789
Nami Japanese Restaurant,,43.65077,-79.375843
Hickory House Restaurant,,43.803851,-79.341517
Ama Sushi,sushi,43.7799619,-79.1383953
Wimpy's Diner,diner,43.7972304,-79.1497367
Ema-Tei Authentic Japanese Food,japanese,43.6512784,-79.3891188
Gabby's,,43.709304,-79.384995
McMurphy's,,43.709288,-79.385077
Starving Artist Waffles & Espresso,breakfast,43.701526,-79.387191
Hazel's Diner,,43.702121,-79.3874
Phebe's Zee Grill,seafood,43.704878,-79.388542
Florentia Italian Ristorante,,43.7035573,-79.3880232
Boland's Open Kitchen,,43.7034623,-79.3879871
Sunset Grill,american,43.7735803,-79.2828633
Wild Wing,chicken,43.7729472,-79.2801147
Western Bar and Grill,,43.756942,-79.528882
House of Wong,chinese,43.7736626,-79.1830607
St Andrews Fish & Chips,fish_and_chips,43.7714627,-79.2527038
Sushi Zone,japanese,43.7001271,-79.3971798
The Mars Diner,diner,43.7090962,-79.3986581
Nakamori Japanese Restaurant,japanese,43.736975,-79.2446844
Kibo Sushi + Izakaya,japanese,43.711425,-79.399167
Impact Kitchen,,43.713453,-79.3995722
good bite Restaurant,,43.711475,-79.399171
George the Greek,greek,43.5941808,-79.5340231
Thrive Organic Kitchen & Cafe,,43.5950208,-79.5304708
Speed Roll & Thai,thai;korean,43.5990693,-79.5136939
Scaddabush,italian,43.614322,-79.5599867
The Captain's Boil,,43.6155492,-79.5589678
Wild Wing,chicken_wings,43.6174813,-79.5385213
Pho Ngoc Yen,vietnamese,43.617658,-79.5428785
Paramount Fine Foods,middle_eastern,43.6170629,-79.542104
Cora,breakfast;brunch,43.6178677,-79.5387573
Mandarin,chinese,43.6211027,-79.5230583
Randy’s Roti & Doubles,,43.672546,-79.387899
Dimitri's Place,,43.5997793,-79.5089413
Michael's West Indian Flavour,regional,43.5994991,-79.5102087
Bombay on the Lake,indian,43.6000087,-79.5078944
Golden Cook Caribbean Restaurant,,43.6004876,-79.5057506
Caribbean Queen Roti Hut,,43.6004751,-79.5058119
The Kebab House,,43.6002815,-79.5066722
Halibut House,fish_and_chips,43.6018179,-79.5012674
Dakota's Sports Bar and Grill,,43.6018409,-79.5011243
Maple Leaf House Grill & Lounge,,43.6019588,-79.4986404
What A Jerk! Jamaican Restaurant & Catering,,43.5963869,-79.5243343
Buzy Bee M,,43.5961985,-79.525206
Hi-Na,japanese,43.6257731,-79.5043739
Bua Thai,,43.6260311,-79.5032588
Il Bunji,korean,43.6259777,-79.5035055
The Queensway Bistro,,43.625963,-79.5035639
Corazon Agave Mexican Cuisine,,43.6258121,-79.5042411
Posticino Ristorante,,43.625944,-79.5036303
IRENE Restaurant,,43.6434028,-79.3660686
Japango,sushi,43.6550998,-79.3852107
Il Paesano Pizzeria and Restaurant,pizza,43.6011609,-79.545298
V's Schnitzel House,,43.6021785,-79.5457048
Pulcinella Ristorante Italiano,italian,43.5933221,-79.5377312
Long Branch Social House,,43.5940554,-79.5346321
Olive Kebab,,43.6016882,-79.5018026
Lucky Dice Restaurant,,43.6013371,-79.5032162
Kitchen on Sixth,british,43.6005796,-79.5068518
Caribbean Breeze,caribbean,43.6188688,-79.4996707
SS2 Famous Bar & Resturant,caribbean,43.6203111,-79.4998658
New West City Resturant & Bar,,43.6151696,-79.4883486
TICH,indian,43.6176555,-79.4874424
Canadiana,,43.6135621,-79.4898014
Viva Sub,sandwich,43.6223164,-79.5218668
La Taqueria,,43.6510599,-79.3969821
Affrien Infian Restaurant,,43.707044,-79.396175
Golden Stove,chinese,43.614556,-79.4890917
New Flower Drum,chinese,43.6144122,-79.4891665
Alppalachia,barbecue,43.6146141,-79.4890639
LaVinia Restaurant,spanish,43.6163386,-79.4881504
Everest Hakka House,chinese,43.6162842,-79.4881772
Via Allegro Ristorante,,43.6151307,-79.5573861
Mai Mai Restaurant,chinese,43.5971022,-79.5233915
Trini Gardens Restaurant,,43.5971217,-79.5232922
Jawny Bakers,american,43.7057105,-79.3128343
China Court,chinese,43.7559029,-79.4374394
Friendship Restaurant,,43.775904,-79.322443
Umami House,japanese;sushi,43.775281,-79.330506
Jing Chinese Restaurant,chinese,43.7067134,-79.3757193
Don Chon,korean,43.625165,-79.5087552
The Blue House Cucina,,43.6250029,-79.5095029
Kaji Japanese Cuisine,japanese,43.6249038,-79.5099431
Ragu Scratch Pasta,pasta;italian,43.6244212,-79.5120575
Scottybons Caribbean Grill,caribbean;jamaican,43.622429,-79.5213635
Souvlaki Place,greek,43.6227555,-79.5199112
Cantonese Gourmet Chinese Food,chinese,43.621458,-79.5254138
Spoon & Fork,japanese;thai,43.6209558,-79.524512
Red Lobster,seafood,43.778359,-79.311917
On the Rocks,,43.650174,-79.368189
The King’s Kurry,indian,43.6472467,-79.5125445
The Crooked Cue,american,43.647109,-79.5131422
Azarias,seafood,43.6470923,-79.513211
Kingsway Fish & Chips,fish_and_chips,43.6470744,-79.5132915
Greek Taverina,greek,43.646868,-79.514243
Versac Lounge,,43.634871,-79.5200882
The Fermenting Cellar,international,43.6498061,-79.3605381
Joey,regional,43.7240221,-79.4538752
Phở Mi Asia,,43.7285438,-79.4781666
The Cheesecake Factory,american,43.7263621,-79.4543379
Pickle Barrel Grand,,43.726222,-79.4543166
Starving Artist,waffle,43.7194654,-79.5692801
Spring China House,chinese,43.7000425,-79.4291277
Spuntini Street Eats,pizza;sandwich;pasta;dessert,43.6602432,-79.4796762
Momiji Sushi,sushi,43.6478019,-79.5085368
Windfields Restaurant,,43.7528948,-79.3585989
Limon,mediterranean,43.7292649,-79.4030957
The Burger Cellar,burger;wine,43.7323837,-79.403828
PI CO. Pizza Bar,pizza,43.7052424,-79.3977273
Bamiyan Kabob,afghan,43.7079495,-79.3434312
China Food,chinese,43.7045114,-79.3663899
Quinn's,,43.6510021,-79.382817
Shoeless Joe's,grill,43.6469722,-79.3885694
Fresh Rolls,vietnamese,43.6149706,-79.5594477
The Old Mill,,43.6508815,-79.493756
Paik's Noodle,korean,43.805213,-79.3841029
El Catrin,mexican,43.6506927,-79.359245
Sushi4U,sushi,43.5954153,-79.5286681
850° Pizzeria,pizza,43.5952162,-79.5295229
Poseidon Plates,,43.6177369,-79.4985842
Thai Barn Na,thai,43.5984975,-79.5441132
Feast of Dilli,indian,43.6006591,-79.5450034
Stadio San Siro Sports Cafe,,43.6076933,-79.5482279
South Shore Bar & Grill,,43.5986054,-79.5440905
Pebbles Restaurant,,43.6137455,-79.4899454
Kumo Sushi,japanese,43.6150756,-79.5245893
Da Leonardo Bistro,italian,43.676086,-79.4468697
Boston Pizza,pizza,43.6180558,-79.5438795
Taste of Thailand Cuisine,thai,43.6359502,-79.5408282
Richmond Station,,43.6514803,-79.3795117
Rayah,moroccan,43.6649485,-79.3680766
Alma,,43.6594523,-79.4380073
Sushi Maido,sushi,43.6663758,-79.4058306
St. Louis Bar & Grill,chicken,43.6662952,-79.4061849
So Famous,,43.6663618,-79.4059031
Vietnam Lovely Noodle,vietnamese,43.6662788,-79.4062681
The Momo House,,43.641097,-79.4348286
Swiss Chalet,chicken,43.6478556,-79.5083465
Eggsmart,breakfast,43.647898,-79.5077711
Magic Spot Grill,,43.6477266,-79.5089801
Gojima Japanese Restaurant,japanese,43.6448974,-79.5216998
Vintage Thai,thai,43.6446349,-79.5227502
Kenzo,japanese,43.644958,-79.5214061
Creme de la Creme Cafe,breakfast,43.6475403,-79.5098085
Tobiko Sushi & Bar,sushi,43.6466581,-79.5137863
Hong Kong Gardens,chinese,43.6475243,-79.5098776
Vibo,italian,43.6475004,-79.5099942
Chutneys Fine Indian Cuisine,indian,43.6466276,-79.5139163
Sunshine Village Grill,,43.651439,-79.4755689
Kinton Ramen,japanese,43.6513216,-79.4760985
Durbar Indian Cuisine,indian,43.6488643,-79.4848685
Memories of Japan Teppanyaki Sushi,japanese,43.727225,-79.341632
Westwood Grill,chinese,43.6600045,-79.4796715
Yogurty's,frozen_yogurt,43.6511288,-79.475604
Queen's Pasta Café,italian,43.650636,-79.4779054
Indian Street Food Co.,,43.7080103,-79.3758338
Chon Modern Thai Cuisine,asian;thai,43.7075993,-79.3756826
Sunnyside Grill,,43.7821692,-79.4904138
Prohibition Gastrohouse,,43.6589758,-79.3504405
Pinky Swear,regional;oysters;wine;mediterranean;chicken;french;dessert;bistro,43.6007694,-79.5045098
Kyo Sushi,sushi,43.6010233,-79.5033719
Fresh Kitchen + Juice Bar,,43.6661878,-79.4068386
Estiatorio Soulas,greek,43.6782932,-79.3489107
Bar Centrale,italian,43.6799889,-79.3905802
BellyBuster,,43.655524,-79.4129587
Kim's Table,korean,43.7731868,-79.4140998
Momofuku,noodle;ramen,43.6494704,-79.3863339
Laguna Bay,filipino,43.7504046,-79.275538
Gatto Wood Oven Pizza,pizza,43.650551,-79.4797596
La Capricciosa,italian;pizza,43.6500149,-79.4820353
Yumi Japanese Restaurant,japanese,43.649945,-79.4823993
Falafel World,lebanese,43.6498627,-79.482791
Marusya’s Kitchen,ukrainian,43.6495689,-79.4841015
Tahini's,,43.649553,-79.4841612
Twilight Cafe,,43.710627,-79.3989752
Eggsmart,breakfast,43.6572389,-79.3841374
Freshii,salad,43.7541351,-79.3516423
Captain's Boil,seafood,43.7548414,-79.3494218
Via Cibo,italian,43.7544315,-79.3581065
Nigiri-ya Gourmet Sushi,sushi,43.7031282,-79.3641969
Kalyvia,greek,43.6778663,-79.3511128
Nando's,chicken;portuguese,43.6616716,-79.3863524
Big Pita,,43.6494385,-79.37068
Bocconcini Pizza and Wings,pizza,43.6602059,-79.3776441
Som Tum Jinda,thai,43.6600607,-79.3781677
Jazz Bistro,,43.6558131,-79.3790608
Annona Restaurant,,43.6695703,-79.3946992
Balam Toronto,mexican,43.6604943,-79.4437547
Dynasty Chinese Cuisine,chinese,43.671099,-79.3910148
Trattoria Nervosa,,43.6710534,-79.3910963
Utsav Indian Cuisine,indian,43.6711548,-79.3907718
Vaticano Ristorante,italian,43.6707529,-79.3909694
Banh Mi Boys,banh_mi,43.6487442,-79.3969443
Market Street Catch,seafood,43.6484534,-79.3720214
Hot Beans,mexican,43.6550731,-79.3996887
Amano Trattoria,fine_dining;italian,43.6478557,-79.3733794
Lara's Restaurant,international,43.7730184,-79.3330817
Kokyo Sushi,sushi,43.6822548,-79.4711555
Lazeez Shawarma,shawarma,43.6818554,-79.4709497
Giorgio D,italian,43.7729911,-79.5312055
Sunset Grill,american,43.6836489,-79.323119
Lucy Ethiopian Restaurant,international,43.6841398,-79.320748
Taksim Doner,mediterranean;turkish,43.7867839,-79.417765
Alborz Restaurant,persian,43.7866929,-79.4177274
Ajuker Fried Chicken,chicken,43.788985,-79.418299
Yummi's,chinese,43.7915699,-79.4179779
Weslodge,,43.6453893,-79.3961396
Patria,spanish,43.6455424,-79.3964113
Sunset Grill,american,43.7101774,-79.3627728
Bairrada Churrasqueira Grillhouse Express,portuguese;grill,43.6499411,-79.4340028
Lula Lounge,international,43.6496267,-79.434558
Pinata Tacos,,43.649683,-79.4348208
Four Aces Snack Bar,regional,43.6496791,-79.4347538
Eggsmart,breakfast,43.7589221,-79.40999
Nodo Liberty,,43.6389714,-79.4176645
Wild Wing,chicken,43.7043374,-79.3749731
Blue Nile Bar & Grill,,43.6960248,-79.4479821
JABS,,43.6822449,-79.4238179
Halibut House,fish_and_chips,43.6707893,-79.473113
Pizzeria Badiali,pizza,43.6460922,-79.4231711
Julie's Restaurant & Bar,peruvian,43.6471286,-79.4239221
Cafe Saggio,italian,43.7584054,-79.4766671
Earls,american,43.6481828,-79.384035
Laterna Family Restaurant,greek,43.7956986,-79.4191534
Rhum Corner,haitian,43.6509573,-79.4131854
Thai Princess,thai,43.6456242,-79.3934554
Fusaro's Kitchen,italian,43.6481697,-79.3958078
WVRST,sausage,43.6442255,-79.4005946
Morgans on the Danforth,,43.6820913,-79.330299
Oxland Restaurant,chinese,43.7844624,-79.2776645
May Yan Seafood Restaurant 陸福海鮮酒家,chinese,43.7844904,-79.2777145
Green Bamboo Vietnamese Cuisine,vietnamese,43.7852202,-79.2775429
Wild Wing,chicken,43.7563099,-79.314305
Ave Seoul Restaurant,korean,43.7874678,-79.4171585
Kayagum,japanese;korean,43.7774096,-79.4152
Cantine Bistro + Bar,italian,43.6744557,-79.3967031
Osteria Giulia,italian,43.6743587,-79.3966575
Dyne,,43.6737806,-79.3964482
Le Petit Chef,french,43.6603423,-79.4149529
Mr. Greek,greek,43.731283,-79.4036363
The Friendly Thai,thai,43.6655952,-79.4704825
Carmelitas,,43.6655732,-79.4689205
North of Bombay,indian,43.6655812,-79.4693827
Babos Döner,turkish,43.6932639,-79.4618174
Jump,,43.6482384,-79.3785085
La Paella,,43.6624624,-79.334264
Slowhand Sourdough Pizza,,43.6618415,-79.3376074
Nodo,italian,43.6630946,-79.3316263
Ramona's Kitchen,barbecue,43.6606505,-79.3414508
Naan Kebob,,43.7048072,-79.3614721
PomAnar Grill & Juicery,,43.6560353,-79.3783855
Pho Saigon,vietnamese,43.7273422,-79.2878315
Flaming Kitchen,chinese,43.8046598,-79.2871754
Health Gourmet,chinese,43.8055503,-79.2879023
Made in China Café,chinese;asian,43.8058968,-79.2885031
Korean Grill House,korean,43.8059264,-79.2885829
Kokoro Japanese Sushi House,sushi,43.6627967,-79.4027836
Harbord Fish & Chips,,43.6620641,-79.4064694
La Diperie,ice_cream,43.6615219,-79.4091992
Magic Noodle,asian,43.6626324,-79.403553
Moxie's,bar_and_grill,43.6463739,-79.3847585
Hokkaido Ramen Santouka,japanese,43.6562651,-79.3775499
Esquire Restaurant,greek,43.7744959,-79.3221104
Great Eastern,chinese,43.7744513,-79.3220997
My Place,fish_and_chips,43.7744126,-79.3220675
Eggsmart,breakfast,43.6952059,-79.3427454
Nimman,thai,43.6133831,-79.4886951
7 West,,43.6685152,-79.386693
Hungary Thai,hungarian;thai,43.6543205,-79.4020935
Toritos Tapas Bar,spanish,43.6567894,-79.4031135
Valentina,mexican,43.655143,-79.4035218
Almadina Bistro,pizza,43.6570519,-79.3816949
Rosalinda,mexican,43.6502576,-79.3849675
Top Hot Pot,hotpot;asian,43.6554646,-79.3842796
Denny's,american,43.6554499,-79.3844528
Madras Centennial Cafe,indian,43.7807367,-79.2360434
Beyond Banh Mi,,43.6569872,-79.4059615
Miss Pho Express,vietnamese,43.6695402,-79.482228
Las San Sivar,salvadoran,43.6689016,-79.4833439
Victory's Kitchen,,43.6734117,-79.4727393
Café Phố Nhỏ,vietnamese,43.6520615,-79.4476207
Piazza Manna,,43.7804338,-79.4165291
Tokyo Kitchen,japanese,43.6690213,-79.3850966
Megumi Mazesoba,noodle,43.6887028,-79.3919708
Wild Wing,chicken,43.808826,-79.2680331
Greens Vegetarian Restaurant,chinese,43.6521175,-79.4024581
Seoul Gamjatang,korean,43.6561145,-79.3923911
JungSooNae,,43.7833436,-79.4168165
St. Louis Bar & Grill,chicken,43.6878128,-79.3945815
Union Social Eatery,,43.6877337,-79.3948922
Mary Be Kitchen,,43.6877045,-79.3950128
Me Love Food Hub,,43.6877829,-79.3947328
Bistro Five 61,,43.6879506,-79.4015049
The Hogtown Vegan,burger;fries,43.6570954,-79.4053679
Tagpugan,filipino,43.6571855,-79.4049588
Pho Ha Noi,vietnamese,43.6572105,-79.4048619
Sue Fung's Dimsum Canteen,chinese,43.6573206,-79.4042453
Nora,kebab,43.6572954,-79.4026413
Taste Bender,,43.6576816,-79.4023805
old.k,burger,43.6577184,-79.4022122
Fresca Pizza & Pasta,pizza,43.6578242,-79.4017348
Jack Astor's,american,43.6565902,-79.379843
Ikkousha Ramen,ramen;chinese,43.6588512,-79.3821513
Shawarma Max,middle_eastern,43.657867,-79.3993719
Pompette,,43.6550791,-79.413977
thairoom,thai,43.6550437,-79.4185815
Grancardo,,43.6551727,-79.4135308
Firkin on Harbour,,43.6425733,-79.3756819
Bread & Bowl,,43.6562369,-79.390698
Jaffna Street Food,sri_lankan,43.6537302,-79.3907192
Manpuku,japanese,43.653552,-79.3907526
33 Beefsteak Tantuni Grill Lounge,,43.6774632,-79.4956997
eggspectation,breakfast,43.6533129,-79.3818892
Rio 40 Restaurant,brazilian,43.6773368,-79.4464254
The Eagle Twins Restaurant,,43.6796728,-79.4360155
St. Louis Bar & Grill,chicken,43.6561322,-79.3923078
Fox & John's,,43.6511757,-79.4753017
Lokum Eats,turkish,43.6652656,-79.4741467
Siddhartha - Pure Vegetarian,indian,43.6724268,-79.3207203
Udupi Palace,indian,43.672617,-79.3211468
The Bar-Be-Que Hut,indian,43.6722852,-79.3212595
The Famous Indian Cuisine,,43.6721116,-79.3219971
Lahore Paan Centre,,43.6720922,-79.3220749
India Paan,,43.6720495,-79.3222546
5 Spices,,43.6718574,-79.3231102
Gautama,indian,43.6722192,-79.322787
Swiss Chalet,chicken,43.7213762,-79.3765995
Joey Turks Island Grill,,43.7271117,-79.2932842
Spice Club Indian & Hakka Cuisine,indian,43.7231982,-79.2904458
Paese,italian,43.7396662,-79.4342014
Noce Restaurant & Bar,italian,43.6455327,-79.4113348
Daol Korean Restaurant,korean,43.6409395,-79.4342951
Momo Dumpling Express,chinese;tibetian,43.6306332,-79.484714
Panagio's,,43.6172671,-79.4878019
Souliouse,korean,43.6653774,-79.3849116
Garden Cafe,sandwich;juice,43.7340826,-79.3594565
Mandarin,chinese,43.7308566,-79.2789566
Tekka Sushi,sushi,43.7740763,-79.3403555
Frecles Fox Restaurant,,43.6154038,-79.4975535
Yummy Tummy Bar & Grill,,43.715173,-79.4471645
Banh Mi,,43.6716539,-79.3788276
Anejo,mexican,43.6487145,-79.3721364
Gorkha Palace,nepalese,43.6602707,-79.366142
Cafe Zuzu,,43.6599523,-79.3626791
Boston Pizza,pizza,43.7290284,-79.2886148
Ital Vital,,43.7172199,-79.2937802
Sunny Morning,breakfast,43.6183359,-79.544015
Sweet Lulu,asian,43.6504385,-79.3814128
Gilaneh,international,43.75636,-79.3495217
iQ Food Co.,,43.6429571,-79.3823636
Patrician Grill,breakfast,43.6509667,-79.3690997
Hy's Steakhouse,steak_house,43.6498399,-79.3829534
Asian Legends,asian,43.7266885,-79.3423918
Congee Star,asian,43.7267482,-79.3421107
Pho 88,vietnamese,43.7266308,-79.3427244
Ming's Noodle Cafe,asian,43.820952,-79.3052626
Triple A Bar,,43.65177,-79.3728231
Chopin,polish,43.6442058,-79.4480546
Ice Queen Restaurant,,43.6396993,-79.4467851
Birria Catrina,mexican,43.6430943,-79.4476225
The Friendly Thai,,43.6459057,-79.4487281
Taste of China Seafood Restaurant,chinese,43.654045,-79.3987607
A Sezchuan Restaurant,,43.657001,-79.3999604
Hungking,,43.656553,-79.3997876
Pancho y Emiliano,,43.6544096,-79.4021217
Pai Downtown,thai,43.6478355,-79.388714
Kit Kat Italian Bar & Grill,italian,43.6463518,-79.3901402
Dine and Dim,chinese,43.6657283,-79.3507366
Student Tasty Biryani,,43.7487885,-79.5593434
SOCO Kitchen + Bar,,43.6426791,-79.3838454
Farm’r,,43.6484968,-79.3702374
Inner Circle Caribbean Cuisine,caribbean;guyanese,43.7278191,-79.2654149
Pizzeria Libretto,pizza,43.6484289,-79.3849689
Rol San,chinese,43.6554413,-79.399342
Cora,breakfast,43.783429,-79.2529111
Jacobs & Co. Steakhouse,,43.6454392,-79.39797
MARBL,,43.6451219,-79.3961179
Sunset Grill,american,43.6454389,-79.3877703
The Caledonian,scottish,43.6543297,-79.4235661
Wild Wing,chicken,43.7861394,-79.4735347
Mughal Darbar,indian,43.7665183,-79.2805594
Tenoch,mexican,43.6795184,-79.4351556
George's Pizza,pizza,43.6581698,-79.3726908
Lobster House,chinese,43.8278449,-79.2879556
TAVERNA mercatto,italian,43.6428874,-79.3827034
Pho Lang Van,vietnamese,43.6796409,-79.43615
Cora,breakfast,43.7544039,-79.351208
Chae's Chester Fried Chicken Express,,43.6711816,-79.3751614
Mahal Kita Restaurant,filipino,43.6711478,-79.3749384
Caribbean Taste,,43.6713837,-79.3782756
Garden Gate,chinese,43.6725678,-79.2873579
Haka legend,,43.7762648,-79.2343599
Cora,breakfast,43.7866352,-79.4685489
Babu Catering,sri_lankan,43.792016,-79.251007
Nando's,chicken;portuguese,43.6197285,-79.5542853
Sunset Grill,american,43.6198266,-79.5543304
The Place,,43.6478977,-79.3737344
Brassaii,mediterranean,43.644643,-79.3960349
The Katsu & Salmon,japanese,43.6542965,-79.3909328
Cluny,,43.6506041,-79.3578651
Gilead Café + Wine Bar,,43.6535582,-79.3609455
Congee Queen,chinese,43.7956958,-79.4216988
Hunters Landing,,43.6399841,-79.3967281
Pho Now,vietnamese,43.6672507,-79.4873251
Duke's Refresher + Bar,,43.6590065,-79.3833435
Cheffry's Bistro,,43.6481756,-79.3949184
Mother India,indian,43.6682931,-79.4872606
Tea-N-Bannock,indigenous,43.6711467,-79.3274418
Tapas at Embrujo,spanish,43.6761523,-79.3583066
Churrasquerira Martins Grill House,portuguese,43.6807421,-79.4733988
Evviva,breakfast,43.6415411,-79.3833149
Tavoos Restaurant,,43.6525565,-79.4331149
Donna's,brunch;sandwich,43.6626501,-79.4445708
Kovalsky Restaurant,polish,43.6270211,-79.4988193
Three Brothers Restaurant,,43.6270694,-79.4985998
Grappa Restaurant,italian,43.6272324,-79.499446
Novo Restaurant,italian;contemporary,43.6274732,-79.4983199
Mamma Martino's Pasta Pizzeria,italian;pizza,43.6280338,-79.4960468
Ruyi Garden Chinese Restaurant,chinese,43.6275968,-79.4977454
Tadka – Sizzling Indian Spice,indian,43.6274518,-79.498416
City Fried Chicken & Pizza,chicken,43.6805192,-79.3375332
Hoailuong Vietnam Restaurant,vietnamese,43.6268519,-79.501084
Bun-Mi,vietnamese,43.6252441,-79.5083716
Yuzuki Fish Market,sushi;fish;japanese,43.6471332,-79.3953877
Barque Smokehouse,,43.647964,-79.4495224
Pizzeria Defina,,43.6487072,-79.4497996
Gales Snack bar,breakfast;sandwich;burger,43.6582422,-79.3390386
Mr. Puffs,,43.6171746,-79.5383742
Swiss Chalet,chicken,43.7462327,-79.2892242
Hibachi Teppanyaki & Bar,,43.6431446,-79.4020189
The Olive Restaurant & Grill,,43.6198361,-79.5497774
Jolly II Italian Restaurant,,43.7119304,-79.5312852
Wakame Sushi,sushi,43.7112117,-79.5314708
Simply Thai Cuisine,thai,43.6507118,-79.4775461
Golden Wok,chinese,43.660548,-79.5824086
Famous Laffa,,43.7952403,-79.4189669
Kiva's,dessert;bagel,43.7912957,-79.4477246
Buster's Sea Cove,fish_and_chips,43.6431639,-79.3828616
Redhot Bangladeshi Restaurant,bangladeshi,43.6909675,-79.290043
Padma Restaurant,bangladeshi,43.6908945,-79.2904908
Makilala,filipino,43.6523701,-79.3752239
Gyu-Kaku,japanese;barbecue,43.6516199,-79.3749039
Fort York Tavern,,43.6399131,-79.3971479
Lucky Indian Style Chinese Food,indian;chinese,43.7526926,-79.2649288
CSK,indian,43.6399262,-79.3814747
Hakka #1,hakka,43.7277333,-79.2665875
Lakeside Local Bar & Grill,,43.6385223,-79.3825369
Kibo Sushi,sushi,43.7311138,-79.6001052
Burger Boy Restaurant,burger,43.7311425,-79.6006993
Callaloo Taste of the Caribbean,caribbean,43.7311038,-79.6008692
Flava Ceen,caribbean,43.7311262,-79.6007658
Tianjin Dumplings Restaurant,chinese,43.7855058,-79.2795578
The Only Cuisine,,43.7867019,-79.2708764
Kabul-Tehran Restaurant,,43.714363,-79.3336364
Pho Thien Phat,vietnamese,43.71431,-79.3338412
Mulan Chinese Cuisine,chinese,43.7141111,-79.3340002
In The Junction Caribbean Cuisine,caribbean,43.6656258,-79.4720335
Lee Restaurant,,43.6442182,-79.40039
Lou Dawgs,,43.644248,-79.4002996
Public Gardens,,43.6443893,-79.3996546
Ethiopian House Restaurant,ethiopian,43.666698,-79.3857689
Kothur,indian,43.6144615,-79.4886378
il ponte,italian,43.6579824,-79.3530428
Robo Sushi,asian,43.7548013,-79.3496153
Nomé Izakaya,japanese,43.7335955,-79.3448991
Eataly,italian,43.736665,-79.3447964
The Green Room,,43.6654609,-79.4079281
Harvest Green,,43.6456727,-79.3888268
Carnival,indian,43.6651504,-79.4642943
Sushi & Tea,sushi,43.7258525,-79.2304722
Jodie's Restaurant,,43.6050927,-79.5286673
tuanzhang,sushi,43.7906075,-79.3659366
cross-the-bridge noodle,noodle,43.7911042,-79.3669137
Firkin on the Bay,british,43.6265729,-79.4771612
Canton Chili,,43.6563033,-79.3996608
Urban Fare Catering & Food Shop,,43.6813576,-79.41743
Noodles,,43.6473082,-79.3810329
Z-teca Gourmet Burritos,,43.6430938,-79.3828349
Swiss Chalet,chicken,43.6943571,-79.2758452
Pearl Harbourfront Chinese,chinese,43.6383413,-79.3806185
Freshii,salad,43.6431803,-79.3833312
Pie Bar,pizza,43.6382368,-79.3806468
Long Gui BBQ,chinese,43.7999419,-79.3069442
Dumpling Restaurant,chinese,43.7868935,-79.2701077
Scarborough Buffet,buffet,43.7785233,-79.2320906
Gibbos,indian,43.76608,-79.2818128
Lika Bar,grill,43.6094353,-79.5490559
Mr. Tasty's Restaurant,,43.6887586,-79.2974586
Double Sushi,sushi,43.6894109,-79.2956973
The Dirty Bird,waffle;chicken;sandwich,43.6546455,-79.4005323
Gonoe Sushi,sushi,43.7458286,-79.3461439
Island Foods West Indian Cuisine,indian,43.7459015,-79.3461534
Freshii,salad,43.6200717,-79.554443
Mardi Gras Restaurant Banquet Hall,,43.7243064,-79.2857424
Eggsmart,breakfast,43.7756052,-79.3227713
Diyijia,chinese,43.6634698,-79.3841215
BarChef,,43.648094,-79.4001545
Carlotta Bar,,43.6494936,-79.3920836
Pho Pasteur,vietnamese,43.6526462,-79.3987871
Santa Marta,tapas,43.6512425,-79.4106625
Panagio's,breakfast,43.7922103,-79.2602505
New Da Fu Seafood Cuisine,chinese,43.8317718,-79.2671167
Hakka Legend,chinese,43.7260417,-79.2865711
Mr. Spring & Mr. Fresh,vietnamese;thai,43.7260836,-79.2865803
Solarium,american;burger;fish_and_chips,43.7135909,-79.5603623
Niji Sushi,sushi,43.7675412,-79.271412
Khmer Thai,thai,43.6792832,-79.4377443
Lechon Republik,,43.7061328,-79.4424002
Si Lom Thai Bistro,thai,43.6649834,-79.3807973
Vagabondo Restobar,italian,43.6437817,-79.3903038
Freshii,salad,43.7071315,-79.3990864
Proper,,43.6508844,-79.4509783
Kitchen on 6th,,43.6013972,-79.5044799
Rocco's Plum Tomato,italian,43.6303732,-79.4850363
U-Know Sushi,sushi,43.6302879,-79.4855606
Kata Sushi,sushi,43.6629527,-79.374768
Eggsmart,breakfast,43.7023069,-79.5231056
P&M Restaurant,,43.7005672,-79.5180574
Leziz Kitchen,,43.6040066,-79.5358117
St. Louis Bar & Grill,chicken,43.7740778,-79.2537986
Chiang Mai,thai,43.7549883,-79.3518911
Shot House Bar & Grill,,43.7661897,-79.2816857
Zakkushi on Carlton,japanese,43.6635125,-79.3706847
Mikaku Udon Bar,asian,43.6639913,-79.368648
Sweet Mahal,indian,43.7207808,-79.6144952
Al-Meezan's Spicy Grill,,43.7207139,-79.6131995
McNies Fish & Chips,,43.6489289,-79.5493301
Curry & Chutney,indian,43.6489223,-79.5493863
Hakka Bistro,hakka;nepali,43.733552,-79.2661947
Eggsmart,breakfast,43.7677383,-79.1905272
Fiamma Ristorante,,43.6483668,-79.6052168
Prince Japanese Steak House,,43.6488168,-79.6046946
Twin Fish,thai,43.6488834,-79.6046253
The Wokker,chinese,43.6489335,-79.6045787
Madras Masala,indian;south_indian,43.6631479,-79.4218574
Gabby's,,43.670933,-79.2966736
Tov Li Pizza + Falafel,pizza,43.7841896,-79.4467526
BBQ Chicken Factory,,43.6683199,-79.369326
Tender Trap,chinese,43.6677498,-79.3695819
L'avenue on Parliament,indian,43.6673947,-79.3690914
F'Amelia,,43.667475,-79.3686369
Kinyo,,43.6658555,-79.368169
Johnny G's Cafe,breakfast,43.6645667,-79.3682391
Loaded Pierogi,,43.6647299,-79.380694
Sang's Great Seafood Restaurant,,43.6551644,-79.3986346
Flaming Noodles,,43.6558497,-79.3989118
Bank Bao,vietnamese,43.6558844,-79.3989286
Eggsmart,breakfast,43.7367437,-79.2490163
Fratelli Village Pizzeria,pizza,43.7839882,-79.1699043
Thai Room,thai,43.7861578,-79.4695064
Pho Plus,vietnamese,43.7863594,-79.4686895
Flame Food + Design,turkish;burger,43.6512113,-79.4751539
Pepper Hakka & Thai Cuisine,chinese;thai,43.7593244,-79.3106005
Miyako Sushi,japanese,43.709088,-79.4441463
Public Kitchen,,43.7094078,-79.4438057
Tamayan,asian,43.7089144,-79.443339
Swiss Chalet,chicken,43.7171415,-79.4562917
The Keg,steak_house,43.6131119,-79.5595266
Mandarin,chinese,43.7197713,-79.5960178
Dakshin Flavours,indian,43.6560946,-79.3924845
Margarita's Mexican Fiesta,mexican,43.6562833,-79.3929631
Dokkaebi Japanese Restaurant,japanese,43.6558063,-79.4556677
The Fifth Grill & Terrace,french,43.6491276,-79.3892066
Pho Vietnamese Noodle,vietnamese,43.8114015,-79.2432985
Crystal Buffet,,43.7700382,-79.3010331
Don Don Izakaya,,43.6556997,-79.3845626
La Chingada,mexican,43.6495345,-79.4240332
Pizzeria Via Mercanti,italian,43.6540595,-79.4019561
Carolina,italian_pizza,43.65214,-79.4074563
Thai Room,thai;malaysian,43.6641042,-79.3681899
Lola's Catering,,43.707284,-79.505304
Comal Y Canela,mexican,43.7032821,-79.5041655
Golden Star Restaurant,,43.7031771,-79.504045
Turtle Pizza & Wing,pizza,43.738262,-79.2184354
Yummy Gardens,thai,43.722417,-79.3023239
Carver,,43.6475125,-79.3927771
Charminar,indian;biryani;dosa,43.7311223,-79.288276
Samrat,indian,43.6551444,-79.4160525
Kasai Grill House,,43.6551561,-79.4161357
Grapefruit Moon,,43.669671,-79.4131509
Blooming Garden Chinese Cuisine,chinese,43.809067,-79.2681337
Petit Dejeuner,belgian;canadian,43.6506781,-79.3702693
Alder & The Sparrow Restaurant & Bar,,43.7059776,-79.5516655
Dragon Pearl,chinese,43.7538567,-79.3498563
紫京盛宴,chinese,43.8064589,-79.3385316
Tsampa,tibetan,43.6402558,-79.4389751
Himalayan Kitchen,asian,43.6402668,-79.4388957
Aroma Fine Indian Cuisine,indian,43.6462378,-79.3897669
Osaka Sushi,sushi,43.7140382,-79.3349935
Zorba's,greek,43.7153537,-79.3047699
Hamaru Sushi,sushi,43.7552172,-79.3600498
Thai one on,thai,43.7543846,-79.3512812
Caffe Di Portici,italian,43.6726838,-79.388621
Casa Manila,filipino,43.7550849,-79.3489635
Chicken Joy,,43.7685698,-79.1876078
Joey,regional,43.6129157,-79.5564642
National Yacht Club Restaurant,,43.6316849,-79.4022527
Mai Bistro,asian,43.649116,-79.5286603
Pik Thai,thai,43.6516835,-79.4512852
Kenzo,japanese,43.7627418,-79.4115339
New Restaurant,asian,43.6656169,-79.3512887
hanoi 3 seasons,vietnamese,43.6656674,-79.3521358
3 Brewers,burger;pizza;seafood,43.6499558,-79.3833789
JollyTops,filipino,43.7375275,-79.4349066
SALU SALO FILIPINO FOOD & GROCERIES,asian;filipino,43.7375584,-79.4347466
Corks & Plates,,43.6726356,-79.2883224
Xola,mexican,43.6726712,-79.2881295
Factory Girl,,43.6765688,-79.3561848
Sher-E-Pubjab,indian,43.6771787,-79.3530133
Pho 88,vietnamese,43.8144598,-79.3236704
Reyna,,43.6534217,-79.3622858
King Deli-Cafe,,43.6539961,-79.3607864
Hamish's Kitchen,fish_and_chips,43.7222127,-79.289169
Sushi Inn Japanese Restaurant,japanese,43.6702285,-79.3918817
Yamato,japanese,43.6706195,-79.3912247
sassafraz,,43.6703935,-79.3910859
Weston Station,,43.7006579,-79.517436
Poons,chinese,43.7005818,-79.5171871
Chicago Smoke House,,43.6854052,-79.3469066
Emma's Country Kitchen,brunch,43.6808948,-79.4303228
Local Public Eatery,regional,43.6384608,-79.4190429
School,regional,43.6377952,-79.4243739
Hemingway's Restaurant and Bar,,43.6700194,-79.3927777
Sushi-Ya Japan,sushi,43.6902092,-79.575937
Milestones,bar_and_grill,43.6908293,-79.5763656
Trattoria Taverniti,italian,43.6551467,-79.4134866
Nook,,43.6449804,-79.3966644
Vivo,pasta;pizza,43.6198756,-79.5543529
Sunrise Grill & Crepe,,43.651338,-79.4508263
Le Paradis,,43.6750468,-79.400126
Amber Restaurant And Bar,international,43.670648,-79.3929335
Caribbean Cuisine,,43.7348231,-79.2598077
Thai Take Out & Catering,,43.7347563,-79.2601137
Krystos Modern Greek Cuisine,greek,43.7185528,-79.4561739
Mexico Lindo,mexican,43.7896937,-79.3028476
The Roti Hut,caribbean,43.786862,-79.2586267
Lucky Clover,sports_bar,43.641141,-79.3832566
Mama Chef,korean,43.6643535,-79.4153375
JP's Bar & Grill,,43.6976636,-79.5935359
Asa Sushi,sushi,43.649799,-79.4848535
Golden Star Restaurant,chinese,43.7199527,-79.5078756
Pho Kim,,43.72429,-79.5090055
Kathy's Grill,greek;burger,43.7527403,-79.276567
70 Down Yorkville,,43.6713664,-79.391034
Spotlight Caribbean Kitchen,caribbean,43.7153195,-79.5929864
Xawaash,mediterranean,43.7154231,-79.5930089
Jacques Bistro du Parc,french,43.6702072,-79.3921078
Scaddabush,italian,43.6893738,-79.584584
Anchor Bar,,43.691191,-79.5757831
Swiss Chalet,chicken,43.6915129,-79.5766307
Makimono Restaurant,japanese,43.6909462,-79.5755987
Ginko Japanese Cuisine,japanese,43.6893922,-79.577322
Perkins,american,43.6919795,-79.5727623
Kiwi Rice & Noodle Bar,thai,43.6901841,-79.5760317
Sarajevo Meat and Grill,,43.6324272,-79.552407
Queen Star Restaurant,chinese,43.6434054,-79.4233092
Mr. Congee Chinese Cuisine,chinese,43.7988208,-79.3183756
Kenzo Ramen,japanese,43.6469405,-79.4046986
Honest Weigth,seafood,43.6653617,-79.4613256
Oyster Boy,seafood,43.6452158,-79.414344
Le Swan,french,43.645113,-79.4148928
Skyline Restaurant,,43.6410138,-79.435154
Ali's West Indian Roti Shop,indian,43.6408505,-79.4359558
Chabrol,,43.6712821,-79.3920785
Shi Miao Dao Yunnan Rice Noodle,chinese,43.6536299,-79.3986306
Ajisen Ramen Japanese Noodle,japanese,43.6538924,-79.3987117
Sam Woo BBQ,chinese,43.8157677,-79.322598
Maki Momo,sushi,43.8159562,-79.3228249
Good Taste Casserole Rice,chinese,43.8145473,-79.3232699
Jeon Ju Hyang Restaurant,,43.8144871,-79.3235347
Crown Jewel Fine Dining,,43.8143939,-79.3241031
Jerk King,,43.6583017,-79.3998832
Hakka No. 1 Restaurant,,43.74874,-79.5613573
Pho Vietnamese Delight,rice_noodle,43.7785661,-79.4149416
Oh! Bar,barbecue,43.7777722,-79.4147523
Alpha's Shawarma,middle_eastern,43.6472084,-79.4045338
Y not Italian!,italian,43.6606022,-79.4148858
Halibut House,fish_and_chips,43.6906023,-79.2887064
Xin Jiang Barbeque Restaurant,chinese,43.8045268,-79.3311422
EAT BKK Thai Kitchen,thai,43.7592544,-79.4107241
Kinka Izakaya,japanese,43.760435,-79.4097497
Top Gun Burger,burger,43.6655557,-79.4097482
Tenon Vegan Sushi,japanese,43.6655867,-79.4096312
Japan Sushi,japanese,43.6655984,-79.4095696
Victory Cafe,italian,43.6658103,-79.4085501
El Furniture Warehouse,,43.6659303,-79.40798
KOS Cafe and Restaurant,,43.6722087,-79.414299
Vesta Lunch,,43.6733286,-79.4142274
Gourmet Malaysia Restaurant,malaysian,43.7884237,-79.2665722
Otto's Berlin Döner,german;kebab,43.6563476,-79.4029568
Tutti Matti,italian,43.6471766,-79.3940348
Parcae,,43.6473191,-79.393292
Little India,indian,43.650225,-79.388925
Pegasus Bar & Grill,,43.6661501,-79.4872964
State & Main,american,43.6457887,-79.5601937
Sansotei Ramen,ramen;japanese,43.6550334,-79.3864735
Pool Sides Bar & Grille,bar_and_grill,43.7901077,-79.1938065
Boardwalk Cafe,,43.6627122,-79.3099098
The Morning After,,43.6401329,-79.3972398
Lalibela Restaurant,ethiopian,43.6620434,-79.4247979
Electric Bill,,43.6623166,-79.4247985
Monkey Sushi,,43.665622,-79.4724412
Nuna,,43.6415889,-79.4311973
Churrosqueria Do Sardinha,,43.6550591,-79.4181673
The K BBQ,korean,43.663645,-79.4174614
Japas Oyster Bar,japanese,43.6639078,-79.4173816
Hurricanes Roadhouse Restaurant,,43.6612024,-79.428595
Eggsmart,breakfast,43.6623574,-79.4245548
Bloor Street Bar & Grill,,43.6621594,-79.425495
C.A.F.E,,43.661686,-79.4275307
Cibo,italian,43.645138,-79.3973632
Canoe Restaurant & Bar,,43.6472606,-79.3814529
Kerala Kitchen,,43.780358,-79.2989218
The Royal Chinese Restaurant,chinese,43.7804393,-79.2986401
Kapital Resturant and Grill,,43.6756101,-79.4551655
Broadview Diner,diner,43.6760307,-79.3584272
Kalyug,indian,43.651007,-79.4117427
The Caribbean Dutchpot,international,43.6759893,-79.3583752
Off the Hook,fish_and_chips,43.6759582,-79.3583404
Thai Room Grand,thai,43.6446601,-79.532909
Vindaloo,indian,43.722369,-79.2352411
Thai Indeed,thai,43.7266082,-79.2301556
Don Quixote,portuguese,43.6763136,-79.4495087
Agio Ristorante,,43.676063,-79.4507185
Poop Cafe,korean,43.6760386,-79.4508479
Sushi Place,japanese,43.6550777,-79.4593879
Mizzen - Westin Harbour Castle,american;breakfast,43.6409819,-79.3751918
Nana's green curry,,43.6462077,-79.4083358
The Humber Room,,43.7288643,-79.6086972
Mr. Greek,greek,43.6405388,-79.3912491
Lox + Schmear,sandwich,43.6791764,-79.4382508
Mimico Cruising Club Restaurant,,43.6182907,-79.4796996
Maki Mart,sushi,43.6548477,-79.3873536
Senator Restaurant,,43.6557332,-79.3791705
Burritoz Bowlz,,43.6550449,-79.4035604
Mamajoun Pizzeria,armenian;pizza,43.7603865,-79.3025045
Sugo,italian,43.6583037,-79.4423257
Green Bamboo,vietnamese,43.6588573,-79.4410275
Duffy's Tavern,,43.6591158,-79.4396244
Taqueria el pastorcito,mexican,43.6597237,-79.436825
Kanu Bar & Grill,,43.6412807,-79.5384715
Haroo Korean Restaurant,korean,43.6412012,-79.5392344
Cravin Kitchen + Lounge,american,43.6430653,-79.5343007
The Shore Club,,43.6455445,-79.3861487
Grazie Ristorante,italian,43.7092708,-79.3987071
Harlem Underground,,43.6464544,-79.4071343
Flo's,,43.6712824,-79.3908709
King's Café,,43.6542452,-79.4020612
La Bettola Di Terroni,italian,43.6520182,-79.3779646
Mystic Muffin,,43.6524912,-79.3725733
Archeo Trattoria,,43.650682,-79.3596299
Bindia Indian Bistro,indian,43.648542,-79.372067
Jack Astor's,american,43.689206,-79.584508
Fusaro's Italian Kitchen,,43.6490947,-79.391351
Playa Cabana Cantina,,43.6653469,-79.4655567
Clandestina Mexican Bar & Grill,mexican,43.6652975,-79.466099
Khao San Road,,43.6463913,-79.3936588
Steam Whistle Brewing,american,43.6409668,-79.3851702
The Senator Restaurant,,43.655325,-79.3789892
Pizza e Pazzi,italian;pizza,43.6779367,-79.4438371
The Wicket,,43.6552766,-79.4566545
Toto Sushi,sushi;japanese,43.6730592,-79.31951
BIRDIES Fried Chicken,chicken,43.6732128,-79.3192486
Hakka N' Jerk,hakka;jamaican,43.6621198,-79.3667593
Chennai Masala Cafe,indian,43.6630627,-79.3676566
China Gourmet,,43.6640696,-79.368383
Kub Khao Thai Eatery,thai,43.7801749,-79.2998514
Phở Hưng,vietnamese,43.6544621,-79.3989534
Nijo Sushi,sushi,43.6716559,-79.3784639
Dim Sum King,chinese,43.6533944,-79.3956059
I Love Sushi,sushi,43.6479076,-79.4010605
Roti Mahal,,43.6475054,-79.4030911
Comma,korean,43.6479326,-79.4009277
La Palette,,43.647918,-79.4009864
Pat's Homestyle Jamaican Restaurant,,43.6474862,-79.4031939
Saku,,43.6480668,-79.4003043
DeMen Bistro,vietnamese,43.6478791,-79.401228
New Treasure Restaurant,chinese;dim_sum,43.6555151,-79.3854787
King's Tacos,mexican,43.6778952,-79.4440307
Rang Dang Pho,vietnamese,43.6775243,-79.4440313
Scotty Bons,caribbean,43.6659809,-79.407746
FiGO,,43.6476568,-79.390474
Mildred’s Temple Kitchen,,43.6401535,-79.420021
Nama Sushi,sushi,43.6813777,-79.4281254
The Rushton,,43.6814842,-79.4275895
Hoyra,ukrainian,43.6562158,-79.4537111
Congee Queen,chinese,43.7839264,-79.2923357
Fortune House Restaurant,chinese,43.7899167,-79.3029469
Hunter's Pizza & Souvlaki House,greek,43.7895943,-79.3026366
Rosie Eatery,,43.7283897,-79.4182748
Tutto Pronto,italian,43.7282241,-79.4182063
Safari Bar and Grill,,43.7290463,-79.4181182
Kibo Sushi,sushi,43.7316232,-79.4188507
Freshii,salad,43.7315768,-79.4190614
Barrio Fiesta,,43.7956037,-79.2264028
Sorsi E Morsi Trattoria,,43.649175,-79.5286091
Toji Sushi,japanese,43.6451419,-79.5325264
Ikkoi Sushi & Ramen,japanese,43.6452317,-79.5324426
Mashengligong 麻省理功,,43.8043342,-79.2882533
Baozi Lin,,43.8043815,-79.2884147
Flaming Kitchen,,43.8050434,-79.2874046
Aroma Delight Palace,,43.8049389,-79.2877532
Yuloudong,,43.8049704,-79.288011
North East BBQ,,43.8042324,-79.2884498
Pho Vietnam Family Restaurant,,43.8043052,-79.290544
Kung Fu Duck,,43.8051887,-79.2895656
Qing Feng Bun,,43.8054055,-79.2887126
Yunnan Steam Fish Pot Restaurant,,43.8058505,-79.2886684
Wingporium | Leaside Sports Bar,canadian,43.7136521,-79.3653877
Dizzy Dingo Bar and Grill,,43.6698477,-79.4830935
Bigger’s Restaurant,,43.6694573,-79.4824931
Bairrada Churrasqueira,portuguese;grill,43.6700187,-79.4781425
Shoeless Joe's,grill,43.6721353,-79.4709381
Wild Wing,chicken,43.7199596,-79.5121085
Atto Sushi,sushi,43.6863892,-79.3090731
Mexi-Taco,,43.7086137,-79.2956198
Lavelle,french,43.6440094,-79.4014834
Encore Hakka,chinese,43.7544676,-79.4876512
Piccola Citta,,43.7538438,-79.4880016
Wild Wing,chicken,43.6437172,-79.4030555
Wang Lang,thai,43.6437172,-79.4029664
Sunset Grill,american,43.6738314,-79.4701826
Frankie's Diner,american,43.6443841,-79.4184061
Hughzies Lakeside Brasserie,australian,-33.0147416,151.5984339
Toronthai,thai,-33.0142939,151.5980799
Dragon Sky,chinese,-33.0142293,151.5980314
Nabo's Restaurant and Bar,,-33.0140794,151.5978958
Mashu Mashu,japanese,43.7302235,-79.4033447
Zaffan,,43.7936567,-79.41936
Tasty BBQ Seafood Restaurant,barbecue,43.7944429,-79.3533834
Mizuki Sushi,sushi,43.7943634,-79.3537505
Deer Garden Signatures,asian,43.7943528,-79.3538511
Fuwa Fuwa Japanese Pancakes,,43.6659372,-79.4078991
Oretta,,43.6439328,-79.4017977
My Meatball Place,,43.644109,-79.4009627
Sizzler Kabab,pakistani;indian,43.6435822,-79.4051733
Bamboo Buddha,,43.6435919,-79.4050917
Fortune-King Hotpot,,43.6555689,-79.3987973
Pho Tien Thanh,vietnamese,43.6454805,-79.4191548
Maker Pizza,pizza,43.6504006,-79.3980621
Golden Turtle,vietnamese,43.6468111,-79.4196232
Mantra,asian,43.6400412,-79.4399835
Ceniza,,43.6447647,-79.4166175
Osteria Du,,43.6476057,-79.4025347
Nando's,chicken;portuguese,43.7731034,-79.2811579
Affy's Premium Grill,steak_house,43.7224996,-79.2891683
Spicy & Delicious,chinese,43.7579221,-79.4103887
Pho OK,vietnamese,43.7580043,-79.4104436
4AM Bar & Lounge,lounge;korean;bar,43.7578824,-79.4104355
Kimchi House,korean,43.6649277,-79.4127073
Hancook Cheese Dakgalbi,korean,43.6646198,-79.4130488
Her Chef,korean;japanese,43.6646371,-79.4129688
Miku,,43.6413856,-79.3774452
Don Pastor Taqueria,,43.7238158,-79.4938812
Gangnam Sushi,japanese,43.7638885,-79.3991578
Spring Chicken House,chinese,43.7638752,-79.3992211
Yonge Sushi,japanese;sushi,43.7332767,-79.4040648
Shoushin,japanese;sushi,43.7314478,-79.4040987
Golden Gate,african,43.7232126,-79.5600136
International Food Garden,,43.6470207,-79.4042672
The Spice Village,,43.6648468,-79.3832588
Banu,persian,43.6462595,-79.4080805
Alo Bar,,43.6495789,-79.3845764
Gus Tacos,tacos,43.6543481,-79.4017674
Eative Film Cafe,,43.6551039,-79.402343
ugly delicious,burger,43.6545022,-79.401552
Kim Vo Vietnamese Restaurant,vietnamese,43.8232429,-79.3052682
Mean Bao,,43.6614369,-79.3400425
Little Jerry,,43.6568047,-79.4068665
Istanbul Shawarma,shawarma,43.6567382,-79.4071926
Ramen Isshin,ramen,43.6564535,-79.4069596
Pizzeria Libretto,,43.6551499,-79.4134595
Little Imbiss Hot Food Counter,german;meat;polish;hungarian,43.7336364,-79.2798873
Menali,nepalese;indian;hakka,43.6777861,-79.3499281
Tapp’s Restaurant & Bar,chicken;burger;american,43.6783393,-79.3470934
The Grand,indian,43.6481355,-79.398709
Budapest Hungarian Restaurant,hungarian,43.6861588,-79.3100465
Sukhothai,,43.6497244,-79.430249
The Roux,creole,43.6654831,-79.4624129
GB Hand-Pulled Noodles,chinese,43.6689816,-79.3373297
No Bull Burgers,,43.6805897,-79.2850803
Salt Wine Bar,,43.6489698,-79.4204621
Union,,43.6458348,-79.4195977
OMAW,,43.6461103,-79.4196915
Eastside Social,,43.661406,-79.3391085
Sauvignon Bistro,,43.668633,-79.3071591
Delina Restaurant,,43.6687399,-79.3052315
Amo's,,43.670322,-79.2992618
Kismet,turkish,43.6595662,-79.3472677
EAT BKK,thai,43.6605421,-79.3429242
Jamil's Chaat House,pakistani;indian,43.6436638,-79.4220349
Jimbu Himalayan,nepalese,43.6403675,-79.438367
Shangrila Tibetan & Asian Cuisine,asian,43.6397421,-79.4415627
Stacked,breakfast,43.6487261,-79.3970178
Pokito,hawaiian;poke,43.648529,-79.3979838
Raku,japanese,43.6482298,-79.399458
Lisa Marie,,43.6468946,-79.4060607
La Hacienda Restaurant,,43.646882,-79.4061183
Seoul Gamjatang,,43.662764,-79.3834618
The Monkey Bar & Grill,,43.7315347,-79.4037013
Sunset Grill,american,43.6225849,-79.4825202
Le Sélect Bistro,french,43.643826,-79.3968131
Freshii,salad,43.6644628,-79.3874085
Sea Witch Fish and Chips,fish_and_chips,43.68221,-79.424
Senso Restaurant & Bar,turkish,43.6815648,-79.4272373
Marcello's Pizzeria,pizza,43.6778552,-79.4425736
Dil Se Indian Restaurant & Bar,indian,43.6492817,-79.4500193
Sud Forno,italian,43.6508507,-79.3788402
Arbequina,regional,43.6487903,-79.4498359
The Ace,,43.6461355,-79.4487998
Gabby's,burger,43.6440613,-79.4480027
Kami Sushi,sushi,43.6439463,-79.4479577
Gyuki,japanese,43.6487594,-79.3968315
Sansotei Ramen,japanese;ramen,43.7766188,-79.414018
VIPS Sushi,japanese;sushi,43.7765971,-79.4141366
Authentic Japanese Food,japanese,43.776587,-79.4141844
Pizza Shab,pizza;persian,43.7765685,-79.4142685
Sang-Ji Fried Bao,chinese;shanghai,43.7765583,-79.4143129
North Stars Bar and Grill,american,43.7765322,-79.4143899
Pure Spirits,,43.6503945,-79.3587541
Kinka Izakaya,,43.6604535,-79.3791515
The Royal BBQ Grill,,43.6508323,-79.4509535
Sushi on Roncy,japanese,43.6478009,-79.4494348
Ajisen Ramen,japanese;ramen,43.7714378,-79.4131813
Morals Village,hotpot;szechuan,43.7691164,-79.4125078
7 Numbers,,43.7036582,-79.4136658
Aunties& uncles,,43.6569765,-79.4067516
Yummy Tummy,,43.6950012,-79.4541632
Enoteca Rossio,italian,43.666202,-79.4498631
North of Brooklyn Pizzeria,pizza,43.6692775,-79.4391468
Sorelle and Co.,,43.6703025,-79.3944791
Pastel Creperie,dessert;coffee_shop,43.7762778,-79.4143751
Cheng Du Taste,chinese,43.7758619,-79.4142655
Beijing Restaurant,chinese,43.7758202,-79.4142505
Miss Durian,dessert;chinese,43.7749256,-79.414054
Go Topoki,korean,43.7749685,-79.4140639
Roll.com,korean,43.7751322,-79.4140859
SSAM Toronto Korean BBQ & Grill,korean;barbecue,43.7795213,-79.4158258
Nak Won Korean Restaurant,korean,43.7794232,-79.4157746
Dear Saigon,vietnamese,43.7793614,-79.4157605
Cafe Princess,bubble_tea;dessert,43.7793353,-79.4158995
Indian Pakwan Restaurant,indian,43.7380828,-79.5661756
Bangali Sweets & Restaurant,,43.7385239,-79.5654702
Asia Garden Restaurant,chinese,43.7381756,-79.5662003
Golden Joy Chinese Restaurant,,43.7353405,-79.5591466
Lahori Xpress Pakistani & Indian Cuisine,,43.7379303,-79.5672632
Afro Continental Restaurant Bar & Grill,,43.7345018,-79.5600625
Dosa Twist,,43.7342503,-79.5595228
Bb 33 Bistro & Brasserie,,43.6585946,-79.384007
Indar's Roti & Doubles,,43.737942,-79.567333
Karahi Point,indian,43.7380142,-79.5661523
GB Hand-Pulled Noodles,chinese;noodle,43.656617,-79.3837293
King of Babylon Restaurant,,43.7351292,-79.5588086
Ayoka Ade African Delicacies,,43.7364359,-79.5643311
Amanecer Salvadoreño Restaurant,,43.7388577,-79.5656188
Kubendra,,43.7371103,-79.5664664
The Chocolate Room,dessert,43.7382757,-79.5662318
Super Samosa,,43.7343482,-79.5597559
Rajdhani Sweets & Restaurant,,43.7384047,-79.5663115
Roti Roti Family Restaurant,,43.7361101,-79.5637178
Rita's Kitchen,,43.7379827,-79.5675301
Shawarma Royal Number 1,,43.7359364,-79.563337
Souper Hot Pot & Tea,chinese,43.662369,-79.3836933
Beleaf,vietnamese,43.6613766,-79.3809599
Donatello,italian,43.6573345,-79.3834632
The Bombay,,43.6502077,-79.3890548
Queen Mother Cafe,cafe,43.6504059,-79.3891298
Naan Kabob,,43.6500988,-79.3906188
Burro Burrito,,43.6481561,-79.3950064
Café Diplomatico,,43.655369,-79.4137306
bar clams,,43.651892,-79.4086728
Adega,,43.6573873,-79.3832678
Bangkok Garden,thai,43.6577871,-79.3827757
JunePlum,,43.6519828,-79.4082537
Alice,,43.6562612,-79.4095898
Vietnamese Delight,vietnamese,43.77855,-79.4149529
Lim Ga Ne Korean Restaurant,korean,43.7784701,-79.4149588
Hot-Star Fried Chicken,chicken;fried_chicken;taiwanese,43.7784401,-79.4149469
Ling BBQ,barbecue;korean,43.7784087,-79.4149351
Duff's Famous Wings,,43.6557112,-79.4122067
Ghazale On College,,43.6549061,-79.4163308
Hapa Izakaya,,43.655255,-79.4142636
La Carnita,,43.6558727,-79.4097339
Gurume Sushi,sushi;japanese,43.6614097,-79.3808448
Suya City Express,,43.652075,-79.4077428
Dannys,,43.6549724,-79.4145136
bar serene,,43.6551956,-79.4163684
Bear Steak,,43.655782,-79.4118386
Rudy,,43.654923,-79.4147715
Odd Burger,,43.6562306,-79.4097199
Susies,,43.6555198,-79.4115506
MeNami,japanese;noodle,43.7778408,-79.4147941
Tasty Hut,chinese;hunan,43.777676,-79.4147615
Yu Szechuan Cuisine,szechuan;chinese,43.7776228,-79.4147474
Mabu Station,taiwanese;bubble_tea,43.7774738,-79.4146962
Magic Noodle,chinese;noodle,43.7773861,-79.4146827
Korean Chinese Restaurant,korean;chinese,43.7773318,-79.4146686
Buk Chang Dong Soon Tofu Korean Restaurant,korean,43.777125,-79.4146237
Angus Pho House,vietnamese;noodle,43.7770598,-79.4146163
Pine House Cafe,,43.7770077,-79.4145876
Wing Machine,wings;regional;pizza,43.7769477,-79.4145709
Cheongju,,43.6552802,-79.4141342
La Cantina,,43.6549846,-79.4170224
The Fish Store & Yunes Sandwiches,,43.6549053,-79.4162382
Migente Cocina,latin,43.6515753,-79.4089471
ami-no,japanese,43.652067,-79.4064923
Old School,,43.6519542,-79.4083757
Oxtail Pho - Banh Mi & Vegetarian,vietnamese,43.6518112,-79.4089449
Patois,,43.6519848,-79.4081894
Utopia,,43.6554176,-79.4134955
Weldon Park,,43.6553117,-79.4128232
Vivoli,,43.6549092,-79.4164737
Liliana,,43.6427555,-79.4265855
The Gabardine,american,43.6509969,-79.3814084
Jin's Mi-Fen,chinese;rice_noodle,43.7783054,-79.414912
Kintaro Izakaya,japanese,43.66418,-79.3801795
Indian Roti House,indian,43.6645038,-79.3802957
Kawa Sushi,sushi,43.6639083,-79.3800633
North of Brooklyn Pizzeria,pizza,43.6644215,-79.3802586
Sambucas On Church,,43.6650862,-79.3805207
Amor Fusion Doner & Kebab,,43.6658331,-79.38112
Omai Restaurant,,43.6559972,-79.3929573
Valens,grill;steak;italian,43.656008,-79.3928972
Rosewood Asian cuisine,,43.6531676,-79.3966454
JaBistro,sushi,43.6497905,-79.3882051
Gonzo Izakaya,japanese,43.6536846,-79.4265965
Agora,greek,43.6453143,-79.4126638
Yeah Yeah Thai,,43.6553225,-79.3993002
Buddha's Vegan Restaurant,chinese,43.6519309,-79.4035047
Golden Rice Noodle,noodle;chinese,43.7601989,-79.4109406
Pho Com Vietnam,vietnamese,43.7562693,-79.5189115
Yummy Wok & B.B.Q. House,chinese,43.7562393,-79.5181659
Sunrise Caribbean Restaurant,caribbean,43.7561995,-79.5179433
Hanoi Restaurant,vietnamese,43.6414116,-79.4320362
Daymi,arab,43.6414069,-79.4332277
Lali Gurans,nepalese,43.6401047,-79.4396675
Skadarlija Restaurant,european,43.6396867,-79.4417974
Dave's Hot Chicken,chicken,43.6398764,-79.4408378
The Bell and Beacon,,43.6394207,-79.4431814
Chin Chin Street Side Kitchen,chinese,43.6404752,-79.3926144
Levetto,pizza,43.6415453,-79.4221321
J's,,43.6552526,-79.4130886
House on Parliament,,43.6635749,-79.3679115
Kanpai Snack Bar,,43.655115,-79.380219
Kibo Sushi House,sushi,43.6656406,-79.3683547
Kingyo,,43.6658555,-79.368169
New Town Restaurant,,43.6624252,-79.3670585
Gustoso Panini,portuguese;italian;chicken,43.7189274,-79.5710558
Willy's Jerk,caribbean;pork,43.7190186,-79.5711901
Brown Donkatsu,korean,43.6556073,-79.3848578
The Slip,,43.6380324,-79.3831556
La Banane,french,43.6490277,-79.4204846
Soufi's,syrian,43.6466364,-79.4073465
Taylor's Landing,,43.7338419,-79.3451397
Mantra by Host,indian,43.733475,-79.3448165
Mado,turkish,43.7345174,-79.3451415
Pool Sides Bar and Grill,,43.7900603,-79.1937485
The Keg,steak_house,43.6448147,-79.3991052
Copacabana,,43.6484262,-79.3881921
Hawthorne Food & Drink,,43.6523792,-79.3763039
Leña,asian,43.6518048,-79.3791968
Tabule,middle_eastern,43.6597782,-79.3463671
Wilbur Mexicana,mexican,43.6449406,-79.3987663
Arepazo,,43.6535474,-79.4014592
Fresco's Fish & Chips,seafood,43.6538401,-79.4015882
La Chuperia,,43.6548676,-79.4150502
bbq chicken,,43.6632397,-79.4024628
Yummy Yummy Dumplings,,43.6531809,-79.3965402
Cheers Chicken & Beers,chicken;fried_chicken;fries,43.7791284,-79.4174109
Huh Ga Ne,korean,43.779179,-79.4172641
Beijing Restaurant,chinese,43.8053951,-79.2887817
a! Xiang Noodle,chinese,43.8047485,-79.2886047
DM Chicken,chinese,43.8049218,-79.2879262
Harbin BBQ,chinese,43.8055245,-79.2881096
Mr Six Fried Chicken,chinese,43.8048908,-79.2881039
Shananxi Legend,chinese,43.8053446,-79.2890086
Metro Pizza & Chicken,pizza;chicken;seafood,43.6907241,-79.4741226
Boom Breakfast & Co,,43.7057909,-79.4035439
Gatherings Resto Bar,,43.6874606,-79.3959848
XiangLongZhuaZhua,chinese;chicken,43.7752653,-79.4133731
Lucky Tea,bubble_tea,43.7751539,-79.4139841
Alexandria Cafe,egyptian,43.7446552,-79.299996
Pam's Roti,caribbean,43.6601384,-79.4335062
Caffino,,43.6390573,-79.4253614
Don't Yell At Me,bubble_tea,43.7736318,-79.4142877
Grill Gate,middle_eastern,43.7531478,-79.4515814
DakGoGi,korean,43.7729666,-79.4140716
555 Boat Noodles,chinese;shandong,43.772902,-79.4140504
Sabor Brazil,brazilian,43.674532,-79.4592364
King's Delight,jamaican,43.6739848,-79.4601712
Kibo Sushi,sushi,43.6381881,-79.4174959
Fire Wing’s Bar & Grill,,43.6489106,-79.5283355
Kibo Sushi,sushi,43.6484511,-79.528774
Pizzeria Via Napoli,italian,43.6484996,-79.5287318
Qinthai Cuisine,chinese,43.6784552,-79.4731108
i-migo,japanese,43.7753884,-79.4146915
Zhang's Kitchen 张小厨,chinese,43.7754924,-79.4147137
Crystal Palace,chinese,43.7756962,-79.4147639
Ai Taiker,,43.7757422,-79.4147734
Good Son,,43.6435241,-79.4227423
Lao Thai,lao,43.6427628,-79.4273711
Convenience,,43.6428263,-79.426256
Pastalia,italian,43.6429185,-79.4257692
Nunu,ethiopian,43.6429321,-79.4256961
Nuit Social,,43.6429884,-79.4254178
IKUNE by Après Wine Bar,japanese;sushi,43.6429996,-79.4253574
Giulietta,,43.6534627,-79.4276471
Aloette,,43.648537,-79.3959914
Alo,,43.6485014,-79.3959394
The Originals Dining Lounge,,43.6364716,-79.4370391
Reina De Mexico,mexican,43.6388476,-79.4284084
Tasty,,43.6388845,-79.4282522
Samosa Boulevard,,43.6389719,-79.4278593
Phở Asia 21,vietnamese,43.6389816,-79.4277956
Entice,,43.6440161,-79.4202901
Carmen,spanish,43.6449167,-79.4158356
Jules Bistro,french,43.6449002,-79.4159094
AMA,argentinian,43.6448818,-79.4160421
Chadon Beni,,43.6448571,-79.4161789
Montgomery's,,43.6443757,-79.4184829
Byblos Downtown,mediterranean,43.6474564,-79.3881676
The Alpine,,43.6655223,-79.4652782
EVOO,italian,43.6744651,-79.3966703
Hey Sugar | 嘿糖,bubble_tea,43.7759884,-79.4143156
春 Chun Yang Taiwan Black Tea,tea,43.775949,-79.4143057
Nabe Hana,korean,43.6457877,-79.4195806
Tanto,,43.6458707,-79.4196028
Mamakas,,43.6460022,-79.419643
Bar Koukla,greek,43.646141,-79.4196866
Odd Seoul,korean,43.6461793,-79.4196986
Cote de Boeuf,,43.647174,-79.420054
Bazara,sushi,43.6485093,-79.4206039
Superpoint,,43.6484089,-79.420559
Monkey Sushi,,43.6483599,-79.4205388
Manita,breakfast;burger;sandwich,43.6489232,-79.4207722
Paris Paris,,43.64924,-79.4214609
Brasileirissimo Steak House,brazilian,43.6492764,-79.4226035
Churrasqueira do Sardinha,,43.6492817,-79.422747
Soso Food Club,,43.6494651,-79.4216473
Moliceiro,portuguese,43.6488426,-79.4204081
Foxley,,43.6486209,-79.4203243
Böhmer,,43.6462994,-79.4194405
Pastiche,,43.6455199,-79.4191662
Chinese Burger 肉来谟,chinese,43.7753348,-79.4131828
T.C.J. Restaurant,asian,43.6533839,-79.3753295
Wild Wing,chicken,43.6525931,-79.3753597
Maezo,,43.6509469,-79.3818842
Flock Rotisserie & Greens,,43.6509159,-79.3820237
Modus Ristorante,,43.6475258,-79.3836243
Lemongrass,thai,43.7066173,-79.3756996
Alobar,,43.669957,-79.3935936
Squirly's,international,43.6460924,-79.408896
Thai Elephant,thai,43.6460565,-79.4090597
Mild Afro Lounge,,43.6495554,-79.4202083
Toast on Bloor,,43.6451938,-79.5203646
Bonimi Restaurant,,43.6451598,-79.5205115
Roti Palace of India,indian,43.6451472,-79.5205852
Casa Barcelona,spanish,43.647897,-79.5096137
Robot Boil House,,43.6921045,-79.5322689
La Veranda Osteria,italian,43.6476925,-79.5117559
Breakfast Room,breakfast,43.6187821,-79.4996393
Mekong River,asian,43.6328003,-79.5443646
Insadong,korean,43.6478859,-79.5292952
Istar Restaurant,,43.6966208,-79.5438548
Honestly Good Chicken Fingers,chicken,43.6106819,-79.5581574
Flamingo's Restaurant and Bar,,43.6418091,-79.5653176
We Kitchen,,43.6455145,-79.5669264
Nepal India Curry House,,43.6442597,-79.448065
South Indian Dosa Mahal,indian,43.6391975,-79.4460963
Moxie's,bar_and_grill,43.6899674,-79.5908306
Turtle Jack's Muskoka Grill,,43.6862479,-79.5960681
Delhi Boyz,indian,43.6537012,-79.45123
Restaurant Stop,,43.6508431,-79.4506319
Hakka Wok Hei,chinese,43.650125,-79.4503482
Aris Place,,43.6460551,-79.4487738
Chubby's Fish and Chips,fish_and_chips,43.7151319,-79.5556407
Hakka Cottage,,43.7138282,-79.559307
Faley Restaurant,,43.7139755,-79.5586592
Baghlan Kebob & Bakery,kebab,43.7140657,-79.5579886
Hamdi Restaurant,,43.7143357,-79.5571189
Scotty Bons Caribbean Grill,,43.7146173,-79.5560769
Red Rock Restaurant,,43.7120024,-79.563864
Wally's Grill,,43.7107228,-79.5657751
Snapper's Paradise,jamaican,43.7248162,-79.5508
Ummai Restaurant,indian,43.7248522,-79.5508284
Al-Aruba Restaurant,somali,43.725454,-79.5514568
Etob Restaurant,,43.7255039,-79.5514957
Caribbean Heat 2,chinese;caribbean,43.7419646,-79.5838486
876 Jamrock Restaurant,caribbean,43.7425466,-79.5897885
Govardhan Thal,indian,43.7420068,-79.5921201
Tandoori Sangham,indian,43.7507458,-79.5847983
Lucky Star,chinese,43.750793,-79.5843461
Real Island Flavour,jamaican,43.7567975,-79.5891988
Red Kaoliang,chinese,43.75183,-79.599997
Noodle Me,chinese,43.6496485,-79.4837334
Kenkou Shushi,sushi,43.6500355,-79.481992
Shakey's,canadian,43.6506999,-79.4776357
Bukhara Grill,indian,43.6508596,-79.4769169
Punjabi Haveli,indian,43.7350191,-79.6025534
Punjaabi Chaaphouse,greek,43.7355058,-79.6053131
Honest,indian,43.7353929,-79.6057295
Wok of Asia,chinese;thai,43.7341482,-79.6059326
Khazana Express,indian,43.7341541,-79.6057552
Kenzo Ramen,japanese,43.6663288,-79.4060326
The Chulo,indian;nepalese,43.6661089,-79.407219
The Fry,korean,43.6653265,-79.4108889
Tonkatsu,,43.6653513,-79.4107716
Sammie's,sandwich,43.6648667,-79.4129817
Ramen x Remix,ramen,43.6485012,-79.3981119
Vịt Béo,,43.6623818,-79.4243791
Christie Pits Pub,ethiopian;eritrean,43.6627115,-79.4227919
Selam Restaurant & Lounge,ethiopian;eritrean,43.6627309,-79.4227208
Fresh Habesha,,43.66276,-79.422639
Chantecler,,43.6628308,-79.422285
Pizza Hut,pizza,43.6617975,-79.4271143
BBQ @ Bloor,barbecue,43.6619101,-79.4265584
La Bella Managua,nicaraguan,43.6622618,-79.4250007
Laziza,mediterranean,43.6615172,-79.4283555
Szechuan Noodle Bowl,chinese,43.6608327,-79.4314782
Sunset Grill,american,43.7112885,-79.5354173
Crab Boil,seafood,43.7106106,-79.5351333
Bonita Restaurant,,43.7031428,-79.5246716
Nettebello,pizza,43.702381,-79.5229222
Weston BBQ Restaurant,barbecue,43.6997935,-79.5155202
Celebrity Chef,caribbean,43.6993794,-79.5136312
Made's Kitchen,african,43.6990194,-79.5134626
Wiff Restaurant,african;italian,43.6989055,-79.5131795
Mainsha Restaurant,,43.6987072,-79.5126497
Amaana Cafe,,43.6984558,-79.5123513
East Africa & Continental Cuisine,,43.6977341,-79.5102488
Happy Cub Bar & Restaurant,,43.6587981,-79.4413058
Ibet Sushi,sushi,43.6589357,-79.4405442
The Burrito Bros,,43.6584061,-79.4430821
Fishman Lobster Clubhouse Restaurant,seafood,43.8018121,-79.2955747
Chérie Cherry Restaurante Bakery,,43.6561736,-79.4539203
Bawara Indian and Hakka Cuisine,asian,43.656193,-79.4538552
Top Chef Ja Cuisine,,43.690319,-79.4993204
Simply Chops,,43.6903313,-79.4989904
African Player Restaurant,african,43.6893804,-79.4959566
V's Caribbean Restaurant,caribbean,43.6882165,-79.4925208
20 Doner Bar-Grill,kebab,43.6881633,-79.4923595
Meechies BBQ & Jerk,jamaican,43.6877508,-79.4911337
K&A Caribbean Restaurant,caribbean,43.687572,-79.4906099
First Class Delites,jamaican;canadian,43.6871319,-79.490164
Menalon Restaurant,,43.6623476,-79.4234464
Riki Sushi,japanese,43.6624578,-79.4229394
Latin World,mexican,43.6625621,-79.4224606
Terroni Sterling,southern_italian;italian,43.653678,-79.44507
R. Geeiah Shisha Lounge,,43.6617311,-79.4263331
Levant,,43.6617452,-79.4262178
Arada Bar and Restaurant,ethiopian,43.6611795,-79.4286807
Maker Pizza,pizza,43.6609132,-79.4299849
1910 La Mexicana Sabor A Patria,mexican,43.6609278,-79.4299091
Wenona,,43.6602979,-79.4327875
Mumbaikar Indian Restaurant & Bar,indian,43.6603296,-79.4325914
Desi Food Junction,,43.6604596,-79.4320469
Hana Sushi,sushi,43.6604664,-79.4319865
Island Oysters,seafood;regional,43.6591799,-79.438051
Azteca Restaurant,mexican;latin_american,43.6598731,-79.4346647
Sad Songs Cantina,,43.6588117,-79.4399795
Monte Bianco,italian,43.658888,-79.4395718
Uncle Sid’s Deli,caribbean,43.6584168,-79.4417444
Huatai Restaurant,chinese,43.6860607,-79.4874344
The Nutmeg Spot,caribbean,43.6860214,-79.4873546
Dragon House Chinese Food,chinese,43.685073,-79.4853171
Beiramar,,43.6847779,-79.4843928
Id Love Restaurant & Bar,,43.6836664,-79.4812692
Vila Verda Bar and Grill,portuguese,43.6770683,-79.4719041
House of Te,chinese,43.7386987,-79.5400284
Mi Pueblo Lindo,,43.7395898,-79.5388716
The Suya Spot,african,43.7396499,-79.538602
Pho T&T Express,vietnamese,43.6552481,-79.4567695
Caribu West Indian Cuisine,caribbean,43.7501455,-79.5426258
Golden Star Family Restaurant,chinese;caribbean,43.7506736,-79.5427022
Souperlicious,soup,43.7510469,-79.5427734
"Bun Bo Hue, Pho",vietnamese,43.7513294,-79.5437745
Naijaa Restaurant,african,43.753109,-79.5422426
Las Fronteras,latin_american,43.7535289,-79.5423453
Regina Noodle Products,,43.7527162,-79.5410962
Karahi Point,indian,43.7526249,-79.5368182
Bajra,indian,43.7520765,-79.5359271
Mannat Indian & Hakka Bar,,43.6541966,-79.4229455
De Place Restaurant & Bar,african,43.7511904,-79.5487938
Hoa Dang Vegetarian,vietnamese,43.7499313,-79.5492193
Malado Sushi,sushi,43.7499168,-79.5493126
Thuy Restaurant,vietnamese,43.749906,-79.5493691
Pho Dau Bo,vietnamese,43.7498957,-79.5494241
Bo 7 Mon Restaurant,vietnamese,43.7498022,-79.5497989
Fort York Pizzeria,pizza,43.6364464,-79.405788
Scooped by demetres,ice_cream,43.6391009,-79.398133
Sansotei Ramen,ramen,43.6390985,-79.3982175
Roses New York,,43.6389452,-79.3989591
Pupuseria Salvadorena Grill,latin_american,43.7495558,-79.5524619
Lacostenita,latin_american,43.7495035,-79.5527736
Lin’s Joy,chinese;caribbean,43.7494951,-79.5528355
Man's Kitchen,,43.7494538,-79.5530223
African Chop Bar,,43.7493956,-79.5531951
Fantastic Shawarma,,43.748941,-79.5606085
Las Calenas,latin_american,43.7582311,-79.5698828
Pho Ha Long Restaurant,vietnamese,43.7600357,-79.5704505
Peppers Caribbean Restaurant,caribbean,43.7598551,-79.5711177
Vangi Food,indian,43.7595198,-79.5709253
Barcelona Tavern,,43.639807,-79.4202197
Lucky Sweets & Restaurant,indian,43.7591259,-79.5706407
Seor Ak San,korean,43.6640207,-79.4169286
Daldongnae,,43.664287,-79.4156321
The Manna,korean,43.6637251,-79.4181686
Sinjeon,korean,43.6637932,-79.4179019
Yummy Korean Restaurant,korean,43.6638175,-79.4178187
Mapo Korean BBQ,korean,43.6638153,-79.4177369
The Owl on Bloor,korean,43.6639053,-79.4175281
Gyodong Restaurant,korean,43.6639164,-79.4174744
Nang Saigon,vietnamese,43.665718,-79.4090147
Belly Buster,,43.66627,-79.4063721
Cafe Landwer,,43.7245058,-79.4551922
SunRise Caribbean Restaurant,caribbean,43.7208448,-79.5128766
Pho Tien Phat,vietnamese;thai,43.7196875,-79.5077682
Lucky's Corner,caribbean,43.7191531,-79.5074797
Sabor del Pacifico,latin_american,43.719015,-79.5074044
Pelmo Family Restaurant,chinese,43.7098811,-79.5059557
Jin Dal Lae,korean,43.6641492,-79.4151744
The Biryani Walla,,43.6641827,-79.415045
Buddha Chay,vietnamese,43.7061849,-79.5050311
El Takito,mexican,43.7047295,-79.5044646
Esquina Salvadorena,latin_american,43.7045118,-79.5044083
Lloyd's,african,43.7037475,-79.5043721
De Blue Note Lounge,african,43.7039028,-79.5038636
Cho Ming's Restaurant,chinese,43.7039594,-79.5038706
Milagro,,43.6462176,-79.4082724
Karahi Boys,,43.646419,-79.4069843
The Kettle Modern Indian Canadian Food,indian,43.6468989,-79.4049405
Naija Jollof,,43.6472507,-79.4043463
Zakkushi,,43.6470158,-79.4054829
Ramen Misoya,japanese,43.6468518,-79.4062923
Terroni,italian,43.6462666,-79.4091549
Canis,,43.6460701,-79.4101121
Kushi Sake Bar,japanese,43.7047819,-79.4068964
Island Breeze Restaurant,caribbean,43.6776574,-79.495818
Seau Crabe,,43.677073,-79.4951483
Pegrolls,chinese,43.6633861,-79.4903956
Mad Mexican,mexican,43.6586123,-79.4881136
Hua Hin Thai Food,thai,43.6578085,-79.4877762
Pho VP,vietnamese,43.6573822,-79.4876068
Imonay Korean Restaurant,korean,43.6640285,-79.4157685
Sunrise House,korean,43.6640462,-79.4156549
Damda,korean,43.6640657,-79.4155813
Rábago,mexican,43.6572318,-79.4875441
Bellona Plant Inspired Kitchen,,43.6558263,-79.4872987
Campo,italian,43.65517,-79.4870282
South Indian Dosa Mahal,indian,43.6582703,-79.4424632
Shakers Club,,43.6584658,-79.4416907
Garden Bar & Bodega,coffee_shop;pizza;sandwich,43.6645528,-79.3417102
Black Rose Shisha Lounge,,43.5958543,-79.526696
Parrot Nest Restaurant,caribbean;chinese,43.7386629,-79.5120029
Cafe Mondiale,italian,43.7385863,-79.5123687
Pho Cuu Long Mien Tay,vietnamese,43.7396871,-79.5142789
Da Nang Restaurant,vietnamese,43.7409603,-79.513071
Banh Cuon Huong Que,vietnamese,43.7420969,-79.5143169
Zhangliang,,43.7768257,-79.4144275
Meet You,hong_kong,43.7769034,-79.4144472
Mean Bao,chinese;dim_sum,43.6467897,-79.4035926
Pho Chay 88,vietnamese,43.7516126,-79.5153494
Viet Hoa,vietnamese,43.7520789,-79.5154542
Yauca's Lounge,,43.6615632,-79.429433
Tristar Chinese Restaurant,chinese,43.7695023,-79.5216471
Thai Nyyom,thai,43.6571773,-79.4477686
Kibo,sushi,43.6572181,-79.4475769
WVRST,sausage,43.6447129,-79.3810286
Usagi Sushi,sushi,43.6530104,-79.4684666
Vivo,,43.6542009,-79.4631913
Lunch Box,,43.6546242,-79.459691
Kibo,japanese,43.6544392,-79.4229998
Delights of China,chinese,43.6512448,-79.4746216
Musoshin Ramen,noodle;ramen;japanese,43.6533553,-79.4521353
Banh Cuon Pho Ga,,43.6740672,-79.4613055
Pho Xua,,43.6740961,-79.4611857
Koh Samui Thai Kitchen + Bar,thai,43.6429515,-79.4067332
MorsoMe,italian,43.6428918,-79.408481
Ichiban Sushi,sushi,43.6436013,-79.4050296
Donna Fernanda Ristorante & Pizzeria,,43.6436576,-79.404683
Thai Room,thai;malaysian,43.6423246,-79.4112852
La Patrona,,43.6549792,-79.4169383
Pearl Sushi,japanese,43.6150379,-79.4882386
Freshii,salad,43.62312,-79.4837733
Mogouyan Hand Pulled Noodle,,43.6491478,-79.3954444
Fangio Trattoria,italian,43.6619843,-79.3354156
Hanoi 3 Seasons,vietnamese,43.6621905,-79.3345533
Nola Eatry & Bar,,43.6624384,-79.3334455
Underground Garage,,43.6458333,-79.3926687
Sen5es,,43.6448891,-79.3920149
Ikkousha Ramen,ramen,43.6502747,-79.3887654
Aristos,greek,43.6501725,-79.3892147
Urawa,japanese,43.6482395,-79.3892448
Yuzu No Hana,sushi,43.6483865,-79.3883322
Apulia Gastronomia,italian,43.6499668,-79.482919
Momo Ghar,,43.649896,-79.4826622
Azkadenya Mezza Diner,,43.6503678,-79.3883299
4Ever Sushi,sushi,43.6504156,-79.3880734
Bar Altura,,43.6476917,-79.4009601
Kinton Ramen,japanese,43.648699,-79.397211
to-ne Sushi,japanese,43.6485699,-79.397782
Yukimi,japanese,43.6485855,-79.3977039
The Well Bar Restaurant,,43.6480367,-79.4004102
The Dime Roadhouse,,43.6475908,-79.4026344
JP Sushi,japanese,43.6602108,-79.4798284
The Grill on Jane,breakfast;american;sandwich;burger,43.6590945,-79.4883116
Su-Good Chinese Restaurant,chinese,43.6886684,-79.3002663
Vos Restaurant Argentino,argentinian,43.6541366,-79.4232196
Pi Co.,pizza,43.6493288,-79.3743445
Ikkousha Ramen,japanese,43.6502177,-79.388982
IMM,thai,43.6548651,-79.4159962
The BarBQ Factory,barbecue,43.7150119,-79.304977
Iruka Sushi,sushi,43.636921,-79.396638
Golden Lion Restaurant,ukrainian,43.6231618,-79.510887
Mama Rosa,,43.6391024,-79.4460581
Guu Izakaya,japanese,43.6418468,-79.4310779
Kaminari,japanese,43.6417457,-79.431558
Little Tibet,,43.6401851,-79.4380771
Parkdale Breakfast,,43.6400943,-79.4380389
R&D,,43.6515083,-79.3971185
3rd Mom Hot Pot,,43.6523064,-79.3974705
Homemade Ramen,ramen,43.6523918,-79.3975034
Chat Bar,,43.6537895,-79.3980881
Swatow Restaurant,chinese,43.6538327,-79.3981062
Tail of the Junction,,43.6654578,-79.4827595
Indilicious,indian,43.6657027,-79.4820124
Koh Samui,,43.6656373,-79.4742843
Doc’s,,43.6656307,-79.473446
Leela,indian,43.6656329,-79.47351
Venga Cucina,,43.6656263,-79.4723617
Dirty Food Eatery,breakfast,43.6656154,-79.4719125
Curry Twist,indian,43.6655998,-79.4705193
Gabby's,,43.665605,-79.4703252
Pho Huong,vietnamese,43.6652885,-79.4687126
Junction Grill,,43.6651657,-79.4686423
Isaan Der,thai,43.6653407,-79.4679837
Tumi Dumpling House,,43.6655363,-79.4663408
My House,,43.6655312,-79.465595
Pi Co.,pizza,43.6655158,-79.4649103
D&Y Japanese Cuisine,japanese,43.6653356,-79.4650061
Kyma Mediterranean Grill,mediterranean,43.6653422,-79.4650762
Momotaro Sushi,sushi,43.6653097,-79.4664378
Taste Seduction,jamaican,43.6660861,-79.464575
Acapulco,mexican,43.6655161,-79.4642689
Paddler Thai boat noodles,thai,43.6390447,-79.4451677
Krave Indian,,43.6391538,-79.4445869
Norling,tibetan;hakka,43.6403447,-79.438474
Afrobeat Kitchen,,43.6403555,-79.4384265
Garleek Kitchen,asian,43.6404136,-79.4381381
Namaste Tibetan Kitchen,,43.6404211,-79.4368981
Mother India,indian,43.6410389,-79.4350346
Shambhala Kitchen,tibetan,43.6411576,-79.4344646
Citizen,,43.6453869,-79.3976039
Labora,,43.6452491,-79.3954568
Impact,,43.6464001,-79.3980251
Zafoon Middle Eastern Restaurant,,43.6570871,-79.4054092
El Rancho,,43.6567436,-79.4071426
Midnight Market,,43.656714,-79.4073162
Pomegranate,persian,43.6567907,-79.4069206
Sheherzade,persian,43.6567892,-79.4069736
Hacienda,mexican,43.6567669,-79.4070259
Tondou Ramen,japanese,43.6553032,-79.4140642
Bellona,,43.6553386,-79.4172883
Que Rico,tapas,43.6553226,-79.4188973
Pho Con Bo,vietnamese,43.719377,-79.5119467
Beverly Hills,italian,43.7180689,-79.5116305
Hoa Da,vietnamese,43.7227304,-79.4981456
Golden Diner Family Restaurant,,43.6621516,-79.3774478
Jumbo Empanadas,,43.6549186,-79.4020434
Aquarela Restaurant,latin_american,43.7228539,-79.4978852
Hung Long,vietnamese,43.726591,-79.4835484
Peter G's,,43.7283719,-79.479819
Pickle Barrel,,43.7960227,-79.4212621
Maya,latin_american,43.7301628,-79.4697418
La Pasiva,latin_american,43.7304338,-79.4690588
Maestros,italian,43.7304257,-79.4687224
Claire’s Special Kakanin Asian Food,,43.7305161,-79.4683616
Mustafa,turkish,43.7306168,-79.4680268
Hayal Kurdish Restaurant,,43.7306351,-79.4679344
La Traviata,italian,43.7306713,-79.467788
Rosa Chilena,latin_american,43.7314463,-79.4645479
Lovely Pao,filipino,43.7314577,-79.4644889
Da Zio Mimmo,italian,43.7314944,-79.4643033
Lucky Wok Restaurant,chinese,43.7315581,-79.4636854
Katsuya,japanese,43.7314794,-79.4590973
Ardo,italian,43.6510934,-79.3684798
Bar Ardo,italian,43.6504546,-79.3713809
Khao Hakka Restaurant;Khao Hakka,hakka,43.6509962,-79.3679044
Katz's Deli,sandwich,43.7215965,-79.4567044
Mainsha Restaurant,seafood,43.7211521,-79.4558558
Cantina Mercatto,italian,43.6481541,-79.3767504
Yu Ki,japanese,43.7206585,-79.4557881
Demetres,dessert,43.7201738,-79.4564181
Noodle King,noodle,43.719842,-79.4573691
Seoul King,korean,43.7197184,-79.4579848
Royal Korean Cuisine,korean,43.7187439,-79.45775
Pho Viet House,vietnamese,43.7183862,-79.4573465
Shoeless Joe's,grill,43.7190774,-79.4571788
Lucky Dragon,chinese,43.7185968,-79.4553873
Mirra's Place,italian,43.7173502,-79.4550731
Esto Es Colombia,latin_american,43.7066631,-79.4533266
Beautiful City Restaurant,,43.7066228,-79.4533222
Camarra,italian,43.7083578,-79.4531489
Tostadas Grill,latin_american,43.7078167,-79.4537254
Toronto Pho,vietnamese,43.7009767,-79.4514465
Yum Yum Restaurant,jamaican,43.6984403,-79.4515621
Ocean Grill Restaurant,seafood,43.6982513,-79.4515216
Express Thai Cuisine,thai,43.6982042,-79.4515075
Tonkin,vietnamese,43.6969506,-79.4510846
Toronto Latino,latin_american,43.696141,-79.4489015
Sheryl's: Authentic Caribbean Cuisine,,43.6965643,-79.4468884
High Life Restaurant,caribbean,43.6960755,-79.4469554
Rincon de la Boca,,43.6966873,-79.4465856
Tia Flor Restaurant,uzbek,43.6967689,-79.4462208
Roti King,caribbean,43.6968384,-79.4458882
Sankofa Lounge,,43.6967093,-79.4447907
Sake Sushi,sushi,43.69701,-79.4448686
One Stop Restaurant,jamaican,43.6968893,-79.4424332
Canadian Caribbean Restaurant,caribbean,43.6921321,-79.440206
Pita & Hummus,falafel;pita,43.6825446,-79.4202253
Kiyo Japanese Cuisine,japanese,43.6805733,-79.417442
Craque de Creme Cafe,ice_cream;coffee_shop;dessert;french,43.6798578,-79.4171634
Detroit Pizzeria,pizza,43.6729799,-79.4141436
Rapido,,43.6728925,-79.4141061
Gordo Ex,latin_american,43.6717444,-79.413981
Napolitan Pizzeria,pizza,43.6694065,-79.413058
Miya Bhai,indian,43.6691137,-79.4129352
6ixty Wings,,43.6544714,-79.4070571
Aki Donburi,japanese,43.6648827,-79.4109526
Japanese Restaurant,japanese,43.6486591,-79.4043694
Maggiano's,italian,43.7206414,-79.5994343
The Swiss Pick Restaurant,,43.7161086,-79.5937586
Tandoori Masala,,43.7149938,-79.5938256
D' Jerk & Roti,caribbean,43.7360072,-79.6020547
Haveli Sweets & Restaurant,indian,43.7359045,-79.6020091
Sampooran Sweets & Restaurant,indian,43.7440643,-79.6042802
Surti Paan Indian Street Food,indian,43.7429525,-79.6036459
Fukrey Indian Bistro & Bar,indian,43.7432238,-79.6078134
Caribbean Lyme,caribbean,43.7434224,-79.6054423
Little Hut Bar & Grill,,43.7427239,-79.6037398
Gabby's,,43.7571827,-79.3129138
Freshii,salad,43.7575014,-79.311758
Watts Restaurant,,43.7234032,-79.2988689
Yamamoto Japanese Cuisine,japanese,43.7985175,-79.3185315
Pho Quinn,vietnamese,43.7981643,-79.3182661
High Street Fish & Chips,fish_and_chips,43.7452447,-79.3249991
The Civic,regional,43.6589446,-79.350049
The Broadview Bistro+Bar,,43.6591445,-79.3500946
The Comrade,,43.6594176,-79.3479502
Casa Deluz Banquet Hall,chinese,43.8092436,-79.2681808
Xe Lua,vietnamese,43.8091041,-79.2695273
Moxie's,bar_and_grill,43.7760496,-79.2570495
Kwan Dim Sum,chinese,43.7749186,-79.2570094
Star,indian;chinese,43.7439838,-79.2176092
Little Bavaria Restaurant,german,43.7440361,-79.2174153
Time West Indian,caribbean,43.74422,-79.2171748
Tim Choi,chinese,43.7452269,-79.2203271
Pho Dau Bo,vietnamese,43.7612719,-79.2252465
Nanay Meding's Restaurant,filipino,43.7616365,-79.2256238
Godavari,indian,43.7671528,-79.2276938
Mirchi Dhaba,indian,43.7673738,-79.2287774
Fabian's Cafe,,43.7681254,-79.2290443
Lawrence Bar & Grill,,43.7592953,-79.2293516
Smilin' Jacks,,43.7601529,-79.2269673
Tanjore,indian,43.7598236,-79.2273694
Swiss Chalet,chicken,43.8001245,-79.1984593
Port Union Seafood,fish_and_chips,43.7971918,-79.1500623
Eggsmart,breakfast,43.7980085,-79.1492188
Bao House,,43.7735866,-79.4142719
43° N BBQ Bar,chinese;barbecue,43.7726458,-79.4134541
Yang's Braised Chicken Rice,chinese,43.7725985,-79.4133847
Yunshang Rice Noodle,noodle,43.7724975,-79.413338
Swiss Chalet,chicken,43.730207,-79.4185172
Mary's Place,italian,43.7154651,-79.3122889
The Veggie Thali,indian,43.7194921,-79.3009821
Sansimian,jamaican,43.7193608,-79.3009237
Chachu's,international;pakistani,43.657168,-79.3785078
Vegan Bear,,43.6572722,-79.3811301
e11even,,43.6427851,-79.3811224
Blaze Pizza,pizza,43.7623328,-79.4107904
Flock Rotisserie + Greens,chicken,43.7628646,-79.4108453
Petit Potato,japanese,43.7682517,-79.4123312
UFO Restaurant,diner;vietnamese,43.643955,-79.4088223
Freshii,salad,43.7630754,-79.4104625
Mom's Pan Fried Bun,,43.6521445,-79.3980255
Supreme Taste,chinese,43.6650964,-79.3523058
Juzz Sushi,sushi,43.6605222,-79.3429989
Burrito Queen,mexican,43.6591964,-79.3489044
Issander,thai,43.6591474,-79.3491056
Lacarnita,mexican,43.6595429,-79.3473617
Mother's Dumplings,,43.6571206,-79.3994346
Freshii,salad,43.6528178,-79.3803598
Milestones,bar_and_grill,43.6534762,-79.3799297
Freshii,salad,43.6478262,-79.3828578
Perfect Chinese Restaurant,chinese,43.7877592,-79.2703122
Saigon Lotus,vietnamese,43.6543978,-79.3992829
Ka Chi,korean,43.6543888,-79.3993371
Pizza Hut,pizza,43.7393143,-79.2380196
Wok and Fortune,,43.7393425,-79.2378568
Ondak,korean,43.6654837,-79.4627367
Freshii,salad,43.6421644,-79.3745416
PI CO.,pizza,43.6712562,-79.3828909
Ajisen Ramens,ramen,43.6617704,-79.3791012
Wok Theory,chinese,43.6528372,-79.3989652
Stelvio,,43.6517806,-79.4077495
Antler Kitchen & Bar,canadian;wild;seasonal,43.649717,-79.4305576
Hem Social,vietnamese,43.649715,-79.4295014
Gia,,43.6495023,-79.4231268
PapI Chulo's,mexican,43.6467441,-79.4196061
Thamel Toronto,,43.6402962,-79.4387564
Cactus Club Cafe,international,43.6496578,-79.3811783
BOOM Breakfast & Co. College St.,,43.654691,-79.4218136
Starving Artist,,43.6546764,-79.4218753
Regina Trattoria & Pizzeria,italian,43.6548855,-79.4208916
Casa Tropical,,43.6549437,-79.4205938
Wow! Wing House,,43.6549588,-79.4205073
Coast To Coast Seafood,,43.6551169,-79.4199286
Via Norte,,43.6537716,-79.4262654
Chiado,portuguese,43.6541835,-79.4242423
Black Knight,,43.6545838,-79.423725
Conejo Negro,,43.6544295,-79.4230561
The Shozan Room,japanese,43.6479283,-79.4203528
Herby,persian,43.677469,-79.3515513
Juicy Dumpling,dumplings;chinese,43.652647,-79.3984306
Seven Lives Tacos Y Mariscos,,43.6545405,-79.4007856
Lili Kitchen,middle_eastern,43.6542846,-79.3909938
Her Father's Cider Bar + Kitchen,,43.6624392,-79.404624
Athens Restaurant,greek,43.6790534,-79.3435156
Maple Leaf Tavern,,43.6681595,-79.339824
Huy Ky,,43.6691584,-79.336404
Blackjack BBQ,,43.6691516,-79.336467
Los Cantaritos,mexican,43.6689965,-79.3371758
La Vecchia,italian,43.6256752,-79.4774137
HolmPei Cafe Bistro,,43.655701,-79.3844449
La Fenice,italian,43.6462487,-79.3907475
Eggsmart,breakfast,43.7070921,-79.2500791
Butcher Chef,steak_house,43.6426968,-79.3763351
Tata Hot Sauce Emporium,,43.7064262,-79.3068763
Hakka No. 1,chinese,43.7720707,-79.1848999
Sunset Grill,american,43.7722176,-79.1847705
Cucina Buca,,43.6882217,-79.3943596
Eataly Toronto,italian,43.6696714,-79.3887524
The Host,indian,43.656649,-79.3863949
Eat BKK,thai,43.7957152,-79.4192356
Bong Lua,vietnamese,43.7896026,-79.3025066
Library Bar,,43.6455791,-79.3820344
REIGN,regional,43.6459008,-79.3814993
Bún Saigon,vietnamese,43.6516742,-79.3978259
Xe Lua,vietnamese,43.6517222,-79.3978869
Chongqing Liuyishou Hotpot,hotpot,43.6517576,-79.3978574
Fudao Noodle House,,43.6546285,-79.3989937
Bevi Birra,,43.665618,-79.4719586
The Local Café & Restaurant,,43.7844428,-79.230689
Taj Restaurant,,43.7688859,-79.4743447
Sunset Grill,american,43.7597587,-79.4653904
Molkagtez Mexican Cuisine,mexican,43.6415991,-79.4311262
Loga's Corner,tibetan,43.6403579,-79.4359807
Nonna Francesca's Ristorante,italian,43.6419815,-79.3796479
Kinka Izakaya,japanese,43.641653,-79.3792342
Kinton Ramen,japanese,43.6416811,-79.3791564
Gabby's,,43.6463147,-79.3904398
Thai Room Grand,,43.6463326,-79.3902527
Kinoya,sushi,43.6464023,-79.3900441
Sumilicious Smoked Meat - Deli,deli,43.8323217,-79.2673134
Khau Gully,indian,43.7005127,-79.3968495
Willy's Jerk,caribbean,43.7617921,-79.4899577
Tin Tin Congee,chinese,43.7739262,-79.4922161
Don Franchesko,pizza,43.768359,-79.4719232
Panchita’s Kitchen and Bakery,,43.7646236,-79.4893562
Mezzetta,mediterranean;turkish;persian,43.6815849,-79.4253706
Pür & Simple,breakfast,43.7329331,-79.4521446
bb.q Chicken,korean;chicken,43.6779338,-79.3491776
Edulis,,43.6419685,-79.4065527
Freshii,salad,43.7851154,-79.4777815
Sandy's Cuisine,,43.6803328,-79.2879138
Hing Fa Chinese Cuisine,chinese,43.6803712,-79.2875192
Gabby's,,43.6807186,-79.2866194
Seaspray,chinese,43.6787035,-79.2982423
Kibo Sushi House,sushi,43.6804364,-79.2895372
Pizza Rustico,pizza,43.6875058,-79.2716049
Jatujak,thai,43.6884958,-79.2701432
Barkhouse Grill,,43.6885627,-79.270052
The Real Jerk,caribbean,43.6808037,-79.2856036
Tropical Thai Cuisine,thai,43.6805437,-79.2855673
Bowl of Karma,indian,43.6808892,-79.2846286
Big Boy's Burrito,mexican,43.6809718,-79.2836561
Ume Fashion Sushi,sushi,43.692983,-79.2626017
Enrico's Pizza,pizza,43.693047,-79.2625072
Spice King Reataurant,,43.6897693,-79.2675729
Dragon Delight Chinese Cuisine,chinese,43.680388,-79.4310315
Koz Bingol,turkish,43.7922517,-79.4450392
Dr. Laffa,middle_eastern,43.7293294,-79.431844
The Chicken Nest,chicken,43.7185517,-79.4298853
Europe Bar and Restaurant,hungarian,43.7181743,-79.4297406
Bangku,filipino,43.718125,-79.4297273
La Mexicana,mexican,43.7257294,-79.4309935
Pizza Hut,pizza,43.7270167,-79.431745
Rainbow Sushi,sushi,43.7279211,-79.4319631
Milk 'N Honey,,43.7284593,-79.4316356
Umami Sushi,sushi,43.7285373,-79.4315949
Tinuno,filipino,43.7291204,-79.4324514
Hakka No. 1,chinese,43.7075593,-79.4766351
Flame Bar & Grill,,43.7085841,-79.4757161
El-Tipico-Ecuatoriano,latin_american,43.7034784,-79.4772579
The Pit Stop,,43.7032252,-79.477162
Boca Chica,latin_american,43.7029975,-79.477093
Churrasqueira Estrela,portuguese;chicken,43.7026553,-79.4761895
Chopstixpress,chinese,43.7025023,-79.4770721
Dynasty House,chinese,43.7049771,-79.4920446
Pho Bo To,vietnamese,43.7046136,-79.4920823
Mama's Tofu,tofu,43.7045671,-79.492122
The 5th Taste Sushi Restaurant,sushi,43.7367653,-79.4386072
LaPaz Batchoy,,43.7367946,-79.438469
Marcelina's Filipino Cuisine and Karaoke Bar,filipino,43.7365332,-79.4368164
Wilson's Haus of Lechon,filipino,43.7364906,-79.4370969
Heaven's Grill,,43.7359718,-79.4423171
Freshii,salad,43.7333478,-79.4510286
Vivo Pizza & Pasta,italian,43.7332051,-79.4508942
Pancer's Original Deli,,43.7407936,-79.4352968
Sampaguita Village,filipino,43.7372,-79.4365359
Republika RestoBar and Grill,filipino,43.7374789,-79.4350291
Atin Ito,filipino,43.7378468,-79.4345254
Food Trip,filipino,43.7384938,-79.4345555
Ellias Restaurant & Bar,,43.7438327,-79.4867238
Vaikha,indian,43.7442615,-79.486792
Mang Tomas Lechon,vietnamese,43.7459723,-79.4874665
Pho Huong Trang,vietnamese,43.7460535,-79.4874727
Pho Mama,vietnamese,43.7633249,-79.4898697
Pho Lien Hung,vietnamese,43.7644303,-79.4894036
J's Bar & Restaurant,,43.7654914,-79.4894744
Genij Sushi,sushi,43.7818353,-79.4917545
Sandra's Italian Kitchen,italian,43.7818864,-79.4914356
Caspi,italian,43.7822788,-79.4893552
Raj Mahal,indian,43.7867225,-79.468576
Pho Mono,vietnamese,43.7851697,-79.4775545
Moldava Restaurant,moldovan,43.7818209,-79.4707407
Good Morning Friends,breakfast,43.7834613,-79.4709566
Mandarin,chinese,43.7672425,-79.4696408
Village House Turkish Restaurant,,43.7675966,-79.4699163
Joong Wha Ru,korean,43.767546,-79.4707607
Le Montmatre,french,43.7512488,-79.4574737
Times Square Diner,,43.7510393,-79.4555684
Alan Restaurant,,43.7527577,-79.4528009
Crave Restaurant,,43.7531706,-79.4508314
Belle Bar & Restaurant,,43.774366,-79.4424082
Suhan Dumplings,korean,43.755034,-79.4422588
Wakame Sushi,sushi,43.7554986,-79.4408985
Wimpy's Diner,diner,43.7561865,-79.4392543
Summer House,filipino,43.7558035,-79.4379085
Garlicky Mediterranean Grill,mediterranean,43.7007928,-79.4272696
Kusinero de Panaderia,filipino,43.7005335,-79.426883
Aish Tanoor Restaurant,,43.7003049,-79.4295026
Marron,french,43.7004892,-79.4286438
Mamma's Pizza,pizza,43.7005103,-79.4285726
3 Eggs,breakfast,43.7005314,-79.4284535
Jerusalem Restaurant,,43.7000728,-79.4289889
Tokyo Sushi,sushi,43.69998,-79.4294488
The Great Maratha,indian,43.7000154,-79.4292527
Foodiez,,43.7000502,-79.4307031
Pazza,pizza,43.6995075,-79.43166
Jer's Restaurant,filipino,43.6978246,-79.439487
Landmark Restaurant,,43.6954875,-79.4504535
Pizza Hut,pizza,43.6955853,-79.4514902
Sushi Zuki,sushi,43.6945556,-79.4561253
Sugar Oink Oink,dessert,43.6896346,-79.4745732
Darbar,persian,43.7355043,-79.4197441
Satay on the Road,thai,43.7352504,-79.419669
Thai One On,thai,43.7364279,-79.4204442
The Copper Chimney,indian,43.7362394,-79.4203901
Karbouzi,greek,43.7361854,-79.4203749
Drums N Flats,,43.7351089,-79.4201572
Issmi Japanese Restaurant,japanese,43.7352116,-79.4201854
Bistro on Avenue/Stern's Deli,italian,43.7353473,-79.4202028
Prime on Avenue,steak_house,43.7343136,-79.4199717
Eggsmart,breakfast,43.7348607,-79.4196018
Padella Italian Eatery,italian,43.7345892,-79.4195475
Francobollo,italian,43.7344446,-79.4195102
Nara Sushi,sushi,43.7338681,-79.4193815
ScottHill Caribbean Cuisine,caribbean,43.7339446,-79.4193963
Old Avenue Restaurant,georgian;turkish;azerbaijani;south_caucasus,43.7336231,-79.419345
Sakura Garden,japanese,43.7334975,-79.4193186
Da Venezia Gourmet Pizza,pizza,43.7239192,-79.4164732
Boneyard Grill,,43.7233907,-79.4162638
12 Tables Restaurant,,43.7233434,-79.4162399
O'Sole Mio,,43.6824882,-79.464038
Tokyo Sushi,sushi,43.704013,-79.4105028
House of Chan,chinese,43.7036702,-79.4135941
Ferraro,italian,43.7037526,-79.4132148
My Greek Table,greek,43.704021,-79.4119728
The Nomad Steakhouse,steak_house,43.7036739,-79.4121808
Chinese Food Gallery,chinese,43.7031318,-79.4146121
Blooming Orchid,asian,43.7033061,-79.4139016
N.K. Sushi,sushi,43.7045023,-79.4097283
Thairoomgrand,thai,43.7049251,-79.4077042
Pho Golden Star Vietnamese Restaurant,vietnamese,43.6685076,-79.4865765
Pizza Hut,pizza,43.6676461,-79.4884317
King's Palace,,43.6737209,-79.4629152
Tropical Venue,caribbean,43.6740432,-79.461414
Huong Viet Restaurant,vietnamese,43.6742063,-79.4606604
Jamaica Way Restaurant,caribbean,43.6971588,-79.494253
100% Salvoradeno,latin_american,43.6971581,-79.4941778
The lab,,43.6656091,-79.4075549
Raffaella,pizza,43.6655051,-79.4074904
Marina’s Casa da Comida,portuguese,43.6746981,-79.4585962
Sabors Tradicionais,portuguese,43.6747259,-79.4584853
Unique Cafe Restaurant,caribbean,43.6747427,-79.4584144
El Rancherito,latin_american,43.674853,-79.4578583
Frank's Pizza House,pizza,43.6767458,-79.4492567
Flavours of Sheba,african,43.6769079,-79.4484754
Flor do Ave,,43.6749057,-79.4575648
Samba,brazilian,43.6749575,-79.4573215
Rain Sushi,sushi,43.6760585,-79.450754
La Bruschetta,italian,43.6764784,-79.4488256
El Saxon,mexican,43.6770634,-79.4476787
Uai Pizzeria & Restaurant,pizza,43.6772941,-79.4466295
Sushi California,sushi,43.6775251,-79.4456782
Il Collosseo,italian,43.6776906,-79.4449588
Kaito Sushi,sushi,43.6774003,-79.4445758
Shunoko,sushi,43.6774603,-79.4442891
Boneyard Grill,,43.6777713,-79.4445736
Sunnyside Grill,breakfast,43.677756,-79.4446532
AC Ranch Caffe,,43.6777412,-79.4447213
Centro,italian,43.6777131,-79.4448753
Definitely Yours,jamaican,43.6779168,-79.4422782
Limon,latin_american,43.6783766,-79.4402385
Cano,italian,43.6786676,-79.4406033
De Sotos,,43.6785192,-79.4395612
Kosh,,43.6791273,-79.4384896
Latin World,mexican,43.6791889,-79.4381911
Barista & Chef,,43.6793643,-79.4374391
Latin Fiesta,mexican,43.6793809,-79.4373417
Parcas,peruvian,43.6794558,-79.4370046
Savera,indian,43.6804194,-79.4308113
Sushi Kozoku,sushi,43.6804299,-79.4307443
Chai Pochana,thai,43.6804515,-79.4306196
Brother Bar & Restaurant,,43.6796179,-79.4362822
Mi Tierra,colombian,43.6807516,-79.4310987
Black Tulip Restaurant,,43.6804669,-79.4305559
Nodo,italian,43.6810012,-79.4298724
Pukka,indian,43.6811349,-79.4292268
Piccolo Piano,,43.662674,-79.4034192
Fantasy Kitchen,,43.6615736,-79.4089098
Ferro,italian,43.6809236,-79.4285445
Romi's,,43.681425,-79.4279067
Riz,asian,43.6813292,-79.4283766
FK,,43.6812434,-79.4287602
The Wailers,jamaican,43.681589,-79.4270958
Kibo Sushi,sushi,43.6813941,-79.4262901
Queen of Persia,persian,43.6819423,-79.4253606
Goen,japanese,43.681936,-79.4254203
Chinese Dumplings,chinese,43.6818142,-79.4242208
The Company We Keep,coffee_shop,43.6822224,-79.4239399
Raahi Kitchen & bar,indian,43.6825054,-79.4204863
Tacos Moras,mexican,43.682483,-79.4206226
Ba-On Filipino Takeout,filipino,43.6824683,-79.4206916
Arizona Grill and Lounge,,43.6834862,-79.5935113
The Bistro,,43.6851114,-79.5936391
Fay's Kitchen,caribbean,43.6864983,-79.4732493
Mastro Nick,pizza,43.6863447,-79.4731828
Sete Ventos Restaurant,,43.6872187,-79.4465933
Diamonds Bar & Grill,mexican,43.6867933,-79.4464023
El Rey,mexican,43.6527386,-79.4001085
Tibetan Village,,43.6529716,-79.4002143
New Casa Abril,portuguese,43.6913151,-79.4399929
Nona Lia,italian,43.6862579,-79.4381399
Oakwood Pizzeria,pizza,43.6890767,-79.4396234
Sushi Karu,sushi,43.6875389,-79.4390385
Costa Verde,portuguese,43.6873409,-79.4389406
1 Plus 1 Pizza,pizza,43.687166,-79.4385531
Sorrel,french,43.6802469,-79.3910211
Terroni,italian,43.680008,-79.3904716
Impact Kitchen,,43.6821665,-79.3918463
Kibo Sushi,sushi,43.6826211,-79.3923548
Sash,,43.681724,-79.3911976
Avant Goût,french,43.6786291,-79.3903734
Quanto Basta,italian,43.6787501,-79.3904234
Barnsteiner's,european,43.6856982,-79.3933217
Terroni,italian,43.6508555,-79.3754996
Samba,,43.7032809,-79.3974189
Social Llama,,43.7032063,-79.3974024
Maki Mart,sushi,43.7031302,-79.397389
Bow Thai,thai,43.7787279,-79.3639099
Ko-Sam,korean,43.7983996,-79.3688939
BB's,brunch,43.6420043,-79.432415
Aoyama Sushi,sushi,43.787137,-79.3291565
Lavash Armenian Restaurant,armenian,43.7865027,-79.3286773
Lebanon Express,falafel;lebanese,43.6656151,-79.4712518
Taline,,43.6836207,-79.3924247
San Casme,,43.6547408,-79.4005204
Tacos 101,,43.6548373,-79.400881
O Bong,korean,43.6677034,-79.3855464
Broken Rice,japanese,43.6669067,-79.3852218
Bone Soup Malatang,soup;chinese,43.6636724,-79.384218
Darvish Persian Cuisine,persian,43.6633868,-79.3840892
Flaming Kitchen,chinese,43.6622614,-79.3836404
Four Four South Village,taiwanese,43.6623083,-79.3836608
Liberty Pizza,pizza,43.6606345,-79.3597756
The Suya Spot,,43.6546501,-79.4016459
Rolltation,sushi,43.6694162,-79.3866194
La Vecchia,,43.710228,-79.3989283
BBQ Chicken & Pub,chicken,43.7103831,-79.3989585
Ajismen Ramen,sushi,43.7090724,-79.3986578
Louie’s Classico Pizza,pizza,43.7132361,-79.3995182
Ai Sushi,sushi,43.7925068,-79.2395287
Veerar,indian,43.7957283,-79.2317398
Naan Kabob,afghan,43.7950842,-79.2407931
Chopstick House,chinese,43.7951965,-79.2401809
KC’s Roti House,,43.7360151,-79.2526941
Abbirami,indian,43.7353267,-79.2522964
Subiksha,indian,43.7354618,-79.2516348
Black Forest Fine Dining,german,43.7363986,-79.2518154
Angie's,caribbean,43.7355767,-79.2511168
Lena's Diner,,43.7358698,-79.2496322
Ghareeb Nawaz Restaurant,indian,43.7352396,-79.2468356
TOR Carribean Restaurant,caribbean,43.7370584,-79.2442535
Pariwar,indian,43.74271,-79.3086511
Amazing Hakka,chinese,43.7427211,-79.3085881
Chawk Bazar,indian,43.7427634,-79.308409
Faryab Restaurant,persian,43.7427357,-79.3054333
Naan Kabob,afghan,43.7424881,-79.3051611
Super Hakka Restaurant,chinese,43.742559,-79.304784
Ghadir Fish Restaurant,seafood,43.743685,-79.3044235
Karahi Boys,pakistani,43.7438579,-79.299775
Sumaq,iraqi,43.7441992,-79.2978505
Rose's Kitchen,jamaican,43.7452638,-79.2982501
Diana's Oyster Bar and Grill,seafood,43.7456825,-79.2915849
Sahan Restaurant,somali,43.7454526,-79.296752
Banh Mi Metro,vietnamese;bánh_mì,43.7450923,-79.2942953
Pho Metro,vietnamese,43.7451077,-79.2942242
Wong's Asian Cuisine,chinese,43.7473111,-79.2838736
Nova Ristorante,italian,43.7494761,-79.2776262
Spicy Dragon Restaurant,chinese,43.7488657,-79.2754021
Flippers Fish House,seafood,43.7509559,-79.2762369
Kim Kim,indian,43.7537907,-79.2770578
Nostos Bar & Grill,greek,43.7526113,-79.2543444
Merigold Restaurant,caribbean,43.7532791,-79.2543512
Ahmutha Surabi,indian,43.7532944,-79.2542952
Bendale Restaurant,,43.7575383,-79.2386412
Charcoal Kabob House,chinese,43.757485,-79.238963
D'Pavilion,caribbean,43.7579374,-79.2360185
rasa,,43.6627782,-79.4040509
Boardroom Cafe,,43.6628853,-79.4035418
piano piano,,43.6630178,-79.4029016
367 Cafe,,43.6932399,-79.3423117
Ritz Restaurant,,43.6918607,-79.342151
Sushi Garden Japanese Restaurant,japanese,43.6897469,-79.3951838
Ambiyan,indian,43.6896512,-79.3951452
Caribbean Wave Restaurant,caribbean,43.7984759,-79.1957829
Supreme Restaurant & Bar,,43.7685093,-79.2666501
Kofuko Sushi,japanese,43.6887168,-79.3918995
El Inka Peruvian Cuisine,peruvian,43.6882059,-79.3929021
Mabu Generation,taiwanese,43.665142,-79.3848263
Fong on Foods,,43.6539399,-79.4005801
Mi'hito Sushi Laboratory,sushi,43.6576433,-79.4009085
Awesome,,43.6576635,-79.4008623
Baroness,,43.6576405,-79.4009666
Yitz’s,,43.7046372,-79.4090278
Cafe Nicole,,43.6467392,-79.3741044
WeYonge,,43.6748936,-79.3884687
Robot Boil House,,43.6746935,-79.3883431
Monkey Sushi,sushi,43.6747397,-79.3883629
Laziz Curry Kitchen,indian,43.6567594,-79.3753042
Grillies,mexican;burger,43.6567413,-79.3753857
Gyukatsu Kyoto Katsuguyu,japanese,43.6568298,-79.3761902
Akhigbe Nigerian Caterers,,43.657988,-79.3710453
Ju Sushi & Bar,sushi,43.6588095,-79.3682604
Satay on the Road,thai,43.7055178,-79.3752698
Mayrik,armenian,43.7056931,-79.3753537
Grillies,mexican,43.7053274,-79.3751973
Buono Ristorante,,43.7053903,-79.3752097
Eggstatic,,43.7054554,-79.3752331
Casamiento,el_salvadorian;papusas;tacos,43.6705664,-79.4260291
Loop Line Wine & Food,,43.6716173,-79.4208318
Thai Mango,,43.6716256,-79.4207632
Masa Deli,coffee_shop;breakfast;sandwich,43.6669253,-79.4314306
Roll N Bowl Korean & Japanese Cuisine,japanese;korean,43.7671642,-79.2704426
Pi Co,pizza,43.661685,-79.3794697
Umami Poke,,43.6831847,-79.3922663
Bobbie Sue's Mac and Cheese,,43.6478551,-79.420529
The Lexington,,43.6613044,-79.3805964
East court & Mike BBQ,chinese,43.787971,-79.2698835
Yupdduk Finch,korean,43.7794067,-79.418285
Ten,,43.6524672,-79.4334527
Kintako,sushi,43.7115103,-79.3642546
Isabella's Boutique Restaurant,japanese,43.6707477,-79.297255
Sozo Japanese Cuisine,japanese,43.7708404,-79.3315756
Eggstatic,,43.7707455,-79.3315407
Yan Yu Chinese Dining,chinese,43.7706119,-79.3314924
Hotpot 9,chinese,43.7704802,-79.3314415
Satay Sate,indonesian,43.7702594,-79.3322783
Gyu-Kaku Japanese BBQ,japanese,43.7708908,-79.3319296
Primo Veal,italian,43.7709198,-79.3317714
ZenQ Taiwanese Restaurant,taiwanese,43.7708637,-79.332104
The Fry,chinese,43.788957,-79.4182864
Torch Sushi,japanese,43.7894934,-79.4182006
Daldongnae,,43.7896889,-79.4183213
Katsuya,japanese;korean,43.7899839,-79.4185259
Konjiki Ramen (Downtown),ramen;japanese,43.6573016,-79.3836028
Roti Cuisine of India,indian,43.6747835,-79.4083627
Old Time Chinese Cuisine,chinese,43.7482335,-79.3470722
Hoyo's Restaurant,somali,43.7360787,-79.2529969
Birria Balam,mexican,43.6482088,-79.3958203
Banfi,italian,43.6884033,-79.4131586
O'Somae,brunch,43.6652529,-79.3523898
La Morena,latin_american;ecuadorian;empanada;tamale,43.6776822,-79.4434151
Bao,,43.6523064,-79.3980881
Lageez,indian,43.7109188,-79.2909315
Rosie’s Burger,burger,43.647686,-79.4010411
Completo,latin_american,43.6647367,-79.3521411
Steady's Jamaican Home Cooking,jamaican,43.6838486,-79.3470797
Hanamaru Market and Bento,japanese,43.6842821,-79.3470314
Shoeless Joe's,grill,43.6468623,-79.3745006
Boston Pizza,pizza,43.7699643,-79.4133983
Quetzal,,43.6564704,-79.406875
Onnki Donburi,,43.6565313,-79.4065821
Dai Lo,,43.6558594,-79.4098178
Kyouka Ramen,ramen;japanese,43.6726491,-79.2882364
Yumei Sushi,japanese;sushi,43.6712632,-79.2950418
Maker Pizza,pizza;italian,43.7229994,-79.4153345
Thai Country Kitchen,,43.6561658,-79.3996043
The Lobster Roll,,43.6549991,-79.4000756
Song Tea,,43.656393,-79.399715
Mango Like Desserts,dessert,43.656909,-79.4031536
Simmer Huang,,43.657264,-79.4001139
La Fermenteria,,43.6551393,-79.3996246
Moon Palace,chinese;cantonese,43.6561839,-79.3822933
Storm Crow Manor,,43.6668177,-79.381681
Cafe Landwer,,43.7662778,-79.4124604
Gol’s Lanzhou Noodle,chinese,43.7780982,-79.4148514
The Fry - Sheppard,korean;fried_chicken,43.7629563,-79.4115452
Mishka’s Restaurant & Bar,,43.766253,-79.2821824
Little Coxwell Restaurant,vietnamese,43.6961714,-79.3290986
Skara,greek,43.6970517,-79.3294686
Sushi Bay,sushi,43.6967644,-79.3293347
Eden Chinese Food,chinese,43.6971863,-79.3290178
Blooming Batter,,43.6342717,-79.5414651
Hay Sushi,japanese;sushi,43.7035521,-79.4142519
desimane,indian,43.7874641,-79.2670827
Yunshang Rice Noodle,chinese;noodle,43.6536808,-79.3950375
CRAVE WINGS,chicken,43.7031225,-79.4146594
Dspot,,43.7764326,-79.2347677
Kathmandu Restaurant,,43.6710966,-79.3879485
Clay,,43.6680297,-79.3932824
The Fry,korean;asian;fried_chicken,43.6637722,-79.3842978
Onki Donburi,japanese,43.6699216,-79.3841981
Baby-Boyz BBQ,,40.4656426,-80.600804
Pasaj,middle_eastern;turkish;brunch,43.6621487,-79.335796
Fat Pasha,jewish;middle_eastern,43.673829,-79.4117297
Chadwick's Craft Kitchen & Bar,fusion;asian;mexican,43.6735462,-79.4119121
Schmaltz Appetizing,bagel;smoked_salmon,43.6739749,-79.4118022
Hana Ramen,noodle;ramen;japanese;sushi,43.7668236,-79.2806227
Ma Maison,french,43.6591927,-79.5135983
Oretta,,43.7035969,-79.3974838
Lena's Roti & Doubles,,43.7734268,-79.4930207
Elisa Cart Korean Tapas,,43.7752924,-79.4693606
Fresh,,43.707216,-79.3951973
Hoops Sports Bar & Grill,,43.6617504,-79.3834756
The pint,,43.6436984,-79.3884442
Mapo Gamjatang,,43.7641928,-79.4119896
Canteen,chinese;western;south_east_asian;malaysian,43.6526523,-79.3985239
Sushi Bar,japanese,43.6649534,-79.3526237
Boba Boy,bubble_tea,43.6653633,-79.3527789
Figs Breakfast & Lunch,breakfast,43.6558373,-79.3647018
Lia’s,russian,43.649588,-79.4332871
Charcoal Biryani Kebabs,,43.706116,-79.3750752
Darna Middle Eastern Kitchen,middle_eastern,43.7065178,-79.3752552
Da Jankanuu Shak,,43.6013015,-79.503476
Spring China House,chinese,43.6448381,-79.5219779
Qin's Garden,asian;chinese,43.6573766,-79.3995413
Pizza Cantina,pizza,43.6653555,-79.4696043
Ono Poké Bar,regional,43.6271459,-79.4774362
Salad King,,43.6504578,-79.3899811
Rouge Kitchen,american,43.7896432,-79.139889
Thai Square,thai,43.7893342,-79.1397954
Pasta Tutti Giorni,italian,43.7983418,-79.1393126
The Nilgiris Restaurant,indian,43.8291049,-79.2487817
Navayo Greek Bistro,greek,43.7049733,-79.2526129
Casa di Giorgio,italian;mediterranean,43.6668319,-79.3152
Pattylicious,jamaican,43.6808639,-79.2826966
Cucina Di Paisano,italian,43.754785,-79.3496963
Taftan Kebob,persian,43.7547521,-79.3498474
Salonika Estiatorio,greek,43.6777924,-79.3515138
Ala Antioch,turkish,43.677885,-79.3510094
Suski Biryani House,indian,43.6694192,-79.3858342
Casa Sushi,sushi,43.6777701,-79.3499955
Komi Banh Mi Bar,vietnamese,43.6777582,-79.350051
Monkey Sushi,sushi,43.677736,-79.3501783
Wanas Shawarma,shawarma;syrian,43.6776913,-79.3504246
Messini,greek,43.6776773,-79.3505081
Central Kitchen,,43.6775203,-79.3512942
Pantheon,greek,43.6775077,-79.3513572
MomoHut & Gardens Inc,asian,43.6774818,-79.3514874
955Chinesefood.com,chinese,43.6729757,-79.2866575
Pai Northern Thai Kitchen,thai,43.7086325,-79.3985451
Little Sister,indonesian,43.6452782,-79.4005672
Janelle's Kitchen,,43.6541592,-79.4230926
Tibet Kitchen,asian,43.646358,-79.4074889
Brunch On Cosburn Ave,,43.6931107,-79.3336205
Sophie's Sports Bar & Grill,,43.6929312,-79.3344585
Freshii,salad,43.7837393,-79.2532091
Thai Room,thai;malaysian,43.7837095,-79.2531512
Daldongnae Korean BBQ,korean,43.7961134,-79.4191832
eb Breakfast Co.,,43.6383286,-79.4161144
Deer Garden,,43.6602285,-79.3858892
Cornerside Cafe,,43.7210509,-79.332318
Zui Beer Bar,,43.7812796,-79.4156391
QCYC Restaurant/Onyx Catering,,43.6301648,-79.3580476
Sinaloa Factory,mexican,43.6782501,-79.3475065
Ramen Buta-Nibo,ramen,43.6782412,-79.3475826
Minami,japanese,43.6466815,-79.3885456
Ristorante La Sala,,43.6697246,-79.3005948
Nganda,african,43.6681849,-79.3408768
Mimi Vietnamese Restaurant,vietnamese,43.6663285,-79.3491043
Saigon Pai,vietnamese,43.6658163,-79.3514819
Wild Oregano,mediterranean,43.6704532,-79.2985851
Apkujung,korean,43.7957638,-79.4192291
Roses New York,persian;american,43.7958042,-79.419245
Tiflisi,georgian,43.6698095,-79.3015937
Haidilao Hot Pot,chinese;hotpot,43.8087474,-79.2683143
Magic Noodle,,43.8084511,-79.2694576
7 Numbers,italian,43.6770398,-79.3538515
Stacked,,43.6775951,-79.3509253
Papyrus,egyptian,43.6771517,-79.3532718
Kababi,persian,43.6771592,-79.3532103
Chiang Mai,thai,43.677194,-79.3529607
Dumpling House,chinese,43.6656446,-79.3511342
Batifole,french,43.6667318,-79.3473197
Bep Viet,vietnamese,43.6666837,-79.3475561
Pho House,vietnamese,43.6656795,-79.3509631
Koh Samiji,thai,43.6780283,-79.3486512
Kervan Kebab,turkish,43.6783431,-79.3486551
Casa Manila,filipino,43.6783144,-79.3488079
The Friendly Greek,greek,43.6782426,-79.3491266
Christina’s,seafood,43.6782296,-79.3491664
Sarang Kitchen,korean,43.6605607,-79.4325868
Piano Piano,,43.6490402,-79.3746567
Shiba Poke,,43.6535864,-79.4270715
VELA,,43.6449087,-79.4004146
Myth,,43.6452102,-79.3974239
Chez Paul,,43.645939,-79.4096603
Pho Banh Cuon,vietnamese,43.6658216,-79.3494096
Rumi,,43.6481637,-79.4865068
Gram's Pizza,pizza,43.6650725,-79.4557376
Thay Bar,thai,43.6646911,-79.4151098
King's Vegetarian Food,,43.7867318,-79.2700358
Beacher Cafe,breakfast;burger;sandwich,43.6720316,-79.2912421
Mapo Pocha,korean,43.6640567,-79.4167607
Kimchi Korea House,korean,43.6552266,-79.3854985
Daldongnae,korean,43.8253492,-79.2988888
Vi Vetha Bistro,italian;french,43.6736201,-79.2820822
Oyabong Sushi,japanese,43.6699102,-79.3011891
Leni Poki,,43.6569875,-79.4523819
360 Restaurant,,43.6425825,-79.387064
Avelo,,43.6670287,-79.3862661
Eat Nabati,middle_eastern;african,43.6550434,-79.3998731
Sibel,,43.7349334,-79.4196298
Boutique Food + Health Club,,43.7353098,-79.420279
Lana's Kitchen,,43.6550972,-79.3999327
Il Vegano,italian,43.6479446,-79.4013048
Mavericks Burger Co,,43.6452104,-79.3643126
Viet Chay vegetarian cuisine,asian,43.7314484,-79.4646971
Veggie D'Light,,43.6551282,-79.3997825
Tsujiri,japanese,43.6552632,-79.3854005
Charlotte's Room,,43.6474543,-79.3865033
Gallery Sushi,sushi,43.6543473,-79.3907732
Bikkuri Japanese Resturaunt,japanese,43.6705661,-79.2969415
Hajime Japanese Resturaunt,,43.6707286,-79.2962387
Thai House Cusine,thai,43.6707584,-79.2960957
Chowrasta Indian Cuisine,indian,43.7078989,-79.3933781
Matagali Indian & Thai Cuisine,thai;indian,43.657049,-79.3849075
Star King,vietnamese;thai,43.70848,-79.3989449
Unplugged Cafe & Bar,indian;american;coffee_shop;ice_cream,43.7855988,-79.2756945
KIN KIN O-Ka-Ne by Oo-Kinza Fish House,japanese;sushi,43.8144224,-79.3239898
JC’s Banquet & Grill House,,43.7729563,-79.2492627
The Friendly Thai,,43.6632773,-79.330626
Daddy's Chicken,chicken,43.6636812,-79.3287872
Dosa Boyz / Hakka Boyz,indian;asian,43.7741525,-79.2825641
Yummy House,chinese,43.6695321,-79.3358918
AFURI Ramen + Dumpling,ramen,43.662693,-79.3795104
Spago Grill,,43.7010837,-79.5108667
Maru,japanese,43.6647573,-79.3241669
Tulia Osteria,pizza,43.6647316,-79.3242622
Martins Churrasqueira,,43.6665012,-79.4978622
Rikki Tikki,indian,43.6540095,-79.4015818
Sugar Kane,caribbean,43.6790056,-79.3437068
Katsu Sushi,sushi,43.6786703,-79.3470177
Padaria,brazilian,43.7024498,-79.3970084
Aloette Go,burger,43.7087951,-79.3991026
The Kingston House Resturaunt,,43.6792115,-79.2972313
Island Blend,caribbean,43.6694807,-79.3031201
Shawarma Day,middle_eastern,43.6663783,-79.3169249
Jaclyn's,caribbean,43.6661138,-79.3180081
The Green Room,,43.6568234,-79.4067934
Tahini's,mediterranean,43.6581205,-79.3979162
Self Ramen Bar,ramen,43.6581303,-79.3978562
Terima,,43.6581422,-79.397797
Upper Beaches Bourbon House,,43.7184734,-79.2507369
Town Wings,,43.6512603,-79.4403198
Oishiii Sweets Cafe,japanese;dessert,43.8180525,-79.3053358
Nichiban Sushi 4 U,sushi,43.8230575,-79.306079
Pizza Studio,pizza,43.769471,-79.5019642
Amma Mono House,,43.6737502,-79.2828212
Lekker,waffle,43.6546813,-79.40193
Lapinou,,43.6443074,-79.4015363
Koji Sushi,sushi,43.6651672,-79.4527344
Távora,,43.674645,-79.4566077
Uno Bistro,ukrainian,43.6186001,-79.509709
Anh Dao,vietnamese,43.656299,-79.3990883
Thai Jalearn,thai,43.6487869,-79.5284428
Resurrection Restaurant + Bar,,43.6449584,-79.5326599
Ikki Sushi,sushi,43.7053509,-79.2512405
La Scogliera,italian,43.7058411,-79.2509972
Miznon,,43.6709531,-79.3897541
Cate Landwer,,43.6703125,-79.385498
LOCAL Public Eatery Adelaide,,43.6489452,-79.3843777
Wow! Wing House,,43.7986377,-79.1964289
DoughBox Wood Fired Pizza & Pasta,pizza,43.6981302,-79.4396304
Istanbul Kebab House,kebab,43.7074922,-79.3956227
Sansotei Ramen,japanese,43.703705,-79.3975067
Good Eats BY Juian,sandwich,43.7554603,-79.1972415
Tai chi Restaurant chinese food,,43.7595674,-79.1982871
Twice As Nice,,43.759606,-79.1983872
Twice As Nice,,43.7590004,-79.1981768
Pür & Simple,breakfast,43.6166159,-79.5556962
Chotto Matte,sushi,43.6462045,-79.3789908
Sushi Rock,sushi,43.7105769,-79.398999
Royal Karahi,,43.6557643,-79.3643236
Kish's Roti & Doubles,caribbean,43.6556918,-79.3646449
Meet Sushi and Boil,sushi,43.7753295,-79.1789609
Union Chicken,,43.6446613,-79.3812289
Dolsoe Korean,korean,43.7790528,-79.4749313
Bosphorus,turkish,43.7734613,-79.4920327
Isaan Der,thai,43.6545098,-79.3983727
Salus,,43.6525951,-79.3789957
Defina Wood Fired,pizza,43.6658061,-79.4501665
Maestro's,pizza,43.6604908,-79.3419302
Pho Com Tam 168 Vietnamese Cuisines,vietnamese,43.669034,-79.3378737
Lobster Burger Bar,seafood,43.6473853,-79.3867874
Pho Le Vietnamese Noodle Soup,vietnamese,43.6557917,-79.3939352
Taisho Japanese Grill,,43.6559377,-79.3932614
Japanese Yakitori Izakaya,japanese,43.655993,-79.3929895
Yuugi Izakaya,,43.6558074,-79.3938779
Yunnan Noodle Shack,,43.6558204,-79.3936923
Koh Lipe,thai,43.6558832,-79.39345
Smoque N' Bones,,43.6560934,-79.3936856
Mr. Fish,chinese,43.6547058,-79.3984476
Dahu Hotpot,,43.655823,-79.3938215
Charidise,,43.6559403,-79.3932376
Mexhico,,43.6561438,-79.3933877
Larb Muang,,43.6558089,-79.3937465
Petite Lune,,43.6559259,-79.3933034
August 8 Dim Sum + Sushi,,43.6546719,-79.3984148
Street Grill Bar,barbecue;chinese,43.6562156,-79.3931138
Kung Fu Duck,,43.6570647,-79.3994136
Chaoshan Beef Hotpot,,43.6545402,-79.3989617
Kokumi Mini Hot Pot,,43.6568101,-79.3993072
Ramen Station,,43.6556112,-79.3988179
Tastys Chicken & Donuts,,43.6555283,-79.398782
Spice & Aroma,,43.6563836,-79.3991271
Yin Ji Chang Fen,,43.6557571,-79.398862
Daldongnae,korean,43.6554785,-79.3987597
Xiaobiandan,,43.6562598,-79.3996529
New Sky Restaurant,,43.65541,-79.3987397
ChiChop x norigo,,43.6574236,-79.4001167
Tasty's Restaurant & Catering,caribbean,43.656727,-79.3994901
Chongqing Chicken Hot Pot,,43.6562521,-79.3996475
Korean Grillhouse,,43.6572993,-79.3995128
A1 Stone Pot,,43.656865,-79.399313
Crimson Teas,,43.6569614,-79.3993518
The Portuguese Chicken Guys,portuguese,43.6264943,-79.5407005
Gyubee Japanese Grill,japanese,43.8157799,-79.2931245
Gushi Japanese Street Food,sushi;japanese,43.66243,-79.3673577
Forest Hill Farmhouse,salad,43.6400686,-79.4409042
Huevos Gourmet,,43.6229733,-79.4788722
The Donlands Diner,,43.6943934,-79.342747
Beach Hill Smokehouse Texas BBQ,barbecue,43.6515712,-79.4750007
Sunset Grill,american,43.6702658,-79.2996161
The Lair,,43.6574941,-79.365382
Mercato,,43.6437771,-79.4294312
Halibut House,fish_and_chips,43.7685027,-79.1897573
Bistro Grande,,43.7002798,-79.4296339
Madame Saigon,vietnamese,43.7013145,-79.3974035
Sushi & Sushi,sushi,43.7038126,-79.4141621
Latin World,mexican,43.6958819,-79.4500979
Mira Mira Diner,,43.669563,-79.3016951
Sandy's Resturaunt,,43.6856361,-79.3122955
Wake’a Boo Breakfast Bar,,43.650476,-79.4786529
Zante,,43.681033,-79.3105232
Kinton Ramen,japanese,43.6373997,-79.4246776
Red Wing,,43.7140057,-79.5558194
Chiang Mai Thai Kitchen & Bar,thai,43.6381609,-79.4176827
Canton Kitchen,chinese,43.7979874,-79.2711443
The Gull,,43.669311,-79.3026865
Freshii,salad,43.6704786,-79.2984703
bb.q Chicken,korean;chicken,43.6572813,-79.3836794
Maison T Bistro,french,43.6705026,-79.4264043
Ginger and Onion Cuisine,chinese,43.8261554,-79.2774964
Mashu Mashu,mediterranean,43.6883256,-79.4124203
Wilsetti,pizza,43.6880496,-79.4127113
El Catrin Destileria,mexican,43.6505721,-79.3587031
Gui Gui,korean,43.7874099,-79.417156
Liberty Soho,,43.6384522,-79.4168494
Ricarda's,,43.6485035,-79.3935189
Chainsmoker,barbecue,43.7443221,-79.3015938
Gwalia,indian,43.7753971,-79.2387826
Good Taste Casserole Rice,chinese,43.7707061,-79.4130464
Daldongnae Korean BBQ,korean,43.7707563,-79.4130574
Chick Queen,chicken,43.650285,-79.3887101
Azura,,43.6766305,-79.3573698
ThaiOne Eats,thai,43.6663678,-79.3490474
El Hijo de Tizoc,mexican,43.6668769,-79.3455466
Happy Valley Village,chinese,43.8147617,-79.2926228
Ajisen Ramen Scarborough,ramen,43.8155375,-79.2930632
Hey Noodles (Scarborough),chinese;noodle,43.8147201,-79.2930557
Sudden Summer Cafe,chinese,43.8152628,-79.2928842
Daimaru Shabu Shabu (Scarborough),asian;hotpot,43.8151554,-79.2962473
La Pho Vietnamese Restaurant,asian,43.8151353,-79.2963742
PanPan Noodle Bar,chinese;noodle,43.8150377,-79.2959706
Lucky Ace BBQ,chinese,43.8148503,-79.2967923
One Plus One BBQ,chinese,43.8225938,-79.2987538
Jiangnan Handmade Dim Sum,chinese,43.8223359,-79.2986304
Hunan Style Restaurant,chinese,43.8224994,-79.2987104
AKA-ONI Ramen&Izakaya (Scarborough),japanese,43.8224142,-79.2986682
Deer Garden Signatures Scarborough,chinese,43.8215594,-79.2987052
Gyu Hito Japanese BBQ Restaurant,japanese,43.8219601,-79.2984646
I'm a little hot crab,chinese,43.8216488,-79.2984118
Ho Ban Korean Restaurant,korean,43.8225574,-79.2987387
Beach Hill Smokehouse,barbecue,43.6840857,-79.3005605
Le Baratin,,43.6499538,-79.43507
Dave's Drupatis Roti & Doubles,,43.7838562,-79.2049803
No. 1 Jerk,jamaican,43.7219874,-79.2356796
Wild Wing,chicken,43.7210015,-79.2366333
Double Double Pizza & Chicken,pizza;chicken,43.7211783,-79.2364406
Super Choy,chinese,43.7211089,-79.236518
Sushi Lovers,sushi,43.6885918,-79.4123948
TORA,japanese,43.7245018,-79.455267
Morellina’s,italian,43.6672677,-79.4200009
NBA Courtside Restaurant,,43.6419058,-79.3738838
Bad Egg,korean,43.6534064,-79.3695894
Bao Bao Express,vietnamese,43.6506058,-79.4793035
Simba Grill,,43.6934283,-79.3423873
Captain John Fish & Chips,seafood,43.6933773,-79.3423622
Hakka Garden,,43.7045467,-79.3497467
Mandiafandi,,43.7083135,-79.3426495
Eats Manilla,phillipines,43.653619,-79.390472
Nai Nai,indonesian,43.6535034,-79.3904396
Añejo,,43.6446063,-79.3999922
Vietnoms,,43.7644858,-79.3961714
Shamshiri Restaurant,,43.7644707,-79.3984131
So Hungry,,43.7645414,-79.3959498
Konjiki Ramen,japanese,43.7669663,-79.4120212
99 Bottles,,43.6802053,-79.2887019
Amal (Toronto),lebanese,43.668672,-79.3925218
Sang-Ji Fried Bao,,43.6686266,-79.3856661
Tahini's,middle_eastern,43.6460541,-79.3916671
Abrielle,mediterranean,43.6459446,-79.3920731
Nobu,sushi,43.6455713,-79.3906187
Nutbar,,43.6461436,-79.397934
Maison Selby,,43.671281,-79.3765959
Momo Ghar,,43.6674195,-79.3694431
Annalakshmi,indian,43.6445605,-79.391512
Bhojan Ghar,indian,43.6848955,-79.317204
Blomboon Restaurant & Bar,,43.636994,-79.396459
Asian Legend,,43.6536865,-79.3951286
Tdot Jerk,jamaican,43.6396435,-79.4467521
Sake Sushi,sushi,43.6395183,-79.4467145
Kaka,sushi,43.752396,-79.2623799
Kaka,sushi,43.7523943,-79.2623834
Kaka Restaurant,sushi,43.7523674,-79.2623727
Dotty's,,43.6652949,-79.4540464
Mangiare Italian Family Dining,italian,43.6655107,-79.4639861
Vos Restaurante Argentino Steakhouse,argentinian;steak_house,43.629945,-79.4767377
Pizzamaru,pizza,43.7899166,-79.4184724
Pizzamaru,pizza,43.7625798,-79.4114883
Big Trouble Pizza,pizza;burger,43.6696216,-79.4373402
Parallel,,43.6694178,-79.4385724
Charcoal Kebab House,uyghur,43.6577007,-79.3762372
Delhi Momos,indian;dumplings,43.6571712,-79.3784511
Pizzeria No. 900 Beaches,pizza,43.6698811,-79.3001043
Heal,,43.6694682,-79.3031758
Poke Eats,poke,43.6694433,-79.3032892
Yang's Braised Chicken Rice,chinese,43.6536846,-79.3950193
Souvlaki Emporium,greek,43.6652132,-79.4525095
Thai Lime,thai,43.6651773,-79.4526778
BOOM Breakfast & Co. Junction,,43.6656836,-79.4639359
Hokubu Ramen,ramen,43.6729474,-79.286731
Runway 06,,43.6485942,-79.390683
Maven Toronto,,43.662855,-79.4037461
Ramen Ya,,43.6620487,-79.3982679
Delicious Shawarma & Falafel,shawarma,43.8001158,-79.3069393
Egg Club,,43.6447371,-79.3801583
Gio Rana’s Really Really Nice,italian,43.6633299,-79.3304203
Jardin Noir,,43.7248774,-79.4550484
Konjiki Ramen,ramen,43.7250401,-79.4549183
Pho Day,,43.8101483,-79.269619
iSHQ,,43.7288356,-79.2812412
The Udupi Palace,indian,43.6720077,-79.3224417
Top Silog,filipino,43.7387335,-79.4340572
Mang Jose Filipino Cuisine,filipino,43.730143,-79.4319984
Linh Anh Vietnamese Cuisine,vietnamese,43.8066974,-79.289497
Amelia's Market,sandwich;breakfast;western;canadian;regional;italian;salad;grill;pastry;brunch;tapas;soup;deli;dessert,43.6706719,-79.434614
Annabelle Pasta Bar,italian;cocktails,43.6754445,-79.4232097
Lambretta Pizza,pizza,43.6745465,-79.4316693
Pumpernickel's,,43.6575518,-79.3837832
Punjabi Chaap Corner,indian,43.6575911,-79.3836116
Elm Street Italian Deli,italian,43.6575755,-79.3824743
Flipper's,pancake,43.6574107,-79.3831744
Dil Se Dil Tak,indian,43.6405597,-79.3808024
Mar’aa Yorkville,middle_eastern,43.6691296,-79.3883965
The Backyard Smokehouse,barbecue,43.6750798,-79.406742
Heal,,43.6550617,-79.4180983
UK India Bistro,,43.6550473,-79.4174965
Ficoa,,43.6551986,-79.4133337
Crystal Thani,,43.6552926,-79.4128788
麻小辣砂锅米线,asian,43.6549958,-79.3866485
Churrasco Villa,por;portuguese,43.7084659,-79.3905555
Cowboy’s Grill,,43.7005504,-79.3968591
Jian Bing Club,,43.6569269,-79.3993482
Pearl Yorkville Chinese Cuisine,chinese,43.6687903,-79.3864992
Petit Potato,pizza;coffee_shop;burger;chinese;sandwich;chicken;japanese;american,43.6661615,-79.3874306
chop chop,,43.6519862,-79.407039
ramen RAIJIN,japanese;noodle,43.6651705,-79.3861097
Sushi Umi,japanese,43.6681215,-79.387798
Lao Lao Bar,thai,43.6657509,-79.3856764
Holychoco Toronto,regional,43.6656722,-79.3869246
BOKU (Yonge St.),japanese,43.6639889,-79.3844119
Day’s Kitchen,barbecue,43.8061154,-79.223125
Express Munchies,chinese,43.8063435,-79.223318
DelecTable,filipino,43.8061723,-79.2231737
999 Sushi,sushi,43.806253,-79.2232433
The Owl of Minerva,korean,43.8248571,-79.3006137
Earls,american,43.6688266,-79.3887956
bb.q Chicken,korean;chicken,43.6689962,-79.3860911
Freshii,salad,43.6453458,-79.5227962
Moxie's,bar_and_grill,43.6464501,-79.3845094
Greedy Goose Kitchen + Bar,,43.6428138,-79.4072384
Kachiguda Junction,indian,43.7942757,-79.3297809
Bravo! Peruvian Kitchen,,43.6521945,-79.4721847
Dickey’s Barbecue Pit,barbecue,43.6519232,-79.4734067
Bento Sushi,sushi,43.6478624,-79.3843283
Coffee Oysters Champagne,,43.6473435,-79.3868064
Solkatt Cafe,,43.6587837,-79.4426991
Aviv Immigrant Kitchen,,43.6808041,-79.4291635
Fresh Kitchen + Juice Bar,,43.612554,-79.5552365
Hungry Jack's Italian Mediterranean Grill,italian;mediterranean,43.6808345,-79.430658
Aisle 3,vietnamese,43.6615893,-79.4552596
Dynamite Sushi,sushi,43.6553377,-79.4563859
9 Mile Jamaican and International Cuisine,caribbean;jamaican,43.6583107,-79.4435124
Amano,,43.6450031,-79.3813259
Pho Lady,vietnamese,43.7123485,-79.3644985
Lajawab,indian,43.7189117,-79.5711119
Food Mantra,,43.5940837,-79.5343325
Miku,,43.6410914,-79.3776578
Joe Bird,,43.6382698,-79.3804826
Lucia,,43.6649519,-79.4542675
Rchive Fashion Club,,43.6433558,-79.4061667
Maxime’s,,43.643992,-79.3996992
Earls,american,43.6442366,-79.4004679
Greta,,43.6446657,-79.3995122
Grad Room,,43.6633365,-79.4019146
Thindi,indian,43.6382238,-79.4172142
Hello Nori,,43.6470347,-79.3833909
Chotto,,43.6463825,-79.3784208
Black + Blue,,43.6483114,-79.3828528
Litsea Cuisine,,43.8056389,-79.3375117
Phoenix Club,,43.8070509,-79.3387215
Pepper Meets Pepper Hunan Cuisine,chinese,43.8068401,-79.3386459
Sunset Grill,american,43.7418711,-79.3133117
Pho Toronto,vietnamese,43.7424371,-79.3141823
KOS restaurant,,43.6548933,-79.403427
Casa Mezcal,mexican,43.6751488,-79.40633
Piano Piano,,43.6610188,-79.4305899
Playa Cabana,mexican,43.6760145,-79.4012093
Joey,regional,43.6491722,-79.3788536
Convivium Dining Community,,43.6496249,-79.3779095
Pho 90,vietnamese;noodle,43.6741882,-79.4696774
Chuck’s Roadhouse,,43.6500194,-79.604181
Taste of Greek,greek,43.715833,-79.2621928
Dilli Walla Street,indian,43.7158958,-79.2619553
Panda Wok,chinese,43.7076899,-79.2688835
Adi Biryani & Kabab House,indian,43.7076194,-79.2692642
Zam Zam Tikka & Kabab House,indian,43.7065518,-79.2688089
Graceful Vegetarian,asian;chinese,43.8236308,-79.3024549
Aifam Sandwich Shop,italian;sandwich,43.6629155,-79.4034449
Premium Sweets,dessert,43.6959277,-79.2760587
Chopstick Foods,chinese,43.6932573,-79.2799624
Adda,bangladeshi,43.693889,-79.2774804
Pitha Ghor & Sweets,bangladeshi,43.6939425,-79.2775008
Sedaghat Restaurant,persian,43.6940271,-79.277518
Lobongo,indian,43.6943692,-79.2753783
Madinah,bangladeshi,43.6944161,-79.2751693
BD Fusion,,43.6945045,-79.274727
The Spicy Grill,bangladeshi,43.692557,-79.2830818
Food Monks,,43.6923561,-79.2824977
Ghoroaa Danforth,bangladeshi,43.6906952,-79.2913941
Makkah Restaurant,indian;pakistani,43.6905853,-79.291844
Subhan Halal Pizza and Chicken,pizza;chicken,43.6905021,-79.2921212
Little Bangladesh Restaurant,bangladeshi,43.6903046,-79.2930644
Danforth Roti Shop,caribbean,43.6897734,-79.2954374
Bistro Camino,,43.689313,-79.2974612
Kera Restaurant,ethiopian,43.6888063,-79.2974597
Grillies,mexican,43.688707,-79.3001131
Sushi on Gerrand,sushi,43.6707383,-79.3281173
Golden Pizza,pizza,43.6873333,-79.3063346
Fusion Kitchen,indian,43.6872514,-79.3067098
La Familigia on the Danforth,pizza,43.687136,-79.3072617
Gyoko Sushi,sushi,43.6858704,-79.3112086
Hirut,ethiopian,43.6856213,-79.3138733
Thairoom,Thai and Malaysian,43.6854405,-79.3131471
Cumin,indian,43.6846453,-79.3183938
Happy Day's,,43.6845917,-79.3186685
Trecce,italian,43.6845415,-79.3188893
Denny's,american,43.6674354,-79.4893426
Tan Dinh Quan Vietnamese Cuisine,vietnamese,43.6694282,-79.4826378
National,,43.6422551,-79.3966757
416 Snack Bar,,43.6475303,-79.4039333
Yanagi Sushi,sushi,43.683246,-79.3249178
Pomarosa Coffee Shop & Kitchen,venezuelan,43.6831364,-79.3254168
Aviator,,43.6829517,-79.3262947
La Vegan,ethiopian,43.6829125,-79.3264329
El Sol Mexican Restaurant,mexican,43.682901,-79.326516
Taverne Tamblyn,,43.6827871,-79.3270961
Abugida Restaurant & Lounge,ethiopian;eritrean,43.6823232,-79.3276033
Sora Restaurant,ethiopian;eritrean,43.6822454,-79.3279613
Rendez-Vous,ethiopian,43.6826678,-79.3275727
Wazema,ethiopian,43.6824574,-79.3285665
Borrel,dutch,43.6820226,-79.3290882
Maple Cafe,breakfast,43.6823875,-79.3297582
Fasika Restaurant & Bar,ethiopian,43.6818797,-79.3297294
Dahlak Lounge,,43.6820811,-79.3303549
Avenue Diner,diner,43.6747492,-79.3970976
Sala Thai Kitchen,thai,43.6819912,-79.3307456
Blue Nile Ethiopian Cuisine,ethiopian,43.6819773,-79.330817
Asmera Bar & Restaurant,ethiopian,43.6818716,-79.3312968
Lalibela Cuisine,ethiopian,43.6817694,-79.3317525
Tommy's Grill & Bar,,43.6817239,-79.3319521
Kabsa Mandi Restaurant,middle_eastern,43.6805825,-79.3357876
Makkah Restaurant,indian,43.6807215,-79.3366633
Galata,turkish,43.6803649,-79.3384053
Abyssinia,ethiopian,43.6800848,-79.3398234
Danforth Dragon Restaurant,hakka,43.6797742,-79.3397889
Sammi,chinese,43.6800232,-79.3401466
Pizza Hut,pizza,43.6799704,-79.3404332
Nakayoshi,japanese,43.6797867,-79.3413808
Trattoria Di Parma,italian,43.6794116,-79.341627
Aji Sai,japanese,43.6793911,-79.3416886
Black Pot Lounge & Restaurant,middle_eastern,43.6797563,-79.3415312
Mission Works,,43.6642276,-79.3264867
Annette Food Market,,43.6625859,-79.4711424
Pizzeria Libretto,pizza,43.6785383,-79.3476344
Yalla Paramount,,43.6782098,-79.3477334
Taki Sushi Japanese Restaurant,japanese,43.6789069,-79.34414
Il Fornello,italian,43.6786855,-79.3469227
Freshii,salad,43.7255712,-79.4025904
Pala 148,italian_pizza;pizza,43.6699241,-79.3934507
Queens Harbour,,43.6387028,-79.3850583
Mocha Mocha,,43.6779098,-79.349362
El Charro,mexican,43.6779272,-79.3492698
Sambal,indonesian,43.6777432,-79.350111
Mezes,greek,43.6779554,-79.3506412
Rahier Patisserie,pastry,43.7057546,-79.3753893
Duff's Famous Wings,wings,43.7060982,-79.3754786
Ramona's Kitchen,,43.7061828,-79.3755092
Fukui Sushi,japanese,43.7062914,-79.3755542
Tahini's,shawarma,43.6515889,-79.3663017
Astoria,kebab,43.6777302,-79.3518006
Rodeo,brazilian,43.6761321,-79.3583928
Shalom,,43.667474,-79.3691109
Butter Chicken Factory,indian,43.6672024,-79.3693732
Falacha Fusion,,43.667419,-79.3694813
Luis Hernandez Restaurant,mexican,43.6669297,-79.3692301
Salt & Tobacco,pizza,43.6653269,-79.3682358
Phosome,vietnamese,43.6646624,-79.368304
Saigon Pai,vietnamese,43.6634348,-79.3678393
Ryus Noodle Bar,ramen;japanese,43.677138,-79.358932
Blondies Pizza,pizza,43.6625709,-79.3670969
Urban Thai,thai,43.6624608,-79.3670654
Hakka Bistro,hakka,43.6616465,-79.3670764
Wehliye Restaurant,somalian,43.6583532,-79.3657195
Wanaag Restaurant,somalian,43.6571528,-79.3652402
Masala Guys,indian,43.6574367,-79.3653495
Captain Cookes Fish & Chips,fish_and_chips,43.6567945,-79.364764
Peking Express,chinese,43.6567259,-79.364735
Habibz Corner,indian,43.6557977,-79.3640815
King Solomon and Queen of Sheba,ethiopian,43.6558418,-79.3639126
Princess Kitchen,african,43.6558535,-79.3638467
Wood 900 Grill + Bar,pizza,43.6558978,-79.3636762
Kinton Ramen,ramen,43.6518243,-79.3651564
Freshii,salad,43.6603044,-79.3428218
OJA,korean,43.6496661,-79.3767054
Lee Restaurant,asian,43.6471089,-79.3994113
Casa 73,italian,43.6416949,-79.3781058
Don Alfonso 1890,italian,43.6408536,-79.3752565
The Cannery,,43.6901725,-79.5835832
Saigon Express Pho,vietnamese,43.7856616,-79.3521109
BIWON Korean Restaurant,korean,43.6530677,-79.3968432
Kabob Guys,,43.7833956,-79.2864383
Chungchun Rice Dog Scarborough,,43.8048966,-79.2882431
Zen Kyoto,japanese,43.6511782,-79.3799331
Pumpernickel’s,,43.6509682,-79.3798503
Flamin' Frost,wings,43.7885865,-79.3309615
Rosemary & Thyme,brunch;breakfast;greek,43.7881989,-79.3304224
Paramount Fine Foods,middle_eastern;shawarma,43.7756244,-79.3250737
Buk Chang Dong Soon Tofu,korean,43.7755886,-79.3252357
Chuck E. Cheese,pizza,43.7754782,-79.3257772
Aladdin Shawarma House,shawarma;middle_eastern,43.7756032,-79.3308728
Viva Shawarma,shawarma,43.7858898,-79.3518949
India Waale,indian,43.7855562,-79.3528433
Halibut House,fish_and_chips,43.7739135,-79.3229578
Konak Turkish Cuisine,turkish,43.771739,-79.3206428
Smoke 'n' Roti,indian,43.7442232,-79.4867845
3A Noodle,noodle;chinese,43.8076145,-79.3563499
Tagpuan Toronto,filipino,43.7884364,-79.330591
Dilli Wala,indian,43.7935163,-79.3244891
Lahmajoun Factory,,43.7934188,-79.3245675
Shanghai Frozen Dim Sum,chinese,43.791734,-79.312867
Happy Lamb Hot Pot,mongolian;hotpot,43.7915519,-79.3127962
Jikoni Grill,,43.7912706,-79.3128112
Magic Noodle,noodle,43.814456,-79.2943595
Midori Ramen,ramen,43.8147579,-79.2929084
Nantha,indian,43.7981065,-79.3182258
Fisherman Lobster King,seafood;chinese,43.7984485,-79.3182526
Swiss Chalet,chicken,43.768136,-79.1903646
Scotty Bons Caribbean Grill,,43.7714662,-79.1866649
Noodle Delight,noodle,43.7725454,-79.3207101
WooJoo Bunsik,korean,43.6663457,-79.4046874
The Salad House,mediterranean;salad,43.6694383,-79.3857554
East End Vine,,43.6670594,-79.3446669
Tender Shawarma & Grill,shawarma,43.7619239,-79.4901087
Kiyomio,japanese,43.6600778,-79.3781202
Crying Tiger,thai,43.6600618,-79.3782148
Mattachioni,italian;sandwich,43.6648627,-79.4548976
The New Buffallo Restaurant,,43.6548376,-79.3685234
Dejavu,,43.6558548,-79.3638244
L&P Village Green Jamaican Restaurant,jamaican,43.7674399,-79.4697966
Kothur Indian Cuisine,indian,43.6679521,-79.3856636
Xihe Peking Duck,chinese,43.6679268,-79.3856577
Completo,,43.6626303,-79.33401
Sanuki Udon,japanese,43.6615915,-79.3814392
White Lily Dinner,,43.6586847,-79.3511967
Royal Baithak,indian;burger;pizza;kebab,43.6591644,-79.3479361
Est,french,43.6589426,-79.3489914
Kibo Sushi,,43.6585225,-79.3598038
Lucie,,43.6496862,-79.3783328
Dhillon's Karahi,indian,43.6969155,-79.3712491
Bao House,dim_sum,43.6654117,-79.3849211
Hi Hoi Tod,thai,43.6631478,-79.3840134
Madras Curry,indian,43.6699464,-79.382868
Fish Buy Buy,chinese,43.6647531,-79.3849369
Le Lert,thai,43.6613003,-79.3813691
Impact Kitchen,,43.6561907,-79.356996
The Orange Snail,caribbean,43.7727177,-79.5086193
Aloette,,43.6440928,-79.3777282
Koz Kapadokya,turkish,43.7630606,-79.4914388
Souv Like,,43.6794967,-79.3452089
Ehwa Restaurant,korean,43.6678376,-79.3849346
Wow! Shushi Bar,,43.6584938,-79.3853978
Cafe 85°,,43.6582445,-79.3845251
Thai on Yonge,thai,43.6585675,-79.3820705
Mo Gou Yan Hand Filled Noodle,noodle;chinese,43.6556765,-79.3845183
J-San Sushi Bar,sushi,43.6563564,-79.3745032
Kinton Ramen,ramen,43.7267203,-79.3419043
Leslie's Sandwhich Room,,43.661242,-79.3386927
Goods & Provisions,,43.6622766,-79.3351765
B & B Fish and Chips,,43.6622324,-79.3353934
Ricky + Oliver,,43.6613004,-79.3395637
Pizza Hut,pizza,43.7433564,-79.4865733
Wynona,,43.6670755,-79.3446015
Descendant,pizza,43.6628886,-79.3323886
Sarvi Indian Cuisine,indian,43.6665049,-79.3746097
Tinga Kim Taqueria,mexican,43.6630059,-79.3318804
YAYA Greek Bistro,greek,43.663033,-79.3317352
Jules Bistro,french,43.6637548,-79.3285254
Daymi,lebanese,43.6645577,-79.3250412
Tatsuro's,,43.6645766,-79.3249687
Eulalie's Corner Store,,43.6725842,-79.3217927
Alpha’s Shawarma,arab;kebab;lebanese;mediterranean,43.6548524,-79.3800971
Good Bro Catering,chinese,43.653383,-79.3965231
More than Noodles Authentic Chinese Food & B.B.Q.,chinese,43.6532005,-79.3962466
Rooster Coffee House,coffee,43.6696006,-79.3800032
Seoul Food,korean,43.6720209,-79.376892
SaiGon Shop,,43.7421881,-79.5143539
Yu Seafood,,43.7249789,-79.4551277
Mandy's,,43.7162578,-79.4005778
Ruby’s Mediterranean Cuisine,middle_eastern,43.7475157,-79.2870894
Dimmi Bar & Trattoria,italian,43.6700367,-79.3926967
Chauhan’s,,43.7953321,-79.3197059
Harihar Thal,,43.7414866,-79.5894742
Mirage Mediterranean Restaurant,mediterranean,43.7064478,-79.37561
Tiarré's Brunch N Cakes,breakfast,43.7063405,-79.375574
My Roti Place/My Dosa Place,indian,43.7055658,-79.3752844
Pho Anh Vu,,43.7670473,-79.4120099
My Sushi,,43.7764217,-79.4150242
Misato Sushi,,43.7774666,-79.4152079
Pho Dac Biet,,43.7729104,-79.4134971
Pizzeria Libretto,pizza,43.7660935,-79.4124181
Mr. Greek,greek,43.7641574,-79.4119887
Ehwa,korean,43.763004,-79.4115632
Bairradino,portuguese,43.6625872,-79.4449202
Maha's Egyptian Brunch,,43.671695,-79.328483
Kinton Ramen,ramen,43.7708757,-79.2783169
Yakiniku Legend,,43.651503,-79.3900565
Taco Fuego,mexican,43.691673,-79.4389168
Wings N Dip,chicken,43.6804034,-79.4308849
New Hong Fatt BBQ Restaurant,chinese,43.6532539,-79.3959266
Jakylynne's Catering and Take-out,filipino,43.7834449,-79.2862178
The Thamel Express,,43.7682694,-79.2677957
Lin Garden Restaurant,,43.7758286,-79.317855
Daldongnae,korean,43.7624682,-79.4114639
Grilltime,,43.7047107,-79.3614388
La Casetta,,43.7034035,-79.3634821
House of Gourmet,chinese,43.6532469,-79.3972222
Pinkeryon's Snack Bar,,43.6689798,-79.3372595
Pepper's Food & Drink,,43.6621587,-79.4446523
Lakay Kusina,filipino,43.7592356,-79.310989
Oruma Multicuisine Bistro,,43.7592504,-79.3109272
Express Pizza,pizza,43.7592849,-79.3107851
Cosmic Pizza & Donair,pizza,43.7587882,-79.3096596
Malone's Tavern,,43.7588058,-79.3095986
Ruby's Mediterranean Cuisine,mediterranean,43.7233642,-79.2992929
MexiTaco Cantina,,43.7626866,-79.290856
Rosa's Pasta Express,pasta;pizza,43.781993,-79.1724146
Hung Food,chinese,43.7870991,-79.2740074
Federick Restaurant,,43.7749377,-79.2409205
Island Spice  Flava,caribbean,43.7869257,-79.2583637
Fuego's Halal Kitchen,,43.8036462,-79.1993054
General Public,british;new_canadian;cocktails,43.6695655,-79.4378195
Firehouse Subs,sandwich,43.8353684,-79.2552204
El Chino Antojitos Bar,mexican,43.6583633,-79.4413172
Calabar Grill,,43.6873739,-79.4909441
Kim’s Noodle,,43.7071182,-79.397394
CU Tteobokki,korean,43.7757953,-79.4142575
House of China Restaurant,chinese,43.7309468,-79.2751605
Timeout,,43.7316337,-79.2681774
Biryani Bar,,43.7834474,-79.2861809
Chengdu Street Food,chinese,43.6534817,-79.3948109
Mad Radish,,43.7101342,-79.3628903
Casa Tabasco,,43.6654604,-79.4854018
Xola,mexican,43.6726533,-79.288179
G-Express,,43.6471638,-79.404796
Pho Vietnamese Cuisine,vietnamese,43.7836111,-79.2880545
Evolving Space,,43.7299145,-79.2800501
Chako,,43.723574,-79.2905476
Titans Fine Greek Grill,,43.7258416,-79.2864743
Tandoori Haven Indian Cuisine,indian,43.7380417,-79.5661673
The Lime Viet & Thai Cuisine,vietnamese,43.6150914,-79.5246035
Kebabs & More Authentically Indian,indian,43.7358786,-79.5632323
6ixty Wings,,43.7353059,-79.5590795
Pizza Hut,pizza,43.7575262,-79.3116138
Bitondo's Pizzeria,pizza;sandwich;italian,43.6541209,-79.4132943
Ché Peru Restaurant,,43.7010637,-79.4259516
Aura Dessert Cafe,,43.7010331,-79.4260925
Mexology Bistro & Bar,mexican,43.6960977,-79.449009
Café de Churros,,43.6960492,-79.4492672
Veracruz Mexican Food,mexican,43.6960524,-79.4491901
Taste of Manila Cuisine,,43.6962056,-79.4485121
Souperlicious,,43.6973785,-79.4430599
La Bochinche,,43.6972688,-79.4434612
Delicious Jamaican Cuisine & Coffee,,43.6974972,-79.4424191
Bienvenido A Casa,,43.6975881,-79.4419783
Massawa Restaurant,,43.6972215,-79.4438055
Culture Café,,43.6977458,-79.4412953
Region,,43.6604004,-79.5117203
One Stop Waffle Shop,,43.6656268,-79.4745869
Mr. Puff’s Dessert Bar,,43.6740581,-79.4710592
Chien Tam,asian;vegan,43.6652965,-79.4662833
Nodo,,43.6653392,-79.4656016
Tino’s,,43.6655835,-79.4689896
Kanto by Tita Flips,,43.6655838,-79.4690536
Inside Lagos Kitchen,african,43.7644156,-79.4897057
Mardin Restaurant,middle_eastern,43.7644392,-79.4892878
Stacked,,43.7139375,-79.5559981
Madras Marina,,43.7139621,-79.55586
Craft Smokehouse,,43.7104713,-79.3988472
Benny’s Barbeque,,43.7104749,-79.3988359
Moru Japanese Katsu,japanese,43.7071809,-79.3980429
Caribbean Bistro,,43.7085171,-79.3989618
Que Burria! Taqueria,mexican,43.7084889,-79.3989489
Cong Caphe,,43.7085916,-79.3989597
Spotato,,43.7115486,-79.3991962
Sushi Gen Japanese Restaurant,sushi,43.7142871,-79.4001571
Roberto’s Ristorante,,43.7151734,-79.4004059
Bestung M,,43.7152181,-79.4004059
The Captain’s Boil,,43.7158141,-79.4000785
Himalayan Momo House,,43.7158109,-79.4000245
Pizza Geo,pizza,43.6895634,-79.3547146
Denny's,american,43.7621801,-79.4091468
Jokbal Night Market Korean Restaurant,korean,43.7617399,-79.4088663
Nome Izakaya,japanese,43.7625264,-79.4114616
KRAY,korean,43.7625974,-79.4114656
Kajiken,japanese,43.7625803,-79.4114823
DENJ,,43.762637,-79.41148
Modu Three Brothers,,43.762849,-79.4115315
Han Ba Tang,korean,43.762902,-79.4115445
SOUPER Hot Pot & Tea,chinese,43.7638664,-79.4112952
Sushi Moto,japanese,43.763991,-79.4113313
Grillies,,43.7641453,-79.4113686
Nene Chicken,korean,43.7636412,-79.4112536
Nakwon Kisa,korean,43.7637623,-79.411284
Sun Chinese Cuisine,chinese,43.7644826,-79.4102578
3rd Mom Spicy Hot Pot,chinese,43.7645075,-79.4100991
Gimbap Shop,chinese;korean,43.764354,-79.4107829
hay sushi,japanese,43.7644067,-79.4105647
Jatujak Thai Restaurant,thai,43.8318572,-79.2666697
Z&Z European Grill & Deli,,43.6872927,-79.3554656
Tastee,,43.756677,-79.5256906
Yungshang Rice Noodles,chinese,43.7725664,-79.4133989
Heartbreak Chef,,43.6548823,-79.4005425
Tako Yaki 6ix,japanese,43.6550285,-79.3997649
Taco Loco,mexican,43.6550508,-79.3996692
Veggie D'Light,,43.6550436,-79.3997204
Tov Li Pizza & Falafel,,43.7294192,-79.4318774
Biryani & Barbeque,,43.7315337,-79.4040821
6 Cloud,,43.7294333,-79.4035343
Kristapson’s,,43.7296997,-79.4036226
Chophop + Pantry,,43.7284074,-79.4032916
Shiroshi Japanese Sushi,,43.7321329,-79.4042593
Mr. Coco,,43.7321049,-79.4042554
Coco Spoon,,43.6456108,-79.5219993
Sukho Thai,thai,43.6534742,-79.3557159
Earls,american,43.7265386,-79.4533659
Pizzeria Badiali,pizza,43.6637707,-79.4117587
Southern Aroma On The GO,asian,43.8078799,-79.2342776
Mineral,,43.6777662,-79.3895635
Il Burratino,pizza,43.6653994,-79.4731777
Yue Lai Buffet,chinese,43.65317,-79.39758
Magical Taste of China,chinese,43.6532967,-79.3969244
Zhang Liang Spicy Hotpot,chinese,43.6532732,-79.3971002
Matsutei Sukiyaki,japanese,43.6535394,-79.3957183
The Islands Caribbean Cookshop,caribbean,43.6380387,-79.4182251
Sundays Pasta Lab,italian;pasta,43.6379826,-79.4185125
Aloette,american,43.6379988,-79.4184244
Xe Kem Vietnamese Sweets House,vietnamese,43.7513632,-79.5435958
Moe'z Cafe,,43.7513357,-79.5437193
Kilimanjaro Restaurant & Lounge,,43.7512572,-79.5484588
Phoenix Restaurant,,43.6520394,-79.4343724
El Mitote By Sinaloa Factory,mexican,43.6524169,-79.4336859
Leeko Bistro Korean Food,korean,43.6588742,-79.4427312
Tikka Lounge,,43.7427378,-79.5889685
Shaad,asian;indian,43.689774,-79.2911455
Hawa Beirut Restaurant & Lounge,lebanese,43.6528139,-79.3665794
Good Fork,,43.6498595,-79.4334626
Floret,,43.649832,-79.4373884
Pasta Forever,,43.6498274,-79.4378159
Pho Phuong Fine Vietnamese Cuisine,vietnamese,43.6496934,-79.4350222
Chat Bar,,43.7730113,-79.4140693
The Poke Box,,43.7732428,-79.4141122
Lee Yakiniku,,43.7733847,-79.4141992
La Ciel Fine Dine,,43.7345175,-79.6042371
Freshii,salad,43.7305089,-79.6000837
Hakka Town,,43.7149684,-79.5938706
The Original Rupatis Resto & Bar,,43.7362514,-79.6052981
Royal Paan,,43.7354849,-79.605435
Mr. Khaman,indian,43.7431541,-79.6059988
Eji's Kitchen,,43.7345111,-79.6058781
Taqueria El Tapatio,mexican,43.6800023,-79.3386826
Fuego's,,43.6804808,-79.3377785
Zobel Ethiopian Restaurant,,43.6814642,-79.3332142
Adi Bikrampur,bangladeshi,43.6904875,-79.292177
Kabaria,middle_eastern,43.6909743,-79.2900051
Dhoom,indian,43.6775344,-79.3511622
Lumi Shawarma Bar / Satori Sandwich Bar,shawarma;sandwich,43.6777236,-79.3502358
Elizabeth Bar and Restaurant,ethiopian;eritrean,43.6823427,-79.3275104
Mezes,greek,43.6780407,-79.3502127
Zam Zam Lahori Kitchen,pakistani,43.6797929,-79.3413057
Sarang Kitchen,korean,43.6796309,-79.3421419
Fushun Stone Pot,chinese,43.6532628,-79.3971505
Hey Noodles,chinese,43.6532962,-79.3969727
Good Brothers BBQ,chinese,43.65332,-79.3968369
Qing Shu Hot Pot,chinese,43.6535256,-79.3957921
Mix2 Grill & Hot Pot,chinese,43.653549,-79.3956692
Four Season Cafe & Bistro,chinese,43.6535716,-79.3955419
Fu-Panda Fast Hot Pot,chinese,43.6536013,-79.3953997
Ka Chi,korean,43.653677,-79.3950596
Grill Gate,,43.7642029,-79.4113669
Viaggio,,43.6499795,-79.4390201
Mike's,burger;mexican,43.6223667,-79.5216199
Chubby's Jamaican Kitchen,jamaican,43.6453116,-79.400651
Mealtor's Jamaican Fusion Cuisine,caribbean,43.7349704,-79.5589609
Mi Lou,,43.6494048,-79.427914
Stefano’s,,43.6493163,-79.4245317
Juicy Dumpling,,43.6526591,-79.3986335
XTP,,43.6502036,-79.4169588
Eno-Teca Sociale,,43.6495801,-79.4256645
fifteen twelve,,43.6497936,-79.4325055
Slow South Pizza,pizza,43.6499421,-79.4347331
Hong Kong Bistro Cafe,chinese;hong_kong,43.6533354,-79.3968147
Good Brother All-Day Breakfast,breakfast,43.6532854,-79.3969689
Xiaojungan Hotpot,,43.6535596,-79.3956687
Kim Vietnamese Restaurant,vietnamese,43.6527498,-79.3993722
Bánh mì Ba Le 2,vietnamese;sandwich,43.6527974,-79.3991429
KL Kitchen Seafood Cuisine,seafood;chinese,43.6528187,-79.3990758
Lisboa à Noite,portuguese,43.651844,-79.40878
Patchmon’s Thai Desserts,thai,43.6543029,-79.3908807
E. L. Ruddy,,43.6494018,-79.4277454
Pos Bueno Mexican Restaurant,mexican,43.6873567,-79.4901079
La Carnita,,43.7076587,-79.3945223
Soos,malaysian,43.6462689,-79.4197309
Central,american;mexican;sushi,43.6467742,-79.4199133
