price,list_price,sold_price,home_type,home_type_bucket,neighbourhood,latitude,longitude,bedrooms,bedrooms_plus,bathrooms,estimated_area_sqft,Distance_to_School,Distance_to_Hospital,Distance_to_Park,Distance_to_Library,Distance_to_Bank,Distance_to_Pharmacy,Distance_to_Grocery,Distance_to_Subway,Restaurants_Within_1km,Parks_Within_2km,Schools_Within_2km,_id,AREA_ID,AREA_ATTR_ID,PARENT_AREA_ID,AREA_SHORT_CODE,AREA_LONG_CODE,AREA_NAME,AREA_DESC,CLASSIFICATION,CLASSIFICATION_CODE,OBJECTID,Neighbourhood
699000.0,699000.0,699000.0,HOUSE,HOUSE,Weston Pellam Park,43.6780292,-79.4615239,3,0,4,1750.0,224.58,2169.07,272.99,422.23,911.5,425.17,552.74,2442.6,31,54,31,66,2502301,26022816,,91,91,Weston-Pelham Park,Weston-Pelham Park (91),Neighbourhood Improvement Area,NIA,17825777.0,Weston-Pelham Park
698000.0,698000.0,698000.0,HOUSE,HOUSE,Greenwood Coxwell,43.675487,-79.3207773,3,2,3,900.0,257.66,1641.58,29.03,352.64,330.05,272.76,245.81,980.62,32,60,35,91,2502276,26022791,,65,65,Greenwood-Coxwell,Greenwood-Coxwell (65),Not an NIA or Emerging Neighbourhood,,17826177.0,Greenwood-Coxwell
699900.0,699900.0,699900.0,HOUSE,HOUSE,Woodbine-Lumsden,43.6918753,-79.3123233,2,0,2,900.0,394.81,1036.07,224.9,1169.02,683.67,667.93,260.17,607.76,15,58,34,96,2502271,26022786,,60,60,Woodbine-Lumsden,Woodbine-Lumsden (60),Not an NIA or Emerging Neighbourhood,,17826257.0,Woodbine-Lumsden
799000.0,799000.0,799000.0,HOUSE,HOUSE,East End Danforth,43.6794184,-79.3091457,2,1,2,700.0,412.36,1726.24,194.97,896.46,735.66,740.58,797.5,826.64,21,58,35,94,2502273,26022788,,62,62,East End-Danforth,East End-Danforth (62),Not an NIA or Emerging Neighbourhood,,17826225.0,East End-Danforth
799000.0,799000.0,799000.0,HOUSE,HOUSE,East End Danforth,43.6887584,-79.2948281,3,1,2,1300.0,393.72,2423.81,285.78,701.71,165.2,99.11,164.82,545.8,23,57,31,94,2502273,26022788,,62,62,East End-Danforth,East End-Danforth (62),Not an NIA or Emerging Neighbourhood,,17826225.0,East End-Danforth
849900.0,849900.0,849900.0,HOUSE,HOUSE,Corso Italia Davenport,43.6791532,-79.4551967,2,0,2,900.0,589.96,2635.68,454.39,694.23,522.8,650.51,351.24,2441.87,40,53,36,65,2502302,26022817,,92,92,Corso Italia-Davenport,Corso Italia-Davenport (92),Not an NIA or Emerging Neighbourhood,,17825761.0,Corso Italia-Davenport
849000.0,849000.0,849000.0,HOUSE,HOUSE,Casa Loma,43.6820411,-79.4008294,2,1,2,900.0,216.56,1278.35,280.74,997.01,577.81,745.53,517.98,831.32,47,81,50,62,2502305,26022820,,96,96,Casa Loma,Casa Loma (96),Not an NIA or Emerging Neighbourhood,,17825713.0,Casa Loma
834900.0,834900.0,834900.0,HOUSE,HOUSE,Rosedale Moore Park,43.6749678,-79.3703908,3,4,4,900.0,369.92,1457.0,196.44,891.83,611.42,568.25,372.04,195.93,28,77,39,60,2502307,26022822,,98,98,Rosedale-Moore Park,Rosedale-Moore Park (98),Not an NIA or Emerging Neighbourhood,,17825681.0,Rosedale-Moore Park
849000.0,849000.0,849000.0,HOUSE,HOUSE,Weston Pellam Park,43.6682836,-79.4564803,4,0,1,900.0,113.45,2013.89,74.88,622.75,511.83,586.92,705.72,1291.67,49,56,38,66,2502301,26022816,,91,91,Weston-Pelham Park,Weston-Pelham Park (91),Neighbourhood Improvement Area,NIA,17825777.0,Weston-Pelham Park
849000.0,849000.0,849000.0,HOUSE,HOUSE,Wychwood,43.6790552,-79.427866,3,0,2,900.0,279.11,1004.17,277.19,499.4,291.79,295.3,345.95,1207.17,56,73,44,64,2502303,26022818,,94,94,Wychwood,Wychwood (94),Not an NIA or Emerging Neighbourhood,,17825745.0,Wychwood
899900.0,899900.0,899900.0,HOUSE,HOUSE,Weston Pellam Park,43.6808365,-79.4599694,3,1,2,900.0,225.02,2479.36,216.7,729.76,943.46,344.93,687.38,2715.32,26,50,33,66,2502301,26022816,,91,91,Weston-Pelham Park,Weston-Pelham Park (91),Neighbourhood Improvement Area,NIA,17825777.0,Weston-Pelham Park
848888.0,848888.0,848888.0,HOUSE,HOUSE,Rosedale Moore Park,43.7520768,-79.20678629999999,3,4,4,900.0,563.72,3162.61,527.76,807.75,802.67,833.34,776.37,5071.08,2,30,23,23,2502344,26022859,,140,140,Guildwood,Guildwood (140),Not an NIA or Emerging Neighbourhood,,17825089.0,Guildwood
988000.0,988000.0,988000.0,HOUSE,HOUSE,Danforth,43.6859653,-79.3270601,3,0,2,1300.0,317.98,474.19,415.49,519.16,396.37,327.91,417.49,380.76,35,53,38,90,2502277,26022792,,66,66,Danforth,Danforth (66),Not an NIA or Emerging Neighbourhood,,17826161.0,Danforth
985000.0,985000.0,985000.0,HOUSE,HOUSE,Waterfront Communities The Island,43.7084677,-79.5059485,3,1,2,1300.0,387.95,393.92,548.97,1404.5,1278.6,76.84,836.34,5029.68,13,46,24,75,2502292,26022807,,113,113,Weston,Weston (113),Neighbourhood Improvement Area,NIA,17825921.0,Weston
925000.0,925000.0,925000.0,HOUSE,HOUSE,Birchcliffe-Cliffside,43.6432502,-79.3734193,2,1,2,1300.0,554.28,1207.12,74.18,867.1,98.08,465.53,169.47,607.61,131,65,35,40,2502327,26022842,,166,166,St Lawrence-East Bayfront-The Islands,St Lawrence-East Bayfront-The Islands (166),Not an NIA or Emerging Neighbourhood,,17825361.0,St Lawrence-East Bayfront-The Islands
999000.0,999000.0,999000.0,HOUSE,HOUSE,Greenwood Coxwell,43.6758094,-79.3207739,3,1,4,1300.0,255.31,1606.55,63.29,387.18,362.84,303.91,276.6,945.47,35,61,35,91,2502276,26022791,,65,65,Greenwood-Coxwell,Greenwood-Coxwell (65),Not an NIA or Emerging Neighbourhood,,17826177.0,Greenwood-Coxwell
999999.0,999999.0,999999.0,HOUSE,HOUSE,South Parkdale,43.6341767,-79.428347,5,0,2,1726.0,618.27,407.29,309.55,861.4,830.72,539.19,740.68,2955.51,45,53,12,103,2502264,26022779,,85,85,South Parkdale,South Parkdale (85),Neighbourhood Improvement Area,NIA,17826369.0,South Parkdale
949000.0,949000.0,949000.0,HOUSE,HOUSE,East End Danforth,43.6827365,-79.3065292,3,0,2,1300.0,579.17,1682.48,228.14,573.37,576.36,452.31,543.6,638.31,24,61,37,94,2502273,26022788,,62,62,East End-Danforth,East End-Danforth (62),Not an NIA or Emerging Neighbourhood,,17826225.0,East End-Danforth
1000000.0,1000000.0,1000000.0,HOUSE,HOUSE,Danforth,43.6864344,-79.3155577,3,0,2,1300.0,112.08,848.43,248.13,562.82,181.36,254.57,243.86,235.86,24,58,36,90,2502277,26022792,,66,66,Danforth,Danforth (66),Not an NIA or Emerging Neighbourhood,,17826161.0,Danforth
999900.0,999900.0,999900.0,HOUSE,HOUSE,Trinity Bellwoods,43.6489412,-79.4083937,3,0,2,1300.0,98.89,555.59,384.2,424.67,553.77,302.92,572.04,1745.76,287,82,47,106,2502261,26022776,,81,81,Trinity-Bellwoods,Trinity-Bellwoods (81),Not an NIA or Emerging Neighbourhood,,17826417.0,Trinity-Bellwoods
999999.0,999999.0,999999.0,HOUSE,HOUSE,High Park Swansea,43.6472882,-79.4516609,5,0,3,2250.0,305.05,784.15,610.09,328.66,331.64,521.27,304.25,1078.62,35,46,29,101,2502266,26022781,,87,87,High Park-Swansea,High Park-Swansea (87),Not an NIA or Emerging Neighbourhood,,17826337.0,High Park-Swansea
995000.0,995000.0,995000.0,HOUSE,HOUSE,Greenwood Coxwell,43.6733069,-79.3248662,1,1,2,900.0,157.11,1849.7,317.05,246.46,470.07,396.93,300.98,1116.75,24,55,32,91,2502276,26022791,,65,65,Greenwood-Coxwell,Greenwood-Coxwell (65),Not an NIA or Emerging Neighbourhood,,17826177.0,Greenwood-Coxwell
999000.0,999000.0,999000.0,HOUSE,HOUSE,Corso Italia Davenport,43.6751767,-79.4415788,3,1,3,1300.0,147.9,2113.2,387.67,214.53,347.4,169.3,850.39,1731.45,45,59,36,65,2502302,26022817,,92,92,Corso Italia-Davenport,Corso Italia-Davenport (92),Not an NIA or Emerging Neighbourhood,,17825761.0,Corso Italia-Davenport
999000.0,999000.0,999000.0,HOUSE,HOUSE,Dovercourt Wallace Emerson Junction,43.6693144,-79.4252868,3,0,1,1750.0,183.56,1215.68,281.78,636.48,806.7,555.44,273.64,775.81,69,70,53,3,2502364,26022879,,172,172,Dovercourt Village,Dovercourt Village (172),Not an NIA or Emerging Neighbourhood,,17824769.0,Dovercourt Village
999999.0,999999.0,999999.0,HOUSE,HOUSE,The Beaches,43.6793016,-79.295348,3,0,2,1302.0,120.23,2656.61,256.75,563.95,481.89,371.02,193.45,1194.91,31,51,31,93,2502274,26022789,,63,63,The Beaches,The Beaches (63),Not an NIA or Emerging Neighbourhood,,17826209.0,The Beaches
999999.0,999999.0,999999.0,HOUSE,HOUSE,Weston Pellam Park,43.6719103,-79.4623851,4,0,3,1750.0,195.79,1706.15,80.65,300.67,586.67,339.43,551.86,1826.77,58,60,35,66,2502301,26022816,,91,91,Weston-Pelham Park,Weston-Pelham Park (91),Neighbourhood Improvement Area,NIA,17825777.0,Weston-Pelham Park
999000.0,999000.0,999000.0,HOUSE,HOUSE,Dufferin Grove,43.6558844,-79.441694,4,2,2,1750.0,391.01,1847.83,304.27,765.16,504.32,308.41,449.49,369.43,71,64,45,105,2502262,26022777,,83,83,Dufferin Grove,Dufferin Grove (83),Not an NIA or Emerging Neighbourhood,,17826401.0,Dufferin Grove
999999.0,999999.0,999999.0,HOUSE,HOUSE,Greenwood Coxwell,43.6736731,-79.3245232,2,1,2,900.0,118.46,1809.27,288.87,241.63,449.81,380.91,295.52,1090.74,23,59,33,91,2502276,26022791,,65,65,Greenwood-Coxwell,Greenwood-Coxwell (65),Not an NIA or Emerging Neighbourhood,,17826177.0,Greenwood-Coxwell
999800.0,999800.0,999800.0,HOUSE,HOUSE,South Riverdale,43.6703344,-79.3374048,5,1,3,1300.0,184.98,1449.51,285.27,537.26,144.65,177.06,173.39,1189.3,35,67,35,86,2502281,26022796,,70,70,South Riverdale,South Riverdale (70),Not an NIA or Emerging Neighbourhood,,17826097.0,South Riverdale
998800.0,998800.0,998800.0,HOUSE,HOUSE,Junction Area,43.6775681,-79.4742914,4,1,3,1300.0,365.32,1547.87,256.25,984.77,507.82,335.28,418.61,2702.32,19,55,31,67,2502300,26022815,,90,90,Junction Area,Junction Area (90),Not an NIA or Emerging Neighbourhood,,17825793.0,Junction Area
977000.0,977000.0,977000.0,HOUSE,HOUSE,Rouge E11,43.8057831,-79.1773493,6,2,3,2250.0,471.68,3557.16,254.16,1760.46,1776.78,683.79,217.66,10708.22,0,16,8,20,2502347,26022862,,143,143,West Rouge,West Rouge (143),Not an NIA or Emerging Neighbourhood,,17825041.0,West Rouge
1000000.0,1000000.0,1000000.0,HOUSE,HOUSE,Rexdale-Kipling,43.725295,-79.5620781,3,1,2,1300.0,272.05,2942.81,383.35,901.03,1249.18,269.78,1013.28,7113.64,6,23,18,151,2502216,26022731,,4,4,Rexdale-Kipling,Rexdale-Kipling (4),Not an NIA or Emerging Neighbourhood,,17827137.0,Rexdale-Kipling
989000.0,989000.0,989000.0,HOUSE,HOUSE,Junction Area,43.6667404,-79.4728959,2,0,2,900.0,591.27,695.02,196.0,643.05,383.79,178.92,320.74,1511.47,62,54,38,67,2502300,26022815,,90,90,Junction Area,Junction Area (90),Not an NIA or Emerging Neighbourhood,,17825793.0,Junction Area
1049000.0,1049000.0,1049000.0,HOUSE,HOUSE,Wychwood,43.6770687,-79.4286813,3,1,2,1300.0,175.27,1059.83,219.33,277.72,446.72,510.88,574.0,1391.04,59,71,37,64,2502303,26022818,,94,94,Wychwood,Wychwood (94),Not an NIA or Emerging Neighbourhood,,17825745.0,Wychwood
1078000.0,1078000.0,1078000.0,HOUSE,HOUSE,Lawrence Park North,43.7316111,-79.395509,2,0,1,1300.0,571.5,1999.68,407.0,901.38,677.84,714.22,812.25,809.75,17,30,23,54,2502313,26022828,,105,105,Lawrence Park North,Lawrence Park North (105),Not an NIA or Emerging Neighbourhood,,17825585.0,Lawrence Park North
1059000.0,1059000.0,1059000.0,HOUSE,HOUSE,South Riverdale,43.6669384,-79.334881,4,0,3,1750.0,203.43,1585.11,304.22,110.67,292.14,276.21,266.72,1583.86,51,65,31,86,2502281,26022796,,70,70,South Riverdale,South Riverdale (70),Not an NIA or Emerging Neighbourhood,,17826097.0,South Riverdale
1029900.0,1029900.0,1029900.0,HOUSE,HOUSE,Kensington Chinatown,43.7802911,-79.4213261,3,4,2,700.0,476.69,1581.66,139.5,1454.68,419.09,415.63,363.91,449.81,74,50,31,117,2502250,26022765,,36,36,Newtonbrook West,Newtonbrook West (36),Not an NIA or Emerging Neighbourhood,,17826593.0,Newtonbrook West
1039000.0,1039000.0,1039000.0,HOUSE,HOUSE,Dovercourt Wallace Emerson Junction,43.6734508,-79.4372811,2,1,2,900.0,226.65,1811.05,329.11,571.64,688.46,535.62,716.49,1474.25,53,59,33,4,2502363,26022878,,171,171,Junction-Wallace Emerson,Junction-Wallace Emerson (171),Not an NIA or Emerging Neighbourhood,,17824785.0,Junction-Wallace Emerson
1089000.0,1089000.0,1089000.0,HOUSE,HOUSE,Blake Jones,43.6757814,-79.3381299,3,0,2,1750.0,200.06,1686.52,190.24,607.89,642.07,510.44,501.04,583.88,66,65,42,87,2502280,26022795,,69,69,Blake-Jones,Blake-Jones (69),Not an NIA or Emerging Neighbourhood,,17826113.0,Blake-Jones
1025000.0,1025000.0,1025000.0,HOUSE,HOUSE,Dovercourt Wallace Emerson Junction,43.6629148,-79.4368707,4,2,2,2250.0,174.61,2374.07,370.71,405.7,375.34,423.84,606.46,318.06,58,66,50,4,2502363,26022878,,171,171,Junction-Wallace Emerson,Junction-Wallace Emerson (171),Not an NIA or Emerging Neighbourhood,,17824785.0,Junction-Wallace Emerson
1150000.0,1150000.0,1150000.0,HOUSE,HOUSE,Greenwood Coxwell,43.6727633,-79.3278673,3,1,2,1300.0,404.59,1924.7,392.15,469.97,707.91,630.35,521.47,1106.27,29,61,33,91,2502276,26022791,,65,65,Greenwood-Coxwell,Greenwood-Coxwell (65),Not an NIA or Emerging Neighbourhood,,17826177.0,Greenwood-Coxwell
1150000.0,1150000.0,1150000.0,HOUSE,HOUSE,Corso Italia Davenport,43.6763058,-79.4540462,3,0,2,1300.0,394.72,2531.52,235.79,573.5,312.24,500.09,271.9,2115.58,40,53,38,65,2502302,26022817,,92,92,Corso Italia-Davenport,Corso Italia-Davenport (92),Not an NIA or Emerging Neighbourhood,,17825761.0,Corso Italia-Davenport
1160000.0,1160000.0,1160000.0,HOUSE,HOUSE,Dovercourt Wallace Emerson Junction,43.669806,-79.4271498,3,0,2,1300.0,320.5,1279.45,123.71,540.13,865.6,460.17,341.65,828.55,43,67,51,3,2502364,26022879,,172,172,Dovercourt Village,Dovercourt Village (172),Not an NIA or Emerging Neighbourhood,,17824769.0,Dovercourt Village
1149900.0,1149900.0,1149900.0,HOUSE,HOUSE,South Riverdale,43.6674181,-79.3269002,3,1,3,1300.0,420.14,2228.82,213.78,632.64,868.21,648.89,679.32,1705.3,50,59,31,86,2502281,26022796,,70,70,South Riverdale,South Riverdale (70),Not an NIA or Emerging Neighbourhood,,17826097.0,South Riverdale
1194000.0,1194000.0,1194000.0,HOUSE,HOUSE,East End Danforth,43.6752725,-79.3081058,3,0,3,1300.0,194.88,2119.11,542.22,963.78,750.86,589.82,729.55,1291.06,25,54,33,94,2502273,26022788,,62,62,East End-Danforth,East End-Danforth (62),Not an NIA or Emerging Neighbourhood,,17826225.0,East End-Danforth
1199000.0,1199000.0,1199000.0,HOUSE,HOUSE,East End Danforth,43.6797781,-79.3007835,3,1,2,1300.0,342.9,2246.5,238.24,417.64,910.24,798.06,274.23,1032.98,16,55,34,94,2502273,26022788,,62,62,East End-Danforth,East End-Danforth (62),Not an NIA or Emerging Neighbourhood,,17826225.0,East End-Danforth
1150000.0,1150000.0,1150000.0,HOUSE,HOUSE,East End Danforth,43.6911071,-79.2966879,4,0,3,1750.0,191.98,2274.35,144.99,884.43,178.05,189.39,245.73,456.77,24,57,32,94,2502273,26022788,,62,62,East End-Danforth,East End-Danforth (62),Not an NIA or Emerging Neighbourhood,,17826225.0,East End-Danforth
1168750.0,1168750.0,1168750.0,HOUSE,HOUSE,Weston Pellam Park,43.6768208,-79.4653786,3,1,3,1750.0,258.7,1856.19,40.54,475.68,607.31,517.13,486.86,2408.69,30,53,35,66,2502301,26022816,,91,91,Weston-Pelham Park,Weston-Pelham Park (91),Neighbourhood Improvement Area,NIA,17825777.0,Weston-Pelham Park
1180000.0,1180000.0,1180000.0,HOUSE,HOUSE,Dovercourt Wallace Emerson Junction,43.6738208,-79.4372894,3,0,2,1750.0,223.15,1801.49,370.02,543.46,648.63,509.12,754.11,1515.25,53,62,34,4,2502363,26022878,,171,171,Junction-Wallace Emerson,Junction-Wallace Emerson (171),Not an NIA or Emerging Neighbourhood,,17824785.0,Junction-Wallace Emerson
1149900.0,1149900.0,1149900.0,HOUSE,HOUSE,Trinity Bellwoods,43.7946774,-79.1695412,3,1,2,1300.0,448.95,3216.6,441.09,685.89,1240.45,635.29,1414.54,10254.24,0,25,11,28,2502339,26022854,,134,134,Highland Creek,Highland Creek (134),Not an NIA or Emerging Neighbourhood,,17825169.0,Highland Creek
1199900.0,1199900.0,1199900.0,HOUSE,HOUSE,High Park Swansea,43.6485268,-79.4756517,2,1,6,900.0,266.38,1828.29,352.1,205.84,276.66,253.83,299.88,354.23,32,49,24,101,2502266,26022781,,87,87,High Park-Swansea,High Park-Swansea (87),Not an NIA or Emerging Neighbourhood,,17826337.0,High Park-Swansea
1199900.0,1199900.0,1199900.0,HOUSE,HOUSE,Corso Italia Davenport,43.6797738,-79.4549643,3,0,2,1300.0,559.23,2693.34,525.88,760.24,555.91,717.96,304.53,2497.62,40,53,36,65,2502302,26022817,,92,92,Corso Italia-Davenport,Corso Italia-Davenport (92),Not an NIA or Emerging Neighbourhood,,17825761.0,Corso Italia-Davenport
1150000.0,1150000.0,1150000.0,HOUSE,HOUSE,Clairlea Birchmount,43.7089861,-79.2913771,2,1,3,900.0,222.3,638.45,245.93,927.14,1145.27,199.63,397.34,1019.37,4,40,20,69,2502298,26022813,,120,120,Clairlea-Birchmount,Clairlea-Birchmount (120),Not an NIA or Emerging Neighbourhood,,17825825.0,Clairlea-Birchmount
1149000.0,1149000.0,1149000.0,HOUSE,HOUSE,Wychwood,43.6792763,-79.4297103,2,0,3,900.0,172.1,1154.51,171.19,532.89,187.68,301.95,381.87,1321.69,52,69,39,64,2502303,26022818,,94,94,Wychwood,Wychwood (94),Not an NIA or Emerging Neighbourhood,,17825745.0,Wychwood
1189000.0,1189000.0,1189000.0,HOUSE,HOUSE,Malvern,43.8141531,-79.21549639999999,4,0,2,1750.0,228.48,3849.14,278.56,660.21,974.14,811.84,483.24,9878.85,1,29,22,17,2502350,26022865,,146,146,Malvern East,Malvern East (146),Emerging Neighbourhood,EN,17824993.0,Malvern East
1295000.0,1295000.0,1295000.0,HOUSE,HOUSE,High Park Swansea,43.6400268,-79.4762137,3,1,3,1750.0,411.58,2120.0,105.85,850.14,1163.79,1035.35,1094.25,1259.67,0,40,14,101,2502266,26022781,,87,87,High Park-Swansea,High Park-Swansea (87),Not an NIA or Emerging Neighbourhood,,17826337.0,High Park-Swansea
1288000.0,1288000.0,1288000.0,HOUSE,HOUSE,Lawrence Park North,43.73107210000001,-79.3963175,3,0,2,1300.0,483.54,2028.65,413.68,815.67,600.79,659.59,723.9,721.55,17,30,22,54,2502313,26022828,,105,105,Lawrence Park North,Lawrence Park North (105),Not an NIA or Emerging Neighbourhood,,17825585.0,Lawrence Park North
1299999.0,1299999.0,1299999.0,HOUSE,HOUSE,The Beaches,43.6747093,-79.2890201,3,1,2,1300.0,202.66,3347.66,402.89,916.74,608.5,524.54,299.47,1888.5,36,30,22,93,2502274,26022789,,63,63,The Beaches,The Beaches (63),Not an NIA or Emerging Neighbourhood,,17826209.0,The Beaches
1280000.0,1280000.0,1280000.0,HOUSE,HOUSE,Playter Estates Danforth,43.6783394,-79.3507144,3,0,2,1750.0,156.18,1366.8,33.57,493.51,75.12,234.93,197.65,145.28,71,55,35,89,2502278,26022793,,67,67,Playter Estates-Danforth,Playter Estates-Danforth (67),Not an NIA or Emerging Neighbourhood,,17826145.0,Playter Estates-Danforth
1235000.0,1235000.0,1235000.0,HOUSE,HOUSE,Junction Area,43.6662941,-79.4794374,3,0,2,1300.0,693.03,233.28,99.21,970.48,437.76,402.78,367.35,1645.93,47,57,37,67,2502300,26022815,,90,90,Junction Area,Junction Area (90),Not an NIA or Emerging Neighbourhood,,17825793.0,Junction Area
1245500.0,1245500.0,1245500.0,HOUSE,HOUSE,Wychwood,43.6809687,-79.4213376,2,1,1,3250.0,490.91,594.39,115.69,334.86,209.98,167.93,379.35,660.58,39,72,49,64,2502303,26022818,,94,94,Wychwood,Wychwood (94),Not an NIA or Emerging Neighbourhood,,17825745.0,Wychwood
1269000.0,1269000.0,1269000.0,HOUSE,HOUSE,Danforth,43.680884,-79.3434283,3,0,2,1300.0,495.1,1796.43,161.68,268.52,243.84,155.57,268.8,159.86,73,56,37,90,2502277,26022792,,66,66,Danforth,Danforth (66),Not an NIA or Emerging Neighbourhood,,17826161.0,Danforth
1268000.0,1268000.0,1268000.0,HOUSE,HOUSE,Lawrence Park North,43.7260457,-79.4043419,2,2,2,900.0,162.05,2479.06,208.14,244.63,186.4,132.82,129.4,153.8,18,43,28,54,2502313,26022828,,105,105,Lawrence Park North,Lawrence Park North (105),Not an NIA or Emerging Neighbourhood,,17825585.0,Lawrence Park North
1299000.0,1299000.0,1299000.0,HOUSE,HOUSE,Danforth,43.6820654,-79.3323607,5,0,2,1750.0,163.47,1060.25,380.35,897.12,735.12,57.35,306.81,177.25,43,53,39,90,2502277,26022792,,66,66,Danforth,Danforth (66),Not an NIA or Emerging Neighbourhood,,17826161.0,Danforth
1220000.0,1220000.0,1220000.0,HOUSE,HOUSE,Danforth,43.6825547,-79.3296941,4,1,3,1750.0,209.27,906.36,354.35,676.22,513.98,259.12,114.59,45.93,41,56,40,90,2502277,26022792,,66,66,Danforth,Danforth (66),Not an NIA or Emerging Neighbourhood,,17826161.0,Danforth
1299000.0,1299000.0,1299000.0,HOUSE,HOUSE,Corso Italia Davenport,43.6766195,-79.4427983,3,1,2,1300.0,104.58,2196.14,259.67,53.48,169.45,38.68,831.43,1913.91,45,60,38,65,2502302,26022817,,92,92,Corso Italia-Davenport,Corso Italia-Davenport (92),Not an NIA or Emerging Neighbourhood,,17825761.0,Corso Italia-Davenport
1299000.0,1299000.0,1299000.0,HOUSE,HOUSE,Danforth,43.6808288,-79.3433955,3,0,2,1300.0,494.19,1797.7,157.47,263.72,240.32,155.16,265.65,157.84,73,56,37,90,2502277,26022792,,66,66,Danforth,Danforth (66),Not an NIA or Emerging Neighbourhood,,17826161.0,Danforth
1249999.0,1249999.0,1249999.0,HOUSE,HOUSE,Blake Jones,43.676318,-79.3383887,4,1,4,900.0,140.35,1708.27,176.02,560.57,595.03,452.21,439.15,525.79,69,66,42,87,2502280,26022795,,69,69,Blake-Jones,Blake-Jones (69),Not an NIA or Emerging Neighbourhood,,17826113.0,Blake-Jones
1259000.0,1259000.0,1259000.0,HOUSE,HOUSE,Corso Italia Davenport,43.6746846,-79.4502039,3,0,3,1750.0,571.6,2720.72,122.66,678.05,165.59,379.07,507.09,1831.55,44,54,34,65,2502302,26022817,,92,92,Corso Italia-Davenport,Corso Italia-Davenport (92),Not an NIA or Emerging Neighbourhood,,17825761.0,Corso Italia-Davenport
1299000.0,1299000.0,1299000.0,HOUSE,HOUSE,East End Danforth,43.6880613,-79.290601,3,0,3,2250.0,571.74,2767.7,246.71,880.3,238.07,181.12,194.3,771.95,33,51,30,94,2502273,26022788,,62,62,East End-Danforth,East End-Danforth (62),Not an NIA or Emerging Neighbourhood,,17826225.0,East End-Danforth
1249999.0,1249999.0,1249999.0,HOUSE,HOUSE,Dovercourt Wallace Emerson Junction,43.6653788,-79.4553868,4,0,3,1750.0,110.84,2060.02,131.8,463.31,354.25,585.9,654.13,957.48,33,55,40,4,2502363,26022878,,171,171,Junction-Wallace Emerson,Junction-Wallace Emerson (171),Not an NIA or Emerging Neighbourhood,,17824785.0,Junction-Wallace Emerson
1299999.0,1299999.0,1299999.0,HOUSE,HOUSE,Palmerston Little Italy,43.6593144,-79.424334,4,0,2,1300.0,239.51,1649.37,397.42,572.39,331.9,333.47,611.16,376.63,116,70,52,79,2502288,26022803,,80,80,Palmerston-Little Italy,Palmerston-Little Italy (80),Not an NIA or Emerging Neighbourhood,,17825985.0,Palmerston-Little Italy
1249990.0,1249990.0,1249990.0,HOUSE,HOUSE,Woodbine Corridor,43.6701718,-79.3135589,4,0,2,1300.0,420.9,2380.87,56.13,727.64,514.81,193.37,583.29,1731.6,29,50,28,92,2502275,26022790,,64,64,Woodbine Corridor,Woodbine Corridor (64),Not an NIA or Emerging Neighbourhood,,17826193.0,Woodbine Corridor
1229000.0,1229000.0,1229000.0,HOUSE,HOUSE,Corso Italia Davenport,43.6798777,-79.4563656,3,1,3,1750.0,466.4,2614.32,456.22,708.91,646.57,647.66,408.98,2554.37,36,51,37,65,2502302,26022817,,92,92,Corso Italia-Davenport,Corso Italia-Davenport (92),Not an NIA or Emerging Neighbourhood,,17825761.0,Corso Italia-Davenport
1299000.0,1299000.0,1299000.0,HOUSE,HOUSE,Danforth,43.6842844,-79.3225753,4,2,5,1300.0,221.65,656.9,189.03,114.01,108.65,44.27,483.82,40.37,34,60,35,90,2502277,26022792,,66,66,Danforth,Danforth (66),Not an NIA or Emerging Neighbourhood,,17826161.0,Danforth
1225000.0,1225000.0,1225000.0,HOUSE,HOUSE,Dovercourt Wallace Emerson Junction,43.6648923,-79.4278844,4,1,3,1750.0,409.06,1733.3,264.53,739.53,351.45,360.16,712.38,306.23,71,68,51,3,2502364,26022879,,172,172,Dovercourt Village,Dovercourt Village (172),Not an NIA or Emerging Neighbourhood,,17824769.0,Dovercourt Village
1249000.0,1249000.0,1249000.0,HOUSE,HOUSE,Roncesvalles,43.6479922,-79.4465123,2,1,2,1300.0,172.06,891.13,276.26,370.51,334.02,489.47,310.87,1124.76,48,51,32,102,2502265,26022780,,86,86,Roncesvalles,Roncesvalles (86),Not an NIA or Emerging Neighbourhood,,17826353.0,Roncesvalles
1289000.0,1289000.0,1289000.0,HOUSE,HOUSE,Wychwood,43.6769125,-79.4180089,4,0,2,1750.0,293.91,216.27,100.3,591.32,581.3,649.91,537.12,920.09,49,84,50,64,2502303,26022818,,94,94,Wychwood,Wychwood (94),Not an NIA or Emerging Neighbourhood,,17825745.0,Wychwood
1399900.0,1399900.0,1399900.0,HOUSE,HOUSE,Agincourt South Malvern West,43.7791602,-79.2750247,5,0,2,2250.0,710.03,3312.73,579.16,1628.35,715.77,967.49,902.52,5274.54,15,27,23,32,2502335,26022850,,128,128,Agincourt South-Malvern West,Agincourt South-Malvern West (128),Not an NIA or Emerging Neighbourhood,,17825233.0,Agincourt South-Malvern West
1349000.0,1349000.0,1349000.0,HOUSE,HOUSE,East End Danforth,43.6816795,-79.2964136,3,0,1,1300.0,219.52,2470.09,390.7,311.51,582.42,479.0,335.15,919.61,25,54,35,94,2502273,26022788,,62,62,East End-Danforth,East End-Danforth (62),Not an NIA or Emerging Neighbourhood,,17826225.0,East End-Danforth
1399000.0,1399000.0,1399000.0,HOUSE,HOUSE,Dovercourt Wallace Emerson Junction,43.6609677,-79.451955,3,1,3,1750.0,165.47,2298.04,178.1,553.99,448.72,217.32,223.69,456.62,45,54,40,4,2502363,26022878,,171,171,Junction-Wallace Emerson,Junction-Wallace Emerson (171),Not an NIA or Emerging Neighbourhood,,17824785.0,Junction-Wallace Emerson
1399999.0,1399999.0,1399999.0,HOUSE,HOUSE,Niagara,43.6440909,-79.4060395,2,0,2,900.0,178.92,1020.3,324.08,706.27,170.63,109.81,177.83,1737.29,152,76,39,44,2502323,26022838,,162,162,West Queen West,West Queen West (162),Not an NIA or Emerging Neighbourhood,,17825425.0,West Queen West
1349000.0,1349000.0,1349000.0,HOUSE,HOUSE,Dovercourt Wallace Emerson Junction,43.6620916,-79.4272306,4,2,4,1750.0,547.16,1970.82,104.32,594.95,106.4,60.87,882.16,79.15,88,69,52,3,2502364,26022879,,172,172,Dovercourt Village,Dovercourt Village (172),Not an NIA or Emerging Neighbourhood,,17824769.0,Dovercourt Village
1399000.0,1399000.0,1399000.0,HOUSE,HOUSE,The Beaches,43.6711309,-79.3005393,3,0,3,1300.0,168.41,2867.36,347.36,200.8,220.72,110.87,200.48,1957.68,30,45,26,93,2502274,26022789,,63,63,The Beaches,The Beaches (63),Not an NIA or Emerging Neighbourhood,,17826209.0,The Beaches
1400000.0,1400000.0,1400000.0,HOUSE,HOUSE,Mount Pleasant West,43.7021608,-79.3928302,3,1,2,1750.0,261.82,2395.95,106.83,423.27,413.5,498.31,369.67,591.0,78,47,42,1,2502366,26022881,,174,174,South Eglinton-Davisville,South Eglinton-Davisville (174),Not an NIA or Emerging Neighbourhood,,17824737.0,South Eglinton-Davisville
1380000.0,1380000.0,1380000.0,HOUSE,HOUSE,Moss Park,43.6574514,-79.3688194,3,1,3,1750.0,297.69,838.41,92.18,491.0,419.09,267.68,284.96,986.95,128,99,63,83,2502284,26022799,,73,73,Moss Park,Moss Park (73),Not an NIA or Emerging Neighbourhood,,17826049.0,Moss Park
1350000.0,1350000.0,1350000.0,HOUSE,HOUSE,High Park Swansea,43.6501635,-79.4761366,3,1,3,1270.0,125.48,1642.22,169.86,263.43,93.89,68.45,151.99,171.5,32,49,24,101,2502266,26022781,,87,87,High Park-Swansea,High Park-Swansea (87),Not an NIA or Emerging Neighbourhood,,17826337.0,High Park-Swansea
1350000.0,1350000.0,1350000.0,HOUSE,HOUSE,High Park Swansea,43.6501635,-79.4761366,3,1,3,1300.0,125.48,1642.22,169.86,263.43,93.89,68.45,151.99,171.5,32,49,24,101,2502266,26022781,,87,87,High Park-Swansea,High Park-Swansea (87),Not an NIA or Emerging Neighbourhood,,17826337.0,High Park-Swansea
1399900.0,1399900.0,1399900.0,HOUSE,HOUSE,Mount Pleasant East,43.7047153,-79.3856639,3,0,1,1300.0,381.06,1824.32,74.23,219.74,327.76,329.34,250.31,1062.17,83,50,41,59,2502308,26022823,,99,99,Mount Pleasant East,Mount Pleasant East (99),Not an NIA or Emerging Neighbourhood,,17825665.0,Mount Pleasant East
1388000.0,1388000.0,1388000.0,HOUSE,HOUSE,Mount Pleasant East,43.7051063,-79.3814013,1,1,1,900.0,300.97,1626.23,301.26,560.39,507.09,517.78,539.16,1392.39,49,52,37,59,2502308,26022823,,99,99,Mount Pleasant East,Mount Pleasant East (99),Not an NIA or Emerging Neighbourhood,,17825665.0,Mount Pleasant East
1388000.0,1388000.0,1388000.0,HOUSE,HOUSE,Corso Italia-Davenport,43.6756323,-79.4418018,5,0,3,1750.0,116.8,2124.99,339.23,160.81,293.67,115.57,884.55,1785.13,45,59,37,65,2502302,26022817,,92,92,Corso Italia-Davenport,Corso Italia-Davenport (92),Not an NIA or Emerging Neighbourhood,,17825761.0,Corso Italia-Davenport
1349000.0,1349000.0,1349000.0,HOUSE,HOUSE,Niagara,43.6455249,-79.4074758,2,1,2,1750.0,187.26,898.24,327.19,752.38,340.46,297.35,362.97,1783.68,161,78,43,44,2502323,26022838,,162,162,West Queen West,West Queen West (162),Not an NIA or Emerging Neighbourhood,,17825425.0,West Queen West
1300888.0,1300888.0,1300888.0,HOUSE,HOUSE,Dovercourt Wallace Emerson Junction,43.6655509,-79.4545537,3,0,4,1300.0,155.92,2127.91,134.79,395.43,285.13,583.65,619.14,965.53,33,55,41,4,2502363,26022878,,171,171,Junction-Wallace Emerson,Junction-Wallace Emerson (171),Not an NIA or Emerging Neighbourhood,,17824785.0,Junction-Wallace Emerson
1399000.0,1399000.0,1399000.0,HOUSE,HOUSE,Lawrence Park South,43.7118133,-79.4096677,3,0,2,1300.0,364.4,2884.25,357.84,887.81,808.96,796.69,835.0,1054.14,47,52,46,55,2502312,26022827,,103,103,Lawrence Park South,Lawrence Park South (103),Not an NIA or Emerging Neighbourhood,,17825601.0,Lawrence Park South
1348000.0,1348000.0,1348000.0,HOUSE,HOUSE,Playter Estates Danforth,43.6781285,-79.3578282,3,1,3,1300.0,400.19,1333.64,109.05,1066.01,205.24,56.0,236.17,129.89,49,64,36,89,2502278,26022793,,67,67,Playter Estates-Danforth,Playter Estates-Danforth (67),Not an NIA or Emerging Neighbourhood,,17826145.0,Playter Estates-Danforth
1399000.0,1399000.0,1399000.0,HOUSE,HOUSE,Little Portugal,43.6512616,-79.428979,3,0,2,1750.0,326.92,1239.41,352.78,827.66,566.49,212.91,272.51,1125.92,98,70,45,104,2502263,26022778,,84,84,Little Portugal,Little Portugal (84),Not an NIA or Emerging Neighbourhood,,17826385.0,Little Portugal
1348888.0,1348888.0,0.0,HOUSE,HOUSE,Dovercourt Wallace Emerson Junction,43.6734508,-79.4372811,2,1,2,900.0,226.65,1811.05,329.11,571.64,688.46,535.62,716.49,1474.25,53,59,33,4,2502363,26022878,,171,171,Junction-Wallace Emerson,Junction-Wallace Emerson (171),Not an NIA or Emerging Neighbourhood,,17824785.0,Junction-Wallace Emerson
1499999.0,1499999.0,1499999.0,HOUSE,HOUSE,Yonge Eglinton,43.7084417,-79.4028034,3,1,3,1300.0,258.21,2609.4,214.78,243.25,296.94,346.89,312.08,388.17,83,54,39,58,2502309,26022824,,100,100,Yonge-Eglinton,Yonge-Eglinton (100),Not an NIA or Emerging Neighbourhood,,17825649.0,Yonge-Eglinton
1499000.0,1499000.0,1499000.0,HOUSE,HOUSE,Lawrence Park North,43.7254706,-79.4035924,2,1,3,1300.0,225.97,2410.76,134.24,161.23,198.82,86.88,81.37,132.65,19,44,29,54,2502313,26022828,,105,105,Lawrence Park North,Lawrence Park North (105),Not an NIA or Emerging Neighbourhood,,17825585.0,Lawrence Park North
1474900.0,1474900.0,1474900.0,HOUSE,HOUSE,The Beaches,43.6718952,-79.302012,3,1,3,1300.0,279.93,2724.5,348.64,346.56,360.14,231.61,342.25,1826.11,29,48,27,93,2502274,26022789,,63,63,The Beaches,The Beaches (63),Not an NIA or Emerging Neighbourhood,,17826209.0,The Beaches
1499000.0,1499000.0,1499000.0,HOUSE,HOUSE,East End Danforth,43.6778043,-79.3077981,3,0,2,2750.0,203.58,1928.46,262.14,915.49,943.14,861.03,823.44,1033.03,16,59,35,94,2502273,26022788,,62,62,East End-Danforth,East End-Danforth (62),Not an NIA or Emerging Neighbourhood,,17826225.0,East End-Danforth
1499000.0,1499000.0,1499000.0,HOUSE,HOUSE,High Park North,43.6583374,-79.4564773,4,0,2,1750.0,303.32,2068.86,122.04,974.78,334.35,293.85,325.96,317.34,37,51,38,100,2502267,26022782,,88,88,High Park North,High Park North (88),Not an NIA or Emerging Neighbourhood,,17826321.0,High Park North
1449000.0,1449000.0,1449000.0,HOUSE,HOUSE,Greenwood Coxwell,43.6711835,-79.3222798,3,1,3,1300.0,34.71,2096.66,375.89,142.14,314.19,238.36,136.81,1418.67,28,57,31,91,2502276,26022791,,65,65,Greenwood-Coxwell,Greenwood-Coxwell (65),Not an NIA or Emerging Neighbourhood,,17826177.0,Greenwood-Coxwell
1499000.0,1499000.0,1499000.0,HOUSE,HOUSE,High Park North,43.6608171,-79.4758818,3,1,2,1300.0,98.48,579.93,165.66,817.27,800.15,547.01,700.6,1013.53,38,56,34,100,2502267,26022782,,88,88,High Park North,High Park North (88),Not an NIA or Emerging Neighbourhood,,17826321.0,High Park North
1499000.0,1499000.0,1499000.0,HOUSE,HOUSE,High Park Swansea,43.6439911,-79.4719123,3,0,2,1300.0,414.28,1818.97,158.52,622.51,846.13,834.16,831.22,918.33,18,44,21,101,2502266,26022781,,87,87,High Park-Swansea,High Park-Swansea (87),Not an NIA or Emerging Neighbourhood,,17826337.0,High Park-Swansea
1499000.0,1499000.0,1499000.0,HOUSE,HOUSE,Yonge Eglinton,43.7117553,-79.4078549,3,0,2,1300.0,473.0,2861.77,425.25,756.96,663.52,653.09,689.77,930.23,46,55,47,58,2502309,26022824,,100,100,Yonge-Eglinton,Yonge-Eglinton (100),Not an NIA or Emerging Neighbourhood,,17825649.0,Yonge-Eglinton
1450000.0,1450000.0,1450000.0,HOUSE,HOUSE,Junction Area,43.6648351,-79.4821268,3,1,3,1300.0,425.66,99.8,238.66,753.35,451.78,369.61,256.82,1541.26,42,55,33,67,2502300,26022815,,90,90,Junction Area,Junction Area (90),Not an NIA or Emerging Neighbourhood,,17825793.0,Junction Area
1450000.0,1450000.0,1450000.0,HOUSE,HOUSE,Wychwood,43.6726891,-79.4330396,4,1,5,1750.0,298.95,1513.05,238.24,429.0,777.12,634.45,776.76,1267.18,44,67,41,64,2502303,26022818,,94,94,Wychwood,Wychwood (94),Not an NIA or Emerging Neighbourhood,,17825745.0,Wychwood
1499000.0,1499000.0,1499000.0,HOUSE,HOUSE,Lawrence Park North,43.7341457,-79.4031009,2,1,2,900.0,209.11,2639.43,140.15,1035.92,156.33,167.34,164.13,868.49,18,35,22,54,2502313,26022828,,105,105,Lawrence Park North,Lawrence Park North (105),Not an NIA or Emerging Neighbourhood,,17825585.0,Lawrence Park North
1449999.0,1449999.0,1449999.0,HOUSE,HOUSE,Annex,43.6687018,-79.4202001,4,0,3,1750.0,181.71,1065.0,450.87,630.17,678.13,576.21,43.28,531.15,94,75,60,63,2502304,26022819,,95,95,Annex,Annex (95),Not an NIA or Emerging Neighbourhood,,17825729.0,Annex
1470000.0,1470000.0,1470000.0,HOUSE,HOUSE,High Park North,43.6561958,-79.4701256,3,0,2,1300.0,336.46,1271.26,317.92,567.04,746.24,409.11,676.5,368.65,26,53,31,100,2502267,26022782,,88,88,High Park North,High Park North (88),Not an NIA or Emerging Neighbourhood,,17826321.0,High Park North
1499900.0,1499900.0,1499900.0,HOUSE,HOUSE,South Parkdale,43.6392669,-79.4325601,3,1,3,1300.0,179.95,439.36,77.58,222.85,401.26,347.19,271.0,2345.77,62,54,21,103,2502264,26022779,,85,85,South Parkdale,South Parkdale (85),Neighbourhood Improvement Area,NIA,17826369.0,South Parkdale
1460000.0,1460000.0,1460000.0,HOUSE,HOUSE,Dovercourt Wallace Emerson Junction,43.6695247,-79.4447474,5,1,3,1750.0,459.98,2518.2,182.97,582.7,247.9,349.26,349.82,1168.6,41,56,40,4,2502363,26022878,,171,171,Junction-Wallace Emerson,Junction-Wallace Emerson (171),Not an NIA or Emerging Neighbourhood,,17824785.0,Junction-Wallace Emerson
1498000.0,1498000.0,1498000.0,HOUSE,HOUSE,L Amoreaux,43.7896279,-79.3291426,3,2,3,1300.0,295.87,2083.53,302.97,553.8,186.96,533.5,1252.95,2083.48,9,37,45,16,2502351,26022866,,147,147,L'Amoreaux West,L'Amoreaux West (147),Emerging Neighbourhood,EN,17824977.0,L'Amoreaux West
1450000.0,1450000.0,1450000.0,HOUSE,HOUSE,South Riverdale,43.667266,-79.3268272,4,0,4,1750.0,409.35,2233.87,230.6,634.3,875.74,639.93,670.79,1722.94,50,60,31,86,2502281,26022796,,70,70,South Riverdale,South Riverdale (70),Not an NIA or Emerging Neighbourhood,,17826097.0,South Riverdale
1499999.0,1499999.0,1499999.0,HOUSE,HOUSE,High Park Swansea,43.642487,-79.4485728,5,0,2,1750.0,90.84,259.02,392.97,294.86,253.15,116.36,108.9,1646.48,50,43,21,101,2502266,26022781,,87,87,High Park-Swansea,High Park-Swansea (87),Not an NIA or Emerging Neighbourhood,,17826337.0,High Park-Swansea
1445000.0,1445000.0,0.0,HOUSE,HOUSE,Dovercourt Wallace Emerson Junction,43.6716713,-79.4345597,3,0,3,1300.0,268.9,1669.33,205.26,592.31,721.66,565.96,682.87,1227.18,27,63,43,4,2502363,26022878,,171,171,Junction-Wallace Emerson,Junction-Wallace Emerson (171),Not an NIA or Emerging Neighbourhood,,17824785.0,Junction-Wallace Emerson
1699900.0,1699900.0,1699900.0,HOUSE,HOUSE,Dovercourt Wallace Emerson Junction,43.6603226,-79.4382763,5,1,3,1750.0,189.27,2408.27,133.26,347.7,261.82,224.96,466.67,232.53,56,62,46,4,2502363,26022878,,171,171,Junction-Wallace Emerson,Junction-Wallace Emerson (171),Not an NIA or Emerging Neighbourhood,,17824785.0,Junction-Wallace Emerson
1599000.0,1599000.0,1599000.0,HOUSE,HOUSE,North Riverdale,43.6716802,-79.3467363,4,0,3,1750.0,416.56,863.75,125.12,790.74,641.23,503.29,612.86,863.71,82,68,35,88,2502279,26022794,,68,68,North Riverdale,North Riverdale (68),Not an NIA or Emerging Neighbourhood,,17826129.0,North Riverdale
1595000.0,1595000.0,1595000.0,HOUSE,HOUSE,Yonge Eglinton,43.7105433,-79.4021852,3,0,2,1300.0,232.05,2470.89,192.76,320.4,208.93,267.17,255.25,511.24,70,55,37,58,2502309,26022824,,100,100,Yonge-Eglinton,Yonge-Eglinton (100),Not an NIA or Emerging Neighbourhood,,17825649.0,Yonge-Eglinton
1529000.0,1529000.0,1529000.0,HOUSE,HOUSE,Lawrence Park North,43.7282979,-79.4084785,3,0,2,1300.0,294.44,2171.7,215.35,660.22,416.54,534.85,459.66,528.93,28,38,29,54,2502313,26022828,,105,105,Lawrence Park North,Lawrence Park North (105),Not an NIA or Emerging Neighbourhood,,17825585.0,Lawrence Park North
1598000.0,1598000.0,1598000.0,HOUSE,HOUSE,Junction Area,43.6616229,-79.4802943,5,0,3,1750.0,429.38,325.87,194.8,994.58,837.02,644.48,621.83,1155.97,46,51,30,67,2502300,26022815,,90,90,Junction Area,Junction Area (90),Not an NIA or Emerging Neighbourhood,,17825793.0,Junction Area
1679000.0,1679000.0,1679000.0,HOUSE,HOUSE,Forest Hill North,43.7055784,-79.417552,3,2,2,1300.0,227.86,3060.22,258.09,442.42,447.59,298.91,428.39,1531.32,20,51,49,56,2502311,26022826,,102,102,Forest Hill North,Forest Hill North (102),Not an NIA or Emerging Neighbourhood,,17825617.0,Forest Hill North
1699999.0,1699999.0,1699999.0,HOUSE,HOUSE,Mount Pleasant East,43.7054011,-79.3870115,3,1,2,1300.0,342.9,1822.64,104.16,186.15,200.01,201.28,207.13,941.43,92,51,40,59,2502308,26022823,,99,99,Mount Pleasant East,Mount Pleasant East (99),Not an NIA or Emerging Neighbourhood,,17825665.0,Mount Pleasant East
1649000.0,1649000.0,1649000.0,HOUSE,HOUSE,Mount Pleasant East,43.7019357,-79.3776939,3,0,3,1750.0,320.09,1880.52,277.59,873.25,365.67,528.22,729.65,1636.98,45,49,34,59,2502308,26022823,,99,99,Mount Pleasant East,Mount Pleasant East (99),Not an NIA or Emerging Neighbourhood,,17825665.0,Mount Pleasant East
1549900.0,1549900.0,1549900.0,HOUSE,HOUSE,Lawrence Park North,43.73371,-79.414269,3,0,2,1300.0,566.92,1751.68,697.84,859.96,682.14,442.26,482.4,1252.29,38,36,25,54,2502313,26022828,,105,105,Lawrence Park North,Lawrence Park North (105),Not an NIA or Emerging Neighbourhood,,17825585.0,Lawrence Park North
1699000.0,1699000.0,1699000.0,HOUSE,HOUSE,Yonge Eglinton,43.7112576,-79.4013537,3,2,4,1300.0,154.58,2380.37,89.12,358.31,138.6,196.32,189.66,547.86,65,56,36,58,2502309,26022824,,100,100,Yonge-Eglinton,Yonge-Eglinton (100),Not an NIA or Emerging Neighbourhood,,17825649.0,Yonge-Eglinton
1599000.0,1599000.0,1599000.0,HOUSE,HOUSE,Yonge St Clair,43.6967758,-79.4038199,2,1,3,1300.0,546.95,2324.36,272.1,1288.6,625.29,596.14,621.69,540.52,32,56,48,61,2502306,26022821,,97,97,Yonge-St.Clair,Yonge-St.Clair (97),Not an NIA or Emerging Neighbourhood,,17825697.0,Yonge-St.Clair
1698800.0,1698800.0,1698800.0,HOUSE,HOUSE,The Beaches,43.678601,-79.2967344,3,1,2,1300.0,250.83,2594.25,316.15,577.91,609.15,500.37,77.1,1225.98,30,52,30,93,2502274,26022789,,63,63,The Beaches,The Beaches (63),Not an NIA or Emerging Neighbourhood,,17826209.0,The Beaches
1599000.0,1599000.0,1599000.0,HOUSE,HOUSE,Wychwood,43.6806121,-79.4187747,4,1,3,1750.0,293.22,419.09,273.64,204.12,246.22,235.75,431.11,562.27,48,75,47,64,2502303,26022818,,94,94,Wychwood,Wychwood (94),Not an NIA or Emerging Neighbourhood,,17825745.0,Wychwood
1658000.0,1658000.0,1658000.0,HOUSE,HOUSE,High Park North,43.6539492,-79.468712,4,1,3,2250.0,556.26,1533.59,97.48,475.2,671.71,164.27,582.68,148.93,26,52,31,100,2502267,26022782,,88,88,High Park North,High Park North (88),Not an NIA or Emerging Neighbourhood,,17826321.0,High Park North
1560000.0,1560000.0,1560000.0,HOUSE,HOUSE,Wychwood,43.6797294,-79.4272211,3,2,3,1750.0,359.43,967.96,283.47,580.25,291.78,205.23,255.86,1123.23,51,68,43,64,2502303,26022818,,94,94,Wychwood,Wychwood (94),Not an NIA or Emerging Neighbourhood,,17825745.0,Wychwood
1650000.0,1650000.0,1650000.0,HOUSE,HOUSE,Dovercourt Wallace Emerson Junction,43.6697151,-79.4290862,3,2,5,1750.0,239.29,1403.62,90.46,543.84,887.33,348.81,484.92,845.4,44,68,48,3,2502364,26022879,,172,172,Dovercourt Village,Dovercourt Village (172),Not an NIA or Emerging Neighbourhood,,17824769.0,Dovercourt Village
1575000.0,1575000.0,1575000.0,HOUSE,HOUSE,Little Portugal,43.6477339,-79.4362653,3,1,2,1300.0,95.26,1368.17,194.94,775.39,240.02,421.05,293.79,1369.6,68,61,34,104,2502263,26022778,,84,84,Little Portugal,Little Portugal (84),Not an NIA or Emerging Neighbourhood,,17826385.0,Little Portugal
1649900.0,1649900.0,1649900.0,HOUSE,HOUSE,Weston Pellam Park,43.6762571,-79.4622753,4,1,5,2750.0,328.84,1991.5,70.51,256.48,737.63,282.25,497.81,2273.1,31,55,35,66,2502301,26022816,,91,91,Weston-Pelham Park,Weston-Pelham Park (91),Neighbourhood Improvement Area,NIA,17825777.0,Weston-Pelham Park
1699900.0,1699900.0,1699900.0,HOUSE,HOUSE,Lawrence Park South,43.7048216,-79.412259,3,0,3,1750.0,324.24,3031.24,425.36,735.15,98.29,149.0,118.66,1121.13,17,52,46,55,2502312,26022827,,103,103,Lawrence Park South,Lawrence Park South (103),Not an NIA or Emerging Neighbourhood,,17825601.0,Lawrence Park South
1649900.0,1649900.0,1649900.0,HOUSE,HOUSE,Eringate Centennial West Deane,43.6579601,-79.584404,3,0,4,1750.0,244.47,5625.66,239.69,245.63,362.47,351.89,839.4,4538.18,1,17,10,144,2502223,26022738,,11,11,Eringate-Centennial-West Deane,Eringate-Centennial-West Deane (11),Not an NIA or Emerging Neighbourhood,,17827025.0,Eringate-Centennial-West Deane
1669900.0,1669900.0,1669900.0,HOUSE,HOUSE,Yonge-St. Clair,43.6962717,-79.40235369999999,2,2,4,1750.0,481.06,2324.53,201.65,1166.15,561.8,509.03,529.27,447.12,31,59,47,61,2502306,26022821,,97,97,Yonge-St.Clair,Yonge-St.Clair (97),Not an NIA or Emerging Neighbourhood,,17825697.0,Yonge-St.Clair
1549900.0,1549900.0,1549900.0,HOUSE,HOUSE,Dovercourt Wallace Emerson Junction,43.6653717,-79.4312553,4,1,4,2250.0,354.31,1862.29,184.17,644.88,477.61,192.63,808.8,517.45,53,70,51,3,2502364,26022879,,172,172,Dovercourt Village,Dovercourt Village (172),Not an NIA or Emerging Neighbourhood,,17824769.0,Dovercourt Village
1549000.0,1549000.0,1549000.0,HOUSE,HOUSE,Little Portugal,43.6450732,-79.4265695,4,1,4,1300.0,211.43,678.94,252.12,646.71,273.91,279.87,186.13,1832.01,121,68,31,104,2502263,26022778,,84,84,Little Portugal,Little Portugal (84),Not an NIA or Emerging Neighbourhood,,17826385.0,Little Portugal
1690000.0,1690000.0,1690000.0,HOUSE,HOUSE,Yonge Eglinton,43.7105185,-79.4023847,4,0,4,1750.0,237.46,2486.83,205.07,328.16,225.15,282.54,271.52,518.29,70,55,37,58,2502309,26022824,,100,100,Yonge-Eglinton,Yonge-Eglinton (100),Not an NIA or Emerging Neighbourhood,,17825649.0,Yonge-Eglinton
1585000.0,1585000.0,1585000.0,HOUSE,HOUSE,Mount Pleasant East,43.7029884,-79.3750267,3,0,2,1300.0,250.29,1737.53,297.99,707.24,140.05,371.36,618.65,1875.9,35,44,33,59,2502308,26022823,,99,99,Mount Pleasant East,Mount Pleasant East (99),Not an NIA or Emerging Neighbourhood,,17825665.0,Mount Pleasant East
1599000.0,1599000.0,1599000.0,HOUSE,HOUSE,Dovercourt Wallace Emerson Junction,43.667021,-79.4354002,4,1,2,2250.0,43.99,1988.68,250.68,797.7,529.63,315.87,442.27,751.4,47,64,42,3,2502364,26022879,,172,172,Dovercourt Village,Dovercourt Village (172),Not an NIA or Emerging Neighbourhood,,17824769.0,Dovercourt Village
1695000.0,1695000.0,1695000.0,HOUSE,HOUSE,Dovercourt Wallace Emerson Junction,43.6606811,-79.438972,4,0,2,1750.0,201.51,2424.26,132.13,409.61,326.4,220.57,421.63,292.11,51,60,45,4,2502363,26022878,,171,171,Junction-Wallace Emerson,Junction-Wallace Emerson (171),Not an NIA or Emerging Neighbourhood,,17824785.0,Junction-Wallace Emerson
1519900.0,1519900.0,1519900.0,HOUSE,HOUSE,Corso Italia Davenport,43.6786097,-79.4501812,5,1,3,1750.0,439.85,2788.75,379.68,649.78,270.88,345.7,257.38,2248.21,45,54,37,65,2502302,26022817,,92,92,Corso Italia-Davenport,Corso Italia-Davenport (92),Not an NIA or Emerging Neighbourhood,,17825761.0,Corso Italia-Davenport
1690000.0,1690000.0,1690000.0,HOUSE,HOUSE,Mount Pleasant East,43.7159879,-79.3975247,4,0,1,1750.0,246.54,1950.48,282.91,880.56,539.62,416.27,241.97,1029.57,45,47,41,59,2502308,26022823,,99,99,Mount Pleasant East,Mount Pleasant East (99),Not an NIA or Emerging Neighbourhood,,17825665.0,Mount Pleasant East
1599000.0,1599000.0,1599000.0,HOUSE,HOUSE,Forest Hill North,43.7062443,-79.4180706,5,1,2,1750.0,192.72,2975.28,279.38,484.91,518.64,383.36,501.36,1568.4,19,54,46,56,2502311,26022826,,102,102,Forest Hill North,Forest Hill North (102),Not an NIA or Emerging Neighbourhood,,17825617.0,Forest Hill North
1599000.0,1599000.0,1599000.0,HOUSE,HOUSE,Willowdale West,43.651495,-79.4243825,3,1,3,1300.0,113.69,1051.35,120.48,526.44,306.49,299.86,258.51,1220.27,129,75,48,106,2502261,26022776,,81,81,Trinity-Bellwoods,Trinity-Bellwoods (81),Not an NIA or Emerging Neighbourhood,,17826417.0,Trinity-Bellwoods
1595000.0,1595000.0,1595000.0,HOUSE,HOUSE,Lawrence Park North,43.7290107,-79.4136547,2,1,2,900.0,129.37,1751.3,502.58,1060.42,341.87,754.17,344.39,945.9,47,37,28,54,2502313,26022828,,105,105,Lawrence Park North,Lawrence Park North (105),Not an NIA or Emerging Neighbourhood,,17825585.0,Lawrence Park North
1599000.0,1599000.0,1599000.0,HOUSE,HOUSE,Guildwood,43.6742026,-79.3738895,4,0,5,3250.0,441.1,1218.0,303.32,747.54,325.88,341.85,323.35,293.5,33,81,46,60,2502307,26022822,,98,98,Rosedale-Moore Park,Rosedale-Moore Park (98),Not an NIA or Emerging Neighbourhood,,17825681.0,Rosedale-Moore Park
1600000.0,1600000.0,1600000.0,HOUSE,HOUSE,Dovercourt Wallace Emerson Junction,43.6694216,-79.4311101,5,2,7,1750.0,105.08,1552.54,157.57,613.89,881.63,260.16,648.33,872.47,40,64,48,3,2502364,26022879,,172,172,Dovercourt Village,Dovercourt Village (172),Not an NIA or Emerging Neighbourhood,,17824769.0,Dovercourt Village
1589990.0,1589990.0,1589990.0,HOUSE,HOUSE,Palmerston Little Italy,43.6587384,-79.420177,4,1,3,1750.0,107.44,1318.76,159.76,401.24,438.34,461.08,510.26,613.85,135,70,58,79,2502288,26022803,,80,80,Palmerston-Little Italy,Palmerston-Little Italy (80),Not an NIA or Emerging Neighbourhood,,17825985.0,Palmerston-Little Italy
1699000.0,1699000.0,1699000.0,HOUSE,HOUSE,Lawrence Park South,43.7166298,-79.417792,3,0,2,1300.0,528.25,2043.93,147.22,1239.88,891.38,663.15,752.93,1638.0,7,49,40,55,2502312,26022827,,103,103,Lawrence Park South,Lawrence Park South (103),Not an NIA or Emerging Neighbourhood,,17825601.0,Lawrence Park South
1659000.0,1659000.0,1659000.0,HOUSE,HOUSE,High Park Swansea,43.6474208,-79.4759939,3,0,2,1300.0,392.4,1942.21,392.83,150.39,398.22,370.31,425.91,476.11,32,49,22,101,2502266,26022781,,87,87,High Park-Swansea,High Park-Swansea (87),Not an NIA or Emerging Neighbourhood,,17826337.0,High Park-Swansea
1749000.0,1749000.0,1749000.0,HOUSE,HOUSE,Rosedale Moore Park,43.6940582,-79.3809801,3,0,2,1750.0,539.34,2791.45,119.43,1100.15,822.63,962.61,867.97,1227.27,7,54,34,60,2502307,26022822,,98,98,Rosedale-Moore Park,Rosedale-Moore Park (98),Not an NIA or Emerging Neighbourhood,,17825681.0,Rosedale-Moore Park
1799000.0,1799000.0,1799000.0,HOUSE,HOUSE,Forest Hill South,43.6972424,-79.4160178,4,1,4,1750.0,266.46,2177.41,251.47,680.83,793.92,689.1,776.72,1362.11,18,53,35,57,2502310,26022825,,101,101,Forest Hill South,Forest Hill South (101),Not an NIA or Emerging Neighbourhood,,17825633.0,Forest Hill South
1900000.0,1900000.0,1900000.0,HOUSE,HOUSE,Yonge Eglinton,43.7115229,-79.4020953,3,1,4,2250.0,123.38,2426.77,119.23,409.38,203.65,220.55,234.99,600.61,65,56,36,58,2502309,26022824,,100,100,Yonge-Eglinton,Yonge-Eglinton (100),Not an NIA or Emerging Neighbourhood,,17825649.0,Yonge-Eglinton
1949000.0,1949000.0,1949000.0,HOUSE,HOUSE,Lawrence Park North,43.7253202,-79.411955,3,1,3,1300.0,365.33,1952.32,249.66,820.7,380.38,464.05,379.93,770.36,25,39,33,54,2502313,26022828,,105,105,Lawrence Park North,Lawrence Park North (105),Not an NIA or Emerging Neighbourhood,,17825585.0,Lawrence Park North
1799000.0,1799000.0,1799000.0,HOUSE,HOUSE,Rosedale Moore Park,43.6864676,-79.3734568,6,0,3,2750.0,274.23,2480.94,187.97,1543.62,1168.29,236.47,154.79,1470.61,0,57,27,60,2502307,26022822,,98,98,Rosedale-Moore Park,Rosedale-Moore Park (98),Not an NIA or Emerging Neighbourhood,,17825681.0,Rosedale-Moore Park
1950000.0,1950000.0,1950000.0,HOUSE,HOUSE,Yonge St Clair,43.6857241,-79.3996723,6,0,3,2750.0,159.77,1558.56,160.31,666.68,176.05,500.79,104.99,540.69,32,75,42,61,2502306,26022821,,97,97,Yonge-St.Clair,Yonge-St.Clair (97),Not an NIA or Emerging Neighbourhood,,17825697.0,Yonge-St.Clair
1749900.0,1749900.0,1749900.0,HOUSE,HOUSE,Cabbagetown South St James Town,43.6648434,-79.3608029,3,1,4,2250.0,246.71,529.1,198.99,627.84,482.45,473.22,475.02,1168.67,63,94,53,85,2502282,26022797,,71,71,Cabbagetown-South St.James Town,Cabbagetown-South St.James Town (71),Not an NIA or Emerging Neighbourhood,,17826081.0,Cabbagetown-South St.James Town
1999900.0,1999900.0,1999900.0,HOUSE,HOUSE,North Riverdale,43.6673427,-79.3505812,3,0,3,1750.0,211.87,338.78,333.07,271.44,246.54,208.38,172.43,1220.3,37,75,35,88,2502279,26022794,,68,68,North Riverdale,North Riverdale (68),Not an NIA or Emerging Neighbourhood,,17826129.0,North Riverdale
1980000.0,1980000.0,1980000.0,HOUSE,HOUSE,South Riverdale,43.6599041,-79.3356918,4,1,5,1750.0,227.48,1680.22,400.61,682.26,263.44,222.92,415.91,2345.9,38,56,18,86,2502281,26022796,,70,70,South Riverdale,South Riverdale (70),Not an NIA or Emerging Neighbourhood,,17826097.0,South Riverdale
1849000.0,1849000.0,1849000.0,HOUSE,HOUSE,The Beaches,43.6721298,-79.2994985,3,0,2,1750.0,240.05,2846.88,214.08,239.06,209.46,226.47,203.35,1888.92,35,48,27,93,2502274,26022789,,63,63,The Beaches,The Beaches (63),Not an NIA or Emerging Neighbourhood,,17826209.0,The Beaches
1987500.0,1987500.0,1987500.0,HOUSE,HOUSE,Roncesvalles,43.6443737,-79.4383813,3,1,2,2250.0,183.37,1026.95,152.06,576.01,466.52,432.79,458.08,1676.65,81,53,26,102,2502265,26022780,,86,86,Roncesvalles,Roncesvalles (86),Not an NIA or Emerging Neighbourhood,,17826353.0,Roncesvalles
1895000.0,1895000.0,1895000.0,HOUSE,HOUSE,Dovercourt Wallace Emerson Junction,43.6665706,-79.4229844,4,0,4,2250.0,68.66,1371.54,275.18,729.71,552.6,439.6,295.74,459.6,89,71,56,3,2502364,26022879,,172,172,Dovercourt Village,Dovercourt Village (172),Not an NIA or Emerging Neighbourhood,,17824769.0,Dovercourt Village
1995000.0,1995000.0,1995000.0,HOUSE,HOUSE,Lawrence Park South,43.7244795,-79.3968288,4,0,3,1750.0,461.54,1858.29,365.06,398.75,540.97,497.89,473.3,498.98,16,39,33,55,2502312,26022827,,103,103,Lawrence Park South,Lawrence Park South (103),Not an NIA or Emerging Neighbourhood,,17825601.0,Lawrence Park South
1849900.0,1849900.0,1849900.0,HOUSE,HOUSE,University,43.6621945,-79.4033948,4,0,2,1300.0,379.71,481.35,271.47,616.77,513.17,348.25,458.9,713.45,214,93,76,80,2502287,26022802,,79,79,University,University (79),Not an NIA or Emerging Neighbourhood,,17826001.0,University
1999999.0,1999999.0,1999999.0,HOUSE,HOUSE,The Beaches,43.6774515,-79.3015889,3,0,4,1750.0,391.26,2334.8,238.79,684.32,812.4,818.11,350.39,1289.57,29,54,33,93,2502274,26022789,,63,63,The Beaches,The Beaches (63),Not an NIA or Emerging Neighbourhood,,17826209.0,The Beaches
1780000.0,1780000.0,1780000.0,HOUSE,HOUSE,Lawrence Park North,43.7288256,-79.4041825,4,1,2,1300.0,150.18,2512.47,217.21,479.98,67.11,345.28,238.51,307.77,17,42,25,54,2502313,26022828,,105,105,Lawrence Park North,Lawrence Park North (105),Not an NIA or Emerging Neighbourhood,,17825585.0,Lawrence Park North
1749000.0,1749000.0,1749000.0,HOUSE,HOUSE,Dovercourt Wallace Emerson Junction,43.6643292,-79.4313013,4,3,4,1750.0,302.09,1951.37,204.88,535.87,368.49,308.06,847.35,454.94,58,71,49,3,2502364,26022879,,172,172,Dovercourt Village,Dovercourt Village (172),Not an NIA or Emerging Neighbourhood,,17824769.0,Dovercourt Village
1750000.0,1750000.0,1750000.0,HOUSE,HOUSE,Lawrence Park South,43.7141134,-79.4032784,4,0,3,1750.0,205.31,2442.52,271.61,710.73,451.5,323.09,268.41,900.97,44,55,37,55,2502312,26022827,,103,103,Lawrence Park South,Lawrence Park South (103),Not an NIA or Emerging Neighbourhood,,17825601.0,Lawrence Park South
1750000.0,1750000.0,1750000.0,HOUSE,HOUSE,Mount Pleasant West,43.7049169,-79.391151,3,0,2,1750.0,228.7,2077.23,104.44,260.72,176.04,177.24,234.54,630.71,89,52,38,1,2502366,26022881,,174,174,South Eglinton-Davisville,South Eglinton-Davisville (174),Not an NIA or Emerging Neighbourhood,,17824737.0,South Eglinton-Davisville
1999900.0,1999900.0,1999900.0,HOUSE,HOUSE,Corso Italia Davenport,43.6768772,-79.440757,4,1,3,2250.0,237.02,2030.79,200.8,133.75,225.37,129.2,729.95,1897.18,55,59,36,65,2502302,26022817,,92,92,Corso Italia-Davenport,Corso Italia-Davenport (92),Not an NIA or Emerging Neighbourhood,,17825761.0,Corso Italia-Davenport
1999900.0,1999900.0,1999900.0,HOUSE,HOUSE,High Park Swansea,43.6421126,-79.4797025,4,1,2,2250.0,275.96,2408.32,66.36,625.95,864.07,860.56,959.5,929.73,20,44,14,101,2502266,26022781,,87,87,High Park-Swansea,High Park-Swansea (87),Not an NIA or Emerging Neighbourhood,,17826337.0,High Park-Swansea
1749000.0,1749000.0,1749000.0,HOUSE,HOUSE,Wychwood,43.6794169,-79.4336432,5,0,2,2250.0,235.72,1469.76,257.99,683.92,135.7,106.2,183.36,1599.93,64,63,35,64,2502303,26022818,,94,94,Wychwood,Wychwood (94),Not an NIA or Emerging Neighbourhood,,17825745.0,Wychwood
1990000.0,1990000.0,1990000.0,HOUSE,HOUSE,High Park Swansea,43.6420865,-79.450713,4,0,4,2250.0,178.01,203.97,476.45,369.49,336.93,278.49,275.35,1660.27,41,43,21,101,2502266,26022781,,87,87,High Park-Swansea,High Park-Swansea (87),Not an NIA or Emerging Neighbourhood,,17826337.0,High Park-Swansea
1850000.0,1850000.0,1850000.0,HOUSE,HOUSE,Greenwood Coxwell,43.6685312,-79.3204392,5,0,4,2250.0,287.01,2407.95,349.2,454.37,486.2,318.14,420.62,1748.66,29,52,29,91,2502276,26022791,,65,65,Greenwood-Coxwell,Greenwood-Coxwell (65),Not an NIA or Emerging Neighbourhood,,17826177.0,Greenwood-Coxwell
1988000.0,1988000.0,1988000.0,HOUSE,HOUSE,Bedford Park Nortown,43.7212902,-79.4192054,5,0,4,2250.0,370.21,1615.52,261.41,1042.25,418.19,276.37,355.11,1457.38,13,43,36,114,2502253,26022768,,39,39,Bedford Park-Nortown,Bedford Park-Nortown (39),Not an NIA or Emerging Neighbourhood,,17826545.0,Bedford Park-Nortown
1799000.0,1799000.0,1799000.0,HOUSE,HOUSE,Blake Jones,43.6773457,-79.3435274,3,0,3,1300.0,247.87,1509.63,293.6,165.47,194.32,188.68,228.04,307.05,67,58,40,87,2502280,26022795,,69,69,Blake-Jones,Blake-Jones (69),Not an NIA or Emerging Neighbourhood,,17826113.0,Blake-Jones
1799000.0,1799000.0,1799000.0,HOUSE,HOUSE,Dovercourt Wallace Emerson Junction,43.6704388,-79.4220686,3,2,5,1750.0,246.13,960.25,271.12,685.95,870.86,809.19,161.5,763.54,71,74,53,3,2502364,26022879,,172,172,Dovercourt Village,Dovercourt Village (172),Not an NIA or Emerging Neighbourhood,,17824769.0,Dovercourt Village
1795000.0,1795000.0,1795000.0,HOUSE,HOUSE,Cabbagetown South St James Town,43.6657462,-79.3642351,3,0,2,1750.0,143.87,780.34,374.33,531.8,319.26,339.17,362.51,944.88,54,98,56,85,2502282,26022797,,71,71,Cabbagetown-South St.James Town,Cabbagetown-South St.James Town (71),Not an NIA or Emerging Neighbourhood,,17826081.0,Cabbagetown-South St.James Town
1799999.0,1799999.0,1799999.0,HOUSE,HOUSE,Corso Italia Davenport,43.6790085,-79.4499019,6,1,5,1750.0,408.44,2768.34,428.54,642.17,300.0,355.05,228.39,2285.28,45,55,36,65,2502302,26022817,,92,92,Corso Italia-Davenport,Corso Italia-Davenport (92),Not an NIA or Emerging Neighbourhood,,17825761.0,Corso Italia-Davenport
1725000.0,1725000.0,1725000.0,HOUSE,HOUSE,East End Danforth,43.6873721,-79.3086364,4,1,3,2250.0,55.82,1340.79,59.24,859.39,372.66,101.71,256.22,337.92,25,60,35,94,2502273,26022788,,62,62,East End-Danforth,East End-Danforth (62),Not an NIA or Emerging Neighbourhood,,17826225.0,East End-Danforth
1999000.0,1999000.0,1999000.0,HOUSE,HOUSE,Cabbagetown South St James Town,43.6669136,-79.3632015,2,0,3,2750.0,102.66,696.77,288.09,685.84,455.02,435.74,483.91,870.11,53,94,54,85,2502282,26022797,,71,71,Cabbagetown-South St.James Town,Cabbagetown-South St.James Town (71),Not an NIA or Emerging Neighbourhood,,17826081.0,Cabbagetown-South St.James Town
1799000.0,1799000.0,1799000.0,HOUSE,HOUSE,Greenwood Coxwell,43.6706659,-79.3192426,5,1,5,2750.0,230.56,2191.59,140.48,299.96,236.54,222.36,248.28,1530.46,27,52,30,91,2502276,26022791,,65,65,Greenwood-Coxwell,Greenwood-Coxwell (65),Not an NIA or Emerging Neighbourhood,,17826177.0,Greenwood-Coxwell
1999000.0,1999000.0,1999000.0,HOUSE,HOUSE,Wychwood,43.6778476,-79.4277973,4,1,3,1750.0,263.55,986.88,261.28,366.45,399.55,417.42,467.64,1281.33,58,73,42,64,2502303,26022818,,94,94,Wychwood,Wychwood (94),Not an NIA or Emerging Neighbourhood,,17825745.0,Wychwood
1798000.0,1798000.0,1798000.0,HOUSE,HOUSE,South Riverdale,43.6668231,-79.3354103,3,1,4,1300.0,247.77,1542.09,304.1,118.46,270.49,259.42,253.45,1590.87,53,66,31,86,2502281,26022796,,70,70,South Riverdale,South Riverdale (70),Not an NIA or Emerging Neighbourhood,,17826097.0,South Riverdale
1799000.0,1799000.0,1799000.0,HOUSE,HOUSE,High Park-Swansea,43.6406809,-79.47796819999999,3,1,3,1750.0,341.62,2261.14,177.46,767.2,1059.66,922.5,1118.12,1130.76,0,42,16,101,2502266,26022781,,87,87,High Park-Swansea,High Park-Swansea (87),Not an NIA or Emerging Neighbourhood,,17826337.0,High Park-Swansea
1799999.0,1799999.0,1799999.0,HOUSE,HOUSE,The Beaches,43.675165,-79.28272,3,1,3,1750.0,349.65,3770.95,354.73,1386.57,617.91,612.86,329.57,2165.51,23,27,19,93,2502274,26022789,,63,63,The Beaches,The Beaches (63),Not an NIA or Emerging Neighbourhood,,17826209.0,The Beaches
1790000.0,1790000.0,1790000.0,HOUSE,HOUSE,The Beaches,43.6709286,-79.3052004,3,1,2,1750.0,338.61,2643.21,382.63,548.13,327.92,329.6,239.6,1822.46,27,48,28,93,2502274,26022789,,63,63,The Beaches,The Beaches (63),Not an NIA or Emerging Neighbourhood,,17826209.0,The Beaches
1758888.0,1758888.0,1758888.0,HOUSE,HOUSE,Lawrence Park North,43.7296018,-79.4159181,3,0,2,1300.0,320.8,1567.06,419.4,1168.6,220.61,642.49,187.3,1139.22,36,39,29,54,2502313,26022828,,105,105,Lawrence Park North,Lawrence Park North (105),Not an NIA or Emerging Neighbourhood,,17825585.0,Lawrence Park North
1999900.0,1999900.0,1999900.0,HOUSE,HOUSE,Annex,43.6678103,-79.4164102,3,1,4,1750.0,103.84,1097.94,270.07,351.43,421.21,400.23,361.07,441.75,115,83,60,63,2502304,26022819,,95,95,Annex,Annex (95),Not an NIA or Emerging Neighbourhood,,17825729.0,Annex
1999000.0,1999000.0,1999000.0,HOUSE,HOUSE,Mount Pleasant East,43.7083475,-79.3870061,4,1,4,2750.0,96.63,1571.11,372.64,497.06,213.79,171.8,215.85,946.26,77,49,37,59,2502308,26022823,,99,99,Mount Pleasant East,Mount Pleasant East (99),Not an NIA or Emerging Neighbourhood,,17825665.0,Mount Pleasant East
1788000.0,1788000.0,1788000.0,HOUSE,HOUSE,Lawrence Park North,43.7288297,-79.4058683,3,0,3,1300.0,212.29,2377.15,156.1,549.42,200.11,406.31,313.36,387.95,22,39,25,54,2502313,26022828,,105,105,Lawrence Park North,Lawrence Park North (105),Not an NIA or Emerging Neighbourhood,,17825585.0,Lawrence Park North
1948000.0,1948000.0,1948000.0,HOUSE,HOUSE,Rosedale Moore Park,43.6904074,-79.3822286,3,2,3,1300.0,380.41,2815.03,82.66,842.93,880.64,675.0,702.67,961.53,6,58,31,60,2502307,26022822,,98,98,Rosedale-Moore Park,Rosedale-Moore Park (98),Not an NIA or Emerging Neighbourhood,,17825681.0,Rosedale-Moore Park
1899000.0,1899000.0,1899000.0,HOUSE,HOUSE,Lawrence Park North,43.7296284,-79.4087297,3,0,3,1750.0,280.36,2144.52,323.83,769.69,410.46,461.85,547.35,621.03,32,37,27,54,2502313,26022828,,105,105,Lawrence Park North,Lawrence Park North (105),Not an NIA or Emerging Neighbourhood,,17825585.0,Lawrence Park North
1928000.0,1928000.0,1928000.0,HOUSE,HOUSE,Junction Area,43.6634265,-79.4786219,4,1,3,1750.0,432.81,224.12,98.27,985.54,718.1,411.79,577.86,1320.62,51,56,34,67,2502300,26022815,,90,90,Junction Area,Junction Area (90),Not an NIA or Emerging Neighbourhood,,17825793.0,Junction Area
1995000.0,1995000.0,1995000.0,HOUSE,HOUSE,Lawrence Park South,43.7151961,-79.4172404,4,0,3,1750.0,639.98,2191.0,257.74,1345.98,944.4,814.3,901.83,1716.36,4,49,41,55,2502312,26022827,,103,103,Lawrence Park South,Lawrence Park South (103),Not an NIA or Emerging Neighbourhood,,17825601.0,Lawrence Park South
1949000.0,1949000.0,1949000.0,HOUSE,HOUSE,High Park North,43.6577889,-79.45396,4,1,4,1750.0,238.99,1966.16,150.97,941.69,161.22,171.38,127.79,120.2,49,54,39,100,2502267,26022782,,88,88,High Park North,High Park North (88),Not an NIA or Emerging Neighbourhood,,17826321.0,High Park North
1899900.0,1899900.0,1899900.0,HOUSE,HOUSE,East End Danforth,43.6838353,-79.3047646,4,1,4,2250.0,472.98,1757.79,132.05,429.17,585.0,400.3,391.83,632.97,25,62,39,94,2502273,26022788,,62,62,East End-Danforth,East End-Danforth (62),Not an NIA or Emerging Neighbourhood,,17826225.0,East End-Danforth
1998000.0,1998000.0,1998000.0,HOUSE,HOUSE,Lawrence Park North,43.7316194,-79.4025987,5,0,3,1750.0,318.99,2512.08,328.53,752.41,125.35,160.15,440.03,586.2,17,35,23,54,2502313,26022828,,105,105,Lawrence Park North,Lawrence Park North (105),Not an NIA or Emerging Neighbourhood,,17825585.0,Lawrence Park North
1799900.0,1799900.0,1799900.0,HOUSE,HOUSE,Lawrence Park North,43.7289329,-79.4005875,3,0,2,900.0,128.59,2256.59,62.09,460.4,225.54,376.42,311.89,324.93,17,41,25,54,2502313,26022828,,105,105,Lawrence Park North,Lawrence Park North (105),Not an NIA or Emerging Neighbourhood,,17825585.0,Lawrence Park North
1875000.0,1875000.0,1875000.0,HOUSE,HOUSE,Junction Area,43.6768462,-79.4733973,3,1,4,1750.0,409.96,1500.57,304.39,1055.82,568.23,402.17,467.23,2608.67,18,55,32,67,2502300,26022815,,90,90,Junction Area,Junction Area (90),Not an NIA or Emerging Neighbourhood,,17825793.0,Junction Area
1999999.0,1999999.0,1999999.0,HOUSE,HOUSE,Bridle Path Sunnybrook York Mills,43.6325213,-79.4935272,4,0,4,1750.0,346.71,3619.53,277.35,306.27,941.15,476.94,1028.05,1925.29,11,46,22,140,2502227,26022742,,16,16,Stonegate-Queensway,Stonegate-Queensway (16),Not an NIA or Emerging Neighbourhood,,17826961.0,Stonegate-Queensway
1999900.0,1999900.0,1999900.0,HOUSE,HOUSE,Yonge Eglinton,43.7050171,-79.4010407,4,2,3,2250.0,158.84,2676.89,308.31,372.2,224.76,304.7,260.11,277.37,79,52,40,58,2502309,26022824,,100,100,Yonge-Eglinton,Yonge-Eglinton (100),Not an NIA or Emerging Neighbourhood,,17825649.0,Yonge-Eglinton
1948880.0,1948880.0,1948880.0,HOUSE,HOUSE,Trinity Bellwoods,43.6489448,-79.407667,5,0,2,1750.0,153.27,533.25,334.58,395.41,498.31,305.52,516.33,1691.53,277,85,49,106,2502261,26022776,,81,81,Trinity-Bellwoods,Trinity-Bellwoods (81),Not an NIA or Emerging Neighbourhood,,17826417.0,Trinity-Bellwoods
1945000.0,1945000.0,1945000.0,HOUSE,HOUSE,High Park Swansea,43.6458848,-79.4823511,1,1,2,900.0,389.29,2074.3,78.14,408.28,411.31,393.91,608.05,464.29,28,46,19,101,2502266,26022781,,87,87,High Park-Swansea,High Park-Swansea (87),Not an NIA or Emerging Neighbourhood,,17826337.0,High Park-Swansea
1868000.0,1868000.0,1868000.0,HOUSE,HOUSE,Palmerston Little Italy,43.6601031,-79.415491,3,3,3,1750.0,164.64,1091.3,205.35,567.25,480.88,457.11,415.05,502.81,177,62,65,79,2502288,26022803,,80,80,Palmerston-Little Italy,Palmerston-Little Italy (80),Not an NIA or Emerging Neighbourhood,,17825985.0,Palmerston-Little Italy
1849000.0,1849000.0,1849000.0,HOUSE,HOUSE,Junction Area,43.6634593,-79.4679969,3,0,3,2250.0,354.78,1050.01,440.14,131.03,214.58,234.53,102.03,1070.52,47,52,35,67,2502300,26022815,,90,90,Junction Area,Junction Area (90),Not an NIA or Emerging Neighbourhood,,17825793.0,Junction Area
1789000.0,1789000.0,1789000.0,HOUSE,HOUSE,Rosedale Moore Park,43.6920288,-79.3841928,3,1,3,1300.0,550.61,2983.36,169.23,761.84,798.33,861.37,657.58,888.4,19,54,35,60,2502307,26022822,,98,98,Rosedale-Moore Park,Rosedale-Moore Park (98),Not an NIA or Emerging Neighbourhood,,17825681.0,Rosedale-Moore Park
1849000.0,1849000.0,1849000.0,HOUSE,HOUSE,Palmerston Little Italy,43.6580657,-79.4230271,3,0,2,1300.0,83.31,1500.55,400.46,398.31,444.84,471.55,486.28,548.23,131,71,53,79,2502288,26022803,,80,80,Palmerston-Little Italy,Palmerston-Little Italy (80),Not an NIA or Emerging Neighbourhood,,17825985.0,Palmerston-Little Italy
1849000.0,1849000.0,1849000.0,HOUSE,HOUSE,South Parkdale,43.6340315,-79.4321157,3,1,3,1750.0,377.42,167.35,66.4,806.03,809.5,498.64,488.82,2917.94,40,45,12,103,2502264,26022779,,85,85,South Parkdale,South Parkdale (85),Neighbourhood Improvement Area,NIA,17826369.0,South Parkdale
1799000.0,1799000.0,1799000.0,HOUSE,HOUSE,The Beaches,43.6683001,-79.3016215,3,0,3,1300.0,90.8,3050.25,118.26,323.03,388.16,174.98,365.72,2199.97,27,40,23,93,2502274,26022789,,63,63,The Beaches,The Beaches (63),Not an NIA or Emerging Neighbourhood,,17826209.0,The Beaches
1995000.0,1995000.0,1995000.0,HOUSE,HOUSE,Islington-City Centre West,43.6251486,-79.5202462,3,2,6,2250.0,418.18,3771.98,193.53,2404.4,269.97,436.69,332.32,1852.2,17,24,12,47,2502320,26022835,,159,159,Etobicoke City Centre,Etobicoke City Centre (159),Not an NIA or Emerging Neighbourhood,,17825473.0,Etobicoke City Centre
1999999.0,1999999.0,1999999.0,HOUSE,HOUSE,Danforth Village-East York,43.6870286,-79.3382408,3,2,5,2250.0,382.89,1118.3,326.88,892.31,768.13,708.33,744.15,668.4,50,49,34,97,2502270,26022785,,59,59,Danforth East York,Danforth East York (59),Not an NIA or Emerging Neighbourhood,,17826273.0,Danforth East York
1799000.0,1799000.0,1799000.0,HOUSE,HOUSE,Dovercourt Wallace Emerson Junction,43.6649582,-79.4305119,3,1,3,1300.0,385.26,1856.94,244.82,626.2,415.05,250.09,880.0,442.1,55,70,51,3,2502364,26022879,,172,172,Dovercourt Village,Dovercourt Village (172),Not an NIA or Emerging Neighbourhood,,17824769.0,Dovercourt Village
1795000.0,1795000.0,0.0,HOUSE,HOUSE,Yonge Eglinton,43.7109849,-79.4091763,3,0,3,1750.0,337.54,2977.01,457.27,813.85,740.11,718.27,804.65,973.29,51,52,44,58,2502309,26022824,,100,100,Yonge-Eglinton,Yonge-Eglinton (100),Not an NIA or Emerging Neighbourhood,,17825649.0,Yonge-Eglinton
2449000.0,2449000.0,2449000.0,HOUSE,HOUSE,Yonge-Eglinton,43.7108932,-79.40137279999999,3,1,5,2250.0,193.97,2395.97,125.05,321.28,137.8,215.35,186.91,511.81,67,56,37,58,2502309,26022824,,100,100,Yonge-Eglinton,Yonge-Eglinton (100),Not an NIA or Emerging Neighbourhood,,17825649.0,Yonge-Eglinton
2250000.0,2250000.0,2250000.0,HOUSE,HOUSE,Mount Pleasant East,43.7103636,-79.3825804,3,1,5,1750.0,488.87,1167.97,223.85,842.81,467.34,457.93,334.15,1346.38,47,45,37,59,2502308,26022823,,99,99,Mount Pleasant East,Mount Pleasant East (99),Not an NIA or Emerging Neighbourhood,,17825665.0,Mount Pleasant East
2199000.0,2199000.0,2199000.0,HOUSE,HOUSE,The Beaches,43.6715436,-79.3013632,5,0,4,2250.0,224.47,2788.62,341.78,281.4,297.42,179.16,278.64,1885.27,29,47,27,93,2502274,26022789,,63,63,The Beaches,The Beaches (63),Not an NIA or Emerging Neighbourhood,,17826209.0,The Beaches
2175000.0,2175000.0,2175000.0,HOUSE,HOUSE,Lawrence Park South,43.7110897,-79.4130896,4,0,2,1750.0,185.52,2754.32,463.34,1114.96,784.23,840.64,807.6,1262.35,17,55,49,55,2502312,26022827,,103,103,Lawrence Park South,Lawrence Park South (103),Not an NIA or Emerging Neighbourhood,,17825601.0,Lawrence Park South
2395000.0,2395000.0,2395000.0,HOUSE,HOUSE,Mount Pleasant East,43.711742,-79.382616,3,2,4,2250.0,565.58,1054.45,142.13,974.43,408.36,405.08,329.65,1397.03,35,45,40,59,2502308,26022823,,99,99,Mount Pleasant East,Mount Pleasant East (99),Not an NIA or Emerging Neighbourhood,,17825665.0,Mount Pleasant East
2499900.0,2499900.0,2499900.0,HOUSE,HOUSE,Lawrence Park South,43.7202403,-79.3946397,5,1,4,2250.0,414.01,1696.78,172.98,770.43,989.62,550.75,534.48,926.1,14,44,39,55,2502312,26022827,,103,103,Lawrence Park South,Lawrence Park South (103),Not an NIA or Emerging Neighbourhood,,17825601.0,Lawrence Park South
2359000.0,2359000.0,2359000.0,HOUSE,HOUSE,Yonge St Clair,43.6939992,-79.3996528,4,0,4,1300.0,324.51,2220.13,364.05,833.44,655.44,431.35,539.98,477.17,38,61,43,61,2502306,26022821,,97,97,Yonge-St.Clair,Yonge-St.Clair (97),Not an NIA or Emerging Neighbourhood,,17825697.0,Yonge-St.Clair
2349000.0,2349000.0,2349000.0,HOUSE,HOUSE,The Beaches,43.6686478,-79.3104513,4,1,5,2250.0,122.21,2638.52,213.76,976.5,231.81,209.95,350.99,1983.22,28,46,24,93,2502274,26022789,,63,63,The Beaches,The Beaches (63),Not an NIA or Emerging Neighbourhood,,17826209.0,The Beaches
2075000.0,2075000.0,2075000.0,HOUSE,HOUSE,High Park Swansea,43.6481034,-79.4503053,3,1,2,1300.0,238.36,862.19,468.41,350.22,278.8,414.68,304.0,1006.59,41,45,28,101,2502266,26022781,,87,87,High Park-Swansea,High Park-Swansea (87),Not an NIA or Emerging Neighbourhood,,17826337.0,High Park-Swansea
2498000.0,2498000.0,2498000.0,HOUSE,HOUSE,Lawrence Park North,43.7332979,-79.4017181,3,1,4,1750.0,309.77,2527.75,266.07,936.03,278.52,223.44,305.54,775.15,18,34,23,54,2502313,26022828,,105,105,Lawrence Park North,Lawrence Park North (105),Not an NIA or Emerging Neighbourhood,,17825585.0,Lawrence Park North
2285000.0,2285000.0,2285000.0,HOUSE,HOUSE,Rosedale Moore Park,43.6870246,-79.3743971,4,0,2,1750.0,322.0,2520.23,104.09,1460.11,1120.07,189.01,99.65,1425.1,0,56,27,60,2502307,26022822,,98,98,Rosedale-Moore Park,Rosedale-Moore Park (98),Not an NIA or Emerging Neighbourhood,,17825681.0,Rosedale-Moore Park
2349000.0,2349000.0,2349000.0,HOUSE,HOUSE,The Beaches,43.6721348,-79.294588,4,2,4,2250.0,226.91,3142.21,152.86,385.59,193.52,95.16,91.46,1963.57,36,40,22,93,2502274,26022789,,63,63,The Beaches,The Beaches (63),Not an NIA or Emerging Neighbourhood,,17826209.0,The Beaches
2495000.0,2495000.0,2495000.0,HOUSE,HOUSE,Lawrence Park South,43.7260989,-79.3960241,4,1,2,1750.0,390.6,1821.63,369.17,480.43,533.08,536.81,536.88,519.05,15,42,28,55,2502312,26022827,,103,103,Lawrence Park South,Lawrence Park South (103),Not an NIA or Emerging Neighbourhood,,17825601.0,Lawrence Park South
2500000.0,2500000.0,2500000.0,HOUSE,HOUSE,Dovercourt Wallace Emerson Junction,43.6648232,-79.4425418,6,2,8,700.0,310.77,2599.82,272.16,578.49,321.39,294.9,332.04,635.43,49,56,44,4,2502363,26022878,,171,171,Junction-Wallace Emerson,Junction-Wallace Emerson (171),Not an NIA or Emerging Neighbourhood,,17824785.0,Junction-Wallace Emerson
2495000.0,2495000.0,2495000.0,HOUSE,HOUSE,Little Portugal,43.6448354,-79.4270748,3,1,4,2250.0,194.23,709.3,205.43,598.69,240.99,264.41,157.72,1841.26,121,66,31,104,2502263,26022778,,84,84,Little Portugal,Little Portugal (84),Not an NIA or Emerging Neighbourhood,,17826385.0,Little Portugal
2499000.0,2499000.0,2499000.0,HOUSE,HOUSE,St Andrew Windfields,43.7519082,-79.3957631,5,3,5,2750.0,330.35,3288.68,318.75,2352.96,451.89,1050.81,962.49,1204.88,1,42,27,113,2502254,26022769,,40,40,St.Andrew-Windfields,St.Andrew-Windfields (40),Not an NIA or Emerging Neighbourhood,,17826529.0,St.Andrew-Windfields
2295000.0,2295000.0,2295000.0,HOUSE,HOUSE,Mount Pleasant East,43.6991668,-79.3828973,4,2,4,2250.0,50.68,2286.06,160.45,681.98,884.01,914.13,698.68,1165.19,41,56,37,59,2502308,26022823,,99,99,Mount Pleasant East,Mount Pleasant East (99),Not an NIA or Emerging Neighbourhood,,17825665.0,Mount Pleasant East
2350000.0,2350000.0,2350000.0,HOUSE,HOUSE,High Park North,43.6598596,-79.4770988,5,1,2,2250.0,222.18,603.83,297.14,924.31,944.1,675.12,841.58,911.33,48,52,32,100,2502267,26022782,,88,88,High Park North,High Park North (88),Not an NIA or Emerging Neighbourhood,,17826321.0,High Park North
2199900.0,2199900.0,2199900.0,HOUSE,HOUSE,South Riverdale,43.666733,-79.3308746,5,2,3,2250.0,131.36,1906.53,245.6,304.17,584.89,431.21,450.69,1683.79,51,63,31,86,2502281,26022796,,70,70,South Riverdale,South Riverdale (70),Not an NIA or Emerging Neighbourhood,,17826097.0,South Riverdale
2295000.0,2295000.0,2295000.0,HOUSE,HOUSE,Mount Pleasant West,43.7030317,-79.3939139,4,0,3,2250.0,250.3,2382.09,236.83,471.56,288.17,482.18,275.8,558.59,86,50,42,1,2502366,26022881,,174,174,South Eglinton-Davisville,South Eglinton-Davisville (174),Not an NIA or Emerging Neighbourhood,,17824737.0,South Eglinton-Davisville
2300000.0,2300000.0,2300000.0,HOUSE,HOUSE,University,43.6585128,-79.40241979999999,2,0,2,1750.0,63.87,260.57,171.65,329.55,132.62,147.39,135.88,992.22,291,82,80,80,2502287,26022802,,79,79,University,University (79),Not an NIA or Emerging Neighbourhood,,17826001.0,University
2200000.0,2200000.0,2200000.0,HOUSE,HOUSE,Yonge Eglinton,43.6981525,-79.3985524,4,0,3,2750.0,315.95,2655.86,114.45,1054.01,198.86,146.38,177.07,104.24,46,50,46,58,2502309,26022824,,100,100,Yonge-Eglinton,Yonge-Eglinton (100),Not an NIA or Emerging Neighbourhood,,17825649.0,Yonge-Eglinton
2195000.0,2195000.0,2195000.0,HOUSE,HOUSE,Rosedale Moore Park,43.6867299,-79.3738367,7,0,3,4250.0,312.32,2500.42,151.32,1509.09,1143.96,214.58,127.3,1453.2,0,56,25,60,2502307,26022822,,98,98,Rosedale-Moore Park,Rosedale-Moore Park (98),Not an NIA or Emerging Neighbourhood,,17825681.0,Rosedale-Moore Park
2095000.0,2095000.0,2095000.0,HOUSE,HOUSE,Lawrence Park South,43.723246,-79.4080302,4,0,3,1750.0,224.54,2321.1,306.0,535.62,614.89,520.88,491.23,564.2,20,43,36,55,2502312,26022827,,103,103,Lawrence Park South,Lawrence Park South (103),Not an NIA or Emerging Neighbourhood,,17825601.0,Lawrence Park South
2350000.0,2350000.0,2350000.0,HOUSE,HOUSE,The Beaches,43.6682688,-79.3010146,3,1,5,1750.0,139.46,3083.2,136.19,288.92,351.84,179.71,343.71,2223.21,27,40,23,93,2502274,26022789,,63,63,The Beaches,The Beaches (63),Not an NIA or Emerging Neighbourhood,,17826209.0,The Beaches
2249999.0,2249999.0,2249999.0,HOUSE,HOUSE,High Park North,43.6527408,-79.4720385,4,0,4,2750.0,311.58,1493.16,114.61,176.39,372.78,109.96,286.04,338.82,27,46,28,100,2502267,26022782,,88,88,High Park North,High Park North (88),Not an NIA or Emerging Neighbourhood,,17826321.0,High Park North
2100000.0,2100000.0,2100000.0,HOUSE,HOUSE,Palmerston Little Italy,43.6601802,-79.4279389,6,0,1,1750.0,430.6,1954.02,245.44,487.63,162.28,153.61,744.43,276.57,88,69,49,79,2502288,26022803,,80,80,Palmerston-Little Italy,Palmerston-Little Italy (80),Not an NIA or Emerging Neighbourhood,,17825985.0,Palmerston-Little Italy
2050000.0,2050000.0,2050000.0,HOUSE,HOUSE,Woodbine Corridor,43.6762639,-79.3193616,5,1,6,1750.0,182.58,1585.41,151.68,475.66,387.09,321.2,294.36,925.77,35,62,34,92,2502275,26022790,,64,64,Woodbine Corridor,Woodbine Corridor (64),Not an NIA or Emerging Neighbourhood,,17826193.0,Woodbine Corridor
2397000.0,2397000.0,2397000.0,HOUSE,HOUSE,Lawrence Park South,43.7225773,-79.4091549,3,0,2,1300.0,110.47,2261.24,290.66,647.06,663.3,565.08,530.46,681.19,17,43,35,55,2502312,26022827,,103,103,Lawrence Park South,Lawrence Park South (103),Not an NIA or Emerging Neighbourhood,,17825601.0,Lawrence Park South
2349000.0,2349000.0,2349000.0,HOUSE,HOUSE,North Riverdale,43.672825,-79.3437403,4,1,4,1750.0,312.54,1128.91,160.06,647.99,489.08,549.23,500.84,794.6,84,64,38,88,2502279,26022794,,68,68,North Riverdale,North Riverdale (68),Not an NIA or Emerging Neighbourhood,,17826129.0,North Riverdale
2495000.0,2495000.0,2495000.0,HOUSE,HOUSE,Yonge-Eglinton,43.6986096,-79.4038616,4,1,4,1750.0,590.78,2510.9,255.57,1119.75,555.29,559.06,605.17,533.53,42,54,46,58,2502309,26022824,,100,100,Yonge-Eglinton,Yonge-Eglinton (100),Not an NIA or Emerging Neighbourhood,,17825649.0,Yonge-Eglinton
2399000.0,2399000.0,2399000.0,HOUSE,HOUSE,Mount Pleasant East,43.7139948,-79.3902752,5,1,5,3250.0,275.23,1439.68,283.85,997.16,635.46,628.09,289.22,1044.94,52,48,46,59,2502308,26022823,,99,99,Mount Pleasant East,Mount Pleasant East (99),Not an NIA or Emerging Neighbourhood,,17825665.0,Mount Pleasant East
2449000.0,2449000.0,2449000.0,HOUSE,HOUSE,Cabbagetown South St James Town,43.6642629,-79.3608958,3,2,3,2250.0,237.31,559.96,260.89,634.44,419.33,417.57,420.37,1218.34,73,94,58,85,2502282,26022797,,71,71,Cabbagetown-South St.James Town,Cabbagetown-South St.James Town (71),Not an NIA or Emerging Neighbourhood,,17826081.0,Cabbagetown-South St.James Town
2495000.0,2495000.0,2495000.0,HOUSE,HOUSE,Yonge-Eglinton,43.7015418,-79.4049975,4,0,3,1750.0,394.47,2786.87,437.11,854.38,443.27,384.29,632.58,737.97,63,50,44,58,2502309,26022824,,100,100,Yonge-Eglinton,Yonge-Eglinton (100),Not an NIA or Emerging Neighbourhood,,17825649.0,Yonge-Eglinton
2098000.0,2098000.0,2098000.0,HOUSE,HOUSE,High Park North,43.6585573,-79.4729639,4,1,5,1750.0,192.37,923.67,126.85,746.13,856.97,730.54,725.8,716.11,55,56,34,100,2502267,26022782,,88,88,High Park North,High Park North (88),Not an NIA or Emerging Neighbourhood,,17826321.0,High Park North
2180000.0,2180000.0,2180000.0,HOUSE,HOUSE,Cabbagetown South St James Town,43.6678825,-79.3677198,3,2,4,2750.0,276.39,1070.86,409.74,539.08,349.91,118.72,120.52,633.52,53,97,54,85,2502282,26022797,,71,71,Cabbagetown-South St.James Town,Cabbagetown-South St.James Town (71),Not an NIA or Emerging Neighbourhood,,17826081.0,Cabbagetown-South St.James Town
2074000.0,2074000.0,2074000.0,HOUSE,HOUSE,Palmerston Little Italy,43.6583224,-79.4231754,5,2,5,2250.0,102.1,1521.65,402.92,428.59,471.49,441.91,511.48,517.49,127,67,52,79,2502288,26022803,,80,80,Palmerston-Little Italy,Palmerston-Little Italy (80),Not an NIA or Emerging Neighbourhood,,17825985.0,Palmerston-Little Italy
2499000.0,2499000.0,2499000.0,HOUSE,HOUSE,Wychwood,43.6812638,-79.4223121,4,1,4,2750.0,538.46,676.65,74.48,397.43,235.08,175.53,295.51,700.1,39,70,48,64,2502303,26022818,,94,94,Wychwood,Wychwood (94),Not an NIA or Emerging Neighbourhood,,17825745.0,Wychwood
2495000.0,2495000.0,2495000.0,HOUSE,HOUSE,Trinity Bellwoods,43.6530489,-79.4105958,3,1,4,1750.0,305.3,413.65,422.57,421.47,330.81,178.44,315.38,1380.46,250,81,62,106,2502261,26022776,,81,81,Trinity-Bellwoods,Trinity-Bellwoods (81),Not an NIA or Emerging Neighbourhood,,17826417.0,Trinity-Bellwoods
2495000.0,2495000.0,2495000.0,HOUSE,HOUSE,The Beaches,43.6704726,-79.3072961,3,0,5,2250.0,344.22,2587.9,211.63,710.23,217.07,313.0,202.16,1823.65,29,48,28,93,2502274,26022789,,63,63,The Beaches,The Beaches (63),Not an NIA or Emerging Neighbourhood,,17826209.0,The Beaches
2288000.0,2288000.0,2288000.0,HOUSE,HOUSE,Trinity Bellwoods,43.6519077,-79.4130021,3,4,4,1300.0,88.61,629.12,358.1,603.33,361.46,299.88,546.83,1424.19,202,78,61,106,2502261,26022776,,81,81,Trinity-Bellwoods,Trinity-Bellwoods (81),Not an NIA or Emerging Neighbourhood,,17826417.0,Trinity-Bellwoods
2188000.0,2188000.0,2188000.0,HOUSE,HOUSE,Forest Hill South,43.6974519,-79.4160988,3,1,3,1750.0,288.84,2200.83,263.1,657.9,774.63,666.45,757.05,1385.67,18,53,35,57,2502310,26022825,,101,101,Forest Hill South,Forest Hill South (101),Not an NIA or Emerging Neighbourhood,,17825633.0,Forest Hill South
2199900.0,2199900.0,2199900.0,HOUSE,HOUSE,High Park North,43.6581306,-79.4751033,4,1,3,2250.0,122.93,852.2,236.54,701.97,770.06,744.34,775.45,718.37,47,53,33,100,2502267,26022782,,88,88,High Park North,High Park North (88),Not an NIA or Emerging Neighbourhood,,17826321.0,High Park North
2499000.0,2499000.0,2499000.0,HOUSE,HOUSE,High Park Swansea,43.64231,-79.4548666,4,0,5,2750.0,472.59,456.84,540.77,575.46,558.97,587.3,588.02,1522.32,30,43,22,101,2502266,26022781,,87,87,High Park-Swansea,High Park-Swansea (87),Not an NIA or Emerging Neighbourhood,,17826337.0,High Park-Swansea
2299000.0,2299000.0,2299000.0,HOUSE,HOUSE,Dufferin Grove,43.6566091,-79.4476793,4,1,3,2250.0,342.47,1815.87,305.02,1018.7,376.26,396.47,65.98,432.81,56,49,36,105,2502262,26022777,,83,83,Dufferin Grove,Dufferin Grove (83),Not an NIA or Emerging Neighbourhood,,17826401.0,Dufferin Grove
2375000.0,2375000.0,2375000.0,HOUSE,HOUSE,Roncesvalles,43.6431676,-79.4450947,4,1,5,1750.0,238.33,495.55,417.36,374.03,309.7,210.63,207.03,1659.19,62,48,23,102,2502265,26022780,,86,86,Roncesvalles,Roncesvalles (86),Not an NIA or Emerging Neighbourhood,,17826353.0,Roncesvalles
2148000.0,2148000.0,2148000.0,HOUSE,HOUSE,Mount Pleasant East,43.7062032,-79.3782047,4,1,4,2250.0,160.11,1426.41,154.52,840.52,229.11,243.13,282.98,1638.3,47,44,34,59,2502308,26022823,,99,99,Mount Pleasant East,Mount Pleasant East (99),Not an NIA or Emerging Neighbourhood,,17825665.0,Mount Pleasant East
2149000.0,2149000.0,2149000.0,HOUSE,HOUSE,High Park Swansea,43.6538983,-79.4593272,5,0,4,2250.0,440.9,1687.09,452.25,1192.14,460.14,302.74,669.27,186.88,30,47,35,101,2502266,26022781,,87,87,High Park-Swansea,High Park-Swansea (87),Not an NIA or Emerging Neighbourhood,,17826337.0,High Park-Swansea
2180000.0,2180000.0,2180000.0,HOUSE,HOUSE,Lawrence Park North,43.7294013,-79.4025597,4,1,4,2250.0,242.72,2423.39,223.04,506.84,79.16,354.22,290.97,339.55,17,40,26,54,2502313,26022828,,105,105,Lawrence Park North,Lawrence Park North (105),Not an NIA or Emerging Neighbourhood,,17825585.0,Lawrence Park North
2498000.0,2498000.0,2498000.0,HOUSE,HOUSE,Lawrence Park North,43.7288619,-79.405787,3,1,2,1300.0,210.31,2383.5,160.49,548.41,193.26,400.97,311.43,385.97,19,39,25,54,2502313,26022828,,105,105,Lawrence Park North,Lawrence Park North (105),Not an NIA or Emerging Neighbourhood,,17825585.0,Lawrence Park North
2499000.0,2499000.0,2499000.0,HOUSE,HOUSE,Trinity Bellwoods,43.6491806,-79.4105793,3,0,3,1750.0,114.03,629.04,337.02,524.06,693.71,304.91,661.33,1774.86,222,83,47,106,2502261,26022776,,81,81,Trinity-Bellwoods,Trinity-Bellwoods (81),Not an NIA or Emerging Neighbourhood,,17826417.0,Trinity-Bellwoods
2211000.0,2211000.0,2211000.0,HOUSE,HOUSE,South Parkdale,43.6372363,-79.4370707,6,1,5,2750.0,162.37,379.81,168.62,572.48,335.22,50.58,49.03,2475.5,51,43,18,103,2502264,26022779,,85,85,South Parkdale,South Parkdale (85),Neighbourhood Improvement Area,NIA,17826369.0,South Parkdale
2175000.0,2175000.0,2175000.0,HOUSE,HOUSE,Little Portugal,43.6527725,-79.4278825,5,2,6,2250.0,221.76,1316.69,361.8,672.11,545.78,77.02,298.16,1028.74,111,69,49,104,2502263,26022778,,84,84,Little Portugal,Little Portugal (84),Not an NIA or Emerging Neighbourhood,,17826385.0,Little Portugal
2238000.0,2238000.0,2238000.0,HOUSE,HOUSE,Trinity Bellwoods,43.650483,-79.4055893,3,1,4,2250.0,273.08,332.67,109.21,184.36,451.63,196.97,447.6,1474.22,336,86,56,106,2502261,26022776,,81,81,Trinity-Bellwoods,Trinity-Bellwoods (81),Not an NIA or Emerging Neighbourhood,,17826417.0,Trinity-Bellwoods
2099000.0,2099000.0,2099000.0,HOUSE,HOUSE,Lawrence Park South,43.7232698,-79.4057986,3,0,3,1750.0,390.66,2490.98,297.11,370.65,499.12,385.08,340.71,434.21,24,42,39,55,2502312,26022827,,103,103,Lawrence Park South,Lawrence Park South (103),Not an NIA or Emerging Neighbourhood,,17825601.0,Lawrence Park South
2290000.0,2290000.0,2290000.0,HOUSE,HOUSE,O Connor Parkview,43.7045151,-79.3198348,4,0,5,2750.0,241.11,1671.45,46.91,1586.15,564.87,584.71,1129.89,2094.57,1,41,26,131,2502236,26022751,,54,54,O'Connor-Parkview,O'Connor-Parkview (54),Not an NIA or Emerging Neighbourhood,,17826817.0,O'Connor-Parkview
2445000.0,2445000.0,2445000.0,HOUSE,HOUSE,Yonge St Clair,43.6834494,-79.3993741,6,0,4,4250.0,176.57,1449.64,231.73,802.82,392.12,559.94,358.75,677.59,42,76,46,61,2502306,26022821,,97,97,Yonge-St.Clair,Yonge-St.Clair (97),Not an NIA or Emerging Neighbourhood,,17825697.0,Yonge-St.Clair
2388000.0,2388000.0,2388000.0,HOUSE,HOUSE,Little Portugal,43.6479189,-79.4294676,3,1,4,1750.0,216.83,1029.02,304.7,782.41,562.23,161.0,115.12,1452.92,109,66,37,104,2502263,26022778,,84,84,Little Portugal,Little Portugal (84),Not an NIA or Emerging Neighbourhood,,17826385.0,Little Portugal
2400000.0,2400000.0,2400000.0,HOUSE,HOUSE,Annex,43.6740302,-79.3931783,2,1,3,1750.0,143.36,1324.45,94.26,433.92,259.22,213.02,274.05,461.8,118,94,68,63,2502304,26022819,,95,95,Annex,Annex (95),Not an NIA or Emerging Neighbourhood,,17825729.0,Annex
2089000.0,2089000.0,2089000.0,HOUSE,HOUSE,Runnymede Bloor West Village,43.6512348,-79.4805098,4,1,3,1750.0,142.69,1476.89,60.42,459.3,95.69,206.49,147.96,305.8,39,50,24,99,2502268,26022783,,89,89,Runnymede-Bloor West Village,Runnymede-Bloor West Village (89),Not an NIA or Emerging Neighbourhood,,17826305.0,Runnymede-Bloor West Village
2299000.0,2299000.0,2299000.0,HOUSE,HOUSE,Willowridge Martingrove Richview,43.6816875,-79.5382222,4,0,4,3250.0,353.43,2575.92,310.41,304.38,750.98,690.73,1193.99,4183.58,0,31,21,148,2502219,26022734,,7,7,Willowridge-Martingrove-Richview,Willowridge-Martingrove-Richview (7),Not an NIA or Emerging Neighbourhood,,17827089.0,Willowridge-Martingrove-Richview
2295000.0,2295000.0,2295000.0,HOUSE,HOUSE,Yonge Eglinton,43.7024613,-79.4027318,4,1,3,1750.0,435.97,2943.08,427.28,684.69,499.94,402.94,435.89,583.33,77,52,43,58,2502309,26022824,,100,100,Yonge-Eglinton,Yonge-Eglinton (100),Not an NIA or Emerging Neighbourhood,,17825649.0,Yonge-Eglinton
2299000.0,2299000.0,2299000.0,HOUSE,HOUSE,Woodbine Corridor,43.6820167,-79.3161847,3,4,5,2250.0,414.43,1127.34,133.42,460.56,457.22,298.31,545.13,566.59,29,62,41,92,2502275,26022790,,64,64,Woodbine Corridor,Woodbine Corridor (64),Not an NIA or Emerging Neighbourhood,,17826193.0,Woodbine Corridor
2299000.0,2299000.0,2299000.0,HOUSE,HOUSE,High Park Swansea,43.6438997,-79.4535938,4,0,2,2750.0,368.01,494.91,736.57,403.97,396.32,478.28,438.79,1384.06,35,43,22,101,2502266,26022781,,87,87,High Park-Swansea,High Park-Swansea (87),Not an NIA or Emerging Neighbourhood,,17826337.0,High Park-Swansea
2235000.0,2235000.0,2235000.0,HOUSE,HOUSE,Danforth,43.6834147,-79.3264695,3,1,3,2750.0,441.7,736.26,203.77,406.31,243.29,67.64,172.44,287.48,34,61,40,90,2502277,26022792,,66,66,Danforth,Danforth (66),Not an NIA or Emerging Neighbourhood,,17826161.0,Danforth
2199900.0,2199900.0,2199900.0,HOUSE,HOUSE,Corso Italia Davenport,43.675317,-79.4347437,3,1,4,2250.0,364.31,1567.21,228.24,517.52,465.18,569.42,643.81,1589.93,65,65,37,65,2502302,26022817,,92,92,Corso Italia-Davenport,Corso Italia-Davenport (92),Not an NIA or Emerging Neighbourhood,,17825761.0,Corso Italia-Davenport
2099000.0,2099000.0,2099000.0,HOUSE,HOUSE,Willowdale East,43.7727767,-79.40884559999999,5,3,7,3250.0,231.12,1660.73,201.87,685.02,364.78,559.41,391.11,547.69,104,59,39,11,2502356,26022871,,152,152,East Willowdale,East Willowdale (152),Not an NIA or Emerging Neighbourhood,,17824897.0,East Willowdale
2298000.0,2298000.0,2298000.0,HOUSE,HOUSE,Alderwood,43.6074286,-79.5380469,3,0,4,2250.0,549.98,1962.9,517.19,971.93,765.7,775.1,818.68,3362.91,7,24,12,137,2502230,26022745,,20,20,Alderwood,Alderwood (20),Not an NIA or Emerging Neighbourhood,,17826913.0,Alderwood
2499800.0,2499800.0,2499800.0,HOUSE,HOUSE,Greenwood Coxwell,43.7891177,-79.41987309999999,5,0,7,4250.0,232.19,1273.17,245.83,2368.74,145.27,125.17,360.94,926.24,23,39,24,117,2502250,26022765,,36,36,Newtonbrook West,Newtonbrook West (36),Not an NIA or Emerging Neighbourhood,,17826593.0,Newtonbrook West
2599000.0,2599000.0,2599000.0,HOUSE,HOUSE,Mount Pleasant East,43.7059188,-79.3844707,4,1,6,2250.0,420.55,1659.97,90.54,369.9,397.11,382.86,397.87,1137.31,61,52,37,59,2502308,26022823,,99,99,Mount Pleasant East,Mount Pleasant East (99),Not an NIA or Emerging Neighbourhood,,17825665.0,Mount Pleasant East
2850000.0,2850000.0,2850000.0,HOUSE,HOUSE,Forest Hill South,43.7027716,-79.412606,4,1,4,2750.0,235.2,2801.74,227.21,654.91,126.94,85.68,118.72,1212.16,17,54,46,57,2502310,26022825,,101,101,Forest Hill South,Forest Hill South (101),Not an NIA or Emerging Neighbourhood,,17825633.0,Forest Hill South
2998000.0,2998000.0,2998000.0,HOUSE,HOUSE,Rosedale Moore Park,43.688514,-79.3711864,4,1,5,2250.0,495.97,2753.45,266.46,1707.35,930.73,495.69,406.11,1653.38,1,55,25,60,2502307,26022822,,98,98,Rosedale-Moore Park,Rosedale-Moore Park (98),Not an NIA or Emerging Neighbourhood,,17825681.0,Rosedale-Moore Park
2595000.0,2595000.0,2595000.0,HOUSE,HOUSE,Lawrence Park North,43.7315296,-79.3964618,3,0,4,1750.0,515.94,2062.46,442.41,853.2,601.7,639.36,749.78,751.88,17,29,23,54,2502313,26022828,,105,105,Lawrence Park North,Lawrence Park North (105),Not an NIA or Emerging Neighbourhood,,17825585.0,Lawrence Park North
2599000.0,2599000.0,2599000.0,HOUSE,HOUSE,Mount Pleasant East,43.7146456,-79.3870908,4,1,4,2250.0,470.6,1174.92,237.87,1191.46,735.63,713.13,497.72,1272.97,11,49,45,59,2502308,26022823,,99,99,Mount Pleasant East,Mount Pleasant East (99),Not an NIA or Emerging Neighbourhood,,17825665.0,Mount Pleasant East
2749000.0,2749000.0,2749000.0,HOUSE,HOUSE,Roncesvalles,43.6407419,-79.4430458,4,1,5,2750.0,207.19,551.03,233.69,676.55,460.85,279.83,462.44,1972.2,55,44,20,102,2502265,26022780,,86,86,Roncesvalles,Roncesvalles (86),Not an NIA or Emerging Neighbourhood,,17826353.0,Roncesvalles
2888000.0,2888000.0,2888000.0,HOUSE,HOUSE,Lawrence Park South,43.7202954,-79.3889012,4,0,4,1750.0,63.22,1243.12,371.75,1152.24,1086.05,999.96,628.24,1281.67,3,42,39,55,2502312,26022827,,103,103,Lawrence Park South,Lawrence Park South (103),Not an NIA or Emerging Neighbourhood,,17825601.0,Lawrence Park South
2980000.0,2980000.0,2980000.0,HOUSE,HOUSE,Moss Park,43.6561036,-79.3583964,4,0,3,2750.0,250.07,1182.12,107.1,937.61,403.85,168.74,420.68,1731.24,54,83,46,83,2502284,26022799,,73,73,Moss Park,Moss Park (73),Not an NIA or Emerging Neighbourhood,,17826049.0,Moss Park
2699000.0,2699000.0,2699000.0,HOUSE,HOUSE,Mount Pleasant East,43.7129297,-79.3911276,4,0,6,2750.0,147.42,1548.09,168.55,869.88,528.38,527.09,334.3,910.33,59,48,48,59,2502308,26022823,,99,99,Mount Pleasant East,Mount Pleasant East (99),Not an NIA or Emerging Neighbourhood,,17825665.0,Mount Pleasant East
2549000.0,2549000.0,2549000.0,HOUSE,HOUSE,High Park North,43.6608682,-79.4655723,5,0,4,2250.0,395.83,1303.13,292.65,288.74,518.47,521.09,449.53,761.33,56,49,31,100,2502267,26022782,,88,88,High Park North,High Park North (88),Not an NIA or Emerging Neighbourhood,,17826321.0,High Park North
2695000.0,2695000.0,2695000.0,HOUSE,HOUSE,Lawrence Park South,43.710955,-79.4184099,4,0,3,2250.0,482.44,2509.5,585.83,977.02,816.62,860.87,911.5,1661.4,11,53,44,55,2502312,26022827,,103,103,Lawrence Park South,Lawrence Park South (103),Not an NIA or Emerging Neighbourhood,,17825601.0,Lawrence Park South
2749000.0,2749000.0,2749000.0,HOUSE,HOUSE,Playter Estates Danforth,43.6806511,-79.3475076,4,1,7,2250.0,367.78,1686.74,156.19,325.66,259.12,196.41,202.53,224.51,73,57,30,89,2502278,26022793,,67,67,Playter Estates-Danforth,Playter Estates-Danforth (67),Not an NIA or Emerging Neighbourhood,,17826145.0,Playter Estates-Danforth
2875000.0,2875000.0,2875000.0,HOUSE,HOUSE,Mount Pleasant East,43.7164281,-79.3922162,6,0,5,2750.0,446.33,1521.36,419.06,1095.23,796.82,742.76,122.93,1190.26,34,50,45,59,2502308,26022823,,99,99,Mount Pleasant East,Mount Pleasant East (99),Not an NIA or Emerging Neighbourhood,,17825665.0,Mount Pleasant East
2759000.0,2759000.0,2759000.0,HOUSE,HOUSE,Roncesvalles,43.6440229,-79.4406668,4,0,5,2250.0,324.83,845.58,295.29,671.45,497.37,444.38,500.67,1686.41,73,51,26,102,2502265,26022780,,86,86,Roncesvalles,Roncesvalles (86),Not an NIA or Emerging Neighbourhood,,17826353.0,Roncesvalles
2700000.0,2700000.0,2700000.0,HOUSE,HOUSE,East End Danforth,43.6808074,-79.2977694,4,0,3,3250.0,229.25,2408.52,431.74,319.74,670.53,560.33,223.23,966.9,20,58,34,94,2502273,26022788,,62,62,East End-Danforth,East End-Danforth (62),Not an NIA or Emerging Neighbourhood,,17826225.0,East End-Danforth
2995000.0,2995000.0,2995000.0,HOUSE,HOUSE,The Beaches,43.6690801,-79.3087431,4,1,5,2250.0,153.23,2659.92,187.42,833.38,112.14,249.35,213.92,1952.54,28,47,26,93,2502274,26022789,,63,63,The Beaches,The Beaches (63),Not an NIA or Emerging Neighbourhood,,17826209.0,The Beaches
2595000.0,2595000.0,2595000.0,HOUSE,HOUSE,Wychwood,43.6726447,-79.433021,4,0,5,2250.0,293.79,1513.47,233.14,430.15,782.27,629.31,774.41,1262.07,44,66,41,64,2502303,26022818,,94,94,Wychwood,Wychwood (94),Not an NIA or Emerging Neighbourhood,,17825745.0,Wychwood
2750000.0,2750000.0,2750000.0,HOUSE,HOUSE,Casa Loma,43.6775683,-79.3996914,4,0,5,2250.0,342.46,1273.66,94.49,1088.31,427.94,451.24,335.21,667.29,52,86,55,62,2502305,26022820,,96,96,Casa Loma,Casa Loma (96),Not an NIA or Emerging Neighbourhood,,17825713.0,Casa Loma
2798800.0,2798800.0,2798800.0,HOUSE,HOUSE,Junction Area,43.661952,-79.4768229,4,1,5,2250.0,216.55,438.52,135.58,856.11,787.15,449.78,710.2,1141.61,48,57,33,67,2502300,26022815,,90,90,Junction Area,Junction Area (90),Not an NIA or Emerging Neighbourhood,,17825793.0,Junction Area
2699950.0,2699950.0,2699950.0,HOUSE,HOUSE,Trinity Bellwoods,43.6531052,-79.4234928,6,2,2,4250.0,84.36,1189.24,202.03,348.28,350.45,388.76,111.74,1056.08,124,73,44,106,2502261,26022776,,81,81,Trinity-Bellwoods,Trinity-Bellwoods (81),Not an NIA or Emerging Neighbourhood,,17826417.0,Trinity-Bellwoods
2990000.0,2990000.0,2990000.0,HOUSE,HOUSE,Rosedale Moore Park,43.6852396,-79.3785465,3,2,4,2250.0,213.91,2260.58,275.29,1177.52,1110.46,199.79,289.47,1039.89,0,66,26,60,2502307,26022822,,98,98,Rosedale-Moore Park,Rosedale-Moore Park (98),Not an NIA or Emerging Neighbourhood,,17825681.0,Rosedale-Moore Park
2599000.0,2599000.0,2599000.0,HOUSE,HOUSE,High Park Swansea,43.75455290000001,-79.1807709,4,0,5,2250.0,527.63,3452.25,692.73,1714.9,1591.48,460.58,1447.69,7105.55,0,19,12,23,2502344,26022859,,140,140,Guildwood,Guildwood (140),Not an NIA or Emerging Neighbourhood,,17825089.0,Guildwood
2849000.0,2849000.0,2849000.0,HOUSE,HOUSE,Dovercourt Wallace Emerson Junction,43.6706648,-79.4423026,3,1,4,2250.0,228.63,2289.63,50.13,705.61,308.51,308.0,365.82,1283.39,41,59,37,4,2502363,26022878,,171,171,Junction-Wallace Emerson,Junction-Wallace Emerson (171),Not an NIA or Emerging Neighbourhood,,17824785.0,Junction-Wallace Emerson
2998000.0,2998000.0,2998000.0,HOUSE,HOUSE,Banbury Don Mills,43.7309032,-79.3378964,4,1,6,3250.0,304.97,2874.7,302.83,993.24,694.2,761.52,556.74,4984.02,18,25,14,111,2502256,26022771,,42,42,Banbury-Don Mills,Banbury-Don Mills (42),Not an NIA or Emerging Neighbourhood,,17826497.0,Banbury-Don Mills
2999900.0,2999900.0,2999900.0,HOUSE,HOUSE,Mount Pleasant East,43.7108629,-79.3822931,3,1,4,1750.0,533.87,1110.28,166.59,902.13,419.31,411.4,300.3,1385.72,43,44,39,59,2502308,26022823,,99,99,Mount Pleasant East,Mount Pleasant East (99),Not an NIA or Emerging Neighbourhood,,17825665.0,Mount Pleasant East
2699999.0,2699999.0,2699999.0,HOUSE,HOUSE,South Riverdale,43.6658182,-79.3271377,3,1,5,2250.0,382.3,2207.54,286.07,593.27,853.02,510.52,541.24,1878.51,49,58,29,86,2502281,26022796,,70,70,South Riverdale,South Riverdale (70),Not an NIA or Emerging Neighbourhood,,17826097.0,South Riverdale
2599900.0,2599900.0,2599900.0,HOUSE,HOUSE,The Beaches,43.6669379,-79.2999097,3,1,2,1750.0,283.14,3254.39,144.1,370.99,417.01,346.05,427.94,2394.91,27,32,21,93,2502274,26022789,,63,63,The Beaches,The Beaches (63),Not an NIA or Emerging Neighbourhood,,17826209.0,The Beaches
2799900.0,2799900.0,2799900.0,HOUSE,HOUSE,South Parkdale,43.6410663,-79.430025,4,2,5,3250.0,451.93,684.65,156.61,212.44,279.05,297.32,265.11,2177.79,79,57,26,103,2502264,26022779,,85,85,South Parkdale,South Parkdale (85),Neighbourhood Improvement Area,NIA,17826369.0,South Parkdale
2600000.0,2600000.0,2600000.0,HOUSE,HOUSE,Yonge Eglinton,43.7032746,-79.4102136,4,1,4,2250.0,88.66,2879.68,373.92,851.88,93.84,207.36,217.13,1012.88,21,55,46,58,2502309,26022824,,100,100,Yonge-Eglinton,Yonge-Eglinton (100),Not an NIA or Emerging Neighbourhood,,17825649.0,Yonge-Eglinton
2600000.0,2600000.0,2600000.0,HOUSE,HOUSE,Yonge Eglinton,43.7032746,-79.4102136,4,1,4,2188.0,88.66,2879.68,373.92,851.88,93.84,207.36,217.13,1012.88,21,55,46,58,2502309,26022824,,100,100,Yonge-Eglinton,Yonge-Eglinton (100),Not an NIA or Emerging Neighbourhood,,17825649.0,Yonge-Eglinton
2599000.0,2599000.0,2599000.0,HOUSE,HOUSE,The Beaches,43.6671491,-79.3085377,3,1,3,2750.0,104.92,2856.71,338.25,873.4,172.09,425.33,274.37,2167.22,24,43,24,93,2502274,26022789,,63,63,The Beaches,The Beaches (63),Not an NIA or Emerging Neighbourhood,,17826209.0,The Beaches
2595000.0,2595000.0,2595000.0,HOUSE,HOUSE,Rosedale Moore Park,43.6930405,-79.3814094,3,1,5,2250.0,643.71,2909.4,85.15,1012.05,902.36,874.89,875.76,1138.4,6,54,32,60,2502307,26022822,,98,98,Rosedale-Moore Park,Rosedale-Moore Park (98),Not an NIA or Emerging Neighbourhood,,17825681.0,Rosedale-Moore Park
2795000.0,2795000.0,2795000.0,HOUSE,HOUSE,The Beaches,43.665507,-79.3059791,3,1,4,2250.0,379.97,3115.2,375.54,791.07,359.87,609.73,374.53,2385.38,28,36,19,93,2502274,26022789,,63,63,The Beaches,The Beaches (63),Not an NIA or Emerging Neighbourhood,,17826209.0,The Beaches
2698000.0,2698000.0,2698000.0,HOUSE,HOUSE,Mount Pleasant East,43.7129239,-79.3912309,4,0,6,2750.0,146.85,1555.94,170.06,862.86,529.66,525.53,330.9,904.41,59,49,48,59,2502308,26022823,,99,99,Mount Pleasant East,Mount Pleasant East (99),Not an NIA or Emerging Neighbourhood,,17825665.0,Mount Pleasant East
2788000.0,2788000.0,2788000.0,HOUSE,HOUSE,Wychwood,43.6765261,-79.420346,4,1,4,2250.0,457.52,407.56,292.38,671.87,677.87,658.59,491.53,1026.01,57,85,50,64,2502303,26022818,,94,94,Wychwood,Wychwood (94),Not an NIA or Emerging Neighbourhood,,17825745.0,Wychwood
2799000.0,2799000.0,2799000.0,HOUSE,HOUSE,Roncesvalles,43.6463625,-79.4479176,5,1,5,2250.0,51.9,686.18,392.43,157.02,121.3,338.38,97.44,1245.97,52,48,28,102,2502265,26022780,,86,86,Roncesvalles,Roncesvalles (86),Not an NIA or Emerging Neighbourhood,,17826353.0,Roncesvalles
2995000.0,2995000.0,2995000.0,HOUSE,HOUSE,Roncesvalles,43.6408556,-79.4416148,4,0,4,2750.0,175.16,666.82,118.02,722.86,349.05,228.37,373.35,2010.63,54,44,20,102,2502265,26022780,,86,86,Roncesvalles,Roncesvalles (86),Not an NIA or Emerging Neighbourhood,,17826353.0,Roncesvalles
2699000.0,2699000.0,2699000.0,HOUSE,HOUSE,Mount Pleasant West,43.7030513,-79.3923087,5,1,3,2750.0,198.6,2293.59,175.3,346.16,391.23,393.05,315.13,650.76,86,51,42,1,2502366,26022881,,174,174,South Eglinton-Davisville,South Eglinton-Davisville (174),Not an NIA or Emerging Neighbourhood,,17824737.0,South Eglinton-Davisville
2799888.0,2799888.0,2799888.0,HOUSE,HOUSE,Yonge Eglinton,43.7121565,-79.4015569,4,1,5,2750.0,53.99,2363.63,73.11,458.07,198.82,149.25,182.51,646.29,60,55,37,58,2502309,26022824,,100,100,Yonge-Eglinton,Yonge-Eglinton (100),Not an NIA or Emerging Neighbourhood,,17825649.0,Yonge-Eglinton
2998000.0,2998000.0,2998000.0,HOUSE,HOUSE,Lawrence Park South,43.7164169,-79.4115244,3,2,3,2750.0,301.27,2434.82,175.61,1225.29,1012.82,771.21,828.29,1322.29,13,51,47,55,2502312,26022827,,103,103,Lawrence Park South,Lawrence Park South (103),Not an NIA or Emerging Neighbourhood,,17825601.0,Lawrence Park South
2888800.0,2888800.0,2888800.0,HOUSE,HOUSE,Lawrence Park South,43.7271865,-79.3916224,3,1,3,1300.0,467.89,1511.59,197.23,854.03,875.54,901.32,907.82,876.96,6,35,28,55,2502312,26022827,,103,103,Lawrence Park South,Lawrence Park South (103),Not an NIA or Emerging Neighbourhood,,17825601.0,Lawrence Park South
2739500.0,2739500.0,2739500.0,HOUSE,HOUSE,Mount Pleasant East,43.7140982,-79.3896984,4,1,5,2250.0,301.26,1392.26,303.41,1040.3,645.07,634.52,321.55,1083.75,51,48,45,59,2502308,26022823,,99,99,Mount Pleasant East,Mount Pleasant East (99),Not an NIA or Emerging Neighbourhood,,17825665.0,Mount Pleasant East
2789000.0,2789000.0,2789000.0,HOUSE,HOUSE,The Beaches,43.6727651,-79.3012176,5,2,6,2750.0,271.11,2698.8,238.41,368.3,356.7,300.49,345.65,1773.37,29,48,30,93,2502274,26022789,,63,63,The Beaches,The Beaches (63),Not an NIA or Emerging Neighbourhood,,17826209.0,The Beaches
2990000.0,2990000.0,2990000.0,HOUSE,HOUSE,North St James Town,43.7901957,-79.4237643,4,1,6,4250.0,397.3,1601.9,133.3,2559.36,479.81,455.98,506.65,1173.72,22,30,23,117,2502250,26022765,,36,36,Newtonbrook West,Newtonbrook West (36),Not an NIA or Emerging Neighbourhood,,17826593.0,Newtonbrook West
2890000.0,2890000.0,2890000.0,HOUSE,HOUSE,Islington City Centre West,43.6455218,-79.5502549,4,1,4,3250.0,322.82,4065.07,249.73,715.23,788.34,428.01,809.32,1476.79,3,31,20,48,2502319,26022834,,158,158,Islington,Islington (158),Not an NIA or Emerging Neighbourhood,,17825489.0,Islington
2699999.0,2699999.0,2699999.0,HOUSE,HOUSE,Lawrence Park North,43.7303115,-79.4126867,3,1,4,2750.0,168.24,1827.0,619.83,1065.66,473.07,706.28,455.52,931.44,47,37,27,54,2502313,26022828,,105,105,Lawrence Park North,Lawrence Park North (105),Not an NIA or Emerging Neighbourhood,,17825585.0,Lawrence Park North
2795000.0,2795000.0,2795000.0,HOUSE,HOUSE,Rosedale Moore Park,43.6907275,-79.3807033,5,0,4,2250.0,437.85,2853.49,198.84,970.51,1006.5,624.68,637.26,1089.23,2,58,28,60,2502307,26022822,,98,98,Rosedale-Moore Park,Rosedale-Moore Park (98),Not an NIA or Emerging Neighbourhood,,17825681.0,Rosedale-Moore Park
2699000.0,2699000.0,2699000.0,HOUSE,HOUSE,Mount Pleasant East,43.7047004,-79.381238,6,0,3,2250.0,286.37,1662.95,287.59,564.86,495.0,519.07,562.26,1412.02,49,52,38,59,2502308,26022823,,99,99,Mount Pleasant East,Mount Pleasant East (99),Not an NIA or Emerging Neighbourhood,,17825665.0,Mount Pleasant East
2850000.0,2850000.0,2850000.0,HOUSE,HOUSE,Trinity Bellwoods,43.6527567,-79.4086045,4,1,5,1750.0,450.06,263.11,311.7,258.24,265.62,123.79,233.41,1480.26,279,78,63,106,2502261,26022776,,81,81,Trinity-Bellwoods,Trinity-Bellwoods (81),Not an NIA or Emerging Neighbourhood,,17826417.0,Trinity-Bellwoods
2995000.0,2995000.0,2995000.0,HOUSE,HOUSE,High Park Swansea,43.6400234,-79.4780399,4,1,5,2750.0,414.36,2266.94,221.0,840.39,1110.95,893.56,1057.76,1195.29,0,43,16,101,2502266,26022781,,87,87,High Park-Swansea,High Park-Swansea (87),Not an NIA or Emerging Neighbourhood,,17826337.0,High Park-Swansea
2890000.0,2890000.0,2890000.0,HOUSE,HOUSE,Mount Pleasant West,43.704477,-79.3963363,3,1,3,2250.0,323.7,2412.62,45.95,502.15,61.03,261.93,75.12,310.99,92,52,39,1,2502366,26022881,,174,174,South Eglinton-Davisville,South Eglinton-Davisville (174),Not an NIA or Emerging Neighbourhood,,17824737.0,South Eglinton-Davisville
2699000.0,2699000.0,2699000.0,HOUSE,HOUSE,Briar Hill Belgravia,43.6993533,-79.4543962,3,0,1,700.0,706.62,3721.67,380.43,675.19,507.45,367.24,520.71,1470.29,34,39,25,51,2502316,26022831,,108,108,Briar Hill-Belgravia,Briar Hill-Belgravia (108),Not an NIA or Emerging Neighbourhood,,17825537.0,Briar Hill-Belgravia
2609000.0,2609000.0,2609000.0,HOUSE,HOUSE,Maple Leaf,43.721036,-79.4778657,4,0,4,4250.0,402.92,871.1,467.09,930.8,736.47,657.72,670.62,2472.65,5,25,25,124,2502243,26022758,,29,29,Maple Leaf,Maple Leaf (29),Not an NIA or Emerging Neighbourhood,,17826705.0,Maple Leaf
2995000.0,2995000.0,2995000.0,HOUSE,HOUSE,Trinity Bellwoods,43.650628,-79.4240731,3,1,5,2250.0,209.84,954.04,57.65,590.08,223.78,215.84,161.06,1319.13,134,72,44,106,2502261,26022776,,81,81,Trinity-Bellwoods,Trinity-Bellwoods (81),Not an NIA or Emerging Neighbourhood,,17826417.0,Trinity-Bellwoods
2725000.0,2725000.0,2725000.0,HOUSE,HOUSE,University,43.6645903,-79.407299,5,1,3,1750.0,218.1,891.91,198.23,404.6,175.27,282.5,133.44,350.06,151,88,70,80,2502287,26022802,,79,79,University,University (79),Not an NIA or Emerging Neighbourhood,,17826001.0,University
2988000.0,2988000.0,2988000.0,HOUSE,HOUSE,Rosedale Moore Park,43.675223,-79.3694332,5,1,5,2750.0,309.64,1529.51,145.83,948.13,693.02,641.79,426.27,194.26,28,78,41,60,2502307,26022822,,98,98,Rosedale-Moore Park,Rosedale-Moore Park (98),Not an NIA or Emerging Neighbourhood,,17825681.0,Rosedale-Moore Park
2895000.0,2895000.0,2895000.0,HOUSE,HOUSE,Mount Pleasant East,43.7065368,-79.3860899,4,1,5,2750.0,283.56,1677.13,159.14,332.56,276.8,249.19,307.1,1003.61,75,50,39,59,2502308,26022823,,99,99,Mount Pleasant East,Mount Pleasant East (99),Not an NIA or Emerging Neighbourhood,,17825665.0,Mount Pleasant East
2696000.0,2696000.0,0.0,HOUSE,HOUSE,South Riverdale,43.6684607,-79.3321858,9,1,7,4250.0,128.01,1815.57,291.65,333.22,440.28,407.38,385.65,1468.08,50,66,31,86,2502281,26022796,,70,70,South Riverdale,South Riverdale (70),Not an NIA or Emerging Neighbourhood,,17826097.0,South Riverdale
3599000.0,3599000.0,3599000.0,HOUSE,HOUSE,Forest Hill South,43.695683,-79.4160767,4,1,4,2750.0,175.25,2004.14,281.85,828.39,725.76,809.27,860.74,1189.13,16,55,36,57,2502310,26022825,,101,101,Forest Hill South,Forest Hill South (101),Not an NIA or Emerging Neighbourhood,,17825633.0,Forest Hill South
3895000.0,3895000.0,3895000.0,HOUSE,HOUSE,Rosedale Moore Park,43.6858876,-79.3821703,5,1,5,4250.0,170.76,2312.46,196.38,878.76,909.91,468.69,549.82,817.43,21,69,32,60,2502307,26022822,,98,98,Rosedale-Moore Park,Rosedale-Moore Park (98),Not an NIA or Emerging Neighbourhood,,17825681.0,Rosedale-Moore Park
3395000.0,3395000.0,3395000.0,HOUSE,HOUSE,Rosedale Moore Park,43.6867771,-79.3798427,4,1,4,2750.0,123.79,2419.4,334.64,1032.07,1066.04,291.68,360.21,1027.83,2,62,28,60,2502307,26022822,,98,98,Rosedale-Moore Park,Rosedale-Moore Park (98),Not an NIA or Emerging Neighbourhood,,17825681.0,Rosedale-Moore Park
3195000.0,3195000.0,3195000.0,HOUSE,HOUSE,Lawrence Park South,43.7212747,-79.3948149,3,1,4,2750.0,452.05,1695.39,266.99,687.16,894.41,584.99,649.85,834.93,13,44,37,55,2502312,26022827,,103,103,Lawrence Park South,Lawrence Park South (103),Not an NIA or Emerging Neighbourhood,,17825601.0,Lawrence Park South
3299900.0,3299900.0,3299900.0,HOUSE,HOUSE,High Park Swansea,43.7628241,-79.1844141,4,2,4,2750.0,376.04,2536.96,319.42,921.3,697.05,686.5,611.01,7213.74,7,20,15,26,2502341,26022856,,136,136,West Hill,West Hill (136),Neighbourhood Improvement Area,NIA,17825137.0,West Hill
3999999.0,3999999.0,3999999.0,HOUSE,HOUSE,Forest Hill South,43.6913306,-79.4135019,4,0,5,2750.0,275.74,1528.4,171.74,1064.06,205.26,284.87,336.31,718.38,5,64,38,57,2502310,26022825,,101,101,Forest Hill South,Forest Hill South (101),Not an NIA or Emerging Neighbourhood,,17825633.0,Forest Hill South
3200000.0,3200000.0,3200000.0,HOUSE,HOUSE,High Park Swansea,43.6420661,-79.4819272,4,0,4,2250.0,432.03,2497.13,129.11,695.37,837.28,726.65,994.07,886.61,15,45,15,101,2502266,26022781,,87,87,High Park-Swansea,High Park-Swansea (87),Not an NIA or Emerging Neighbourhood,,17826337.0,High Park-Swansea
3099999.0,3099999.0,3099999.0,HOUSE,HOUSE,Forest Hill North,43.7003266,-79.4377098,4,1,5,3250.0,459.99,3087.27,287.77,898.56,413.51,295.81,396.97,176.31,41,42,34,56,2502311,26022826,,102,102,Forest Hill North,Forest Hill North (102),Not an NIA or Emerging Neighbourhood,,17825617.0,Forest Hill North
3295000.0,3295000.0,3295000.0,HOUSE,HOUSE,Rosedale Moore Park,43.6924365,-79.3868475,4,0,4,1750.0,489.09,2831.44,352.97,616.36,649.7,697.89,538.79,742.86,23,56,38,60,2502307,26022822,,98,98,Rosedale-Moore Park,Rosedale-Moore Park (98),Not an NIA or Emerging Neighbourhood,,17825681.0,Rosedale-Moore Park
3799000.0,3799000.0,3799000.0,HOUSE,HOUSE,Yonge St Clair,43.6795136,-79.3971352,4,1,5,2750.0,155.99,1493.4,110.27,1082.29,500.07,540.48,632.99,585.05,51,85,54,61,2502306,26022821,,97,97,Yonge-St.Clair,Yonge-St.Clair (97),Not an NIA or Emerging Neighbourhood,,17825697.0,Yonge-St.Clair
3595000.0,3595000.0,3595000.0,HOUSE,HOUSE,Lawrence Park North,43.7252249,-79.4123993,4,2,6,2750.0,369.13,1920.7,225.25,855.8,346.45,431.0,345.47,807.25,23,39,33,54,2502313,26022828,,105,105,Lawrence Park North,Lawrence Park North (105),Not an NIA or Emerging Neighbourhood,,17825585.0,Lawrence Park North
3999000.0,3999000.0,3999000.0,HOUSE,HOUSE,Yonge St Clair,43.6898192,-79.4013081,4,1,5,2750.0,255.98,1770.44,312.94,726.78,415.25,483.69,369.59,646.44,29,71,35,61,2502306,26022821,,97,97,Yonge-St.Clair,Yonge-St.Clair (97),Not an NIA or Emerging Neighbourhood,,17825697.0,Yonge-St.Clair
3099900.0,3099900.0,3099900.0,HOUSE,HOUSE,The Beaches,43.6781806,-79.2895667,6,1,5,2750.0,195.13,3129.84,278.9,985.43,221.52,238.17,621.55,1548.37,30,40,28,93,2502274,26022789,,63,63,The Beaches,The Beaches (63),Not an NIA or Emerging Neighbourhood,,17826209.0,The Beaches
3699900.0,3699900.0,3699900.0,HOUSE,HOUSE,Lawrence Park South,43.7197282,-79.3886604,4,1,4,2750.0,71.59,1223.41,343.92,1175.48,1034.26,995.6,588.03,1331.97,3,41,37,55,2502312,26022827,,103,103,Lawrence Park South,Lawrence Park South (103),Not an NIA or Emerging Neighbourhood,,17825601.0,Lawrence Park South
3680000.0,3680000.0,3680000.0,HOUSE,HOUSE,Mount Pleasant West,43.7023179,-79.3948272,5,1,5,2750.0,143.44,2490.21,254.37,563.92,282.68,433.73,209.49,525.96,85,47,39,1,2502366,26022881,,174,174,South Eglinton-Davisville,South Eglinton-Davisville (174),Not an NIA or Emerging Neighbourhood,,17824737.0,South Eglinton-Davisville
3100000.0,3100000.0,3100000.0,HOUSE,HOUSE,Little Portugal,43.6441121,-79.4261745,4,1,5,3250.0,302.19,619.39,217.67,609.41,167.05,169.71,98.35,1942.88,118,66,31,104,2502263,26022778,,84,84,Little Portugal,Little Portugal (84),Not an NIA or Emerging Neighbourhood,,17826385.0,Little Portugal
3388000.0,3388000.0,3388000.0,HOUSE,HOUSE,The Beaches,43.6772819,-79.3015142,5,1,5,3250.0,391.7,2350.88,256.98,701.15,792.65,798.63,353.58,1308.45,30,54,33,93,2502274,26022789,,63,63,The Beaches,The Beaches (63),Not an NIA or Emerging Neighbourhood,,17826209.0,The Beaches
3499000.0,3499000.0,3499000.0,HOUSE,HOUSE,Trinity Bellwoods,43.6478539,-79.4211688,3,2,5,2750.0,334.15,576.52,220.09,812.89,160.13,76.61,203.76,1667.56,131,76,38,106,2502261,26022776,,81,81,Trinity-Bellwoods,Trinity-Bellwoods (81),Not an NIA or Emerging Neighbourhood,,17826417.0,Trinity-Bellwoods
3295000.0,3295000.0,3295000.0,HOUSE,HOUSE,High Park-Swansea,43.6515301,-79.4568524,6,1,4,4250.0,324.21,1363.54,656.01,958.62,476.15,457.57,522.96,499.83,38,50,37,101,2502266,26022781,,87,87,High Park-Swansea,High Park-Swansea (87),Not an NIA or Emerging Neighbourhood,,17826337.0,High Park-Swansea
3250000.0,3250000.0,3250000.0,HOUSE,HOUSE,Lawrence Park South,43.7219518,-79.4056819,5,0,3,2250.0,378.96,2546.93,162.98,453.15,624.47,501.27,445.75,552.66,20,41,40,55,2502312,26022827,,103,103,Lawrence Park South,Lawrence Park South (103),Not an NIA or Emerging Neighbourhood,,17825601.0,Lawrence Park South
3995000.0,3995000.0,3995000.0,HOUSE,HOUSE,Yonge Eglinton,43.6996955,-79.40754,4,1,4,3250.0,363.64,2532.63,212.44,1100.05,527.56,574.39,624.78,846.86,42,57,47,58,2502309,26022824,,100,100,Yonge-Eglinton,Yonge-Eglinton (100),Not an NIA or Emerging Neighbourhood,,17825649.0,Yonge-Eglinton
3449000.0,3449000.0,3449000.0,HOUSE,HOUSE,The Beaches,43.6716925,-79.3034622,5,1,5,3250.0,329.85,2664.14,454.75,437.65,463.94,263.64,378.39,1795.13,29,49,28,93,2502274,26022789,,63,63,The Beaches,The Beaches (63),Not an NIA or Emerging Neighbourhood,,17826209.0,The Beaches
3495000.0,3495000.0,3495000.0,HOUSE,HOUSE,Lawrence Park South,43.7193571,-79.407746,5,0,4,2750.0,145.68,2512.78,169.84,780.09,942.08,536.45,741.17,885.32,17,50,44,55,2502312,26022827,,103,103,Lawrence Park South,Lawrence Park South (103),Not an NIA or Emerging Neighbourhood,,17825601.0,Lawrence Park South
3195000.0,3195000.0,3195000.0,HOUSE,HOUSE,Rosedale Moore Park,43.6881192,-79.3730739,3,0,4,2250.0,441.12,2665.81,246.15,1556.58,982.19,347.72,260.08,1573.96,1,55,25,60,2502307,26022822,,98,98,Rosedale-Moore Park,Rosedale-Moore Park (98),Not an NIA or Emerging Neighbourhood,,17825681.0,Rosedale-Moore Park
3900000.0,3900000.0,3900000.0,HOUSE,HOUSE,Forest Hill South,43.6874023,-79.4125598,5,2,3,3250.0,171.97,1108.88,61.81,702.19,120.96,120.34,113.04,346.38,14,64,37,57,2502310,26022825,,101,101,Forest Hill South,Forest Hill South (101),Not an NIA or Emerging Neighbourhood,,17825633.0,Forest Hill South
3500000.0,3500000.0,3500000.0,HOUSE,HOUSE,Forest Hill South,43.697433,-79.4213573,4,1,4,3250.0,331.1,2247.65,220.0,546.85,540.38,471.64,595.79,1202.79,24,49,32,57,2502310,26022825,,101,101,Forest Hill South,Forest Hill South (101),Not an NIA or Emerging Neighbourhood,,17825633.0,Forest Hill South
3165000.0,3165000.0,3165000.0,HOUSE,HOUSE,Lawrence Park South,43.7146194,-79.4124585,4,1,6,2750.0,503.3,2506.86,135.64,1240.96,1104.01,923.9,972.75,1417.61,6,51,47,55,2502312,26022827,,103,103,Lawrence Park South,Lawrence Park South (103),Not an NIA or Emerging Neighbourhood,,17825601.0,Lawrence Park South
3495000.0,3495000.0,3495000.0,HOUSE,HOUSE,Yonge Eglinton,43.7128433,-79.4028628,4,1,5,2250.0,89.72,2442.84,201.48,568.33,328.42,245.66,298.72,759.32,55,59,40,58,2502309,26022824,,100,100,Yonge-Eglinton,Yonge-Eglinton (100),Not an NIA or Emerging Neighbourhood,,17825649.0,Yonge-Eglinton
3295000.0,3295000.0,3295000.0,HOUSE,HOUSE,Casa Loma,43.6888632,-79.4107482,4,2,4,3250.0,144.96,1303.3,161.2,919.13,159.74,145.85,142.11,564.47,7,65,33,62,2502305,26022820,,96,96,Casa Loma,Casa Loma (96),Not an NIA or Emerging Neighbourhood,,17825713.0,Casa Loma
3499000.0,3499000.0,3499000.0,HOUSE,HOUSE,High Park-Swansea,43.65228740000001,-79.4578193,4,1,4,2750.0,406.96,1472.76,589.79,1073.26,484.91,388.56,566.4,391.41,33,47,37,101,2502266,26022781,,87,87,High Park-Swansea,High Park-Swansea (87),Not an NIA or Emerging Neighbourhood,,17826337.0,High Park-Swansea
4000000.0,4000000.0,4000000.0,HOUSE,HOUSE,Lawrence Park South,43.7210525,-79.3889291,5,0,4,3250.0,132.98,1229.29,400.7,1115.47,1139.04,995.52,699.28,1237.55,2,38,38,55,2502312,26022827,,103,103,Lawrence Park South,Lawrence Park South (103),Not an NIA or Emerging Neighbourhood,,17825601.0,Lawrence Park South
3500000.0,3500000.0,3500000.0,HOUSE,HOUSE,The Beaches,43.6708548,-79.2993578,4,1,6,3250.0,167.03,2955.15,309.66,108.83,121.33,103.7,100.61,2031.14,35,43,25,93,2502274,26022789,,63,63,The Beaches,The Beaches (63),Not an NIA or Emerging Neighbourhood,,17826209.0,The Beaches
3900000.0,3900000.0,3900000.0,HOUSE,HOUSE,Trinity-Bellwoods,43.6531218,-79.4179692,13,2,8,5000.0,295.91,1004.91,182.96,285.98,239.35,151.24,164.65,1221.94,149,77,53,106,2502261,26022776,,81,81,Trinity-Bellwoods,Trinity-Bellwoods (81),Not an NIA or Emerging Neighbourhood,,17826417.0,Trinity-Bellwoods
3898000.0,3898000.0,3898000.0,HOUSE,HOUSE,High Park Swansea,43.6446272,-79.4538741,6,0,4,2750.0,413.87,573.8,760.53,406.51,406.68,517.26,437.2,1300.39,37,42,22,101,2502266,26022781,,87,87,High Park-Swansea,High Park-Swansea (87),Not an NIA or Emerging Neighbourhood,,17826337.0,High Park-Swansea
3195000.0,3195000.0,3195000.0,HOUSE,HOUSE,Rosedale Moore Park,43.6886136,-79.3852582,3,1,4,2250.0,221.21,2626.39,196.12,575.85,612.38,673.14,442.29,682.33,27,66,32,60,2502307,26022822,,98,98,Rosedale-Moore Park,Rosedale-Moore Park (98),Not an NIA or Emerging Neighbourhood,,17825681.0,Rosedale-Moore Park
3980000.0,3980000.0,3980000.0,HOUSE,HOUSE,Casa Loma,43.6857755,-79.4101514,6,0,4,3250.0,325.71,1000.27,292.49,714.32,367.67,354.74,344.57,423.43,15,69,40,62,2502305,26022820,,96,96,Casa Loma,Casa Loma (96),Not an NIA or Emerging Neighbourhood,,17825713.0,Casa Loma
3299999.0,3299999.0,3299999.0,HOUSE,HOUSE,Wychwood,43.6798338,-79.4193176,4,1,6,2750.0,292.81,388.69,276.54,301.01,315.53,314.74,527.54,659.09,50,80,50,64,2502303,26022818,,94,94,Wychwood,Wychwood (94),Not an NIA or Emerging Neighbourhood,,17825745.0,Wychwood
3249000.0,3249000.0,3249000.0,HOUSE,HOUSE,High Park-Swansea,43.6463271,-79.4760587,3,1,6,2750.0,304.88,2060.36,274.13,200.46,510.4,491.1,536.23,597.75,32,46,21,101,2502266,26022781,,87,87,High Park-Swansea,High Park-Swansea (87),Not an NIA or Emerging Neighbourhood,,17826337.0,High Park-Swansea
3520000.0,3520000.0,3520000.0,HOUSE,HOUSE,Lawrence Park North,43.7310555,-79.41425939999999,4,2,6,1750.0,300.76,1705.0,615.4,1090.54,430.07,592.21,349.66,1081.98,46,39,27,54,2502313,26022828,,105,105,Lawrence Park North,Lawrence Park North (105),Not an NIA or Emerging Neighbourhood,,17825585.0,Lawrence Park North
3578000.0,3578000.0,3578000.0,HOUSE,HOUSE,Trinity Bellwoods,43.6488788,-79.4186315,4,0,4,2750.0,305.63,653.09,215.2,706.32,123.98,187.73,275.99,1623.83,159,77,39,106,2502261,26022776,,81,81,Trinity-Bellwoods,Trinity-Bellwoods (81),Not an NIA or Emerging Neighbourhood,,17826417.0,Trinity-Bellwoods
3995000.0,3995000.0,3995000.0,HOUSE,HOUSE,Casa Loma,43.6791193,-79.4142058,4,0,2,2750.0,132.08,193.68,144.11,437.26,588.77,523.16,542.71,660.26,33,76,53,62,2502305,26022820,,96,96,Casa Loma,Casa Loma (96),Not an NIA or Emerging Neighbourhood,,17825713.0,Casa Loma
3280000.0,3280000.0,3280000.0,HOUSE,HOUSE,Palmerston Little Italy,43.6595277,-79.4236326,6,2,7,3250.0,216.69,1607.44,373.43,561.98,337.11,305.9,638.35,384.13,122,69,51,79,2502288,26022803,,80,80,Palmerston-Little Italy,Palmerston-Little Italy (80),Not an NIA or Emerging Neighbourhood,,17825985.0,Palmerston-Little Italy
3495000.0,3495000.0,3495000.0,HOUSE,HOUSE,Rosedale Moore Park,43.6880577,-79.3716264,4,1,5,2750.0,440.17,2694.03,241.43,1673.14,981.11,438.94,349.2,1632.14,1,55,26,60,2502307,26022822,,98,98,Rosedale-Moore Park,Rosedale-Moore Park (98),Not an NIA or Emerging Neighbourhood,,17825681.0,Rosedale-Moore Park
3889000.0,3889000.0,3889000.0,HOUSE,HOUSE,Forest Hill North,43.7023759,-79.4237533,5,1,4,4250.0,193.29,2826.33,162.1,243.09,215.65,165.91,320.07,1052.45,26,47,33,56,2502311,26022826,,102,102,Forest Hill North,Forest Hill North (102),Not an NIA or Emerging Neighbourhood,,17825617.0,Forest Hill North
3399000.0,3399000.0,3399000.0,HOUSE,HOUSE,High Park Swansea,43.6511391,-79.4554857,5,1,5,2750.0,270.43,1281.28,603.45,854.29,370.63,444.41,451.99,592.55,38,48,37,101,2502266,26022781,,87,87,High Park-Swansea,High Park-Swansea (87),Not an NIA or Emerging Neighbourhood,,17826337.0,High Park-Swansea
3898000.0,3898000.0,3898000.0,HOUSE,HOUSE,Rosedale Moore Park,43.6823275,-79.3760536,4,1,4,2750.0,359.04,1981.23,236.75,1438.79,1097.64,417.45,464.94,1117.26,0,71,31,60,2502307,26022822,,98,98,Rosedale-Moore Park,Rosedale-Moore Park (98),Not an NIA or Emerging Neighbourhood,,17825681.0,Rosedale-Moore Park
3499000.0,3499000.0,3499000.0,HOUSE,HOUSE,Forest Hill North,43.7027449,-79.4273127,5,1,4,3250.0,138.67,2945.46,306.83,531.17,209.22,214.34,214.89,807.11,16,47,33,56,2502311,26022826,,102,102,Forest Hill North,Forest Hill North (102),Not an NIA or Emerging Neighbourhood,,17825617.0,Forest Hill North
3549000.0,3549000.0,3549000.0,HOUSE,HOUSE,Junction Area,43.6635351,-79.4581133,8,2,8,2750.0,193.64,1841.69,280.3,664.33,626.49,425.94,746.24,839.54,48,55,35,67,2502300,26022815,,90,90,Junction Area,Junction Area (90),Not an NIA or Emerging Neighbourhood,,17825793.0,Junction Area
3098800.0,3098800.0,3098800.0,HOUSE,HOUSE,Yonge-Eglinton,43.7084021,-79.4077441,4,1,4,2250.0,183.2,2974.18,220.84,639.6,462.71,410.72,651.06,759.56,62,53,44,58,2502309,26022824,,100,100,Yonge-Eglinton,Yonge-Eglinton (100),Not an NIA or Emerging Neighbourhood,,17825649.0,Yonge-Eglinton
3799000.0,3799000.0,3799000.0,HOUSE,HOUSE,High Park Swansea,43.6438116,-79.4526693,8,3,6,4250.0,293.29,445.31,720.36,339.04,327.95,403.25,373.45,1420.67,36,46,23,101,2502266,26022781,,87,87,High Park-Swansea,High Park-Swansea (87),Not an NIA or Emerging Neighbourhood,,17826337.0,High Park-Swansea
3495000.0,3495000.0,3495000.0,HOUSE,HOUSE,The Beaches,43.6717727,-79.2886276,4,1,5,2750.0,170.8,3550.11,261.1,813.7,630.32,416.93,277.26,2186.17,29,25,20,93,2502274,26022789,,63,63,The Beaches,The Beaches (63),Not an NIA or Emerging Neighbourhood,,17826209.0,The Beaches
3099000.0,3099000.0,3099000.0,HOUSE,HOUSE,Lawrence Park North,43.7341787,-79.4030014,4,1,5,2250.0,217.86,2647.95,148.34,1038.77,164.65,175.4,165.27,871.73,18,35,22,54,2502313,26022828,,105,105,Lawrence Park North,Lawrence Park North (105),Not an NIA or Emerging Neighbourhood,,17825585.0,Lawrence Park North
3800000.0,3800000.0,3800000.0,HOUSE,HOUSE,Lawrence Park South,43.7179942,-79.3947791,5,0,5,5000.0,475.4,1709.67,150.68,949.19,824.34,516.6,301.02,1115.94,23,46,40,55,2502312,26022827,,103,103,Lawrence Park South,Lawrence Park South (103),Not an NIA or Emerging Neighbourhood,,17825601.0,Lawrence Park South
3499000.0,3499000.0,3499000.0,HOUSE,HOUSE,The Beaches,43.6691862,-79.301406,4,1,5,3250.0,84.96,2984.08,218.11,256.78,324.47,75.37,302.72,2117.45,27,40,23,93,2502274,26022789,,63,63,The Beaches,The Beaches (63),Not an NIA or Emerging Neighbourhood,,17826209.0,The Beaches
3695000.0,3695000.0,3695000.0,HOUSE,HOUSE,Lawrence Park South,43.7201252,-79.3927164,3,0,3,1750.0,258.92,1547.02,289.96,898.72,1103.88,695.96,509.4,1045.8,14,44,39,55,2502312,26022827,,103,103,Lawrence Park South,Lawrence Park South (103),Not an NIA or Emerging Neighbourhood,,17825601.0,Lawrence Park South
3300000.0,3300000.0,3300000.0,HOUSE,HOUSE,Casa Loma,43.6799433,-79.402301,4,2,5,3250.0,127.16,1093.51,80.07,1250.72,765.22,718.9,487.34,693.61,34,83,51,62,2502305,26022820,,96,96,Casa Loma,Casa Loma (96),Not an NIA or Emerging Neighbourhood,,17825713.0,Casa Loma
3945000.0,3945000.0,3945000.0,HOUSE,HOUSE,Wychwood,43.677783,-79.4224546,5,0,3,4250.0,549.7,557.16,235.7,595.57,570.95,502.97,528.09,987.36,53,79,49,64,2502303,26022818,,94,94,Wychwood,Wychwood (94),Not an NIA or Emerging Neighbourhood,,17825745.0,Wychwood
3699000.0,3699000.0,3699000.0,HOUSE,HOUSE,Casa Loma,43.6847198,-79.4029346,4,0,4,4250.0,132.21,1281.11,129.24,950.71,452.44,776.9,324.32,825.29,35,76,42,62,2502305,26022820,,96,96,Casa Loma,Casa Loma (96),Not an NIA or Emerging Neighbourhood,,17825713.0,Casa Loma
3895000.0,3895000.0,3895000.0,HOUSE,HOUSE,Trinity Bellwoods,43.6488903,-79.4070602,3,0,4,2750.0,199.06,525.14,299.8,382.27,450.32,322.19,468.16,1649.02,289,86,50,106,2502261,26022776,,81,81,Trinity-Bellwoods,Trinity-Bellwoods (81),Not an NIA or Emerging Neighbourhood,,17826417.0,Trinity-Bellwoods
3145000.0,3145000.0,3145000.0,HOUSE,HOUSE,Trinity Bellwoods,43.6530017,-79.4100058,4,1,5,2250.0,347.85,367.24,427.25,374.18,308.53,150.23,280.96,1407.27,263,79,63,106,2502261,26022776,,81,81,Trinity-Bellwoods,Trinity-Bellwoods (81),Not an NIA or Emerging Neighbourhood,,17826417.0,Trinity-Bellwoods
3380000.0,3380000.0,3380000.0,HOUSE,HOUSE,Mount Pleasant East,43.7109173,-79.3817787,4,1,5,4250.0,573.37,1079.72,136.33,929.55,380.23,371.69,258.53,1426.77,41,45,39,59,2502308,26022823,,99,99,Mount Pleasant East,Mount Pleasant East (99),Not an NIA or Emerging Neighbourhood,,17825665.0,Mount Pleasant East
3099000.0,3099000.0,3099000.0,HOUSE,HOUSE,Niagara,43.6453134,-79.4069576,3,1,5,2250.0,185.13,915.08,335.74,767.97,292.73,259.69,316.11,1752.42,155,78,42,44,2502323,26022838,,162,162,West Queen West,West Queen West (162),Not an NIA or Emerging Neighbourhood,,17825425.0,West Queen West
3650000.0,3650000.0,3650000.0,HOUSE,HOUSE,Annex,43.6722645,-79.4044902,6,0,5,4250.0,250.9,1071.69,358.03,510.99,604.57,410.87,392.02,337.36,85,92,64,63,2502304,26022819,,95,95,Annex,Annex (95),Not an NIA or Emerging Neighbourhood,,17825729.0,Annex
3200000.0,3200000.0,3200000.0,HOUSE,HOUSE,The Beaches,43.6671442,-79.3047514,4,0,5,4250.0,219.2,3009.81,221.88,602.66,274.42,406.39,220.78,2234.29,28,39,21,93,2502274,26022789,,63,63,The Beaches,The Beaches (63),Not an NIA or Emerging Neighbourhood,,17826209.0,The Beaches
3638000.0,3638000.0,3638000.0,HOUSE,HOUSE,Niagara,43.6453824,-79.4083561,4,0,5,2750.0,160.88,867.95,277.33,785.53,394.23,321.32,410.77,1855.8,153,77,43,44,2502323,26022838,,162,162,West Queen West,West Queen West (162),Not an NIA or Emerging Neighbourhood,,17825425.0,West Queen West
3999999.0,3999999.0,3999999.0,HOUSE,HOUSE,Forest Hill South,43.6989256,-79.4212444,5,0,4,2750.0,459.6,2408.47,379.23,380.8,436.81,350.99,515.77,1195.4,26,42,33,57,2502310,26022825,,101,101,Forest Hill South,Forest Hill South (101),Not an NIA or Emerging Neighbourhood,,17825633.0,Forest Hill South
4049000.0,4049000.0,4049000.0,HOUSE,HOUSE,Lawrence Park South,43.7208068,-79.388939,4,1,5,4250.0,107.46,1234.66,390.98,1125.45,1122.62,998.63,675.13,1250.09,3,41,39,55,2502312,26022827,,103,103,Lawrence Park South,Lawrence Park South (103),Not an NIA or Emerging Neighbourhood,,17825601.0,Lawrence Park South
4595000.0,4595000.0,4595000.0,HOUSE,HOUSE,Lawrence Park South,43.7160442,-79.4031119,3,1,5,3250.0,202.54,2394.76,180.77,907.93,621.16,332.19,232.26,1094.99,31,50,39,55,2502312,26022827,,103,103,Lawrence Park South,Lawrence Park South (103),Not an NIA or Emerging Neighbourhood,,17825601.0,Lawrence Park South
4798000.0,4798000.0,4798000.0,HOUSE,HOUSE,Forest Hill North,43.7084484,-79.4213654,4,2,6,4250.0,308.76,2637.37,314.79,682.25,716.65,739.97,858.74,1553.07,14,47,43,56,2502311,26022826,,102,102,Forest Hill North,Forest Hill North (102),Not an NIA or Emerging Neighbourhood,,17825617.0,Forest Hill North
4295000.0,4295000.0,4295000.0,HOUSE,HOUSE,Annex,43.6732268,-79.3930419,3,0,3,4250.0,77.51,1251.2,171.14,382.69,303.55,269.54,216.45,405.11,125,96,69,63,2502304,26022819,,95,95,Annex,Annex (95),Not an NIA or Emerging Neighbourhood,,17825729.0,Annex
4995000.0,4995000.0,4995000.0,HOUSE,HOUSE,Forest Hill South,43.6946035,-79.4192866,4,1,5,4250.0,421.19,1907.71,142.85,866.95,749.88,826.84,883.34,1114.39,15,55,34,57,2502310,26022825,,101,101,Forest Hill South,Forest Hill South (101),Not an NIA or Emerging Neighbourhood,,17825633.0,Forest Hill South
4200000.0,4200000.0,4200000.0,HOUSE,HOUSE,Annex,43.6718389,-79.4141098,3,0,4,2750.0,363.0,657.66,113.52,748.22,259.49,602.01,110.83,655.8,100,82,61,63,2502304,26022819,,95,95,Annex,Annex (95),Not an NIA or Emerging Neighbourhood,,17825729.0,Annex
4759000.0,4759000.0,4759000.0,HOUSE,HOUSE,The Beaches,43.67151,-79.2818048,4,1,4,4250.0,297.74,4028.22,494.24,1350.18,1030.4,964.56,381.24,2517.65,12,15,18,93,2502274,26022789,,63,63,The Beaches,The Beaches (63),Not an NIA or Emerging Neighbourhood,,17826209.0,The Beaches
4995000.0,4995000.0,4995000.0,HOUSE,HOUSE,Forest Hill South,43.699722,-79.4128578,5,0,4,3250.0,406.34,2462.15,208.69,696.12,466.63,423.85,456.78,1267.12,16,53,44,57,2502310,26022825,,101,101,Forest Hill South,Forest Hill South (101),Not an NIA or Emerging Neighbourhood,,17825633.0,Forest Hill South
4998800.0,4998800.0,4998800.0,HOUSE,HOUSE,Lawrence Park South,43.724988,-79.3957993,4,1,5,3250.0,476.64,1782.87,463.67,479.13,587.88,563.9,548.4,557.29,13,38,34,55,2502312,26022827,,103,103,Lawrence Park South,Lawrence Park South (103),Not an NIA or Emerging Neighbourhood,,17825601.0,Lawrence Park South
4599000.0,4599000.0,4599000.0,HOUSE,HOUSE,University,43.6645469,-79.407868,3,1,5,2250.0,197.05,922.4,210.83,434.57,142.2,311.98,117.93,311.64,147,85,67,80,2502287,26022802,,79,79,University,University (79),Not an NIA or Emerging Neighbourhood,,17826001.0,University
4950000.0,4950000.0,4950000.0,HOUSE,HOUSE,Forest Hill South,43.7014819,-79.4191735,5,1,5,4250.0,247.25,2664.63,318.4,156.68,532.11,376.34,574.79,1383.89,29,48,37,57,2502310,26022825,,101,101,Forest Hill South,Forest Hill South (101),Not an NIA or Emerging Neighbourhood,,17825633.0,Forest Hill South
4750000.0,4750000.0,4750000.0,HOUSE,HOUSE,Casa Loma,43.6847789,-79.4041892,4,1,5,4250.0,144.75,1207.24,228.25,1038.72,537.95,783.93,401.99,894.41,29,74,41,62,2502305,26022820,,96,96,Casa Loma,Casa Loma (96),Not an NIA or Emerging Neighbourhood,,17825713.0,Casa Loma
4988000.0,4988000.0,4988000.0,HOUSE,HOUSE,High Park Swansea,43.6431802,-79.4708058,4,1,4,2750.0,504.92,1713.48,133.59,748.74,964.96,955.08,944.83,1035.64,11,41,21,101,2502266,26022781,,87,87,High Park-Swansea,High Park-Swansea (87),Not an NIA or Emerging Neighbourhood,,17826337.0,High Park-Swansea
4999900.0,4999900.0,4999900.0,HOUSE,HOUSE,Rosedale Moore Park,43.6761335,-79.3717779,4,0,3,3250.0,523.66,1491.02,194.02,983.98,593.91,614.35,486.31,366.23,20,77,42,60,2502307,26022822,,98,98,Rosedale-Moore Park,Rosedale-Moore Park (98),Not an NIA or Emerging Neighbourhood,,17825681.0,Rosedale-Moore Park
4199000.0,4199000.0,4199000.0,HOUSE,HOUSE,High Park Swansea,43.6455642,-79.454254,6,2,7,4250.0,425.15,678.01,704.06,435.9,445.22,583.02,452.72,1192.14,34,46,25,101,2502266,26022781,,87,87,High Park-Swansea,High Park-Swansea (87),Not an NIA or Emerging Neighbourhood,,17826337.0,High Park-Swansea
4850000.0,4850000.0,4850000.0,HOUSE,HOUSE,Rosedale Moore Park,43.6818873,-79.3873307,4,1,6,4250.0,551.07,1911.03,122.91,854.17,313.62,498.36,785.32,256.22,42,78,39,60,2502307,26022822,,98,98,Rosedale-Moore Park,Rosedale-Moore Park (98),Not an NIA or Emerging Neighbourhood,,17825681.0,Rosedale-Moore Park
4245000.0,4245000.0,4245000.0,HOUSE,HOUSE,Rosedale Moore Park,43.6841178,-79.3873774,5,1,5,2750.0,457.52,2154.77,183.74,645.09,497.5,502.82,558.02,369.9,36,76,37,60,2502307,26022822,,98,98,Rosedale-Moore Park,Rosedale-Moore Park (98),Not an NIA or Emerging Neighbourhood,,17825681.0,Rosedale-Moore Park
4499000.0,4499000.0,4499000.0,HOUSE,HOUSE,Forest Hill South,43.7015238,-79.4126678,3,1,5,2250.0,265.99,2663.07,168.71,654.27,265.72,223.58,256.64,1273.93,17,52,43,57,2502310,26022825,,101,101,Forest Hill South,Forest Hill South (101),Not an NIA or Emerging Neighbourhood,,17825633.0,Forest Hill South
4499000.0,4499000.0,4499000.0,HOUSE,HOUSE,The Beaches,43.6709163,-79.2846314,4,0,3,1750.0,169.43,3869.98,263.17,1117.44,945.56,740.06,280.2,2434.8,17,17,19,93,2502274,26022789,,63,63,The Beaches,The Beaches (63),Not an NIA or Emerging Neighbourhood,,17826209.0,The Beaches
4749000.0,4749000.0,4749000.0,HOUSE,HOUSE,Lawrence Park South,43.7176738,-79.3965832,5,1,5,4250.0,371.36,1856.15,158.03,902.85,740.19,382.5,362.55,1074.48,26,47,39,55,2502312,26022827,,103,103,Lawrence Park South,Lawrence Park South (103),Not an NIA or Emerging Neighbourhood,,17825601.0,Lawrence Park South
4200000.0,4200000.0,4200000.0,HOUSE,HOUSE,Casa Loma,43.6825902,-79.4145693,5,0,5,3250.0,269.53,553.2,150.59,243.2,350.78,303.71,173.73,274.83,24,76,45,62,2502305,26022820,,96,96,Casa Loma,Casa Loma (96),Not an NIA or Emerging Neighbourhood,,17825713.0,Casa Loma
4850000.0,4850000.0,4850000.0,HOUSE,HOUSE,Corso Italia Davenport,43.6742451,-79.439372,4,1,5,3250.0,76.3,1954.88,410.03,392.7,519.9,353.31,754.22,1587.38,52,61,36,65,2502302,26022817,,92,92,Corso Italia-Davenport,Corso Italia-Davenport (92),Not an NIA or Emerging Neighbourhood,,17825761.0,Corso Italia-Davenport
4795000.0,4795000.0,4795000.0,HOUSE,HOUSE,Lawrence Park South,43.7235845,-79.3985321,5,2,5,2750.0,489.11,1987.63,201.52,296.7,503.72,423.18,378.69,441.36,18,42,36,55,2502312,26022827,,103,103,Lawrence Park South,Lawrence Park South (103),Not an NIA or Emerging Neighbourhood,,17825601.0,Lawrence Park South
4890000.0,4890000.0,4890000.0,HOUSE,HOUSE,Yonge-St. Clair,43.6842439,-79.3965418,4,0,4,4250.0,267.27,1693.09,395.62,589.67,318.74,323.23,381.06,471.54,39,75,46,61,2502306,26022821,,97,97,Yonge-St.Clair,Yonge-St.Clair (97),Not an NIA or Emerging Neighbourhood,,17825697.0,Yonge-St.Clair
4999000.0,4999000.0,4999000.0,HOUSE,HOUSE,Forest Hill South,43.6970427,-79.4060537,4,1,7,4250.0,633.74,2285.55,110.71,1318.21,774.48,758.44,790.99,711.45,40,55,46,57,2502310,26022825,,101,101,Forest Hill South,Forest Hill South (101),Not an NIA or Emerging Neighbourhood,,17825633.0,Forest Hill South
4500000.0,4500000.0,4500000.0,HOUSE,HOUSE,Forest Hill South,43.6917468,-79.4187272,4,1,4,2250.0,557.76,1586.95,211.17,1063.55,510.42,588.45,629.36,798.65,5,59,35,57,2502310,26022825,,101,101,Forest Hill South,Forest Hill South (101),Not an NIA or Emerging Neighbourhood,,17825633.0,Forest Hill South
4995000.0,4995000.0,4995000.0,HOUSE,HOUSE,Forest Hill South,43.68764,-79.4179344,4,1,6,3250.0,301.85,1126.06,123.7,603.47,408.84,400.04,434.78,361.32,23,65,34,57,2502310,26022825,,101,101,Forest Hill South,Forest Hill South (101),Not an NIA or Emerging Neighbourhood,,17825633.0,Forest Hill South
5595000.0,5595000.0,5595000.0,HOUSE,HOUSE,Yonge St Clair,43.6843001,-79.3954177,4,0,5,3250.0,192.11,1777.62,431.93,538.43,359.96,255.73,446.18,428.97,38,77,44,61,2502306,26022821,,97,97,Yonge-St.Clair,Yonge-St.Clair (97),Not an NIA or Emerging Neighbourhood,,17825697.0,Yonge-St.Clair
6500000.0,6500000.0,6500000.0,HOUSE,HOUSE,Annex,43.6730598,-79.3995836,4,0,5,4250.0,358.34,1380.74,231.35,723.37,314.56,371.93,374.06,517.27,90,89,66,63,2502304,26022819,,95,95,Annex,Annex (95),Not an NIA or Emerging Neighbourhood,,17825729.0,Annex
5900000.0,5900000.0,5900000.0,HOUSE,HOUSE,Forest Hill South,43.6914987,-79.4199485,4,2,6,4250.0,564.68,1578.91,127.43,1049.61,586.97,539.4,697.08,812.94,7,57,34,57,2502310,26022825,,101,101,Forest Hill South,Forest Hill South (101),Not an NIA or Emerging Neighbourhood,,17825633.0,Forest Hill South
5595000.0,5595000.0,5595000.0,HOUSE,HOUSE,Dovercourt Wallace Emerson Junction,43.6620067,-79.4290375,1,0,3,5000.0,505.52,2052.22,114.63,461.04,71.71,69.75,823.3,221.68,79,70,51,3,2502364,26022879,,172,172,Dovercourt Village,Dovercourt Village (172),Not an NIA or Emerging Neighbourhood,,17824769.0,Dovercourt Village
5980000.0,5980000.0,5980000.0,HOUSE,HOUSE,Lawrence Park South,43.7136417,-79.4171189,4,1,6,4250.0,583.03,2328.86,424.6,1290.86,913.05,924.14,1072.2,1675.7,0,50,43,55,2502312,26022827,,103,103,Lawrence Park South,Lawrence Park South (103),Not an NIA or Emerging Neighbourhood,,17825601.0,Lawrence Park South
6795000.0,6795000.0,6795000.0,HOUSE,HOUSE,Forest Hill South,43.6978718,-79.4214053,6,2,7,5200.0,363.18,2296.19,267.68,498.69,501.89,429.19,563.08,1191.76,25,47,32,57,2502310,26022825,,101,101,Forest Hill South,Forest Hill South (101),Not an NIA or Emerging Neighbourhood,,17825633.0,Forest Hill South
5395000.0,5395000.0,5395000.0,HOUSE,HOUSE,Forest Hill South,43.6918658,-79.4195396,6,0,5,4250.0,556.32,1611.8,160.85,1084.43,574.22,591.74,690.5,835.49,5,58,35,57,2502310,26022825,,101,101,Forest Hill South,Forest Hill South (101),Not an NIA or Emerging Neighbourhood,,17825633.0,Forest Hill South
6495000.0,6495000.0,6495000.0,HOUSE,HOUSE,Lawrence Park South,43.7117365,-79.4191509,5,2,8,4250.0,571.87,2404.18,554.52,1053.63,744.23,780.28,1016.52,1744.23,2,53,43,55,2502312,26022827,,103,103,Lawrence Park South,Lawrence Park South (103),Not an NIA or Emerging Neighbourhood,,17825601.0,Lawrence Park South
6495000.0,6495000.0,6495000.0,HOUSE,HOUSE,Casa Loma,43.6845209,-79.4034357,5,0,5,4250.0,176.22,1235.73,173.73,996.66,498.35,820.92,369.29,871.2,34,76,44,62,2502305,26022820,,96,96,Casa Loma,Casa Loma (96),Not an NIA or Emerging Neighbourhood,,17825713.0,Casa Loma
6498000.0,6498000.0,6498000.0,HOUSE,HOUSE,Casa Loma,43.6860726,-79.4110131,4,0,5,5000.0,272.62,1003.05,228.38,678.1,303.08,292.99,283.14,365.24,14,69,39,62,2502305,26022820,,96,96,Casa Loma,Casa Loma (96),Not an NIA or Emerging Neighbourhood,,17825713.0,Casa Loma
6995000.0,6995000.0,6995000.0,HOUSE,HOUSE,Rosedale Moore Park,43.6826928,-79.3749707,6,1,5,4250.0,264.57,2043.93,185.4,1524.07,1148.33,392.11,422.47,1127.93,0,70,30,60,2502307,26022822,,98,98,Rosedale-Moore Park,Rosedale-Moore Park (98),Not an NIA or Emerging Neighbourhood,,17825681.0,Rosedale-Moore Park
5699000.0,5699000.0,5699000.0,HOUSE,HOUSE,Casa Loma,43.6843538,-79.4015495,4,1,6,4250.0,65.03,1347.98,68.91,874.63,390.52,678.77,287.43,747.61,36,77,44,62,2502305,26022820,,96,96,Casa Loma,Casa Loma (96),Not an NIA or Emerging Neighbourhood,,17825713.0,Casa Loma
5998000.0,5998000.0,5998000.0,HOUSE,HOUSE,High Park Swansea,43.6502349,-79.4735169,4,0,5,4250.0,132.09,1697.03,232.64,185.24,217.23,213.37,148.14,257.83,32,46,26,101,2502266,26022781,,87,87,High Park-Swansea,High Park-Swansea (87),Not an NIA or Emerging Neighbourhood,,17826337.0,High Park-Swansea
6880000.0,6880000.0,6880000.0,HOUSE,HOUSE,Palmerston Little Italy,43.6570666,-79.4108882,4,1,6,3250.0,262.98,590.2,308.62,698.08,195.75,121.23,390.31,986.21,257,68,67,79,2502288,26022803,,80,80,Palmerston-Little Italy,Palmerston-Little Italy (80),Not an NIA or Emerging Neighbourhood,,17825985.0,Palmerston-Little Italy
6822000.0,6822000.0,6822000.0,HOUSE,HOUSE,Lawrence Park South,43.7167858,-79.4210899,6,2,8,5000.0,406.45,1856.44,265.45,990.18,626.32,682.01,657.99,1816.29,8,48,39,55,2502312,26022827,,103,103,Lawrence Park South,Lawrence Park South (103),Not an NIA or Emerging Neighbourhood,,17825601.0,Lawrence Park South
5660000.0,5660000.0,5660000.0,HOUSE,HOUSE,Forest Hill South,43.6991742,-79.4213703,5,0,8,5000.0,431.89,2437.55,408.2,354.66,413.45,325.53,495.7,1184.78,26,43,32,57,2502310,26022825,,101,101,Forest Hill South,Forest Hill South (101),Not an NIA or Emerging Neighbourhood,,17825633.0,Forest Hill South
6395000.0,6395000.0,6395000.0,HOUSE,HOUSE,Rosedale Moore Park,43.6848276,-79.3756564,5,2,5,4250.0,276.59,2258.59,238.11,1412.68,1298.49,149.49,185.12,1244.23,0,61,29,60,2502307,26022822,,98,98,Rosedale-Moore Park,Rosedale-Moore Park (98),Not an NIA or Emerging Neighbourhood,,17825681.0,Rosedale-Moore Park
5490000.0,5490000.0,5490000.0,HOUSE,HOUSE,Casa Loma,43.6867519,-79.411307,4,0,3,5000.0,263.86,1066.05,150.65,711.3,225.79,214.53,204.57,375.9,14,65,41,62,2502305,26022820,,96,96,Casa Loma,Casa Loma (96),Not an NIA or Emerging Neighbourhood,,17825713.0,Casa Loma
5995000.0,5995000.0,5995000.0,HOUSE,HOUSE,Yonge St Clair,43.6832385,-79.3970091,6,1,4,4250.0,152.6,1613.12,370.79,703.97,413.4,428.41,445.66,551.17,45,78,46,61,2502306,26022821,,97,97,Yonge-St.Clair,Yonge-St.Clair (97),Not an NIA or Emerging Neighbourhood,,17825697.0,Yonge-St.Clair
5695000.0,5695000.0,5695000.0,HOUSE,HOUSE,Rosedale Moore Park,43.6817136,-79.377753,7,0,5,4250.0,510.88,1884.07,151.71,1304.23,1026.7,498.04,563.31,1025.35,0,74,34,60,2502307,26022822,,98,98,Rosedale-Moore Park,Rosedale-Moore Park (98),Not an NIA or Emerging Neighbourhood,,17825681.0,Rosedale-Moore Park
6495000.0,6495000.0,6495000.0,HOUSE,HOUSE,Forest Hill South,43.6974732,-79.4133208,5,1,5,5000.0,238.4,2209.86,78.53,804.01,718.87,675.3,708.03,1289.73,17,54,43,57,2502310,26022825,,101,101,Forest Hill South,Forest Hill South (101),Not an NIA or Emerging Neighbourhood,,17825633.0,Forest Hill South
5399999.0,5399999.0,5399999.0,HOUSE,HOUSE,Rosedale Moore Park,43.68111,-79.3808769,4,0,5,3243.0,389.57,1784.85,86.27,1122.39,781.13,661.47,742.88,776.71,24,80,38,60,2502307,26022822,,98,98,Rosedale-Moore Park,Rosedale-Moore Park (98),Not an NIA or Emerging Neighbourhood,,17825681.0,Rosedale-Moore Park
5795000.0,5795000.0,5795000.0,HOUSE,HOUSE,Rosedale Moore Park,43.6831084,-79.3703729,4,1,5,3250.0,195.86,2221.05,230.01,1766.63,1199.52,582.8,550.29,1073.88,0,61,30,60,2502307,26022822,,98,98,Rosedale-Moore Park,Rosedale-Moore Park (98),Not an NIA or Emerging Neighbourhood,,17825681.0,Rosedale-Moore Park
5995000.0,5995000.0,5995000.0,HOUSE,HOUSE,High Park Swansea,43.6498843,-79.4736081,4,1,5,5000.0,151.03,1731.03,272.04,222.99,229.09,227.22,173.12,279.01,32,45,25,101,2502266,26022781,,87,87,High Park-Swansea,High Park-Swansea (87),Not an NIA or Emerging Neighbourhood,,17826337.0,High Park-Swansea
5695000.0,5695000.0,5695000.0,HOUSE,HOUSE,Rosedale Moore Park,43.6828074,-79.3734802,5,1,5,4250.0,173.15,2093.63,101.96,1610.8,1185.18,430.38,436.12,1094.8,0,66,32,60,2502307,26022822,,98,98,Rosedale-Moore Park,Rosedale-Moore Park (98),Not an NIA or Emerging Neighbourhood,,17825681.0,Rosedale-Moore Park
5979000.0,5979000.0,5979000.0,HOUSE,HOUSE,Lawrence Park South,43.7129923,-79.4176,4,2,7,4250.0,553.18,2361.66,502.58,1211.99,866.8,885.53,1072.79,1679.13,0,51,44,55,2502312,26022827,,103,103,Lawrence Park South,Lawrence Park South (103),Not an NIA or Emerging Neighbourhood,,17825601.0,Lawrence Park South
5290000.0,5290000.0,5290000.0,HOUSE,HOUSE,Annex,43.6705313,-79.3962519,4,0,5,5000.0,161.95,1203.26,211.51,631.39,210.24,251.31,187.88,312.42,138,93,77,63,2502304,26022819,,95,95,Annex,Annex (95),Not an NIA or Emerging Neighbourhood,,17825729.0,Annex
5199000.0,5199000.0,5199000.0,HOUSE,HOUSE,Mount Pleasant East,43.7150544,-79.3933862,4,1,5,2750.0,423.24,1643.87,309.7,916.01,622.78,583.07,58.7,1012.13,54,50,45,59,2502308,26022823,,99,99,Mount Pleasant East,Mount Pleasant East (99),Not an NIA or Emerging Neighbourhood,,17825665.0,Mount Pleasant East
5198000.0,5198000.0,5198000.0,HOUSE,HOUSE,Forest Hill South,43.6960212,-79.4061785,5,1,5,4250.0,540.01,2175.31,210.53,1364.03,831.72,803.33,827.21,745.57,26,58,46,57,2502310,26022825,,101,101,Forest Hill South,Forest Hill South (101),Not an NIA or Emerging Neighbourhood,,17825633.0,Forest Hill South
6999000.0,6999000.0,6999000.0,HOUSE,HOUSE,Lawrence Park South,43.7126026,-79.4174319,5,1,7,4250.0,513.17,2404.36,542.67,1172.62,878.36,901.83,1044.04,1649.29,0,53,45,55,2502312,26022827,,103,103,Lawrence Park South,Lawrence Park South (103),Not an NIA or Emerging Neighbourhood,,17825601.0,Lawrence Park South
6695000.0,6695000.0,6695000.0,HOUSE,HOUSE,Lawrence Park South,43.7126313,-79.4128101,4,1,6,4250.0,355.35,2642.02,300.55,1154.82,950.99,1004.75,978.69,1317.58,10,54,47,55,2502312,26022827,,103,103,Lawrence Park South,Lawrence Park South (103),Not an NIA or Emerging Neighbourhood,,17825601.0,Lawrence Park South
5495000.0,5495000.0,5495000.0,HOUSE,HOUSE,Lawrence Park South,43.7206096,-79.3889928,6,0,5,4250.0,85.93,1243.01,387.91,1130.53,1112.7,999.67,654.03,1257.32,3,41,38,55,2502312,26022827,,103,103,Lawrence Park South,Lawrence Park South (103),Not an NIA or Emerging Neighbourhood,,17825601.0,Lawrence Park South
5749900.0,5749900.0,5749900.0,HOUSE,HOUSE,Palmerston Little Italy,43.6587236,-79.411536,4,2,7,4250.0,235.59,759.93,147.91,740.38,346.44,259.68,563.38,801.92,245,67,70,79,2502288,26022803,,80,80,Palmerston-Little Italy,Palmerston-Little Italy (80),Not an NIA or Emerging Neighbourhood,,17825985.0,Palmerston-Little Italy
6879000.0,6879000.0,6879000.0,HOUSE,HOUSE,The Beaches,43.6755165,-79.2936199,5,1,8,5000.0,321.72,2985.2,253.59,717.08,551.41,447.07,474.13,1635.99,41,45,25,93,2502274,26022789,,63,63,The Beaches,The Beaches (63),Not an NIA or Emerging Neighbourhood,,17826209.0,The Beaches
5399999.0,5399999.0,5399999.0,HOUSE,HOUSE,Rosedale Moore Park,43.68111,-79.3808769,4,0,5,3250.0,389.57,1784.85,86.27,1122.39,781.13,661.47,742.88,776.71,24,80,38,60,2502307,26022822,,98,98,Rosedale-Moore Park,Rosedale-Moore Park (98),Not an NIA or Emerging Neighbourhood,,17825681.0,Rosedale-Moore Park
6699000.0,6699000.0,6699000.0,HOUSE,HOUSE,Forest Hill South,43.6962751,-79.4220752,4,1,6,4250.0,209.39,2135.4,151.46,681.9,613.11,561.12,646.92,1175.42,18,52,32,57,2502310,26022825,,101,101,Forest Hill South,Forest Hill South (101),Not an NIA or Emerging Neighbourhood,,17825633.0,Forest Hill South
5300000.0,5300000.0,5300000.0,HOUSE,HOUSE,Rosedale Moore Park,43.6842099,-79.3790157,5,0,5,4250.0,331.82,2142.19,159.2,1184.59,1023.88,298.47,386.17,965.75,0,72,27,60,2502307,26022822,,98,98,Rosedale-Moore Park,Rosedale-Moore Park (98),Not an NIA or Emerging Neighbourhood,,17825681.0,Rosedale-Moore Park
6298000.0,6298000.0,6298000.0,HOUSE,HOUSE,Bridle Path-Sunnybrook-York Mills,43.7270229,-79.39003819999999,4,1,7,4250.0,375.79,1385.46,267.2,971.58,1002.78,1024.88,1028.5,1002.11,0,33,28,55,2502312,26022827,,103,103,Lawrence Park South,Lawrence Park South (103),Not an NIA or Emerging Neighbourhood,,17825601.0,Lawrence Park South
5695000.0,5695000.0,5695000.0,HOUSE,HOUSE,Rosedale Moore Park,43.6751321,-79.3732601,4,2,5,4250.0,527.26,1332.15,327.14,854.69,430.79,451.92,395.18,384.54,31,80,42,60,2502307,26022822,,98,98,Rosedale-Moore Park,Rosedale-Moore Park (98),Not an NIA or Emerging Neighbourhood,,17825681.0,Rosedale-Moore Park
6300000.0,6300000.0,6300000.0,HOUSE,HOUSE,Casa Loma,43.6799322,-79.4022456,4,1,5,3250.0,129.36,1097.56,84.67,1248.85,761.46,720.79,486.51,695.01,35,83,51,62,2502305,26022820,,96,96,Casa Loma,Casa Loma (96),Not an NIA or Emerging Neighbourhood,,17825713.0,Casa Loma
5299000.0,5299000.0,5299000.0,HOUSE,HOUSE,Lawrence Park South,43.7234433,-79.4048982,4,1,6,3250.0,454.83,2498.3,275.16,298.52,447.46,326.38,275.6,377.2,25,43,38,55,2502312,26022827,,103,103,Lawrence Park South,Lawrence Park South (103),Not an NIA or Emerging Neighbourhood,,17825601.0,Lawrence Park South
5699000.0,5699000.0,5699000.0,HOUSE,HOUSE,Forest Hill South,43.6936661,-79.4169982,5,1,5,4250.0,310.92,1783.31,90.5,1009.01,555.34,641.48,691.24,972.79,5,60,35,57,2502310,26022825,,101,101,Forest Hill South,Forest Hill South (101),Not an NIA or Emerging Neighbourhood,,17825633.0,Forest Hill South
5988000.0,5988000.0,5988000.0,HOUSE,HOUSE,Rosedale Moore Park,43.6833304,-79.3900497,4,1,5,3250.0,280.63,2121.82,229.91,619.34,343.09,385.82,577.75,187.37,43,73,40,60,2502307,26022822,,98,98,Rosedale-Moore Park,Rosedale-Moore Park (98),Not an NIA or Emerging Neighbourhood,,17825681.0,Rosedale-Moore Park
5780000.0,5780000.0,5780000.0,HOUSE,HOUSE,Forest Hill South,43.6960641,-79.4058345,6,1,5,3250.0,529.58,2189.48,214.96,1358.88,805.2,775.92,799.4,717.71,25,57,47,57,2502310,26022825,,101,101,Forest Hill South,Forest Hill South (101),Not an NIA or Emerging Neighbourhood,,17825633.0,Forest Hill South
6785000.0,6785000.0,6785000.0,HOUSE,HOUSE,Yonge-St. Clair,43.6834271,-79.3994508,4,0,5,4250.0,178.11,1443.02,229.35,808.9,396.11,566.49,360.53,683.59,42,77,46,61,2502306,26022821,,97,97,Yonge-St.Clair,Yonge-St.Clair (97),Not an NIA or Emerging Neighbourhood,,17825697.0,Yonge-St.Clair
5850000.0,5850000.0,5850000.0,HOUSE,HOUSE,Rosedale Moore Park,43.674665,-79.3787536,6,2,6,4250.0,96.15,1102.0,472.41,709.72,273.09,316.34,343.52,325.85,75,77,51,60,2502307,26022822,,98,98,Rosedale-Moore Park,Rosedale-Moore Park (98),Not an NIA or Emerging Neighbourhood,,17825681.0,Rosedale-Moore Park
5250000.0,5250000.0,5250000.0,HOUSE,HOUSE,High Park North,43.6591543,-79.4681704,5,1,5,4250.0,217.36,1189.51,392.87,493.82,690.61,648.73,569.69,597.26,54,51,33,100,2502267,26022782,,88,88,High Park North,High Park North (88),Not an NIA or Emerging Neighbourhood,,17826321.0,High Park North
6488000.0,6488000.0,6488000.0,HOUSE,HOUSE,Bridle Path Sunnybrook York Mills,43.7249247,-79.3844784,4,1,6,4250.0,351.9,888.6,202.13,799.5,1264.03,730.07,1253.64,1454.72,1,31,29,112,2502255,26022770,,41,41,Bridle Path-Sunnybrook-York Mills,Bridle Path-Sunnybrook-York Mills (41),Not an NIA or Emerging Neighbourhood,,17826513.0,Bridle Path-Sunnybrook-York Mills
5999000.0,5999000.0,5999000.0,HOUSE,HOUSE,Forest Hill North,43.7027908,-79.4270193,5,0,7,4250.0,126.64,2942.8,283.18,508.17,209.8,208.76,219.42,830.26,18,47,32,56,2502311,26022826,,102,102,Forest Hill North,Forest Hill North (102),Not an NIA or Emerging Neighbourhood,,17825617.0,Forest Hill North
6950000.0,6950000.0,6950000.0,HOUSE,HOUSE,Yonge St Clair,43.6902117,-79.3972038,4,1,5,4250.0,252.35,2029.29,217.46,422.94,224.34,162.42,302.73,377.87,28,70,39,61,2502306,26022821,,97,97,Yonge-St.Clair,Yonge-St.Clair (97),Not an NIA or Emerging Neighbourhood,,17825697.0,Yonge-St.Clair
5950000.0,5950000.0,5950000.0,HOUSE,HOUSE,Rosedale Moore Park,43.6765463,-79.3836006,5,0,5,4250.0,197.3,1278.06,203.77,570.05,467.23,495.81,515.41,396.19,97,83,53,60,2502307,26022822,,98,98,Rosedale-Moore Park,Rosedale-Moore Park (98),Not an NIA or Emerging Neighbourhood,,17825681.0,Rosedale-Moore Park
6950000.0,6950000.0,6950000.0,HOUSE,HOUSE,Rosedale Moore Park,43.6747371,-79.3720025,4,2,8,4250.0,489.53,1354.89,315.79,828.59,485.45,469.81,331.86,274.79,25,77,41,60,2502307,26022822,,98,98,Rosedale-Moore Park,Rosedale-Moore Park (98),Not an NIA or Emerging Neighbourhood,,17825681.0,Rosedale-Moore Park
6699000.0,6699000.0,6699000.0,HOUSE,HOUSE,Bedford Park-Nortown,43.738647,-79.41282559999999,4,1,7,5000.0,319.09,2060.17,266.51,722.2,810.19,626.75,611.95,808.44,25,30,21,114,2502253,26022768,,39,39,Bedford Park-Nortown,Bedford Park-Nortown (39),Not an NIA or Emerging Neighbourhood,,17826545.0,Bedford Park-Nortown
5995000.0,5995000.0,5995000.0,HOUSE,HOUSE,Bridle Path-Sunnybrook-York Mills,43.7426032,-79.400965,4,0,3,4250.0,827.04,3099.94,183.18,1713.98,925.46,1103.05,838.77,440.21,3,35,17,112,2502255,26022770,,41,41,Bridle Path-Sunnybrook-York Mills,Bridle Path-Sunnybrook-York Mills (41),Not an NIA or Emerging Neighbourhood,,17826513.0,Bridle Path-Sunnybrook-York Mills
5300000.0,5300000.0,5300000.0,HOUSE,HOUSE,Lawrence Park South,43.7177741,-79.3963297,5,1,5,3250.0,394.58,1835.23,142.16,902.64,756.67,399.12,354.97,1073.69,26,46,39,55,2502312,26022827,,103,103,Lawrence Park South,Lawrence Park South (103),Not an NIA or Emerging Neighbourhood,,17825601.0,Lawrence Park South
5595000.0,5595000.0,5595000.0,HOUSE,HOUSE,Rosedale Moore Park,43.6903172,-79.3778441,6,0,5,4250.0,353.83,2827.74,410.66,1186.89,889.4,486.75,470.32,1301.34,1,57,26,60,2502307,26022822,,98,98,Rosedale-Moore Park,Rosedale-Moore Park (98),Not an NIA or Emerging Neighbourhood,,17825681.0,Rosedale-Moore Park
6950000.0,6950000.0,6950000.0,HOUSE,HOUSE,Rosedale Moore Park,43.6765463,-79.3836006,5,0,5,4250.0,197.3,1278.06,203.77,570.05,467.23,495.81,515.41,396.19,97,83,53,60,2502307,26022822,,98,98,Rosedale-Moore Park,Rosedale-Moore Park (98),Not an NIA or Emerging Neighbourhood,,17825681.0,Rosedale-Moore Park
7890000.0,7890000.0,7890000.0,HOUSE,HOUSE,Lawrence Park North,43.7335964,-79.392788,4,1,5,4250.0,688.96,1940.68,521.95,1207.93,942.92,939.43,934.18,1120.4,14,30,17,54,2502313,26022828,,105,105,Lawrence Park North,Lawrence Park North (105),Not an NIA or Emerging Neighbourhood,,17825585.0,Lawrence Park North
10995000.0,10995000.0,10995000.0,HOUSE,HOUSE,Forest Hill South,43.698249,-79.4109701,5,1,8,5000.0,398.74,2318.14,193.19,906.37,624.66,605.09,637.8,1100.27,16,55,46,57,2502310,26022825,,101,101,Forest Hill South,Forest Hill South (101),Not an NIA or Emerging Neighbourhood,,17825633.0,Forest Hill South
7880000.0,7880000.0,7880000.0,HOUSE,HOUSE,Rosedale Moore Park,43.6803707,-79.3711488,6,0,5,5000.0,429.54,1921.0,184.85,1455.94,1001.5,759.72,759.88,782.63,0,70,38,60,2502307,26022822,,98,98,Rosedale-Moore Park,Rosedale-Moore Park (98),Not an NIA or Emerging Neighbourhood,,17825681.0,Rosedale-Moore Park
12295000.0,12295000.0,12295000.0,HOUSE,HOUSE,Forest Hill South,43.6964468,-79.4097641,4,0,6,5000.0,356.1,2139.4,72.66,1097.77,820.35,824.15,856.53,1016.36,21,57,48,57,2502310,26022825,,101,101,Forest Hill South,Forest Hill South (101),Not an NIA or Emerging Neighbourhood,,17825633.0,Forest Hill South
10000000.0,10000000.0,10000000.0,HOUSE,HOUSE,Lawrence Park South,43.7129304,-79.4204522,5,1,8,4250.0,664.27,2235.96,533.39,1178.92,637.7,656.98,886.21,1694.48,3,51,40,55,2502312,26022827,,103,103,Lawrence Park South,Lawrence Park South (103),Not an NIA or Emerging Neighbourhood,,17825601.0,Lawrence Park South
12800000.0,12800000.0,12800000.0,HOUSE,HOUSE,Forest Hill South,43.6932383,-79.418724,5,1,8,5000.0,452.26,1750.78,172.16,1023.73,608.88,693.0,739.13,955.99,5,61,34,57,2502310,26022825,,101,101,Forest Hill South,Forest Hill South (101),Not an NIA or Emerging Neighbourhood,,17825633.0,Forest Hill South
7788000.0,7788000.0,7788000.0,HOUSE,HOUSE,Mount Pleasant East,43.7146095,-79.395542,4,2,5,4250.0,364.29,1823.94,190.83,786.26,468.61,408.16,218.8,906.19,51,50,44,59,2502308,26022823,,99,99,Mount Pleasant East,Mount Pleasant East (99),Not an NIA or Emerging Neighbourhood,,17825665.0,Mount Pleasant East
12488000.0,12488000.0,12488000.0,HOUSE,HOUSE,Forest Hill South,43.6943911,-79.4186168,5,1,10,5000.0,391.74,1876.51,197.85,898.96,697.28,783.11,831.64,1077.24,9,58,36,57,2502310,26022825,,101,101,Forest Hill South,Forest Hill South (101),Not an NIA or Emerging Neighbourhood,,17825633.0,Forest Hill South
9468000.0,9468000.0,9468000.0,HOUSE,HOUSE,Forest Hill South,43.6982914,-79.4156355,6,1,7,5000.0,351.69,2293.71,271.14,607.78,674.13,570.78,656.57,1475.31,18,54,38,57,2502310,26022825,,101,101,Forest Hill South,Forest Hill South (101),Not an NIA or Emerging Neighbourhood,,17825633.0,Forest Hill South
9200000.0,9200000.0,9200000.0,HOUSE,HOUSE,Forest Hill South,43.6914352,-79.4203519,4,1,7,5000.0,550.38,1579.68,96.92,1049.16,614.6,515.15,722.18,822.18,10,58,34,57,2502310,26022825,,101,101,Forest Hill South,Forest Hill South (101),Not an NIA or Emerging Neighbourhood,,17825633.0,Forest Hill South
7395000.0,7395000.0,7395000.0,HOUSE,HOUSE,Lawrence Park South,43.7174314,-79.4180634,4,1,8,5000.0,477.34,1965.08,140.27,1189.32,809.13,581.26,672.2,1597.65,7,48,40,55,2502312,26022827,,103,103,Lawrence Park South,Lawrence Park South (103),Not an NIA or Emerging Neighbourhood,,17825601.0,Lawrence Park South
10880000.0,10880000.0,10880000.0,HOUSE,HOUSE,Lawrence Park South,43.7183039,-79.4055276,6,1,7,5000.0,268.17,2572.42,254.68,791.43,937.37,355.03,528.54,927.54,17,47,41,55,2502312,26022827,,103,103,Lawrence Park South,Lawrence Park South (103),Not an NIA or Emerging Neighbourhood,,17825601.0,Lawrence Park South
12500000.0,12500000.0,12500000.0,HOUSE,HOUSE,Casa Loma,43.6894092,-79.4064867,4,1,7,5000.0,231.77,1494.78,453.6,1134.35,500.8,493.11,488.37,862.03,15,64,31,62,2502305,26022820,,96,96,Casa Loma,Casa Loma (96),Not an NIA or Emerging Neighbourhood,,17825713.0,Casa Loma
13999000.0,13999000.0,13999000.0,HOUSE,HOUSE,Forest Hill South,43.6984839,-79.4114865,6,1,8,5000.0,397.83,2337.8,186.29,857.36,599.55,570.83,603.78,1142.86,16,53,44,57,2502310,26022825,,101,101,Forest Hill South,Forest Hill South (101),Not an NIA or Emerging Neighbourhood,,17825633.0,Forest Hill South
8980000.0,8980000.0,8980000.0,HOUSE,HOUSE,Lawrence Park North,43.73264,-79.3927453,4,0,6,5000.0,617.43,1873.91,415.98,1126.6,921.81,932.69,966.1,1049.07,16,33,19,54,2502313,26022828,,105,105,Lawrence Park North,Lawrence Park North (105),Not an NIA or Emerging Neighbourhood,,17825585.0,Lawrence Park North
11500000.0,11500000.0,11500000.0,HOUSE,HOUSE,Rosedale Moore Park,43.6848467,-79.3717523,5,1,9,5000.0,92.79,2354.66,169.49,1714.27,1338.25,393.95,343.77,1280.48,0,60,25,60,2502307,26022822,,98,98,Rosedale-Moore Park,Rosedale-Moore Park (98),Not an NIA or Emerging Neighbourhood,,17825681.0,Rosedale-Moore Park
9750000.0,9750000.0,9750000.0,HOUSE,HOUSE,Forest Hill South,43.6951316,-79.4194827,6,1,7,5000.0,396.71,1968.19,92.7,806.68,805.07,768.48,880.36,1175.16,21,55,34,57,2502310,26022825,,101,101,Forest Hill South,Forest Hill South (101),Not an NIA or Emerging Neighbourhood,,17825633.0,Forest Hill South
11498000.0,11498000.0,11498000.0,HOUSE,HOUSE,Bridle Path Sunnybrook York Mills,43.7406645,-79.4026766,4,1,7,5000.0,678.11,2890.79,155.33,1543.09,763.08,863.03,595.21,463.79,8,35,18,112,2502255,26022770,,41,41,Bridle Path-Sunnybrook-York Mills,Bridle Path-Sunnybrook-York Mills (41),Not an NIA or Emerging Neighbourhood,,17826513.0,Bridle Path-Sunnybrook-York Mills
11700000.0,11700000.0,11700000.0,HOUSE,HOUSE,The Beaches,43.6732524,-79.2926964,4,1,7,5000.0,226.06,3187.81,111.92,581.78,389.88,214.24,264.73,1896.94,42,37,23,93,2502274,26022789,,63,63,The Beaches,The Beaches (63),Not an NIA or Emerging Neighbourhood,,17826209.0,The Beaches
8950000.0,8950000.0,8950000.0,HOUSE,HOUSE,Casa Loma,43.6796599,-79.4057145,4,1,6,5000.0,197.53,819.84,119.01,993.42,841.88,554.1,510.21,560.37,22,82,52,62,2502305,26022820,,96,96,Casa Loma,Casa Loma (96),Not an NIA or Emerging Neighbourhood,,17825713.0,Casa Loma
9500000.0,9500000.0,9500000.0,HOUSE,HOUSE,Lawrence Park North,43.733011,-79.4028757,5,1,8,5000.0,223.27,2596.47,198.4,908.56,206.69,128.16,286.14,741.56,18,33,24,54,2502313,26022828,,105,105,Lawrence Park North,Lawrence Park North (105),Not an NIA or Emerging Neighbourhood,,17825585.0,Lawrence Park North
10800000.0,10800000.0,10800000.0,HOUSE,HOUSE,Lawrence Park North,43.7342414,-79.3968724,5,1,9,5000.0,702.48,2247.6,576.4,1112.56,656.57,625.61,598.28,986.36,16,36,21,54,2502313,26022828,,105,105,Lawrence Park North,Lawrence Park North (105),Not an NIA or Emerging Neighbourhood,,17825585.0,Lawrence Park North
12200000.0,12200000.0,12200000.0,HOUSE,HOUSE,Rosedale-Moore Park,43.6745891,-79.3701462,5,0,6,5000.0,339.9,1438.82,165.8,860.34,611.77,551.5,338.68,150.12,31,78,42,60,2502307,26022822,,98,98,Rosedale-Moore Park,Rosedale-Moore Park (98),Not an NIA or Emerging Neighbourhood,,17825681.0,Rosedale-Moore Park
7889000.0,7889000.0,7889000.0,HOUSE,HOUSE,Lawrence Park South,43.7211675,-79.39236,4,1,6,4250.0,267.4,1500.6,376.37,860.82,1048.15,758.23,627.34,996.22,10,44,37,55,2502312,26022827,,103,103,Lawrence Park South,Lawrence Park South (103),Not an NIA or Emerging Neighbourhood,,17825601.0,Lawrence Park South
7900000.0,7900000.0,7900000.0,HOUSE,HOUSE,Forest Hill North,43.7026156,-79.4250832,4,1,6,4250.0,112.87,2878.92,169.96,351.38,177.58,185.27,257.42,962.29,24,47,32,56,2502311,26022826,,102,102,Forest Hill North,Forest Hill North (102),Not an NIA or Emerging Neighbourhood,,17825617.0,Forest Hill North
12700000.0,12700000.0,12700000.0,HOUSE,HOUSE,Forest Hill South,43.6992616,-79.4209151,5,1,10,5000.0,423.57,2440.32,413.01,341.51,440.58,349.44,526.61,1221.35,27,42,32,57,2502310,26022825,,101,101,Forest Hill South,Forest Hill South (101),Not an NIA or Emerging Neighbourhood,,17825633.0,Forest Hill South
7150000.0,7150000.0,7150000.0,HOUSE,HOUSE,Forest Hill South,43.6905962,-79.4163053,4,1,7,4250.0,353.35,1439.38,173.59,936.75,278.46,355.46,396.8,627.04,10,61,38,57,2502310,26022825,,101,101,Forest Hill South,Forest Hill South (101),Not an NIA or Emerging Neighbourhood,,17825633.0,Forest Hill South
13800000.0,13800000.0,13800000.0,HOUSE,HOUSE,High Park Swansea,43.6406441,-79.4833194,5,0,7,5000.0,607.45,2660.78,184.58,887.97,994.38,539.7,1133.8,1032.05,4,45,20,101,2502266,26022781,,87,87,High Park-Swansea,High Park-Swansea (87),Not an NIA or Emerging Neighbourhood,,17826337.0,High Park-Swansea
8495000.0,8495000.0,8495000.0,HOUSE,HOUSE,Forest Hill South,43.69691,-79.4136854,5,1,7,4250.0,171.75,2145.22,60.37,827.01,784.3,735.93,772.7,1322.95,18,55,41,57,2502310,26022825,,101,101,Forest Hill South,Forest Hill South (101),Not an NIA or Emerging Neighbourhood,,17825633.0,Forest Hill South
12500000.0,12500000.0,12500000.0,HOUSE,HOUSE,Rosedale-Moore Park,43.68010140000001,-79.3833483,4,1,6,5000.0,303.03,1671.19,175.85,946.55,576.98,565.82,908.86,580.46,33,80,46,60,2502307,26022822,,98,98,Rosedale-Moore Park,Rosedale-Moore Park (98),Not an NIA or Emerging Neighbourhood,,17825681.0,Rosedale-Moore Park
10180000.0,10180000.0,10180000.0,HOUSE,HOUSE,Forest Hill South,43.6922318,-79.4191758,4,1,7,5000.0,547.31,1646.24,199.01,1120.91,569.04,641.86,690.64,861.83,5,59,35,57,2502310,26022825,,101,101,Forest Hill South,Forest Hill South (101),Not an NIA or Emerging Neighbourhood,,17825633.0,Forest Hill South
17000000.0,17000000.0,17000000.0,HOUSE,HOUSE,Rosedale Moore Park,43.683075,-79.3706727,6,1,7,5000.0,179.24,2207.38,208.15,1758.71,1216.2,565.28,535.52,1072.85,0,63,30,60,2502307,26022822,,98,98,Rosedale-Moore Park,Rosedale-Moore Park (98),Not an NIA or Emerging Neighbourhood,,17825681.0,Rosedale-Moore Park
12900000.0,12900000.0,12900000.0,HOUSE,HOUSE,Casa Loma,43.6861468,-79.410803,4,2,7,5000.0,291.42,1016.94,229.2,696.42,304.33,292.86,282.85,383.9,14,68,40,62,2502305,26022820,,96,96,Casa Loma,Casa Loma (96),Not an NIA or Emerging Neighbourhood,,17825713.0,Casa Loma
13950000.0,13950000.0,13950000.0,HOUSE,HOUSE,Forest Hill South,43.6993835,-79.4204452,5,1,6,5000.0,414.94,2447.27,425.02,328.43,468.7,374.84,558.4,1259.21,27,43,32,57,2502310,26022825,,101,101,Forest Hill South,Forest Hill South (101),Not an NIA or Emerging Neighbourhood,,17825633.0,Forest Hill South
9395000.0,9395000.0,9395000.0,HOUSE,HOUSE,Forest Hill South,43.7010363,-79.4160649,6,1,5,4250.0,480.17,2599.27,114.33,401.66,430.02,271.46,406.48,1543.5,21,50,41,57,2502310,26022825,,101,101,Forest Hill South,Forest Hill South (101),Not an NIA or Emerging Neighbourhood,,17825633.0,Forest Hill South
7295000.0,7295000.0,7295000.0,HOUSE,HOUSE,Rosedale Moore Park,43.6746698,-79.3844218,4,1,7,4250.0,373.02,1078.73,159.32,355.28,366.55,390.44,298.81,385.67,124,86,59,60,2502307,26022822,,98,98,Rosedale-Moore Park,Rosedale-Moore Park (98),Not an NIA or Emerging Neighbourhood,,17825681.0,Rosedale-Moore Park
9488888.0,9488888.0,9488888.0,HOUSE,HOUSE,Casa Loma,43.6871225,-79.4082193,4,2,7,4250.0,220.23,1204.85,337.12,927.42,396.96,374.83,365.64,616.77,8,62,36,62,2502305,26022820,,96,96,Casa Loma,Casa Loma (96),Not an NIA or Emerging Neighbourhood,,17825713.0,Casa Loma
8999000.0,8999000.0,8999000.0,HOUSE,HOUSE,Lawrence Park South,43.7157388,-79.4206516,7,1,10,5000.0,488.13,1970.12,381.6,1076.79,670.43,693.74,721.4,1792.78,8,48,40,55,2502312,26022827,,103,103,Lawrence Park South,Lawrence Park South (103),Not an NIA or Emerging Neighbourhood,,17825601.0,Lawrence Park South
7995000.0,7995000.0,7995000.0,HOUSE,HOUSE,Annex,43.6706996,-79.3976942,5,1,6,4250.0,174.34,1288.72,120.27,650.99,275.77,274.3,251.59,267.87,129,91,73,63,2502304,26022819,,95,95,Annex,Annex (95),Not an NIA or Emerging Neighbourhood,,17825729.0,Annex
22000000.0,22000000.0,22000000.0,HOUSE,HOUSE,Forest Hill South,43.6981664,-79.4106264,5,1,8,5000.0,408.85,2313.62,196.16,934.91,634.71,621.1,653.59,1072.39,16,56,47,57,2502310,26022825,,101,101,Forest Hill South,Forest Hill South (101),Not an NIA or Emerging Neighbourhood,,17825633.0,Forest Hill South
12300000.0,12300000.0,12300000.0,HOUSE,HOUSE,Lawrence Park South,43.7205391,-79.4026529,7,1,7,5000.0,529.82,2330.35,95.48,487.99,727.52,240.88,528.31,646.11,18,44,35,55,2502312,26022827,,103,103,Lawrence Park South,Lawrence Park South (103),Not an NIA or Emerging Neighbourhood,,17825601.0,Lawrence Park South
7900000.0,7900000.0,7900000.0,HOUSE,HOUSE,Rosedale Moore Park,43.6846289,-79.3706711,4,1,6,5000.0,146.0,2365.09,203.36,1804.5,1328.71,483.95,431.12,1244.52,0,60,25,60,2502307,26022822,,98,98,Rosedale-Moore Park,Rosedale-Moore Park (98),Not an NIA or Emerging Neighbourhood,,17825681.0,Rosedale-Moore Park
11995000.0,11995000.0,11995000.0,HOUSE,HOUSE,Rosedale Moore Park,43.6764826,-79.3862638,5,0,7,5000.0,343.88,1306.25,101.57,505.46,277.28,297.44,511.05,181.92,113,87,56,60,2502307,26022822,,98,98,Rosedale-Moore Park,Rosedale-Moore Park (98),Not an NIA or Emerging Neighbourhood,,17825681.0,Rosedale-Moore Park
15599000.0,15599000.0,15599000.0,HOUSE,HOUSE,Bridle Path Sunnybrook York Mills,43.7434287,-79.380702,5,1,8,5000.0,307.31,2360.52,416.92,2301.54,508.51,499.83,586.06,2039.19,1,28,18,112,2502255,26022770,,41,41,Bridle Path-Sunnybrook-York Mills,Bridle Path-Sunnybrook-York Mills (41),Not an NIA or Emerging Neighbourhood,,17826513.0,Bridle Path-Sunnybrook-York Mills
12250000.0,12250000.0,12250000.0,HOUSE,HOUSE,Rosedale Moore Park,43.6771038,-79.3825472,6,2,7,5000.0,92.54,1335.88,131.16,664.92,569.79,567.46,597.02,486.03,76,83,51,60,2502307,26022822,,98,98,Rosedale-Moore Park,Rosedale-Moore Park (98),Not an NIA or Emerging Neighbourhood,,17825681.0,Rosedale-Moore Park
10789000.0,10789000.0,10789000.0,HOUSE,HOUSE,Lawrence Park South,43.7117711,-79.4168292,5,2,7,5000.0,415.88,2507.43,596.4,1095.63,929.67,936.33,940.47,1569.74,11,54,45,55,2502312,26022827,,103,103,Lawrence Park South,Lawrence Park South (103),Not an NIA or Emerging Neighbourhood,,17825601.0,Lawrence Park South
7615000.0,7615000.0,7615000.0,HOUSE,HOUSE,High Park Swansea,43.6516717,-79.4558115,4,1,7,4250.0,316.65,1345.94,599.98,917.09,392.16,443.32,441.44,528.86,35,48,37,101,2502266,26022781,,87,87,High Park-Swansea,High Park-Swansea (87),Not an NIA or Emerging Neighbourhood,,17826337.0,High Park-Swansea
34500000.0,34500000.0,34500000.0,HOUSE,HOUSE,Casa Loma,43.6788443,-79.406816,6,2,11,5000.0,180.34,712.84,150.51,941.27,715.83,442.51,485.05,460.51,24,83,53,62,2502305,26022820,,96,96,Casa Loma,Casa Loma (96),Not an NIA or Emerging Neighbourhood,,17825713.0,Casa Loma
10795000.0,10795000.0,10795000.0,HOUSE,HOUSE,Lawrence Park North,43.7338553,-79.4015504,4,1,8,5000.0,324.19,2545.17,265.85,998.15,280.83,252.68,270.94,838.03,18,33,23,54,2502313,26022828,,105,105,Lawrence Park North,Lawrence Park North (105),Not an NIA or Emerging Neighbourhood,,17825585.0,Lawrence Park North
7375000.0,7375000.0,7375000.0,HOUSE,HOUSE,Forest Hill South,43.694392,-79.4119348,5,0,5,4250.0,194.76,1882.41,282.08,1130.95,553.48,618.2,665.95,1078.62,7,59,39,57,2502310,26022825,,101,101,Forest Hill South,Forest Hill South (101),Not an NIA or Emerging Neighbourhood,,17825633.0,Forest Hill South
11900000.0,11900000.0,11900000.0,HOUSE,HOUSE,Forest Hill South,43.6965095,-79.4121692,4,1,6,5000.0,190.04,2112.89,71.34,944.73,783.95,782.48,815.56,1206.61,18,57,44,57,2502310,26022825,,101,101,Forest Hill South,Forest Hill South (101),Not an NIA or Emerging Neighbourhood,,17825633.0,Forest Hill South
8990000.0,8990000.0,8990000.0,HOUSE,HOUSE,Rosedale Moore Park,43.6768732,-79.3785362,4,1,7,4250.0,226.11,1344.52,373.29,857.32,499.52,551.04,586.16,538.72,43,78,43,60,2502307,26022822,,98,98,Rosedale-Moore Park,Rosedale-Moore Park (98),Not an NIA or Emerging Neighbourhood,,17825681.0,Rosedale-Moore Park
16995000.0,16995000.0,16995000.0,HOUSE,HOUSE,Rosedale Moore Park,43.6841677,-79.3700236,6,1,9,5000.0,187.35,2336.98,242.54,1852.13,1255.64,550.98,501.77,1188.95,0,57,28,60,2502307,26022822,,98,98,Rosedale-Moore Park,Rosedale-Moore Park (98),Not an NIA or Emerging Neighbourhood,,17825681.0,Rosedale-Moore Park
16800000.0,16800000.0,16800000.0,HOUSE,HOUSE,Bridle Path Sunnybrook York Mills,43.7387522,-79.3727846,4,0,4,3250.0,807.73,1776.84,481.47,1740.44,1327.9,1315.72,1403.57,2738.0,0,28,21,112,2502255,26022770,,41,41,Bridle Path-Sunnybrook-York Mills,Bridle Path-Sunnybrook-York Mills (41),Not an NIA or Emerging Neighbourhood,,17826513.0,Bridle Path-Sunnybrook-York Mills
600000.0,719900.0,600000.0,HOUSE,HOUSE,Greenwood Coxwell,43.6709242,-79.3204258,1,0,1,900.0,133.9,2145.42,227.63,213.64,234.48,187.02,167.48,1485.89,26,55,32,91,2502276,26022791,,65,65,Greenwood-Coxwell,Greenwood-Coxwell (65),Not an NIA or Emerging Neighbourhood,,17826177.0,Greenwood-Coxwell
550000.0,549900.0,550000.0,HOUSE,HOUSE,Weston Pellam Park,43.6778336,-79.4638262,2,0,1,900.0,123.01,2023.63,189.26,471.34,771.84,496.41,652.47,2480.27,29,53,33,66,2502301,26022816,,91,91,Weston-Pelham Park,Weston-Pelham Park (91),Neighbourhood Improvement Area,NIA,17825777.0,Weston-Pelham Park
520000.0,560000.0,520000.0,HOUSE,HOUSE,Weston Pellam Park,43.6768679,-79.4598431,1,1,1,700.0,357.72,2185.08,235.23,293.21,781.91,275.41,365.82,2282.77,31,53,33,66,2502301,26022816,,91,91,Weston-Pelham Park,Weston-Pelham Park (91),Neighbourhood Improvement Area,NIA,17825777.0,Weston-Pelham Park
675000.0,699900.0,675000.0,HOUSE,HOUSE,North J,43.6779102,-79.4201015,5,0,2,1300.0,364.74,368.79,287.46,521.31,523.6,507.03,638.09,877.89,52,83,53,64,2502303,26022818,,94,94,Wychwood,Wychwood (94),Not an NIA or Emerging Neighbourhood,,17825745.0,Wychwood
685000.0,748988.0,685000.0,HOUSE,HOUSE,Weston Pellam Park,43.6780197,-79.4633323,1,1,2,900.0,115.52,2065.89,233.98,468.96,812.63,489.04,665.73,2486.16,29,54,34,66,2502301,26022816,,91,91,Weston-Pelham Park,Weston-Pelham Park (91),Neighbourhood Improvement Area,NIA,17825777.0,Weston-Pelham Park
660000.0,699000.0,660000.0,HOUSE,HOUSE,Weston Pellam Park,43.6688626,-79.4527552,3,0,1,1300.0,247.03,2320.35,231.72,435.43,357.64,489.51,524.3,1326.26,44,54,35,66,2502301,26022816,,91,91,Weston-Pelham Park,Weston-Pelham Park (91),Neighbourhood Improvement Area,NIA,17825777.0,Weston-Pelham Park
675000.0,749000.0,675000.0,HOUSE,HOUSE,East End Danforth,43.6848533,-79.3009451,4,0,2,1750.0,288.14,2009.75,76.87,200.04,375.86,354.48,361.86,469.53,29,64,36,94,2502273,26022788,,62,62,East End-Danforth,East End-Danforth (62),Not an NIA or Emerging Neighbourhood,,17826225.0,East End-Danforth
750000.0,699900.0,750000.0,HOUSE,HOUSE,Greenwood Coxwell,43.6685423,-79.323575,2,0,1,900.0,288.38,2381.98,299.7,451.72,595.45,483.81,446.76,1648.94,36,59,28,91,2502276,26022791,,65,65,Greenwood-Coxwell,Greenwood-Coxwell (65),Not an NIA or Emerging Neighbourhood,,17826177.0,Greenwood-Coxwell
725000.0,795000.0,725000.0,HOUSE,HOUSE,Woodbine Corridor,43.6738663,-79.3127479,2,1,1,1300.0,281.72,2038.28,326.41,763.74,522.02,399.09,514.58,1395.26,27,54,32,92,2502275,26022790,,64,64,Woodbine Corridor,Woodbine Corridor (64),Not an NIA or Emerging Neighbourhood,,17826193.0,Woodbine Corridor
720000.0,399999.0,720000.0,HOUSE,HOUSE,O Connor Parkview,43.7081552,-79.2995506,2,2,2,900.0,472.86,1252.53,477.89,748.45,1035.01,284.54,267.46,1680.98,7,47,20,131,2502236,26022751,,54,54,O'Connor-Parkview,O'Connor-Parkview (54),Not an NIA or Emerging Neighbourhood,,17826817.0,O'Connor-Parkview
720000.0,720000.0,720000.0,HOUSE,HOUSE,O Connor Parkview,43.7081552,-79.2995506,2,2,2,900.0,472.86,1252.53,477.89,748.45,1035.01,284.54,267.46,1680.98,7,47,20,131,2502236,26022751,,54,54,O'Connor-Parkview,O'Connor-Parkview (54),Not an NIA or Emerging Neighbourhood,,17826817.0,O'Connor-Parkview
795000.0,950000.0,795000.0,HOUSE,HOUSE,Agincourt South Malvern West,43.7843209,-79.2671328,3,0,2,1300.0,84.05,3446.47,301.88,1556.44,416.3,784.7,530.56,5776.5,19,24,28,32,2502335,26022850,,128,128,Agincourt South-Malvern West,Agincourt South-Malvern West (128),Not an NIA or Emerging Neighbourhood,,17825233.0,Agincourt South-Malvern West
715000.0,649900.0,715000.0,HOUSE,HOUSE,East End Danforth,43.6797815,-79.2951148,3,0,1,1300.0,65.98,2650.22,283.55,533.74,455.4,343.26,231.31,1155.08,24,49,31,94,2502273,26022788,,62,62,East End-Danforth,East End-Danforth (62),Not an NIA or Emerging Neighbourhood,,17826225.0,East End-Danforth
751000.0,699000.0,751000.0,HOUSE,HOUSE,Weston Pellam Park,43.6780292,-79.4615239,3,0,4,1750.0,224.58,2169.07,272.99,422.23,911.5,425.17,552.74,2442.6,31,54,31,66,2502301,26022816,,91,91,Weston-Pelham Park,Weston-Pelham Park (91),Neighbourhood Improvement Area,NIA,17825777.0,Weston-Pelham Park
755000.0,749995.0,755000.0,HOUSE,HOUSE,Weston Pellam Park,43.6809177,-79.4600227,3,2,4,1750.0,215.36,2483.06,207.12,738.48,952.02,336.2,691.86,2725.03,26,50,33,66,2502301,26022816,,91,91,Weston-Pelham Park,Weston-Pelham Park (91),Neighbourhood Improvement Area,NIA,17825777.0,Weston-Pelham Park
749000.0,810000.0,749000.0,HOUSE,HOUSE,Weston Pellam Park,43.680034,-79.461942,3,1,3,900.0,207.5,2306.63,327.39,647.62,853.4,315.32,688.36,2666.21,27,53,32,66,2502301,26022816,,91,91,Weston-Pelham Park,Weston-Pelham Park (91),Neighbourhood Improvement Area,NIA,17825777.0,Weston-Pelham Park
732000.0,738000.0,732000.0,HOUSE,HOUSE,Woodbine Corridor,43.6811434,-79.318678,2,0,1,900.0,207.92,1099.88,226.07,358.51,378.91,393.97,743.88,484.92,38,63,41,92,2502275,26022790,,64,64,Woodbine Corridor,Woodbine Corridor (64),Not an NIA or Emerging Neighbourhood,,17826193.0,Woodbine Corridor
725000.0,749900.0,725000.0,HOUSE,HOUSE,Greenwood Coxwell,43.6695744,-79.3198484,2,0,1,900.0,233.12,2301.29,248.26,365.12,362.98,334.76,322.98,1641.23,28,53,31,91,2502276,26022791,,65,65,Greenwood-Coxwell,Greenwood-Coxwell (65),Not an NIA or Emerging Neighbourhood,,17826177.0,Greenwood-Coxwell
798000.0,798000.0,798000.0,HOUSE,HOUSE,East End Danforth,43.6832347,-79.3063005,2,1,2,900.0,536.39,1673.26,229.15,550.41,564.4,403.48,486.09,619.33,24,61,38,94,2502273,26022788,,62,62,East End-Danforth,East End-Danforth (62),Not an NIA or Emerging Neighbourhood,,17826225.0,East End-Danforth
720000.0,780000.0,720000.0,HOUSE,HOUSE,Beechborough Greenbrook,43.6958268,-79.4762213,2,0,1,900.0,242.95,2651.79,72.25,1103.5,825.4,619.57,650.08,3192.71,9,43,23,76,2502291,26022806,,112,112,Beechborough-Greenbrook,Beechborough-Greenbrook (112),Neighbourhood Improvement Area,NIA,17825937.0,Beechborough-Greenbrook
750000.0,829900.0,750000.0,HOUSE,HOUSE,Trinity Bellwoods,43.7421679,-79.2347624,2,1,2,1300.0,372.02,1926.2,446.72,1240.34,1259.47,287.64,234.78,2568.55,7,34,20,25,2502342,26022857,,138,138,Eglinton East,Eglinton East (138),Neighbourhood Improvement Area,NIA,17825121.0,Eglinton East
730000.0,745000.0,730000.0,HOUSE,HOUSE,Carleton Place,43.6620645,-79.35305749999999,3,0,3,1300.0,217.01,493.82,281.8,405.37,395.32,411.48,315.56,1710.31,45,82,37,86,2502281,26022796,,70,70,South Riverdale,South Riverdale (70),Not an NIA or Emerging Neighbourhood,,17826097.0,South Riverdale
750000.0,799900.0,750000.0,HOUSE,HOUSE,South Riverdale,43.6650469,-79.3476821,2,0,2,900.0,133.9,573.34,166.58,441.2,389.51,149.36,237.48,1516.29,50,71,32,86,2502281,26022796,,70,70,South Riverdale,South Riverdale (70),Not an NIA or Emerging Neighbourhood,,17826097.0,South Riverdale
800000.0,788800.0,800000.0,HOUSE,HOUSE,Port Perry,43.6777807,-79.4672083,2,1,3,1300.0,286.3,1844.33,142.71,657.46,610.14,559.09,510.63,2544.91,30,53,33,66,2502301,26022816,,91,91,Weston-Pelham Park,Weston-Pelham Park (91),Neighbourhood Improvement Area,NIA,17825777.0,Weston-Pelham Park
750000.0,799000.0,750000.0,HOUSE,HOUSE,Church Yonge Corridor,43.6543043,-79.3759921,2,1,2,900.0,180.22,163.89,51.99,639.08,142.4,251.67,69.39,319.1,247,95,62,38,2502329,26022844,,168,168,Downtown Yonge East,Downtown Yonge East (168),Not an NIA or Emerging Neighbourhood,,17825329.0,Downtown Yonge East
790000.0,820000.0,790000.0,HOUSE,HOUSE,Corso Italia Davenport,43.6808681,-79.4505855,2,1,2,900.0,477.98,2841.65,363.31,785.05,511.26,546.47,68.73,2351.61,41,53,34,65,2502302,26022817,,92,92,Corso Italia-Davenport,Corso Italia-Davenport (92),Not an NIA or Emerging Neighbourhood,,17825761.0,Corso Italia-Davenport
875000.0,899000.0,875000.0,HOUSE,HOUSE,South Riverdale,43.6603801,-79.3395557,2,0,2,1750.0,54.57,1379.27,292.74,658.58,195.34,110.31,198.22,2215.05,54,59,23,86,2502281,26022796,,70,70,South Riverdale,South Riverdale (70),Not an NIA or Emerging Neighbourhood,,17826097.0,South Riverdale
875000.0,878000.0,875000.0,HOUSE,HOUSE,Weston,43.6601644,-79.40255959999999,3,1,3,1300.0,144.48,291.82,247.09,414.13,285.41,309.34,311.12,947.21,278,87,81,80,2502287,26022802,,79,79,University,University (79),Not an NIA or Emerging Neighbourhood,,17826001.0,University
865000.0,799999.0,865000.0,HOUSE,HOUSE,Wexford Maryvale,43.7591087,-79.3074465,3,1,2,900.0,323.73,4568.03,616.2,394.62,401.81,332.87,567.22,3580.04,14,31,27,70,2502297,26022812,,119,119,Wexford/Maryvale,Wexford/Maryvale (119),Not an NIA or Emerging Neighbourhood,,17825841.0,Wexford/Maryvale
870000.0,850000.0,870000.0,HOUSE,HOUSE,Roncesvalles,43.642937,-79.4397151,1,0,1,900.0,236.33,866.28,214.57,597.97,354.39,304.39,358.05,1815.41,71,49,26,102,2502265,26022780,,86,86,Roncesvalles,Roncesvalles (86),Not an NIA or Emerging Neighbourhood,,17826353.0,Roncesvalles
846500.0,939900.0,846500.0,HOUSE,HOUSE,Dovercourt Wallace Emerson Junction,43.67124,-79.4343803,2,0,1,900.0,228.48,1675.99,186.3,608.31,707.2,516.59,662.9,1179.09,26,62,43,4,2502363,26022878,,171,171,Junction-Wallace Emerson,Junction-Wallace Emerson (171),Not an NIA or Emerging Neighbourhood,,17824785.0,Junction-Wallace Emerson
885000.0,898900.0,885000.0,HOUSE,HOUSE,Corso Italia Davenport,43.6745774,-79.4456343,4,2,3,1750.0,231.26,2445.39,349.19,374.71,287.05,268.23,828.7,1734.93,49,60,38,65,2502302,26022817,,92,92,Corso Italia-Davenport,Corso Italia-Davenport (92),Not an NIA or Emerging Neighbourhood,,17825761.0,Corso Italia-Davenport
830000.0,799000.0,830000.0,HOUSE,HOUSE,Woodbine Corridor,43.6830031,-79.3199763,1,0,1,700.0,212.25,868.24,52.64,139.03,149.04,211.9,642.62,277.75,36,60,39,92,2502275,26022790,,64,64,Woodbine Corridor,Woodbine Corridor (64),Not an NIA or Emerging Neighbourhood,,17826193.0,Woodbine Corridor
870000.0,799999.0,870000.0,HOUSE,HOUSE,Greenwood Coxwell,43.6759923,-79.3214458,2,2,2,900.0,265.24,1576.18,105.68,396.77,404.35,349.05,322.43,916.41,39,60,35,91,2502276,26022791,,65,65,Greenwood-Coxwell,Greenwood-Coxwell (65),Not an NIA or Emerging Neighbourhood,,17826177.0,Greenwood-Coxwell
875000.0,899000.0,875000.0,HOUSE,HOUSE,Greenwood Coxwell,43.6630971,-79.3252907,2,0,1,900.0,436.54,2383.23,165.63,807.9,610.57,548.17,336.49,2200.83,32,53,22,91,2502276,26022791,,65,65,Greenwood-Coxwell,Greenwood-Coxwell (65),Not an NIA or Emerging Neighbourhood,,17826177.0,Greenwood-Coxwell
815000.0,899000.0,815000.0,HOUSE,HOUSE,Greenwood Coxwell,43.6689362,-79.3225425,2,1,2,900.0,221.71,2343.56,337.94,392.8,511.64,451.37,378.93,1637.26,33,58,28,91,2502276,26022791,,65,65,Greenwood-Coxwell,Greenwood-Coxwell (65),Not an NIA or Emerging Neighbourhood,,17826177.0,Greenwood-Coxwell
887000.0,899900.0,887000.0,HOUSE,HOUSE,Briar Hill-Belgravia,43.7033985,-79.44714859999999,2,1,2,900.0,449.97,3092.16,355.8,807.17,376.89,483.31,423.63,781.58,40,45,32,51,2502316,26022831,,108,108,Briar Hill-Belgravia,Briar Hill-Belgravia (108),Not an NIA or Emerging Neighbourhood,,17825537.0,Briar Hill-Belgravia
875000.0,899900.0,875000.0,HOUSE,HOUSE,Woburn,43.7581315,-79.2450928,3,0,2,1300.0,371.13,315.48,146.11,787.62,1209.55,295.33,841.39,3227.22,8,30,27,21,2502346,26022861,,142,142,Woburn North,Woburn North (142),Neighbourhood Improvement Area,NIA,17825057.0,Woburn North
820000.0,909000.0,820000.0,HOUSE,HOUSE,Eglinton East,43.738557,-79.2459836,4,0,1,1300.0,425.61,2000.95,330.49,1402.41,302.41,210.35,112.57,1581.91,15,35,25,25,2502342,26022857,,138,138,Eglinton East,Eglinton East (138),Neighbourhood Improvement Area,NIA,17825121.0,Eglinton East
885000.0,879000.0,885000.0,HOUSE,HOUSE,Woburn,43.75750679999999,-79.2194748,3,2,2,1300.0,239.33,2316.47,175.2,370.68,542.0,380.13,357.15,4519.64,7,30,21,22,2502345,26022860,,141,141,Golfdale-Cedarbrae-Woburn,Golfdale-Cedarbrae-Woburn (141),Neighbourhood Improvement Area,NIA,17825073.0,Golfdale-Cedarbrae-Woburn
803517.0,829000.0,803517.0,HOUSE,HOUSE,Guildwood,43.7437198,-79.2013846,3,0,1,1300.0,510.2,4025.12,258.5,397.82,338.91,378.55,317.54,5165.51,0,20,12,23,2502344,26022859,,140,140,Guildwood,Guildwood (140),Not an NIA or Emerging Neighbourhood,,17825089.0,Guildwood
825000.0,849000.0,825000.0,HOUSE,HOUSE,Oakwood Village,43.6857581,-79.4443501,3,0,1,900.0,398.93,2486.32,488.52,497.75,463.0,163.17,796.49,1639.45,44,52,32,52,2502315,26022830,,107,107,Oakwood Village,Oakwood Village (107),Not an NIA or Emerging Neighbourhood,,17825553.0,Oakwood Village
900000.0,974900.0,900000.0,HOUSE,HOUSE,Corso Italia Davenport,43.6813811,-79.4563994,3,1,2,1300.0,354.33,2724.52,356.61,858.13,765.78,584.08,406.45,2570.42,30,51,33,65,2502302,26022817,,92,92,Corso Italia-Davenport,Corso Italia-Davenport (92),Not an NIA or Emerging Neighbourhood,,17825761.0,Corso Italia-Davenport
818000.0,849800.0,818000.0,HOUSE,HOUSE,Rexdale-Kipling,43.7169777,-79.5634514,3,0,1,900.0,359.92,3107.4,332.92,694.98,590.02,561.59,714.39,7789.84,20,16,17,151,2502216,26022731,,4,4,Rexdale-Kipling,Rexdale-Kipling (4),Not an NIA or Emerging Neighbourhood,,17827137.0,Rexdale-Kipling
815000.0,814900.0,815000.0,HOUSE,HOUSE,Weston Pellam Park,43.6776489,-79.4632107,3,1,3,1300.0,156.78,2042.94,225.32,428.07,787.31,449.76,634.97,2444.03,29,55,34,66,2502301,26022816,,91,91,Weston-Pelham Park,Weston-Pelham Park (91),Neighbourhood Improvement Area,NIA,17825777.0,Weston-Pelham Park
815000.0,999999.0,815000.0,HOUSE,HOUSE,Beechborough Greenbrook,43.6955053,-79.4757022,3,1,2,900.0,235.31,2681.86,66.8,1057.81,771.63,569.98,606.62,3171.75,10,42,22,76,2502291,26022806,,112,112,Beechborough-Greenbrook,Beechborough-Greenbrook (112),Neighbourhood Improvement Area,NIA,17825937.0,Beechborough-Greenbrook
811000.0,829000.0,811000.0,HOUSE,HOUSE,Tudor Ward,43.6673322,-79.42279570000001,8,0,3,1300.0,106.26,1288.95,337.01,738.77,636.08,517.49,223.01,503.82,88,74,56,3,2502364,26022879,,172,172,Dovercourt Village,Dovercourt Village (172),Not an NIA or Emerging Neighbourhood,,17824769.0,Dovercourt Village
816000.0,849000.0,816000.0,HOUSE,HOUSE,Weston Pellam Park,43.6802686,-79.4608907,3,1,2,900.0,285.98,2382.68,279.78,665.17,930.26,335.44,719.21,2670.09,25,53,34,66,2502301,26022816,,91,91,Weston-Pelham Park,Weston-Pelham Park (91),Neighbourhood Improvement Area,NIA,17825777.0,Weston-Pelham Park
835000.0,835000.0,835000.0,HOUSE,HOUSE,East End Danforth,43.686311,-79.307327,2,0,1,700.0,209.17,1471.75,211.73,710.09,427.16,56.5,204.75,426.13,26,64,36,94,2502273,26022788,,62,62,East End-Danforth,East End-Danforth (62),Not an NIA or Emerging Neighbourhood,,17826225.0,East End-Danforth
850000.0,499000.0,850000.0,HOUSE,HOUSE,Blake Jones,43.6752546,-79.3364492,2,2,2,700.0,293.17,1760.95,286.64,754.1,626.94,637.06,592.01,650.76,53,66,41,87,2502280,26022795,,69,69,Blake-Jones,Blake-Jones (69),Not an NIA or Emerging Neighbourhood,,17826113.0,Blake-Jones
850000.0,850000.0,850000.0,HOUSE,HOUSE,Junction Area,43.6667404,-79.4728959,1,1,2,700.0,591.27,695.02,196.0,643.05,383.79,178.92,320.74,1511.47,62,54,38,67,2502300,26022815,,90,90,Junction Area,Junction Area (90),Not an NIA or Emerging Neighbourhood,,17825793.0,Junction Area
820000.0,849900.0,820000.0,HOUSE,HOUSE,Rexdale Kipling,43.7273624,-79.5650707,3,0,1,900.0,214.23,2679.19,483.05,669.58,1058.39,601.97,887.94,7097.19,10,24,21,151,2502216,26022731,,4,4,Rexdale-Kipling,Rexdale-Kipling (4),Not an NIA or Emerging Neighbourhood,,17827137.0,Rexdale-Kipling
850000.0,899000.0,850000.0,HOUSE,HOUSE,East End Danforth,43.6859615,-79.2891359,2,1,2,900.0,316.74,2911.81,311.25,877.31,488.23,412.3,288.16,992.06,34,48,29,94,2502273,26022788,,62,62,East End-Danforth,East End-Danforth (62),Not an NIA or Emerging Neighbourhood,,17826225.0,East End-Danforth
950000.0,899900.0,950000.0,HOUSE,HOUSE,East End Danforth,43.6841774,-79.3035279,2,1,1,900.0,393.92,1836.29,66.37,338.05,502.44,405.46,348.99,563.34,25,63,36,94,2502273,26022788,,62,62,East End-Danforth,East End-Danforth (62),Not an NIA or Emerging Neighbourhood,,17826225.0,East End-Danforth
960000.0,868000.0,960000.0,HOUSE,HOUSE,East End Danforth,43.6885022,-79.3066693,3,2,3,1750.0,235.66,1476.85,239.31,810.34,475.53,163.89,142.58,411.77,24,60,34,94,2502273,26022788,,62,62,East End-Danforth,East End-Danforth (62),Not an NIA or Emerging Neighbourhood,,17826225.0,East End-Danforth
930000.0,929000.0,930000.0,HOUSE,HOUSE,Wexford Maryvale,43.7663904,-79.3179601,3,3,2,900.0,357.9,3596.52,306.44,989.95,889.38,754.72,775.69,2457.79,12,33,35,70,2502297,26022812,,119,119,Wexford/Maryvale,Wexford/Maryvale (119),Not an NIA or Emerging Neighbourhood,,17825841.0,Wexford/Maryvale
925000.0,1250000.0,925000.0,HOUSE,HOUSE,Trinity Bellwoods,43.6446596,-79.420572,3,0,2,1300.0,289.62,241.33,156.35,1042.4,120.74,150.1,219.82,2023.96,114,69,34,106,2502261,26022776,,81,81,Trinity-Bellwoods,Trinity-Bellwoods (81),Not an NIA or Emerging Neighbourhood,,17826417.0,Trinity-Bellwoods
960000.0,999900.0,960000.0,HOUSE,HOUSE,Greenwood Coxwell,43.6705291,-79.3254559,2,2,1,900.0,273.86,2158.99,312.24,348.0,572.13,492.23,376.39,1392.55,39,61,31,91,2502276,26022791,,65,65,Greenwood-Coxwell,Greenwood-Coxwell (65),Not an NIA or Emerging Neighbourhood,,17826177.0,Greenwood-Coxwell
987500.0,869900.0,987500.0,HOUSE,HOUSE,Blake Jones,43.6765703,-79.3365411,2,0,1,1300.0,254.43,1755.73,157.7,686.25,720.79,492.93,453.47,505.54,59,67,43,87,2502280,26022795,,69,69,Blake-Jones,Blake-Jones (69),Not an NIA or Emerging Neighbourhood,,17826113.0,Blake-Jones
905000.0,889000.0,905000.0,HOUSE,HOUSE,Beechborough Greenbrook,43.6957702,-79.4764541,3,0,2,900.0,239.15,2632.05,91.98,1102.95,838.82,622.08,648.51,3212.27,9,43,23,76,2502291,26022806,,112,112,Beechborough-Greenbrook,Beechborough-Greenbrook (112),Neighbourhood Improvement Area,NIA,17825937.0,Beechborough-Greenbrook
998500.0,989000.0,998500.0,HOUSE,HOUSE,Mount Pleasant East,43.7139353,-79.3968486,5,0,3,2250.0,255.31,1944.55,138.01,675.98,347.17,279.38,282.08,809.82,53,52,43,59,2502308,26022823,,99,99,Mount Pleasant East,Mount Pleasant East (99),Not an NIA or Emerging Neighbourhood,,17825665.0,Mount Pleasant East
1000000.0,999000.0,1000000.0,HOUSE,HOUSE,East End Danforth,43.6877663,-79.3065437,3,0,1,1300.0,221.86,1497.92,225.72,747.72,467.34,125.45,89.93,421.99,24,60,33,94,2502273,26022788,,62,62,East End-Danforth,East End-Danforth (62),Not an NIA or Emerging Neighbourhood,,17826225.0,East End-Danforth
957000.0,799000.0,957000.0,HOUSE,HOUSE,Dovercourt Wallace Emerson Junction,43.6714565,-79.4370953,2,1,3,900.0,267.5,1866.79,115.72,751.02,550.59,482.43,529.33,1252.17,40,59,35,4,2502363,26022878,,171,171,Junction-Wallace Emerson,Junction-Wallace Emerson (171),Not an NIA or Emerging Neighbourhood,,17824785.0,Junction-Wallace Emerson
910000.0,939000.0,910000.0,HOUSE,HOUSE,Weston Pellam Park,43.6768028,-79.461345,3,1,3,1300.0,319.94,2087.78,148.31,285.59,833.86,292.38,457.87,2307.77,33,53,33,66,2502301,26022816,,91,91,Weston-Pelham Park,Weston-Pelham Park (91),Neighbourhood Improvement Area,NIA,17825777.0,Weston-Pelham Park
965000.0,999000.0,965000.0,HOUSE,HOUSE,Eglinton East,43.6489306,-79.38784749999999,3,0,3,1750.0,345.58,880.32,298.93,590.05,208.18,199.69,298.65,233.1,347,88,62,42,2502325,26022840,,164,164,Wellington Place,Wellington Place (164),Not an NIA or Emerging Neighbourhood,,17825393.0,Wellington Place
1000000.0,1039000.0,1000000.0,HOUSE,HOUSE,Corso Italia Davenport,43.6785519,-79.4504308,3,0,3,1300.0,460.9,2808.57,368.52,667.43,265.3,359.21,256.38,2247.42,45,54,37,65,2502302,26022817,,92,92,Corso Italia-Davenport,Corso Italia-Davenport (92),Not an NIA or Emerging Neighbourhood,,17825761.0,Corso Italia-Davenport
997000.0,997000.0,997000.0,HOUSE,HOUSE,Corso Italia Davenport,43.6728816,-79.4475776,5,0,3,1300.0,471.27,2631.79,179.65,619.24,416.76,452.03,679.45,1578.93,47,55,36,65,2502302,26022817,,92,92,Corso Italia-Davenport,Corso Italia-Davenport (92),Not an NIA or Emerging Neighbourhood,,17825761.0,Corso Italia-Davenport
987000.0,1099000.0,987000.0,HOUSE,HOUSE,Dovercourt Wallace Emerson Junction,43.6657261,-79.4556634,2,0,2,900.0,68.34,2039.97,94.17,484.56,372.29,564.15,696.47,999.82,35,53,38,4,2502363,26022878,,171,171,Junction-Wallace Emerson,Junction-Wallace Emerson (171),Not an NIA or Emerging Neighbourhood,,17824785.0,Junction-Wallace Emerson
996000.0,999000.0,996000.0,HOUSE,HOUSE,Corso Italia Davenport,43.6833558,-79.4497948,3,0,1,1300.0,572.05,2827.34,143.93,922.27,722.76,439.52,318.64,2081.38,36,51,32,65,2502302,26022817,,92,92,Corso Italia-Davenport,Corso Italia-Davenport (92),Not an NIA or Emerging Neighbourhood,,17825761.0,Corso Italia-Davenport
915000.0,920000.0,915000.0,HOUSE,HOUSE,Corso Italia Davenport,43.6806677,-79.4473414,2,2,3,900.0,228.28,2580.06,494.85,568.06,373.79,418.96,328.3,2254.42,44,57,34,65,2502302,26022817,,92,92,Corso Italia-Davenport,Corso Italia-Davenport (92),Not an NIA or Emerging Neighbourhood,,17825761.0,Corso Italia-Davenport
915000.0,849000.0,915000.0,HOUSE,HOUSE,Greenwood Coxwell,43.6741604,-79.3217337,2,0,1,900.0,112.61,1773.5,150.52,191.78,263.24,222.48,209.89,1116.04,20,60,33,91,2502276,26022791,,65,65,Greenwood-Coxwell,Greenwood-Coxwell (65),Not an NIA or Emerging Neighbourhood,,17826177.0,Greenwood-Coxwell
999000.0,1095000.0,999000.0,HOUSE,HOUSE,High Park Swansea,43.6395858,-79.4775394,3,0,1,900.0,456.93,2228.01,185.1,889.27,1077.89,920.11,1018.33,1255.95,0,42,15,101,2502266,26022781,,87,87,High Park-Swansea,High Park-Swansea (87),Not an NIA or Emerging Neighbourhood,,17826337.0,High Park-Swansea
990000.0,1179000.0,990000.0,HOUSE,HOUSE,Danforth,43.6843684,-79.3221541,3,0,3,1300.0,199.9,658.65,190.21,96.18,89.98,46.04,518.2,75.41,35,60,36,90,2502277,26022792,,66,66,Danforth,Danforth (66),Not an NIA or Emerging Neighbourhood,,17826161.0,Danforth
910000.0,928888.0,910000.0,HOUSE,HOUSE,Rexdale Kipling,43.7270537,-79.5641581,3,1,2,900.0,156.13,2754.89,462.8,736.02,1103.54,527.01,882.95,7077.97,9,22,21,151,2502216,26022731,,4,4,Rexdale-Kipling,Rexdale-Kipling (4),Not an NIA or Emerging Neighbourhood,,17827137.0,Rexdale-Kipling
990000.0,1038000.0,990000.0,HOUSE,HOUSE,Agincourt South-Malvern West,43.7832211,-79.2732616,3,1,2,1300.0,320.71,3543.22,263.07,1639.02,336.95,1008.13,744.22,5699.22,17,28,27,32,2502335,26022850,,128,128,Agincourt South-Malvern West,Agincourt South-Malvern West (128),Not an NIA or Emerging Neighbourhood,,17825233.0,Agincourt South-Malvern West
950000.0,968800.0,950000.0,HOUSE,HOUSE,Brookhaven-Amesbury,43.7016861,-79.4973833,3,0,3,1750.0,163.56,1378.39,250.88,1070.41,1584.08,504.2,431.49,4553.67,18,41,23,123,2502244,26022759,,30,30,Brookhaven-Amesbury,Brookhaven-Amesbury (30),Not an NIA or Emerging Neighbourhood,,17826689.0,Brookhaven-Amesbury
945000.0,989000.0,945000.0,HOUSE,HOUSE,Mount Olive-Silverstone-Jamestown,43.7438185,-79.5817406,3,2,2,900.0,134.01,2116.03,282.61,479.97,317.4,350.15,414.62,6881.8,7,41,25,152,2502215,26022730,,3,3,Thistletown-Beaumond Heights,Thistletown-Beaumond Heights (3),Neighbourhood Improvement Area,NIA,17827153.0,Thistletown-Beaumond Heights
953888.0,995900.0,953888.0,HOUSE,HOUSE,Downsview-Roding-CFB,43.7227258,-79.5066406,3,0,2,1750.0,517.2,1479.29,244.49,396.24,405.52,397.51,346.02,4114.43,12,30,20,9,2502358,26022873,,154,154,Oakdale-Beverley Heights,Oakdale-Beverley Heights (154),Neighbourhood Improvement Area,NIA,17824865.0,Oakdale-Beverley Heights
950000.0,1029000.0,950000.0,HOUSE,HOUSE,Corso Italia Davenport,43.6820061,-79.4444264,5,3,3,1300.0,257.5,2373.53,453.75,578.72,446.05,452.34,579.86,2030.09,47,59,33,65,2502302,26022817,,92,92,Corso Italia-Davenport,Corso Italia-Davenport (92),Not an NIA or Emerging Neighbourhood,,17825761.0,Corso Italia-Davenport
977000.0,975000.0,977000.0,HOUSE,HOUSE,Dovercourt Wallace Emerson Junction,43.662192,-79.4528534,3,0,2,900.0,79.19,2276.27,199.89,464.24,436.79,336.44,298.1,584.52,42,56,39,4,2502363,26022878,,171,171,Junction-Wallace Emerson,Junction-Wallace Emerson (171),Not an NIA or Emerging Neighbourhood,,17824785.0,Junction-Wallace Emerson
925000.0,849900.0,925000.0,HOUSE,HOUSE,Eringate Centennial West Deane,43.6671604,-79.575895,3,0,2,900.0,345.0,5988.14,494.12,1012.45,868.46,879.21,1509.65,4620.64,1,20,13,144,2502223,26022738,,11,11,Eringate-Centennial-West Deane,Eringate-Centennial-West Deane (11),Not an NIA or Emerging Neighbourhood,,17827025.0,Eringate-Centennial-West Deane
930000.0,1079000.0,930000.0,HOUSE,HOUSE,South Riverdale,43.6570003,-79.348261,2,1,2,1750.0,536.82,1158.79,165.27,259.01,286.34,311.62,625.91,2361.99,38,70,27,86,2502281,26022796,,70,70,South Riverdale,South Riverdale (70),Not an NIA or Emerging Neighbourhood,,17826097.0,South Riverdale
925000.0,998000.0,925000.0,HOUSE,HOUSE,North Riverdale,43.6668065,-79.3492496,3,0,1,1750.0,103.8,430.86,336.29,332.1,291.69,124.03,148.1,1296.84,45,73,34,88,2502279,26022794,,68,68,North Riverdale,North Riverdale (68),Not an NIA or Emerging Neighbourhood,,17826129.0,North Riverdale
910000.0,999720.0,910000.0,HOUSE,HOUSE,Annex,43.6671101,-79.4195828,2,0,1,900.0,256.44,1217.97,288.3,491.05,524.37,392.43,197.28,347.33,110,77,58,63,2502304,26022819,,95,95,Annex,Annex (95),Not an NIA or Emerging Neighbourhood,,17825729.0,Annex
990000.0,1025000.0,990000.0,HOUSE,HOUSE,South Riverdale,43.665373,-79.3381082,2,0,2,900.0,502.46,1328.89,75.23,297.19,364.53,355.06,393.16,1707.54,51,69,29,86,2502281,26022796,,70,70,South Riverdale,South Riverdale (70),Not an NIA or Emerging Neighbourhood,,17826097.0,South Riverdale
982000.0,998000.0,982000.0,HOUSE,HOUSE,Greenwood Coxwell,43.6677192,-79.3186473,2,1,2,2750.0,315.61,2522.12,294.5,592.6,564.77,197.56,550.69,1861.17,31,51,26,91,2502276,26022791,,65,65,Greenwood-Coxwell,Greenwood-Coxwell (65),Not an NIA or Emerging Neighbourhood,,17826177.0,Greenwood-Coxwell
962800.0,1050000.0,962800.0,HOUSE,HOUSE,Corso Italia Davenport,43.6836107,-79.4449628,4,0,2,1300.0,397.67,2457.64,509.31,630.91,616.88,319.8,609.51,1878.47,48,57,32,65,2502302,26022817,,92,92,Corso Italia-Davenport,Corso Italia-Davenport (92),Not an NIA or Emerging Neighbourhood,,17825761.0,Corso Italia-Davenport
920000.0,949900.0,920000.0,HOUSE,HOUSE,Moss Park,43.7080458,-79.5061319,2,1,2,1300.0,344.88,397.78,514.36,1367.31,1234.77,125.98,796.81,5060.38,13,45,23,75,2502292,26022807,,113,113,Weston,Weston (113),Neighbourhood Improvement Area,NIA,17825921.0,Weston
975000.0,999900.0,975000.0,HOUSE,HOUSE,South Riverdale,43.6729209,-79.3332239,3,0,3,1750.0,284.65,1865.24,471.94,778.69,577.79,565.25,546.94,973.15,39,65,38,86,2502281,26022796,,70,70,South Riverdale,South Riverdale (70),Not an NIA or Emerging Neighbourhood,,17826097.0,South Riverdale
925000.0,849000.0,925000.0,HOUSE,HOUSE,Corso Italia Davenport,43.675557,-79.4478625,2,0,2,900.0,371.73,2610.89,289.71,467.32,119.55,179.05,643.84,1873.69,45,58,35,65,2502302,26022817,,92,92,Corso Italia-Davenport,Corso Italia-Davenport (92),Not an NIA or Emerging Neighbourhood,,17825761.0,Corso Italia-Davenport
995000.0,999900.0,995000.0,HOUSE,HOUSE,Dovercourt Wallace Emerson Junction,43.6709891,-79.4382953,3,0,2,1300.0,203.93,1975.72,60.89,746.82,447.25,383.5,434.42,1215.36,41,56,36,4,2502363,26022878,,171,171,Junction-Wallace Emerson,Junction-Wallace Emerson (171),Not an NIA or Emerging Neighbourhood,,17824785.0,Junction-Wallace Emerson
1000000.0,1050000.0,1000000.0,HOUSE,HOUSE,Corso Italia Davenport,43.6721656,-79.44722589999999,3,0,2,1300.0,509.99,2621.52,98.09,663.46,499.59,527.19,598.22,1494.84,47,57,37,65,2502302,26022817,,92,92,Corso Italia-Davenport,Corso Italia-Davenport (92),Not an NIA or Emerging Neighbourhood,,17825761.0,Corso Italia-Davenport
950000.0,1050000.0,950000.0,HOUSE,HOUSE,Weston Pellam Park,43.6804197,-79.4602808,3,1,3,1300.0,267.93,2428.41,260.41,682.11,940.38,355.62,711.65,2675.31,26,52,34,66,2502301,26022816,,91,91,Weston-Pelham Park,Weston-Pelham Park (91),Neighbourhood Improvement Area,NIA,17825777.0,Weston-Pelham Park
950000.0,1079000.0,950000.0,HOUSE,HOUSE,East End Danforth,43.6879455,-79.3056732,4,0,3,1750.0,157.24,1564.08,255.62,709.89,395.76,63.08,45.75,349.41,24,59,32,94,2502273,26022788,,62,62,East End-Danforth,East End-Danforth (62),Not an NIA or Emerging Neighbourhood,,17826225.0,East End-Danforth
925000.0,939900.0,925000.0,HOUSE,HOUSE,Clairlea Birchmount,43.7095027,-79.2694709,3,1,4,1750.0,142.82,1316.61,90.46,154.28,233.05,273.36,235.84,790.14,8,39,19,69,2502298,26022813,,120,120,Clairlea-Birchmount,Clairlea-Birchmount (120),Not an NIA or Emerging Neighbourhood,,17825825.0,Clairlea-Birchmount
1000000.0,999000.0,1000000.0,HOUSE,HOUSE,Corso Italia Davenport,43.6783081,-79.45431409999999,3,0,3,1750.0,553.52,2636.11,394.05,675.27,409.28,623.68,356.91,2327.25,42,54,35,65,2502302,26022817,,92,92,Corso Italia-Davenport,Corso Italia-Davenport (92),Not an NIA or Emerging Neighbourhood,,17825761.0,Corso Italia-Davenport
945000.0,974900.0,945000.0,HOUSE,HOUSE,East End Danforth,43.6889183,-79.3064529,3,1,2,1300.0,240.87,1489.9,277.54,831.46,463.51,182.2,170.43,390.12,23,60,34,94,2502273,26022788,,62,62,East End-Danforth,East End-Danforth (62),Not an NIA or Emerging Neighbourhood,,17826225.0,East End-Danforth
1005018.0,1149000.0,1005018.0,HOUSE,HOUSE,Playter Estates Danforth,43.6814807,-79.3461039,3,0,2,1300.0,416.45,1813.18,252.62,340.6,278.82,159.61,85.21,198.42,71,53,33,89,2502278,26022793,,67,67,Playter Estates-Danforth,Playter Estates-Danforth (67),Not an NIA or Emerging Neighbourhood,,17826145.0,Playter Estates-Danforth
1018000.0,998000.0,1018000.0,HOUSE,HOUSE,Danforth,43.6808288,-79.3433955,3,0,2,1300.0,494.19,1797.7,157.47,263.72,240.32,155.16,265.65,157.84,73,56,37,90,2502277,26022792,,66,66,Danforth,Danforth (66),Not an NIA or Emerging Neighbourhood,,17826161.0,Danforth
1075000.0,1149000.0,1075000.0,HOUSE,HOUSE,Dovercourt Wallace Emerson Junction,43.6716004,-79.4364245,2,0,1,900.0,316.41,1810.75,139.01,726.17,600.32,529.86,574.33,1263.37,39,60,35,4,2502363,26022878,,171,171,Junction-Wallace Emerson,Junction-Wallace Emerson (171),Not an NIA or Emerging Neighbourhood,,17824785.0,Junction-Wallace Emerson
1070000.0,1120000.0,1070000.0,HOUSE,HOUSE,High Park North,43.660095,-79.4620098,4,3,3,1750.0,289.63,1602.25,169.76,508.01,726.65,601.95,704.25,539.91,54,52,31,100,2502267,26022782,,88,88,High Park North,High Park North (88),Not an NIA or Emerging Neighbourhood,,17826321.0,High Park North
1081750.0,899000.0,1081750.0,HOUSE,HOUSE,East End Danforth,43.6907937,-79.2959082,3,1,2,1300.0,247.9,2335.27,130.0,869.28,153.59,167.93,174.07,497.39,24,57,29,94,2502273,26022788,,62,62,East End-Danforth,East End-Danforth (62),Not an NIA or Emerging Neighbourhood,,17826225.0,East End-Danforth
1055000.0,899900.0,1055000.0,HOUSE,HOUSE,East End Danforth,43.6915011,-79.2942416,3,0,2,1300.0,371.78,2460.02,86.13,992.72,291.9,194.91,157.04,576.9,22,58,30,94,2502273,26022788,,62,62,East End-Danforth,East End-Danforth (62),Not an NIA or Emerging Neighbourhood,,17826225.0,East End-Danforth
1037000.0,999999.0,1037000.0,HOUSE,HOUSE,Corso Italia Davenport,43.6807779,-79.4487378,2,1,3,1300.0,334.5,2692.99,421.32,659.16,428.27,465.59,215.94,2290.71,43,55,33,65,2502302,26022817,,92,92,Corso Italia-Davenport,Corso Italia-Davenport (92),Not an NIA or Emerging Neighbourhood,,17825761.0,Corso Italia-Davenport
1005000.0,998000.0,1005000.0,HOUSE,HOUSE,South Parkdale,43.6376854,-79.441458,6,0,2,1750.0,177.92,717.97,85.62,813.18,435.49,320.06,387.98,2334.73,50,42,18,103,2502264,26022779,,85,85,South Parkdale,South Parkdale (85),Neighbourhood Improvement Area,NIA,17826369.0,South Parkdale
1020000.0,1099000.0,1020000.0,HOUSE,HOUSE,South Riverdale,43.663922,-79.3294143,2,1,2,900.0,289.24,2041.8,160.63,469.44,626.92,241.35,276.51,2017.63,44,57,26,86,2502281,26022796,,70,70,South Riverdale,South Riverdale (70),Not an NIA or Emerging Neighbourhood,,17826097.0,South Riverdale
1050000.0,999000.0,1050000.0,HOUSE,HOUSE,Mount Pleasant East,43.7087832,-79.3800869,2,1,2,1300.0,481.9,1210.09,358.13,843.73,342.11,372.11,287.91,1502.75,46,45,36,59,2502308,26022823,,99,99,Mount Pleasant East,Mount Pleasant East (99),Not an NIA or Emerging Neighbourhood,,17825665.0,Mount Pleasant East
1040000.0,1049000.0,1040000.0,HOUSE,HOUSE,University,43.6595069,-79.4028489,3,1,2,1300.0,97.47,292.2,239.14,396.85,247.49,232.71,249.99,982.65,295,81,80,80,2502287,26022802,,79,79,University,University (79),Not an NIA or Emerging Neighbourhood,,17826001.0,University
1100000.0,1199000.0,1100000.0,HOUSE,HOUSE,Trinity Bellwoods,43.6531529,-79.4120774,3,0,2,1750.0,207.62,531.34,311.91,540.24,273.87,247.49,414.32,1319.83,206,78,63,106,2502261,26022776,,81,81,Trinity-Bellwoods,Trinity-Bellwoods (81),Not an NIA or Emerging Neighbourhood,,17826417.0,Trinity-Bellwoods
1050000.0,1089900.0,1050000.0,HOUSE,HOUSE,Wexford Maryvale,43.7409246,-79.3007512,3,1,2,1300.0,211.33,3381.31,418.16,1117.83,955.95,293.3,822.49,3118.98,17,18,22,70,2502297,26022812,,119,119,Wexford/Maryvale,Wexford/Maryvale (119),Not an NIA or Emerging Neighbourhood,,17825841.0,Wexford/Maryvale
1090000.0,1189000.0,1090000.0,HOUSE,HOUSE,Greenwood Coxwell,43.6799345,-79.3247574,2,1,2,1300.0,175.44,1112.82,237.16,495.03,390.76,318.64,361.67,488.85,45,60,36,91,2502276,26022791,,65,65,Greenwood-Coxwell,Greenwood-Coxwell (65),Not an NIA or Emerging Neighbourhood,,17826177.0,Greenwood-Coxwell
1085000.0,1099000.0,1085000.0,HOUSE,HOUSE,East End Danforth,43.6894685,-79.3026849,4,0,3,1750.0,180.41,1789.27,69.48,721.86,206.67,148.55,259.94,98.62,27,59,34,94,2502273,26022788,,62,62,East End-Danforth,East End-Danforth (62),Not an NIA or Emerging Neighbourhood,,17826225.0,East End-Danforth
1087500.0,999000.0,1087500.0,HOUSE,HOUSE,Clairlea Birchmount,43.7079716,-79.2839677,4,1,4,2250.0,428.55,530.59,61.46,1194.4,555.08,634.4,986.29,528.45,3,44,20,69,2502298,26022813,,120,120,Clairlea-Birchmount,Clairlea-Birchmount (120),Not an NIA or Emerging Neighbourhood,,17825825.0,Clairlea-Birchmount
1070000.0,999000.0,1070000.0,HOUSE,HOUSE,Weston Pellam Park,43.6752559,-79.4601939,3,1,3,1750.0,237.46,2054.06,167.23,112.5,812.74,99.08,304.44,2116.68,31,55,36,66,2502301,26022816,,91,91,Weston-Pelham Park,Weston-Pelham Park (91),Neighbourhood Improvement Area,NIA,17825777.0,Weston-Pelham Park
1053000.0,1149000.0,1053000.0,HOUSE,HOUSE,High Park-Swansea,43.64003839999999,-79.4515121,4,0,2,1750.0,400.67,136.57,394.92,604.76,571.0,421.88,469.55,1844.89,31,41,19,101,2502266,26022781,,87,87,High Park-Swansea,High Park-Swansea (87),Not an NIA or Emerging Neighbourhood,,17826337.0,High Park-Swansea
1060000.0,1150000.0,1060000.0,HOUSE,HOUSE,Corso Italia Davenport,43.6731269,-79.4489914,3,1,2,1300.0,545.58,2738.08,209.46,683.08,351.75,459.91,627.26,1636.42,50,58,35,65,2502302,26022817,,92,92,Corso Italia-Davenport,Corso Italia-Davenport (92),Not an NIA or Emerging Neighbourhood,,17825761.0,Corso Italia-Davenport
1023888.0,1038000.0,1023888.0,HOUSE,HOUSE,Corso Italia Davenport,43.6799413,-79.4435954,3,1,4,1300.0,79.43,2271.28,239.37,339.6,206.97,218.67,635.72,2229.18,46,56,36,65,2502302,26022817,,92,92,Corso Italia-Davenport,Corso Italia-Davenport (92),Not an NIA or Emerging Neighbourhood,,17825761.0,Corso Italia-Davenport
1025000.0,899000.0,1025000.0,HOUSE,HOUSE,South Parkdale,43.6359156,-79.4277348,3,1,3,2250.0,614.04,440.23,229.85,714.79,688.53,343.17,572.26,2776.49,63,55,16,103,2502264,26022779,,85,85,South Parkdale,South Parkdale (85),Neighbourhood Improvement Area,NIA,17826369.0,South Parkdale
1050000.0,799000.0,1050000.0,HOUSE,HOUSE,Blake Jones,43.6744356,-79.3344724,2,0,2,900.0,271.51,1848.81,301.75,937.31,622.79,670.46,656.75,779.85,47,67,39,87,2502280,26022795,,69,69,Blake-Jones,Blake-Jones (69),Not an NIA or Emerging Neighbourhood,,17826113.0,Blake-Jones
1060000.0,1100000.0,1060000.0,HOUSE,HOUSE,Wychwood,43.6728096,-79.4316972,3,0,2,1300.0,301.76,1407.92,227.65,330.91,797.03,635.49,673.79,1237.64,45,66,41,64,2502303,26022818,,94,94,Wychwood,Wychwood (94),Not an NIA or Emerging Neighbourhood,,17825745.0,Wychwood
1053000.0,1099000.0,1053000.0,HOUSE,HOUSE,Weston Pellam Park,43.668615,-79.4514799,5,0,2,1750.0,328.38,2415.42,175.23,360.37,304.52,387.69,420.55,1267.17,39,54,38,66,2502301,26022816,,91,91,Weston-Pelham Park,Weston-Pelham Park (91),Neighbourhood Improvement Area,NIA,17825777.0,Weston-Pelham Park
1025000.0,849900.0,1025000.0,HOUSE,HOUSE,Dovercourt-Wallace Emerson-Junction,43.66992,-79.4462168,2,1,2,1300.0,535.54,2614.02,175.65,547.9,358.8,373.82,352.25,1233.13,44,60,40,4,2502363,26022878,,171,171,Junction-Wallace Emerson,Junction-Wallace Emerson (171),Not an NIA or Emerging Neighbourhood,,17824785.0,Junction-Wallace Emerson
1075000.0,998900.0,1075000.0,HOUSE,HOUSE,Wychwood,43.6787782,-79.4248614,3,0,2,1750.0,504.71,760.72,139.12,546.3,508.81,311.86,348.92,1034.09,50,73,43,64,2502303,26022818,,94,94,Wychwood,Wychwood (94),Not an NIA or Emerging Neighbourhood,,17825745.0,Wychwood
1040000.0,888888.0,1040000.0,HOUSE,HOUSE,Kingsview Village The Westway,43.7000532,-79.5402048,3,1,2,1300.0,479.17,2605.13,351.3,1577.96,1094.01,457.99,600.21,6208.99,1,35,17,149,2502218,26022733,,6,6,Kingsview Village-The Westway,Kingsview Village-The Westway (6),Neighbourhood Improvement Area,NIA,17827105.0,Kingsview Village-The Westway
1007500.0,1320000.0,1007500.0,HOUSE,HOUSE,Willowridge-Martingrove-Richview,43.6548253,-79.388447,3,1,2,1300.0,196.0,242.01,387.87,405.16,27.67,169.65,254.75,13.96,375,97,76,81,2502286,26022801,,78,78,Kensington-Chinatown,Kensington-Chinatown (78),Not an NIA or Emerging Neighbourhood,,17826017.0,Kensington-Chinatown
1045000.0,1075000.0,1045000.0,HOUSE,HOUSE,Danforth,43.6840117,-79.3390858,3,1,4,1300.0,254.16,1315.51,206.8,745.22,733.78,440.8,419.45,347.98,54,49,38,90,2502277,26022792,,66,66,Danforth,Danforth (66),Not an NIA or Emerging Neighbourhood,,17826161.0,Danforth
1050000.0,1089000.0,1050000.0,HOUSE,HOUSE,Clairlea Birchmount,43.7179762,-79.2899855,3,0,2,1300.0,266.99,703.4,449.22,1126.27,954.94,807.4,505.53,1163.86,19,34,14,69,2502298,26022813,,120,120,Clairlea-Birchmount,Clairlea-Birchmount (120),Not an NIA or Emerging Neighbourhood,,17825825.0,Clairlea-Birchmount
1100000.0,999000.0,1100000.0,HOUSE,HOUSE,East End Danforth,43.6834463,-79.2915284,2,1,2,900.0,127.75,2781.08,233.91,637.81,399.72,375.39,617.9,1022.01,35,47,29,94,2502273,26022788,,62,62,East End-Danforth,East End-Danforth (62),Not an NIA or Emerging Neighbourhood,,17826225.0,East End-Danforth
1035000.0,1149999.0,1035000.0,HOUSE,HOUSE,The Beaches,43.6764754,-79.2826981,3,0,1,1300.0,314.47,3711.36,211.42,1453.29,473.69,467.24,438.31,2065.44,23,31,21,93,2502274,26022789,,63,63,The Beaches,The Beaches (63),Not an NIA or Emerging Neighbourhood,,17826209.0,The Beaches
1065000.0,1199000.0,1065000.0,HOUSE,HOUSE,Crescent Town,43.6928456,-79.2901514,2,1,2,900.0,479.75,2237.02,239.79,1125.52,183.67,223.95,192.38,251.07,21,53,26,95,2502272,26022787,,61,61,Taylor-Massey,Taylor-Massey (61),Neighbourhood Improvement Area,NIA,17826241.0,Taylor-Massey
1002000.0,1195000.0,1002000.0,HOUSE,HOUSE,Willowdale West,43.7706858,-79.42483419999999,3,2,2,1300.0,142.84,1802.26,258.84,874.93,879.99,969.41,957.29,1005.07,42,54,32,116,2502251,26022766,,37,37,Willowdale West,Willowdale West (37),Not an NIA or Emerging Neighbourhood,,17826577.0,Willowdale West
1045000.0,1099900.0,1045000.0,HOUSE,HOUSE,Downsview-Roding-CFB,43.7324392,-79.4936985,3,0,2,1300.0,309.29,1107.92,342.94,1019.7,1095.84,1103.7,846.43,2654.06,1,30,19,9,2502358,26022873,,154,154,Oakdale-Beverley Heights,Oakdale-Beverley Heights (154),Neighbourhood Improvement Area,NIA,17824865.0,Oakdale-Beverley Heights
1032000.0,838800.0,1032000.0,HOUSE,HOUSE,Milliken,43.8250071,-79.2843333,4,2,3,2250.0,416.27,3276.02,422.96,520.12,526.19,608.59,576.14,7412.23,2,12,17,30,2502337,26022852,,130,130,Milliken,Milliken (130),Not an NIA or Emerging Neighbourhood,,17825201.0,Milliken
1043000.0,1049000.0,1043000.0,HOUSE,HOUSE,Guildwood,43.7496219,-79.20055219999999,3,1,2,1300.0,74.09,3444.2,143.49,298.39,328.62,325.99,342.37,5425.24,1,23,17,23,2502344,26022859,,140,140,Guildwood,Guildwood (140),Not an NIA or Emerging Neighbourhood,,17825089.0,Guildwood
1075000.0,1200000.0,1075000.0,HOUSE,HOUSE,Maple Leaf,43.7145892,-79.4810313,2,1,2,900.0,447.07,1127.72,390.16,982.46,655.86,752.07,121.48,2917.12,2,30,23,124,2502243,26022758,,29,29,Maple Leaf,Maple Leaf (29),Not an NIA or Emerging Neighbourhood,,17826705.0,Maple Leaf
1100000.0,999000.0,1100000.0,HOUSE,HOUSE,East York,43.69677679999999,-79.33506539999999,2,2,2,900.0,336.21,1114.38,200.83,668.65,454.17,671.21,450.44,1627.28,14,42,29,98,2502269,26022784,,58,58,Old East York,Old East York (58),Not an NIA or Emerging Neighbourhood,,17826289.0,Old East York
1085000.0,1199000.0,1085000.0,HOUSE,HOUSE,Palmerston Little Italy,43.6556125,-79.4190479,3,1,3,1300.0,341.66,1116.53,309.48,106.4,109.42,147.87,161.2,945.95,160,76,59,79,2502288,26022803,,80,80,Palmerston-Little Italy,Palmerston-Little Italy (80),Not an NIA or Emerging Neighbourhood,,17825985.0,Palmerston-Little Italy
1090000.0,1149000.0,1090000.0,HOUSE,HOUSE,Casa Loma,43.6774767,-79.4074576,3,1,3,1750.0,41.51,649.39,107.34,967.93,566.33,283.51,428.62,310.6,27,84,56,62,2502305,26022820,,96,96,Casa Loma,Casa Loma (96),Not an NIA or Emerging Neighbourhood,,17825713.0,Casa Loma
1010000.0,1068000.0,1010000.0,HOUSE,HOUSE,Stonegate-Queensway,43.6633041,-79.3919708,2,2,2,900.0,190.66,396.71,149.32,785.57,485.01,394.87,610.61,409.2,230,95,86,6,2502361,26022876,,169,169,Bay-Cloverhill,Bay-Cloverhill (169),Not an NIA or Emerging Neighbourhood,,17824817.0,Bay-Cloverhill
1040000.0,1099000.0,1040000.0,HOUSE,HOUSE,Dovercourt Wallace Emerson Junction,43.6630816,-79.4434268,5,0,3,1750.0,283.74,2579.65,396.21,576.17,514.29,94.67,392.85,444.46,49,58,46,4,2502363,26022878,,171,171,Junction-Wallace Emerson,Junction-Wallace Emerson (171),Not an NIA or Emerging Neighbourhood,,17824785.0,Junction-Wallace Emerson
1025000.0,1099000.0,1025000.0,HOUSE,HOUSE,Mount Pleasant East,43.7031926,-79.3752098,1,1,2,900.0,226.57,1715.98,271.63,707.95,127.36,348.45,593.58,1868.84,35,45,33,59,2502308,26022823,,99,99,Mount Pleasant East,Mount Pleasant East (99),Not an NIA or Emerging Neighbourhood,,17825665.0,Mount Pleasant East
1084000.0,1099900.0,1084000.0,HOUSE,HOUSE,Dovercourt Wallace Emerson Junction,43.6617988,-79.4371475,3,0,2,1300.0,177.98,2477.02,314.9,328.88,277.24,379.95,603.13,221.82,57,63,49,4,2502363,26022878,,171,171,Junction-Wallace Emerson,Junction-Wallace Emerson (171),Not an NIA or Emerging Neighbourhood,,17824785.0,Junction-Wallace Emerson
1035500.0,1075000.0,1035500.0,HOUSE,HOUSE,Waterfront Communities The Island,43.6797472,-79.4770899,3,0,3,1750.0,201.68,1722.5,200.63,824.04,456.87,330.84,439.03,2993.0,17,57,25,77,2502290,26022805,,111,111,Rockcliffe-Smythe,Rockcliffe-Smythe (111),Neighbourhood Improvement Area,NIA,17825953.0,Rockcliffe-Smythe
1060000.0,1198000.0,1060000.0,HOUSE,HOUSE,Corso Italia Davenport,43.6739304,-79.4493303,3,3,4,1300.0,528.87,2749.95,178.1,653.46,258.37,395.0,582.54,1729.82,45,54,34,65,2502302,26022817,,92,92,Corso Italia-Davenport,Corso Italia-Davenport (92),Not an NIA or Emerging Neighbourhood,,17825761.0,Corso Italia-Davenport
1005000.0,899900.0,1005000.0,HOUSE,HOUSE,Woodbine Corridor,43.6825246,-79.3137171,2,1,2,900.0,539.58,1221.85,166.55,633.38,350.89,370.84,414.43,441.3,20,60,38,92,2502275,26022790,,64,64,Woodbine Corridor,Woodbine Corridor (64),Not an NIA or Emerging Neighbourhood,,17826193.0,Woodbine Corridor
1100000.0,1199000.0,1100000.0,HOUSE,HOUSE,Danforth,43.6864578,-79.3246112,3,1,3,1750.0,266.13,388.22,273.83,401.05,337.74,263.71,536.51,285.68,32,56,35,90,2502277,26022792,,66,66,Danforth,Danforth (66),Not an NIA or Emerging Neighbourhood,,17826161.0,Danforth
1088000.0,1098000.0,1088000.0,HOUSE,HOUSE,East End Danforth,43.6890858,-79.3037498,5,0,3,1750.0,117.49,1705.54,84.89,719.23,257.97,123.45,198.52,172.56,24,59,34,94,2502273,26022788,,62,62,East End-Danforth,East End-Danforth (62),Not an NIA or Emerging Neighbourhood,,17826225.0,East End-Danforth
1095000.0,1099900.0,1095000.0,HOUSE,HOUSE,Greenwood Coxwell,43.6736044,-79.328847,5,1,4,2750.0,465.06,1843.74,352.19,562.31,791.89,717.88,615.88,1002.32,39,62,33,91,2502276,26022791,,65,65,Greenwood-Coxwell,Greenwood-Coxwell (65),Not an NIA or Emerging Neighbourhood,,17826177.0,Greenwood-Coxwell
1033000.0,1049000.0,1033000.0,HOUSE,HOUSE,South Riverdale,43.6657137,-79.3343478,2,1,3,1300.0,197.93,1628.37,180.75,32.36,419.81,355.66,349.76,1725.03,51,66,29,86,2502281,26022796,,70,70,South Riverdale,South Riverdale (70),Not an NIA or Emerging Neighbourhood,,17826097.0,South Riverdale
1100000.0,1039000.0,1100000.0,HOUSE,HOUSE,Danforth,43.6862433,-79.319234,4,0,3,1300.0,170.9,615.45,167.32,335.29,286.56,239.83,537.57,384.53,31,59,33,90,2502277,26022792,,66,66,Danforth,Danforth (66),Not an NIA or Emerging Neighbourhood,,17826161.0,Danforth
1062500.0,1099000.0,1062500.0,HOUSE,HOUSE,Woodbine Corridor,43.6842635,-79.3161972,3,0,2,1300.0,288.68,944.23,66.73,425.75,266.65,100.0,360.9,373.77,29,58,37,92,2502275,26022790,,64,64,Woodbine Corridor,Woodbine Corridor (64),Not an NIA or Emerging Neighbourhood,,17826193.0,Woodbine Corridor
1010000.0,1125000.0,1010000.0,HOUSE,HOUSE,Blake Jones,43.6750095,-79.3341123,2,0,1,1300.0,338.92,1817.19,235.71,933.38,691.36,671.44,634.1,731.42,52,66,41,87,2502280,26022795,,69,69,Blake-Jones,Blake-Jones (69),Not an NIA or Emerging Neighbourhood,,17826113.0,Blake-Jones
1040000.0,1149000.0,1040000.0,HOUSE,HOUSE,Casa Loma,43.6765985,-79.414302,2,1,3,1750.0,269.89,154.13,73.64,677.46,357.12,539.48,349.63,625.15,34,80,53,62,2502305,26022820,,96,96,Casa Loma,Casa Loma (96),Not an NIA or Emerging Neighbourhood,,17825713.0,Casa Loma
1050000.0,1049000.0,1050000.0,HOUSE,HOUSE,Dovercourt Wallace Emerson Junction,43.6709756,-79.4238488,3,0,2,1750.0,327.18,1000.42,140.61,542.24,982.1,749.82,55.92,880.73,53,72,53,3,2502364,26022879,,172,172,Dovercourt Village,Dovercourt Village (172),Not an NIA or Emerging Neighbourhood,,17824769.0,Dovercourt Village
1100000.0,929000.0,1100000.0,HOUSE,HOUSE,Greenwood Coxwell,43.6729592,-79.321867,4,0,1,1750.0,140.69,1904.34,273.7,58.3,226.11,153.3,86.93,1248.21,25,55,33,91,2502276,26022791,,65,65,Greenwood-Coxwell,Greenwood-Coxwell (65),Not an NIA or Emerging Neighbourhood,,17826177.0,Greenwood-Coxwell
1180000.0,1399000.0,1180000.0,HOUSE,HOUSE,Runnymede Bloor West Village,43.6510964,-79.481915,4,0,1,1300.0,196.62,1493.75,162.46,509.76,130.62,139.95,252.92,203.28,37,51,24,99,2502268,26022783,,89,89,Runnymede-Bloor West Village,Runnymede-Bloor West Village (89),Not an NIA or Emerging Neighbourhood,,17826305.0,Runnymede-Bloor West Village
1175000.0,999000.0,1175000.0,HOUSE,HOUSE,South Riverdale,43.6582815,-79.3387765,4,0,3,1750.0,237.61,1556.6,188.77,718.44,382.28,346.41,356.81,2456.19,38,60,20,86,2502281,26022796,,70,70,South Riverdale,South Riverdale (70),Not an NIA or Emerging Neighbourhood,,17826097.0,South Riverdale
1150000.0,1149999.0,1150000.0,HOUSE,HOUSE,Corso Italia Davenport,43.6810466,-79.4475371,3,0,2,900.0,264.74,2601.41,452.58,609.48,418.6,462.07,314.27,2222.34,46,57,34,65,2502302,26022817,,92,92,Corso Italia-Davenport,Corso Italia-Davenport (92),Not an NIA or Emerging Neighbourhood,,17825761.0,Corso Italia-Davenport
1200000.0,1129000.0,1200000.0,HOUSE,HOUSE,The Beaches,43.675594,-79.2828978,2,1,2,900.0,379.48,3737.47,305.7,1393.71,568.96,565.03,352.05,2121.6,23,28,20,93,2502274,26022789,,63,63,The Beaches,The Beaches (63),Not an NIA or Emerging Neighbourhood,,17826209.0,The Beaches
1180000.0,1299000.0,1180000.0,HOUSE,HOUSE,Dovercourt Wallace Emerson Junction,43.6707088,-79.4420263,5,0,3,1750.0,209.82,2267.07,58.03,701.34,311.69,305.13,364.06,1278.36,43,59,35,4,2502363,26022878,,171,171,Junction-Wallace Emerson,Junction-Wallace Emerson (171),Not an NIA or Emerging Neighbourhood,,17824785.0,Junction-Wallace Emerson
1125000.0,1125000.0,1125000.0,HOUSE,HOUSE,Corso Italia Davenport,43.6803485,-79.447108,3,1,3,1750.0,195.24,2557.07,510.34,529.67,334.72,378.84,349.73,2279.64,45,59,36,65,2502302,26022817,,92,92,Corso Italia-Davenport,Corso Italia-Davenport (92),Not an NIA or Emerging Neighbourhood,,17825761.0,Corso Italia-Davenport
1145000.0,998000.0,1145000.0,HOUSE,HOUSE,High Park Swansea,43.6379491,-79.4760126,3,2,3,1300.0,642.54,2120.49,49.43,1081.07,966.26,847.58,883.78,1472.58,1,38,11,101,2502266,26022781,,87,87,High Park-Swansea,High Park-Swansea (87),Not an NIA or Emerging Neighbourhood,,17826337.0,High Park-Swansea
1188000.0,1188000.0,1188000.0,HOUSE,HOUSE,L Amoreaux,43.8012676,-79.3277842,4,0,3,2250.0,273.05,1487.8,308.1,741.83,785.94,711.97,888.3,3229.9,11,23,37,16,2502351,26022866,,147,147,L'Amoreaux West,L'Amoreaux West (147),Emerging Neighbourhood,EN,17824977.0,L'Amoreaux West
1200000.0,1220000.0,1200000.0,HOUSE,HOUSE,Pelmo Park Humberlea,43.7228759,-79.5315585,3,2,2,1300.0,460.63,2240.89,128.43,1634.55,1258.75,1509.16,1183.91,5468.31,0,36,14,156,2502211,26022726,,23,23,Pelmo Park-Humberlea,Pelmo Park-Humberlea (23),Not an NIA or Emerging Neighbourhood,,17827217.0,Pelmo Park-Humberlea
1200000.0,999000.0,1200000.0,HOUSE,HOUSE,South Riverdale,43.6630825,-79.3346162,4,0,2,1300.0,249.79,1646.24,85.51,322.3,307.33,159.93,170.29,2011.51,49,58,24,86,2502281,26022796,,70,70,South Riverdale,South Riverdale (70),Not an NIA or Emerging Neighbourhood,,17826097.0,South Riverdale
1175000.0,998000.0,1175000.0,HOUSE,HOUSE,High Park Swansea,43.6384303,-79.470917,3,1,2,1300.0,763.97,1706.96,395.19,1160.31,1264.98,1004.04,1152.9,1531.39,1,33,10,101,2502266,26022781,,87,87,High Park-Swansea,High Park-Swansea (87),Not an NIA or Emerging Neighbourhood,,17826337.0,High Park-Swansea
1155000.0,999999.0,1155000.0,HOUSE,HOUSE,The Beaches,43.6749053,-79.2862478,3,0,1,1300.0,247.53,3531.37,449.23,1119.01,640.62,644.68,184.22,1999.58,29,28,19,93,2502274,26022789,,63,63,The Beaches,The Beaches (63),Not an NIA or Emerging Neighbourhood,,17826209.0,The Beaches
1181000.0,879000.0,1181000.0,HOUSE,HOUSE,Junction Area,43.6630008,-79.4779616,3,1,1,900.0,361.67,294.59,52.75,933.48,787.44,403.47,648.23,1266.2,52,55,33,67,2502300,26022815,,90,90,Junction Area,Junction Area (90),Not an NIA or Emerging Neighbourhood,,17825793.0,Junction Area
1150000.0,999000.0,1150000.0,HOUSE,HOUSE,East End Danforth,43.6838248,-79.2957614,2,1,2,900.0,248.72,2441.92,289.91,300.97,634.08,570.88,578.88,747.11,36,53,33,94,2502273,26022788,,62,62,East End-Danforth,East End-Danforth (62),Not an NIA or Emerging Neighbourhood,,17826225.0,East End-Danforth
1200000.0,1249000.0,1200000.0,HOUSE,HOUSE,High Park Swansea,43.6380858,-79.4688689,3,1,2,900.0,905.25,1549.37,365.78,1279.37,1363.76,1055.56,1242.42,1619.13,1,32,13,101,2502266,26022781,,87,87,High Park-Swansea,High Park-Swansea (87),Not an NIA or Emerging Neighbourhood,,17826337.0,High Park-Swansea
1150000.0,799900.0,1150000.0,HOUSE,HOUSE,Dovercourt Wallace Emerson Junction,43.6671194,-79.4293464,3,0,2,1300.0,395.23,1615.48,370.65,833.14,625.54,171.2,668.89,580.34,55,68,49,3,2502364,26022879,,172,172,Dovercourt Village,Dovercourt Village (172),Not an NIA or Emerging Neighbourhood,,17824769.0,Dovercourt Village
1140000.0,1150000.0,1140000.0,HOUSE,HOUSE,Greenwood Coxwell,43.6707337,-79.3192967,2,1,2,900.0,225.48,2183.31,142.16,291.72,229.33,213.9,239.88,1522.2,26,53,30,91,2502276,26022791,,65,65,Greenwood-Coxwell,Greenwood-Coxwell (65),Not an NIA or Emerging Neighbourhood,,17826177.0,Greenwood-Coxwell
1112000.0,949000.0,1112000.0,HOUSE,HOUSE,South Riverdale,43.6715539,-79.3357849,2,1,2,900.0,141.85,1617.35,466.35,628.21,322.0,333.22,319.41,1065.54,23,65,36,86,2502281,26022796,,70,70,South Riverdale,South Riverdale (70),Not an NIA or Emerging Neighbourhood,,17826097.0,South Riverdale
1150000.0,999000.0,1150000.0,HOUSE,HOUSE,Woodbine Corridor,43.6794782,-79.3162918,2,1,2,900.0,310.0,1355.0,179.94,623.71,640.36,571.52,690.26,751.58,36,61,42,92,2502275,26022790,,64,64,Woodbine Corridor,Woodbine Corridor (64),Not an NIA or Emerging Neighbourhood,,17826193.0,Woodbine Corridor
1200000.0,1248000.0,1200000.0,HOUSE,HOUSE,High Park Swansea,43.6390673,-79.4696575,3,1,2,1300.0,784.96,1598.55,434.25,1153.5,1387.15,1114.0,1273.45,1494.74,1,33,13,101,2502266,26022781,,87,87,High Park-Swansea,High Park-Swansea (87),Not an NIA or Emerging Neighbourhood,,17826337.0,High Park-Swansea
1200000.0,1299000.0,1200000.0,HOUSE,HOUSE,Lambton Baby Point,43.6521709,-79.4859292,3,1,2,1300.0,139.44,1429.17,376.35,826.52,388.54,366.96,572.6,301.42,36,50,24,74,2502293,26022808,,114,114,Lambton Baby Point,Lambton Baby Point (114),Not an NIA or Emerging Neighbourhood,,17825905.0,Lambton Baby Point
1140000.0,999900.0,1140000.0,HOUSE,HOUSE,The Beaches,43.6790144,-79.2840575,3,0,2,1300.0,98.48,3503.92,98.43,1331.55,189.68,187.71,655.1,1798.83,22,36,26,93,2502274,26022789,,63,63,The Beaches,The Beaches (63),Not an NIA or Emerging Neighbourhood,,17826209.0,The Beaches
1121000.0,1179000.0,1121000.0,HOUSE,HOUSE,Blake Jones,43.6743228,-79.3369639,3,1,1,900.0,189.48,1669.73,332.32,777.47,515.42,620.41,605.24,748.35,48,64,40,87,2502280,26022795,,69,69,Blake-Jones,Blake-Jones (69),Not an NIA or Emerging Neighbourhood,,17826113.0,Blake-Jones
1137000.0,949000.0,1137000.0,HOUSE,HOUSE,Dufferin Grove,43.6527885,-79.4354412,3,0,2,1300.0,97.14,1735.77,426.67,801.53,244.46,562.11,297.98,831.19,68,64,43,105,2502262,26022777,,83,83,Dufferin Grove,Dufferin Grove (83),Not an NIA or Emerging Neighbourhood,,17826401.0,Dufferin Grove
1160000.0,999000.0,1160000.0,HOUSE,HOUSE,Danforth,43.6854667,-79.324801,4,1,3,2250.0,285.79,497.69,287.48,336.08,240.35,264.51,435.05,203.33,31,56,34,90,2502277,26022792,,66,66,Danforth,Danforth (66),Not an NIA or Emerging Neighbourhood,,17826161.0,Danforth
1116000.0,1099000.0,1116000.0,HOUSE,HOUSE,Greenwood Coxwell,43.6733516,-79.3270389,1,2,2,1300.0,323.92,1852.51,308.7,414.36,644.31,569.87,468.08,1056.28,32,61,32,91,2502276,26022791,,65,65,Greenwood-Coxwell,Greenwood-Coxwell (65),Not an NIA or Emerging Neighbourhood,,17826177.0,Greenwood-Coxwell
1125000.0,1199000.0,1125000.0,HOUSE,HOUSE,East End Danforth,43.6818082,-79.3064077,3,0,2,1300.0,592.32,1742.37,197.27,586.39,645.96,555.3,643.36,715.67,20,59,37,94,2502273,26022788,,62,62,East End-Danforth,East End-Danforth (62),Not an NIA or Emerging Neighbourhood,,17826225.0,East End-Danforth
1200000.0,999000.0,1200000.0,HOUSE,HOUSE,Runnymede Bloor West Village,43.6559752,-79.4822846,3,1,2,1300.0,383.77,955.2,220.89,815.21,636.4,561.68,442.73,685.18,40,50,24,99,2502268,26022783,,89,89,Runnymede-Bloor West Village,Runnymede-Bloor West Village (89),Not an NIA or Emerging Neighbourhood,,17826305.0,Runnymede-Bloor West Village
1199000.0,1199000.0,1199000.0,HOUSE,HOUSE,Yonge Eglinton,43.7088303,-79.4102318,3,2,2,1750.0,142.48,3094.58,422.71,841.86,510.99,536.12,593.22,965.1,43,52,46,58,2502309,26022824,,100,100,Yonge-Eglinton,Yonge-Eglinton (100),Not an NIA or Emerging Neighbourhood,,17825649.0,Yonge-Eglinton
1170000.0,1350000.0,1170000.0,HOUSE,HOUSE,Little Portugal,43.6509652,-79.4283048,4,0,2,1750.0,292.78,1178.69,292.42,800.43,549.24,196.02,210.63,1180.52,102,68,46,104,2502263,26022778,,84,84,Little Portugal,Little Portugal (84),Not an NIA or Emerging Neighbourhood,,17826385.0,Little Portugal
1200000.0,998000.0,1200000.0,HOUSE,HOUSE,Dovercourt Wallace Emerson Junction,43.673878,-79.4363681,5,0,3,1750.0,297.41,1728.04,389.58,597.82,628.39,566.33,790.91,1512.28,54,60,34,4,2502363,26022878,,171,171,Junction-Wallace Emerson,Junction-Wallace Emerson (171),Not an NIA or Emerging Neighbourhood,,17824785.0,Junction-Wallace Emerson
1137000.0,899900.0,1137000.0,HOUSE,HOUSE,South Parkdale,43.6409515,-79.4299867,3,0,3,1750.0,447.64,673.95,146.23,217.22,285.13,285.57,272.11,2190.91,76,57,26,103,2502264,26022779,,85,85,South Parkdale,South Parkdale (85),Neighbourhood Improvement Area,NIA,17826369.0,South Parkdale
1185000.0,999000.0,1185000.0,HOUSE,HOUSE,Woodbine Corridor,43.6829409,-79.3194836,2,1,3,1300.0,228.51,893.13,84.56,176.78,180.96,247.33,662.26,316.34,35,60,39,92,2502275,26022790,,64,64,Woodbine Corridor,Woodbine Corridor (64),Not an NIA or Emerging Neighbourhood,,17826193.0,Woodbine Corridor
1160000.0,1199000.0,1160000.0,HOUSE,HOUSE,East End Danforth,43.6849591,-79.3081974,3,0,3,1300.0,300.93,1454.94,301.57,723.39,355.39,196.94,363.73,391.02,24,61,40,94,2502273,26022788,,62,62,East End-Danforth,East End-Danforth (62),Not an NIA or Emerging Neighbourhood,,17826225.0,East End-Danforth
1200000.0,1149000.0,1200000.0,HOUSE,HOUSE,Weston Pellam Park,43.6796618,-79.4616811,3,0,2,1750.0,205.13,2289.99,359.49,603.5,884.45,361.61,697.17,2620.72,29,53,32,66,2502301,26022816,,91,91,Weston-Pelham Park,Weston-Pelham Park (91),Neighbourhood Improvement Area,NIA,17825777.0,Weston-Pelham Park
1155180.0,1149800.0,1155180.0,HOUSE,HOUSE,Corso Italia Davenport,43.6829303,-79.4517408,3,0,3,1300.0,564.27,2970.38,135.55,998.2,758.67,584.35,244.54,2206.9,31,47,31,65,2502302,26022817,,92,92,Corso Italia-Davenport,Corso Italia-Davenport (92),Not an NIA or Emerging Neighbourhood,,17825761.0,Corso Italia-Davenport
1175000.0,999000.0,1175000.0,HOUSE,HOUSE,The Beaches,43.679944,-79.2839773,3,0,2,1300.0,112.53,3475.52,188.06,1303.33,88.23,98.22,757.49,1705.4,21,38,29,93,2502274,26022789,,63,63,The Beaches,The Beaches (63),Not an NIA or Emerging Neighbourhood,,17826209.0,The Beaches
1139000.0,1149000.0,1139000.0,HOUSE,HOUSE,Greenwood Coxwell,43.6735629,-79.3281621,2,0,2,900.0,410.47,1839.69,323.48,507.69,736.64,662.77,561.42,1014.62,39,61,33,91,2502276,26022791,,65,65,Greenwood-Coxwell,Greenwood-Coxwell (65),Not an NIA or Emerging Neighbourhood,,17826177.0,Greenwood-Coxwell
1153500.0,1268000.0,1153500.0,HOUSE,HOUSE,Dovercourt Wallace Emerson Junction,43.7534419,-79.42224449999999,3,1,2,1300.0,129.61,2825.32,297.7,1581.84,1282.16,1089.36,1163.22,1273.28,0,41,29,115,2502252,26022767,,38,38,Lansing-Westgate,Lansing-Westgate (38),Not an NIA or Emerging Neighbourhood,,17826561.0,Lansing-Westgate
1175000.0,1175000.0,1175000.0,HOUSE,HOUSE,Wychwood,43.6734124,-79.4285732,3,0,3,1300.0,122.97,1150.69,220.77,130.66,843.14,740.02,461.06,1240.13,50,67,42,64,2502303,26022818,,94,94,Wychwood,Wychwood (94),Not an NIA or Emerging Neighbourhood,,17825745.0,Wychwood
1165000.0,1299000.0,1165000.0,HOUSE,HOUSE,Waterfront Communities The Island,43.7001669,-79.51621899999999,9,2,4,3250.0,110.9,1140.49,234.1,399.73,61.07,41.62,1058.33,5793.92,14,41,23,75,2502292,26022807,,113,113,Weston,Weston (113),Neighbourhood Improvement Area,NIA,17825921.0,Weston
1150000.0,1219000.0,1150000.0,HOUSE,HOUSE,Corso Italia Davenport,43.6845152,-79.4464639,3,1,3,1300.0,519.74,2601.74,388.47,697.76,670.59,204.04,578.72,1837.26,49,52,31,65,2502302,26022817,,92,92,Corso Italia-Davenport,Corso Italia-Davenport (92),Not an NIA or Emerging Neighbourhood,,17825761.0,Corso Italia-Davenport
1190000.0,1199880.0,1190000.0,HOUSE,HOUSE,Tam O'Shanter-Sullivan,43.7875098,-79.3062104,4,0,3,2250.0,338.99,1593.36,300.77,1052.39,741.62,409.39,1117.5,3464.71,11,30,31,71,2502296,26022811,,118,118,Tam O'Shanter-Sullivan,Tam O'Shanter-Sullivan (118),Not an NIA or Emerging Neighbourhood,,17825857.0,Tam O'Shanter-Sullivan
1150888.0,1248888.0,1150888.0,HOUSE,HOUSE,L'Amoreaux,43.7918405,-79.32756909999999,3,0,2,1300.0,277.13,1831.79,452.04,788.33,462.12,309.7,995.12,2353.6,9,32,36,16,2502351,26022866,,147,147,L'Amoreaux West,L'Amoreaux West (147),Emerging Neighbourhood,EN,17824977.0,L'Amoreaux West
1140000.0,1099000.0,1140000.0,HOUSE,HOUSE,Highland Creek,43.7908544,-79.1691915,4,1,5,1750.0,571.42,3056.56,297.83,487.78,817.17,420.79,1002.81,9993.73,1,25,14,28,2502339,26022854,,134,134,Highland Creek,Highland Creek (134),Not an NIA or Emerging Neighbourhood,,17825169.0,Highland Creek
1170000.0,1179000.0,1170000.0,HOUSE,HOUSE,Blake Jones,43.6745108,-79.3381277,3,0,2,900.0,237.41,1602.82,243.49,692.01,512.42,624.52,595.99,725.03,57,63,41,87,2502280,26022795,,69,69,Blake-Jones,Blake-Jones (69),Not an NIA or Emerging Neighbourhood,,17826113.0,Blake-Jones
1190000.0,1169000.0,1190000.0,HOUSE,HOUSE,Corso Italia Davenport,43.6749386,-79.4485294,3,0,2,1300.0,434.0,2671.25,238.69,543.37,186.51,266.14,642.63,1819.51,45,57,36,65,2502302,26022817,,92,92,Corso Italia-Davenport,Corso Italia-Davenport (92),Not an NIA or Emerging Neighbourhood,,17825761.0,Corso Italia-Davenport
1181000.0,1230000.0,1181000.0,HOUSE,HOUSE,Palmerston Little Italy,43.6597396,-79.4165805,2,2,3,900.0,216.77,1132.14,150.6,589.1,525.82,462.03,451.6,507.09,169,66,64,79,2502288,26022803,,80,80,Palmerston-Little Italy,Palmerston-Little Italy (80),Not an NIA or Emerging Neighbourhood,,17825985.0,Palmerston-Little Italy
1158000.0,899000.0,1158000.0,HOUSE,HOUSE,Blake Jones,43.6779938,-79.3385943,4,1,2,1750.0,113.22,1724.1,187.28,487.17,520.79,327.32,252.22,343.41,69,65,43,87,2502280,26022795,,69,69,Blake-Jones,Blake-Jones (69),Not an NIA or Emerging Neighbourhood,,17826113.0,Blake-Jones
1116000.0,1135000.0,1116000.0,HOUSE,HOUSE,Corso Italia Davenport,43.6775916,-79.4499281,3,0,3,900.0,463.66,2766.44,280.61,608.06,158.85,278.6,370.48,2133.68,46,53,38,65,2502302,26022817,,92,92,Corso Italia-Davenport,Corso Italia-Davenport (92),Not an NIA or Emerging Neighbourhood,,17825761.0,Corso Italia-Davenport
1115000.0,1199900.0,1115000.0,HOUSE,HOUSE,Wychwood,43.6769125,-79.4180089,4,0,2,1750.0,293.91,216.27,100.3,591.32,581.3,649.91,537.12,920.09,49,84,50,64,2502303,26022818,,94,94,Wychwood,Wychwood (94),Not an NIA or Emerging Neighbourhood,,17825745.0,Wychwood
1118000.0,1138000.0,1118000.0,HOUSE,HOUSE,Dovercourt Wallace Emerson Junction,43.6735287,-79.4365911,3,2,3,1300.0,280.59,1755.22,347.4,607.33,669.39,573.53,748.16,1478.2,52,59,34,4,2502363,26022878,,171,171,Junction-Wallace Emerson,Junction-Wallace Emerson (171),Not an NIA or Emerging Neighbourhood,,17824785.0,Junction-Wallace Emerson
1200000.0,1099000.0,1200000.0,HOUSE,HOUSE,High Park Swansea,43.6410445,-79.4784241,3,0,1,900.0,313.35,2298.81,125.83,728.18,1008.95,904.03,1076.07,1078.81,0,42,16,101,2502266,26022781,,87,87,High Park-Swansea,High Park-Swansea (87),Not an NIA or Emerging Neighbourhood,,17826337.0,High Park-Swansea
1115000.0,1149000.0,1115000.0,HOUSE,HOUSE,East End Danforth,43.6903464,-79.3038023,3,0,2,900.0,257.72,1699.24,187.22,846.64,338.95,261.07,336.93,228.14,25,59,35,94,2502273,26022788,,62,62,East End-Danforth,East End-Danforth (62),Not an NIA or Emerging Neighbourhood,,17826225.0,East End-Danforth
1125000.0,1199900.0,1125000.0,HOUSE,HOUSE,Woodbine Corridor,43.6819094,-79.3152073,2,1,2,1300.0,490.19,1186.91,79.49,537.73,442.35,342.14,518.19,542.23,27,63,39,92,2502275,26022790,,64,64,Woodbine Corridor,Woodbine Corridor (64),Not an NIA or Emerging Neighbourhood,,17826193.0,Woodbine Corridor
1150000.0,1234999.0,1150000.0,HOUSE,HOUSE,East End Danforth,43.6768258,-79.3050627,2,2,4,1750.0,105.81,2163.08,275.01,859.66,897.05,828.99,635.17,1227.37,30,56,35,94,2502273,26022788,,62,62,East End-Danforth,East End-Danforth (62),Not an NIA or Emerging Neighbourhood,,17826225.0,East End-Danforth
1150000.0,1299900.0,1150000.0,HOUSE,HOUSE,East End Danforth,43.6810788,-79.2977252,3,0,1,1300.0,205.16,2399.18,403.82,294.37,670.87,561.85,253.28,939.52,23,58,34,94,2502273,26022788,,62,62,East End-Danforth,East End-Danforth (62),Not an NIA or Emerging Neighbourhood,,17826225.0,East End-Danforth
1200000.0,1249900.0,1200000.0,HOUSE,HOUSE,Woodbine Corridor,43.6761361,-79.3124113,2,1,2,1300.0,167.51,1835.68,211.06,876.17,651.84,613.79,608.91,1142.97,16,57,37,92,2502275,26022790,,64,64,Woodbine Corridor,Woodbine Corridor (64),Not an NIA or Emerging Neighbourhood,,17826193.0,Woodbine Corridor
1187700.0,1300000.0,1187700.0,HOUSE,HOUSE,South Riverdale,43.672164,-79.3344701,2,1,2,900.0,189.64,1740.52,553.24,687.64,447.63,440.27,423.25,1020.93,34,64,35,86,2502281,26022796,,70,70,South Riverdale,South Riverdale (70),Not an NIA or Emerging Neighbourhood,,17826097.0,South Riverdale
1150000.0,1199800.0,1150000.0,HOUSE,HOUSE,Dovercourt Wallace Emerson Junction,43.6652682,-79.4312052,4,1,3,1750.0,351.48,1868.03,187.47,635.48,465.42,204.48,816.15,507.0,54,71,51,3,2502364,26022879,,172,172,Dovercourt Village,Dovercourt Village (172),Not an NIA or Emerging Neighbourhood,,17824769.0,Dovercourt Village
1200000.0,1249800.0,1200000.0,HOUSE,HOUSE,Dovercourt Wallace Emerson Junction,43.6715982,-79.431986,3,2,3,1300.0,166.01,1485.52,94.94,439.97,894.61,502.22,679.5,1121.61,33,63,42,64,2502303,26022818,,94,94,Wychwood,Wychwood (94),Not an NIA or Emerging Neighbourhood,,17825745.0,Wychwood
1175000.0,1299000.0,1175000.0,HOUSE,HOUSE,Woodbine Corridor,43.6761122,-79.3118511,3,1,2,900.0,212.43,1862.96,255.17,915.05,687.87,630.85,648.13,1147.18,16,57,36,92,2502275,26022790,,64,64,Woodbine Corridor,Woodbine Corridor (64),Not an NIA or Emerging Neighbourhood,,17826193.0,Woodbine Corridor
1105000.0,998000.0,1105000.0,HOUSE,HOUSE,Roncesvalles,43.6468701,-79.4426444,4,0,2,1300.0,309.03,928.96,66.2,537.0,501.3,334.28,359.22,1361.22,82,52,32,102,2502265,26022780,,86,86,Roncesvalles,Roncesvalles (86),Not an NIA or Emerging Neighbourhood,,17826353.0,Roncesvalles
1112108.0,899000.0,1112108.0,HOUSE,HOUSE,Newtonbrook East,43.6554018,-79.3871368,4,0,3,2250.0,319.0,209.42,300.96,349.02,71.17,54.41,137.75,112.03,335,100,76,5,2502362,26022877,,170,170,Yonge-Bay Corridor,Yonge-Bay Corridor (170),Not an NIA or Emerging Neighbourhood,,17824801.0,Yonge-Bay Corridor
1200000.0,999000.0,1200000.0,HOUSE,HOUSE,The Beaches,43.6751648,-79.2827203,3,0,1,1300.0,349.62,3770.94,354.75,1386.54,617.93,612.88,329.54,2165.51,23,27,19,93,2502274,26022789,,63,63,The Beaches,The Beaches (63),Not an NIA or Emerging Neighbourhood,,17826209.0,The Beaches
1200000.0,1298000.0,1200000.0,HOUSE,HOUSE,Dovercourt Wallace Emerson Junction,43.6653075,-79.4374275,4,0,2,1300.0,206.88,2233.82,271.95,659.8,459.66,416.09,371.24,584.39,53,62,46,3,2502364,26022879,,172,172,Dovercourt Village,Dovercourt Village (172),Not an NIA or Emerging Neighbourhood,,17824769.0,Dovercourt Village
1170000.0,1199000.0,1170000.0,HOUSE,HOUSE,East End Danforth,43.6856714,-79.2895549,2,1,1,900.0,293.01,2883.66,288.41,835.23,512.23,440.44,328.65,1025.75,34,48,30,94,2502273,26022788,,62,62,East End-Danforth,East End-Danforth (62),Not an NIA or Emerging Neighbourhood,,17826225.0,East End-Danforth
1265000.0,1188000.0,1265000.0,HOUSE,HOUSE,Dovercourt Wallace Emerson Junction,43.6611837,-79.4430641,6,2,3,1750.0,307.68,2379.85,323.47,726.32,658.67,173.37,193.92,231.51,47,58,43,4,2502363,26022878,,171,171,Junction-Wallace Emerson,Junction-Wallace Emerson (171),Not an NIA or Emerging Neighbourhood,,17824785.0,Junction-Wallace Emerson
1260000.0,1279000.0,1260000.0,HOUSE,HOUSE,The Beaches,43.6723054,-79.3000072,3,0,1,1300.0,240.54,2803.94,211.14,273.28,251.02,239.06,242.73,1866.22,34,48,29,93,2502274,26022789,,63,63,The Beaches,The Beaches (63),Not an NIA or Emerging Neighbourhood,,17826209.0,The Beaches
1270000.0,1299900.0,1270000.0,HOUSE,HOUSE,Greenwood Coxwell,43.6744051,-79.3241992,3,1,3,1750.0,107.94,1728.58,233.23,278.24,450.28,391.57,327.82,1029.66,34,59,32,91,2502276,26022791,,65,65,Greenwood-Coxwell,Greenwood-Coxwell (65),Not an NIA or Emerging Neighbourhood,,17826177.0,Greenwood-Coxwell
1250000.0,1349000.0,1250000.0,HOUSE,HOUSE,Greenwood Coxwell,43.6715335,-79.321754,3,3,4,2250.0,75.14,2062.75,336.83,104.47,257.4,180.93,83.62,1404.2,26,55,32,91,2502276,26022791,,65,65,Greenwood-Coxwell,Greenwood-Coxwell (65),Not an NIA or Emerging Neighbourhood,,17826177.0,Greenwood-Coxwell
1215000.0,1195000.0,1215000.0,HOUSE,HOUSE,Yonge Eglinton,43.7107717,-79.4080477,3,0,1,1300.0,377.83,2907.49,428.65,720.97,674.24,673.67,719.71,882.7,53,53,45,58,2502309,26022824,,100,100,Yonge-Eglinton,Yonge-Eglinton (100),Not an NIA or Emerging Neighbourhood,,17825649.0,Yonge-Eglinton
1259000.0,1299000.0,1259000.0,HOUSE,HOUSE,The Beaches,43.6700325,-79.3035958,3,1,2,2250.0,187.85,2800.7,332.74,411.56,360.91,179.52,238.99,1960.91,27,45,25,93,2502274,26022789,,63,63,The Beaches,The Beaches (63),Not an NIA or Emerging Neighbourhood,,17826209.0,The Beaches
1275000.0,1349000.0,1275000.0,HOUSE,HOUSE,Dovercourt Wallace Emerson Junction,43.6686305,-79.4275813,3,0,3,1300.0,284.2,1395.92,208.02,664.74,741.42,356.58,449.75,702.46,58,68,52,3,2502364,26022879,,172,172,Dovercourt Village,Dovercourt Village (172),Not an NIA or Emerging Neighbourhood,,17824769.0,Dovercourt Village
1201000.0,899000.0,1201000.0,HOUSE,HOUSE,Woodbine Corridor,43.6775914,-79.3190457,2,0,2,900.0,48.88,1452.48,139.29,620.35,533.97,467.69,441.48,797.23,38,62,35,92,2502275,26022790,,64,64,Woodbine Corridor,Woodbine Corridor (64),Not an NIA or Emerging Neighbourhood,,17826193.0,Woodbine Corridor
1257000.0,999000.0,1257000.0,HOUSE,HOUSE,East End Danforth,43.6785496,-79.3060453,3,0,2,900.0,242.44,1977.45,182.27,756.65,938.46,909.3,675.55,1022.06,15,60,37,94,2502273,26022788,,62,62,East End-Danforth,East End-Danforth (62),Not an NIA or Emerging Neighbourhood,,17826225.0,East End-Danforth
1225000.0,1240000.0,1225000.0,HOUSE,HOUSE,Greenwood Coxwell,43.6731193,-79.3212457,2,1,3,900.0,169.44,1893.86,242.2,98.08,179.14,114.33,98.11,1235.31,24,56,33,91,2502276,26022791,,65,65,Greenwood-Coxwell,Greenwood-Coxwell (65),Not an NIA or Emerging Neighbourhood,,17826177.0,Greenwood-Coxwell
1275000.0,999900.0,1275000.0,HOUSE,HOUSE,Weston Pellam Park,43.669264,-79.4588196,3,1,2,1300.0,330.4,1858.27,279.58,577.12,729.25,521.75,624.98,1447.39,57,56,34,66,2502301,26022816,,91,91,Weston-Pelham Park,Weston-Pelham Park (91),Neighbourhood Improvement Area,NIA,17825777.0,Weston-Pelham Park
1285322.0,1339000.0,1285322.0,HOUSE,HOUSE,East End Danforth,43.6846616,-79.3070514,3,1,3,1300.0,367.88,1552.75,267.43,626.1,452.38,234.35,347.13,488.67,28,62,40,94,2502273,26022788,,62,62,East End-Danforth,East End-Danforth (62),Not an NIA or Emerging Neighbourhood,,17826225.0,East End-Danforth
1210000.0,979000.0,1210000.0,HOUSE,HOUSE,Trinity Bellwoods,43.6508617,-79.4109592,2,1,2,900.0,282.0,527.38,434.52,460.88,542.29,167.76,511.37,1589.67,228,80,54,106,2502261,26022776,,81,81,Trinity-Bellwoods,Trinity-Bellwoods (81),Not an NIA or Emerging Neighbourhood,,17826417.0,Trinity-Bellwoods
1250000.0,1498000.0,1250000.0,HOUSE,HOUSE,South Parkdale,43.6349943,-79.4263276,6,3,6,2250.0,743.08,550.11,344.87,863.61,646.29,439.46,602.31,2902.81,52,53,14,103,2502264,26022779,,85,85,South Parkdale,South Parkdale (85),Neighbourhood Improvement Area,NIA,17826369.0,South Parkdale
1227000.0,1099000.0,1227000.0,HOUSE,HOUSE,Greenwood Coxwell,43.6676603,-79.3179981,3,0,2,1300.0,357.73,2539.49,261.61,623.97,576.74,200.19,579.6,1878.18,31,50,25,91,2502276,26022791,,65,65,Greenwood-Coxwell,Greenwood-Coxwell (65),Not an NIA or Emerging Neighbourhood,,17826177.0,Greenwood-Coxwell
1239888.0,1298000.0,1239888.0,HOUSE,HOUSE,Woodbine Corridor,43.6836778,-79.3197773,3,0,4,900.0,286.54,810.37,122.35,132.9,116.0,201.67,643.14,267.85,35,60,37,92,2502275,26022790,,64,64,Woodbine Corridor,Woodbine Corridor (64),Not an NIA or Emerging Neighbourhood,,17826193.0,Woodbine Corridor
1270000.0,1200000.0,1270000.0,HOUSE,HOUSE,Roncesvalles,43.6412101,-79.4408987,2,0,3,1750.0,218.4,728.35,70.05,663.8,304.33,202.36,325.45,1996.32,57,44,24,102,2502265,26022780,,86,86,Roncesvalles,Roncesvalles (86),Not an NIA or Emerging Neighbourhood,,17826353.0,Roncesvalles
1275000.0,1299000.0,1275000.0,HOUSE,HOUSE,Woodbine Corridor,43.67648150000001,-79.31402640000002,4,1,3,1750.0,59.66,1734.56,75.62,785.06,576.88,529.46,519.69,1110.17,20,56,37,92,2502275,26022790,,64,64,Woodbine Corridor,Woodbine Corridor (64),Not an NIA or Emerging Neighbourhood,,17826193.0,Woodbine Corridor
1210000.0,1038888.0,1210000.0,HOUSE,HOUSE,Weston Pellam Park,43.6790083,-79.4608153,3,0,2,1300.0,258.1,2285.92,392.59,524.91,912.43,457.15,597.45,2532.64,31,53,35,66,2502301,26022816,,91,91,Weston-Pelham Park,Weston-Pelham Park (91),Neighbourhood Improvement Area,NIA,17825777.0,Weston-Pelham Park
1250000.0,1349000.0,1250000.0,HOUSE,HOUSE,The Beaches,43.6751984,-79.2963039,2,1,1,1300.0,120.97,2825.94,240.53,592.25,469.17,458.19,415.07,1598.0,40,46,26,93,2502274,26022789,,63,63,The Beaches,The Beaches (63),Not an NIA or Emerging Neighbourhood,,17826209.0,The Beaches
1250000.0,1295000.0,1250000.0,HOUSE,HOUSE,Corso Italia Davenport,43.6791621,-79.4475702,3,1,2,1300.0,221.21,2582.16,514.54,479.04,225.75,264.81,356.21,2262.49,47,58,38,65,2502302,26022817,,92,92,Corso Italia-Davenport,Corso Italia-Davenport (92),Not an NIA or Emerging Neighbourhood,,17825761.0,Corso Italia-Davenport
1253000.0,1095000.0,1253000.0,HOUSE,HOUSE,Mount Pleasant East,43.7051538,-79.3756066,3,0,3,1300.0,23.17,1501.91,168.7,657.79,47.2,134.7,373.4,1854.6,31,43,33,59,2502308,26022823,,99,99,Mount Pleasant East,Mount Pleasant East (99),Not an NIA or Emerging Neighbourhood,,17825665.0,Mount Pleasant East
1250000.0,999000.0,1250000.0,HOUSE,HOUSE,East End Danforth,43.682317,-79.3080138,3,1,2,1300.0,590.63,1602.72,265.64,698.49,512.43,463.76,561.38,587.36,24,60,37,94,2502273,26022788,,62,62,East End-Danforth,East End-Danforth (62),Not an NIA or Emerging Neighbourhood,,17826225.0,East End-Danforth
1260100.0,999000.0,1260100.0,HOUSE,HOUSE,Woodbine Corridor,43.6783252,-79.3138332,3,0,2,1300.0,256.99,1569.87,202.28,853.07,745.65,690.11,674.91,904.66,26,60,37,92,2502275,26022790,,64,64,Woodbine Corridor,Woodbine Corridor (64),Not an NIA or Emerging Neighbourhood,,17826193.0,Woodbine Corridor
1280000.0,1349000.0,1280000.0,HOUSE,HOUSE,Blake Jones,43.674539,-79.3358993,3,1,2,900.0,223.15,1755.26,325.85,833.31,571.57,652.96,642.77,737.18,48,66,41,87,2502280,26022795,,69,69,Blake-Jones,Blake-Jones (69),Not an NIA or Emerging Neighbourhood,,17826113.0,Blake-Jones
1247000.0,1189000.0,1247000.0,HOUSE,HOUSE,Casa Loma,43.6769596,-79.4144182,3,2,2,1300.0,258.46,118.75,114.53,636.85,397.19,562.93,390.84,648.4,34,78,53,62,2502305,26022820,,96,96,Casa Loma,Casa Loma (96),Not an NIA or Emerging Neighbourhood,,17825713.0,Casa Loma
1260000.0,999000.0,1260000.0,HOUSE,HOUSE,Runnymede Bloor West Village,43.6541677,-79.4815849,4,0,2,1300.0,383.85,1151.37,288.6,670.05,428.28,463.92,443.64,506.39,40,49,23,99,2502268,26022783,,89,89,Runnymede-Bloor West Village,Runnymede-Bloor West Village (89),Not an NIA or Emerging Neighbourhood,,17826305.0,Runnymede-Bloor West Village
1256000.0,1119000.0,1256000.0,HOUSE,HOUSE,Weston-Pellam Park,43.6772864,-79.4653723,3,1,4,1750.0,212.61,1895.02,52.64,507.64,650.9,545.55,529.68,2459.41,30,53,36,66,2502301,26022816,,91,91,Weston-Pelham Park,Weston-Pelham Park (91),Neighbourhood Improvement Area,NIA,17825777.0,Weston-Pelham Park
1220000.0,1288000.0,1220000.0,HOUSE,HOUSE,Lawrence Park North,43.7314843,-79.3941525,3,0,1,900.0,640.52,1898.23,329.96,955.49,780.44,824.11,889.05,879.36,17,32,22,54,2502313,26022828,,105,105,Lawrence Park North,Lawrence Park North (105),Not an NIA or Emerging Neighbourhood,,17825585.0,Lawrence Park North
1250000.0,1349900.0,1250000.0,HOUSE,HOUSE,Lawrence Park North,43.7295599,-79.4045952,4,1,2,1300.0,236.03,2476.8,264.76,568.07,90.97,306.9,326.62,395.69,17,40,24,54,2502313,26022828,,105,105,Lawrence Park North,Lawrence Park North (105),Not an NIA or Emerging Neighbourhood,,17825585.0,Lawrence Park North
1275000.0,989000.0,1275000.0,HOUSE,HOUSE,Trinity Bellwoods,43.6533279,-79.4094064,2,1,3,900.0,405.64,315.66,395.53,340.17,248.79,175.0,220.79,1399.85,261,78,65,106,2502261,26022776,,81,81,Trinity-Bellwoods,Trinity-Bellwoods (81),Not an NIA or Emerging Neighbourhood,,17826417.0,Trinity-Bellwoods
1300000.0,999000.0,1300000.0,HOUSE,HOUSE,High Park Swansea,43.6389496,-79.4695142,3,0,2,900.0,802.25,1588.3,450.68,1170.83,1386.63,1108.36,1271.81,1510.99,1,33,13,101,2502266,26022781,,87,87,High Park-Swansea,High Park-Swansea (87),Not an NIA or Emerging Neighbourhood,,17826337.0,High Park-Swansea
1285000.0,1299000.0,1285000.0,HOUSE,HOUSE,South Riverdale,43.6709228,-79.3371687,2,1,3,1750.0,143.92,1488.58,352.92,589.75,190.47,242.02,235.64,1124.58,32,65,35,86,2502281,26022796,,70,70,South Riverdale,South Riverdale (70),Not an NIA or Emerging Neighbourhood,,17826097.0,South Riverdale
1225000.0,1256888.0,1225000.0,HOUSE,HOUSE,East End Danforth,43.6811982,-79.3058535,3,1,3,1300.0,537.36,1816.0,150.87,569.92,724.17,631.32,696.76,795.49,19,58,37,94,2502273,26022788,,62,62,East End-Danforth,East End-Danforth (62),Not an NIA or Emerging Neighbourhood,,17826225.0,East End-Danforth
1221000.0,989000.0,1221000.0,HOUSE,HOUSE,East End Danforth,43.684731,-79.3096792,3,1,2,1300.0,314.86,1356.17,195.93,834.77,247.76,164.46,279.89,301.84,22,58,40,94,2502273,26022788,,62,62,East End-Danforth,East End-Danforth (62),Not an NIA or Emerging Neighbourhood,,17826225.0,East End-Danforth
1284200.0,1180000.0,1284200.0,HOUSE,HOUSE,Dovercourt Wallace Emerson Junction,43.6604749,-79.4394323,4,2,3,1300.0,225.17,2389.63,100.73,442.13,356.26,183.27,379.67,309.51,49,61,45,4,2502363,26022878,,171,171,Junction-Wallace Emerson,Junction-Wallace Emerson (171),Not an NIA or Emerging Neighbourhood,,17824785.0,Junction-Wallace Emerson
1258000.0,1288888.0,1258000.0,HOUSE,HOUSE,Bridle Path Sunnybrook York Mills,43.6330204,-79.4933909,3,0,2,1300.0,305.14,3595.87,332.77,346.6,945.5,524.17,1072.85,1870.24,11,48,21,140,2502227,26022742,,16,16,Stonegate-Queensway,Stonegate-Queensway (16),Not an NIA or Emerging Neighbourhood,,17826961.0,Stonegate-Queensway
1268500.0,1249900.0,1268500.0,HOUSE,HOUSE,Weston Pellam Park,43.6687779,-79.4534925,3,0,1,1750.0,193.36,2260.39,171.88,464.99,376.37,537.67,574.48,1317.15,44,51,33,66,2502301,26022816,,91,91,Weston-Pelham Park,Weston-Pelham Park (91),Neighbourhood Improvement Area,NIA,17825777.0,Weston-Pelham Park
1220000.0,1249000.0,1220000.0,HOUSE,HOUSE,South Riverdale,43.6657327,-79.3337852,3,1,5,1750.0,152.63,1673.49,146.04,64.46,448.32,336.89,335.31,1730.78,52,64,30,86,2502281,26022796,,70,70,South Riverdale,South Riverdale (70),Not an NIA or Emerging Neighbourhood,,17826097.0,South Riverdale
1220000.0,1199000.0,1220000.0,HOUSE,HOUSE,South Riverdale,43.6671306,-79.3360688,4,0,3,1750.0,295.23,1490.71,241.77,179.14,210.34,202.73,199.84,1551.32,52,66,31,86,2502281,26022796,,70,70,South Riverdale,South Riverdale (70),Not an NIA or Emerging Neighbourhood,,17826097.0,South Riverdale
1250000.0,1099000.0,1250000.0,HOUSE,HOUSE,Lawrence Park North,43.7306975,-79.4118225,3,0,1,1300.0,204.23,1897.97,587.02,1035.47,554.7,627.13,536.26,893.36,47,37,27,54,2502313,26022828,,105,105,Lawrence Park North,Lawrence Park North (105),Not an NIA or Emerging Neighbourhood,,17825585.0,Lawrence Park North
1250000.0,999000.0,1250000.0,HOUSE,HOUSE,Agincourt South Malvern West,43.786281,-79.2596709,4,4,7,1750.0,292.09,3438.1,335.73,1561.19,707.26,330.23,681.87,5997.04,20,21,30,32,2502335,26022850,,128,128,Agincourt South-Malvern West,Agincourt South-Malvern West (128),Not an NIA or Emerging Neighbourhood,,17825233.0,Agincourt South-Malvern West
1275000.0,1288800.0,1275000.0,HOUSE,HOUSE,Dufferin Grove,43.654278,-79.4339296,4,0,2,1300.0,302.62,1756.82,252.8,627.38,94.36,452.51,123.54,675.8,82,69,44,105,2502262,26022777,,83,83,Dufferin Grove,Dufferin Grove (83),Not an NIA or Emerging Neighbourhood,,17826401.0,Dufferin Grove
1205000.0,969000.0,1205000.0,HOUSE,HOUSE,Corso Italia Davenport,43.6723535,-79.4469174,2,0,2,1750.0,478.19,2592.56,103.28,632.06,483.73,504.55,618.53,1509.48,46,56,36,65,2502302,26022817,,92,92,Corso Italia-Davenport,Corso Italia-Davenport (92),Not an NIA or Emerging Neighbourhood,,17825761.0,Corso Italia-Davenport
1255000.0,1295000.0,1255000.0,HOUSE,HOUSE,South Parkdale,43.6338192,-79.4305027,3,0,3,1300.0,489.72,271.69,180.91,846.32,902.71,618.63,607.07,2966.62,40,49,11,103,2502264,26022779,,85,85,South Parkdale,South Parkdale (85),Neighbourhood Improvement Area,NIA,17826369.0,South Parkdale
1300000.0,1349900.0,1300000.0,HOUSE,HOUSE,Lawrence Park North,43.727775,-79.4109743,3,0,1,1300.0,149.51,1977.94,395.11,807.37,497.99,696.46,568.81,701.19,32,36,30,54,2502313,26022828,,105,105,Lawrence Park North,Lawrence Park North (105),Not an NIA or Emerging Neighbourhood,,17825585.0,Lawrence Park North
1275000.0,1239000.0,1275000.0,HOUSE,HOUSE,Dovercourt Wallace Emerson Junction,43.6655168,-79.4389974,4,0,2,1750.0,292.21,2321.05,185.83,741.31,352.24,324.06,270.52,652.36,50,58,46,4,2502363,26022878,,171,171,Junction-Wallace Emerson,Junction-Wallace Emerson (171),Not an NIA or Emerging Neighbourhood,,17824785.0,Junction-Wallace Emerson
1235000.0,1299000.0,1235000.0,HOUSE,HOUSE,Wychwood,43.6733395,-79.4307422,4,1,3,1750.0,296.12,1314.63,289.55,234.12,775.94,696.65,617.02,1269.45,51,65,40,64,2502303,26022818,,94,94,Wychwood,Wychwood (94),Not an NIA or Emerging Neighbourhood,,17825745.0,Wychwood
1250000.0,999900.0,1250000.0,HOUSE,HOUSE,Little Portugal,43.6481661,-79.4364762,2,3,2,900.0,44.47,1384.26,228.57,826.31,189.26,384.32,273.5,1318.71,63,60,34,104,2502263,26022778,,84,84,Little Portugal,Little Portugal (84),Not an NIA or Emerging Neighbourhood,,17826385.0,Little Portugal
1276000.0,1299999.0,1276000.0,HOUSE,HOUSE,Clairlea Birchmount,43.710987,-79.2830038,3,1,4,1750.0,650.3,259.17,393.47,1160.75,732.59,632.56,900.53,318.68,2,36,20,69,2502298,26022813,,120,120,Clairlea-Birchmount,Clairlea-Birchmount (120),Not an NIA or Emerging Neighbourhood,,17825825.0,Clairlea-Birchmount
1250000.0,1369000.0,1250000.0,HOUSE,HOUSE,Mimico,43.6199312,-79.5045152,3,0,2,900.0,387.77,4770.96,169.07,1037.97,1173.42,381.07,742.63,3176.39,26,39,23,46,2502321,26022836,,160,160,Mimico-Queensway,Mimico-Queensway (160),Not an NIA or Emerging Neighbourhood,,17825457.0,Mimico-Queensway
1208000.0,1359000.0,1208000.0,HOUSE,HOUSE,Corso Italia Davenport,43.6808134,-79.4449479,3,0,2,1300.0,129.41,2391.64,384.75,469.59,337.41,331.97,520.73,2169.13,46,59,33,65,2502302,26022817,,92,92,Corso Italia-Davenport,Corso Italia-Davenport (92),Not an NIA or Emerging Neighbourhood,,17825761.0,Corso Italia-Davenport
1220000.0,1299999.0,1220000.0,HOUSE,HOUSE,Wychwood,43.6794484,-79.42848149999999,5,0,1,1750.0,257.56,1060.41,256.08,541.39,225.81,286.39,335.76,1226.27,54,69,42,64,2502303,26022818,,94,94,Wychwood,Wychwood (94),Not an NIA or Emerging Neighbourhood,,17825745.0,Wychwood
1300000.0,1325000.0,1300000.0,HOUSE,HOUSE,Dovercourt Wallace Emerson Junction,43.6646006,-79.4249658,2,1,2,900.0,217.37,1638.92,208.11,872.64,291.04,248.47,566.58,270.38,82,67,53,3,2502364,26022879,,172,172,Dovercourt Village,Dovercourt Village (172),Not an NIA or Emerging Neighbourhood,,17824769.0,Dovercourt Village
1250000.0,1199000.0,1250000.0,HOUSE,HOUSE,Forest Hill North,43.7070734,-79.4182738,2,0,2,900.0,222.87,2886.32,327.68,563.18,583.34,469.91,568.73,1584.06,17,52,45,56,2502311,26022826,,102,102,Forest Hill North,Forest Hill North (102),Not an NIA or Emerging Neighbourhood,,17825617.0,Forest Hill North
1279000.0,1349000.0,1279000.0,HOUSE,HOUSE,Blake Jones,43.673216,-79.3403715,6,0,2,2250.0,218.64,1372.69,296.27,690.06,375.69,550.24,437.34,829.94,67,62,37,87,2502280,26022795,,69,69,Blake-Jones,Blake-Jones (69),Not an NIA or Emerging Neighbourhood,,17826113.0,Blake-Jones
1250000.0,1350000.0,1250000.0,HOUSE,HOUSE,Eringate-Centennial-West Deane,43.66539230000001,-79.5700863,3,1,3,1750.0,734.58,5652.65,614.95,1256.02,1087.65,1099.99,1586.58,4156.78,0,24,17,144,2502223,26022738,,11,11,Eringate-Centennial-West Deane,Eringate-Centennial-West Deane (11),Not an NIA or Emerging Neighbourhood,,17827025.0,Eringate-Centennial-West Deane
1290000.0,1149000.0,1290000.0,HOUSE,HOUSE,Tam O'Shanter-Sullivan,43.7737949,-79.3031544,4,0,4,2250.0,377.86,3137.98,166.15,1488.61,606.2,609.24,583.67,3439.91,6,27,27,71,2502296,26022811,,118,118,Tam O'Shanter-Sullivan,Tam O'Shanter-Sullivan (118),Not an NIA or Emerging Neighbourhood,,17825857.0,Tam O'Shanter-Sullivan
1215000.0,1288000.0,1215000.0,HOUSE,HOUSE,L'Amoreaux,43.78115649999999,-79.32455329999999,3,0,4,1750.0,154.7,2590.55,154.04,1131.43,576.44,553.76,553.76,1834.83,18,37,40,16,2502351,26022866,,147,147,L'Amoreaux West,L'Amoreaux West (147),Emerging Neighbourhood,EN,17824977.0,L'Amoreaux West
1240000.0,999888.0,1240000.0,HOUSE,HOUSE,Newtonbrook East,43.7842109,-79.41003889999999,3,3,4,1300.0,274.37,582.77,153.91,1819.43,616.58,337.63,731.77,571.22,56,56,30,134,2502233,26022748,,50,50,Newtonbrook East,Newtonbrook East (50),Not an NIA or Emerging Neighbourhood,,17826865.0,Newtonbrook East
1250000.0,1299000.0,1250000.0,HOUSE,HOUSE,Trinity Bellwoods,43.6494833,-79.4128136,4,0,3,1300.0,288.13,737.75,222.89,657.7,557.74,380.4,633.2,1686.93,191,79,50,106,2502261,26022776,,81,81,Trinity-Bellwoods,Trinity-Bellwoods (81),Not an NIA or Emerging Neighbourhood,,17826417.0,Trinity-Bellwoods
1298000.0,1129000.0,1298000.0,HOUSE,HOUSE,Weston Pellam Park,43.674666,-79.4616174,4,0,4,1750.0,287.2,1922.82,116.77,91.17,697.24,141.8,410.89,2088.61,30,59,34,66,2502301,26022816,,91,91,Weston-Pelham Park,Weston-Pelham Park (91),Neighbourhood Improvement Area,NIA,17825777.0,Weston-Pelham Park
1250000.0,1499000.0,1250000.0,HOUSE,HOUSE,Lawrence Park North,43.7291101,-79.4085889,2,0,2,1300.0,279.93,2157.37,274.55,722.74,409.34,493.16,506.81,579.41,30,37,29,54,2502313,26022828,,105,105,Lawrence Park North,Lawrence Park North (105),Not an NIA or Emerging Neighbourhood,,17825585.0,Lawrence Park North
1245000.0,1299000.0,1245000.0,HOUSE,HOUSE,South Riverdale,43.6619546,-79.3317053,3,0,2,1300.0,166.27,1903.7,200.45,501.25,456.46,116.08,120.12,2176.38,44,57,22,86,2502281,26022796,,70,70,South Riverdale,South Riverdale (70),Not an NIA or Emerging Neighbourhood,,17826097.0,South Riverdale
1270000.0,1299000.0,1270000.0,HOUSE,HOUSE,Dovercourt Wallace Emerson Junction,43.6692904,-79.4281596,3,1,3,1750.0,322.83,1378.0,124.65,588.47,822.66,361.37,440.93,782.55,45,69,49,3,2502364,26022879,,172,172,Dovercourt Village,Dovercourt Village (172),Not an NIA or Emerging Neighbourhood,,17824769.0,Dovercourt Village
1300000.0,1249000.0,1300000.0,HOUSE,HOUSE,Roncesvalles,43.6434485,-79.4353041,2,2,1,1750.0,123.71,918.35,145.91,322.94,392.9,308.96,320.37,1842.74,77,53,29,102,2502265,26022780,,86,86,Roncesvalles,Roncesvalles (86),Not an NIA or Emerging Neighbourhood,,17826353.0,Roncesvalles
1210000.0,1099000.0,1210000.0,HOUSE,HOUSE,Dovercourt Wallace Emerson Junction,43.662374,-79.4325597,3,0,3,1300.0,234.1,2183.33,154.63,296.14,242.73,206.02,719.93,326.8,69,67,51,3,2502364,26022879,,172,172,Dovercourt Village,Dovercourt Village (172),Not an NIA or Emerging Neighbourhood,,17824769.0,Dovercourt Village
1300000.0,1199000.0,1300000.0,HOUSE,HOUSE,Dovercourt Wallace Emerson Junction,43.6657316,-79.428217,3,0,3,1300.0,399.48,1673.87,360.14,795.77,447.16,302.82,684.94,402.58,67,67,51,3,2502364,26022879,,172,172,Dovercourt Village,Dovercourt Village (172),Not an NIA or Emerging Neighbourhood,,17824769.0,Dovercourt Village
1300000.0,1399000.0,1300000.0,HOUSE,HOUSE,Corso Italia Davenport,43.6794311,-79.4494561,3,0,3,1750.0,367.41,2735.5,484.36,627.34,330.08,364.31,215.16,2322.26,46,55,35,65,2502302,26022817,,92,92,Corso Italia-Davenport,Corso Italia-Davenport (92),Not an NIA or Emerging Neighbourhood,,17825761.0,Corso Italia-Davenport
1250000.0,1199000.0,1250000.0,HOUSE,HOUSE,Danforth,43.6831978,-79.3433898,3,0,2,1300.0,468.67,1663.07,268.26,518.1,479.74,358.93,255.04,384.17,69,48,36,90,2502277,26022792,,66,66,Danforth,Danforth (66),Not an NIA or Emerging Neighbourhood,,17826161.0,Danforth
1250000.0,1250000.0,1250000.0,HOUSE,HOUSE,Greenwood Coxwell,43.6724153,-79.3250176,3,1,2,1300.0,225.07,1948.85,410.2,239.51,480.51,401.27,289.71,1204.39,28,55,32,91,2502276,26022791,,65,65,Greenwood-Coxwell,Greenwood-Coxwell (65),Not an NIA or Emerging Neighbourhood,,17826177.0,Greenwood-Coxwell
1275000.0,1299900.0,1275000.0,HOUSE,HOUSE,Danforth,43.6809513,-79.3381097,4,1,4,2250.0,131.29,1456.94,155.54,582.04,602.51,201.65,108.55,27.26,63,55,41,90,2502277,26022792,,66,66,Danforth,Danforth (66),Not an NIA or Emerging Neighbourhood,,17826161.0,Danforth
1290000.0,1325000.0,1290000.0,HOUSE,HOUSE,Dufferin Grove,43.6547669,-79.4372431,4,0,2,1750.0,196.97,1897.47,418.71,629.93,138.4,529.8,217.83,629.17,70,67,46,105,2502262,26022777,,83,83,Dufferin Grove,Dufferin Grove (83),Not an NIA or Emerging Neighbourhood,,17826401.0,Dufferin Grove
1225000.0,1399999.0,1225000.0,HOUSE,HOUSE,High Park Swansea,43.6496017,-79.4754335,3,1,2,900.0,146.27,1716.78,252.66,282.49,162.25,150.39,179.61,237.98,32,49,24,101,2502266,26022781,,87,87,High Park-Swansea,High Park-Swansea (87),Not an NIA or Emerging Neighbourhood,,17826337.0,High Park-Swansea
1227500.0,1250000.0,1227500.0,HOUSE,HOUSE,Dovercourt Wallace Emerson Junction,43.6732887,-79.4366539,3,0,3,1300.0,279.49,1767.26,320.3,620.9,696.54,585.88,722.17,1451.92,51,62,34,4,2502363,26022878,,171,171,Junction-Wallace Emerson,Junction-Wallace Emerson (171),Not an NIA or Emerging Neighbourhood,,17824785.0,Junction-Wallace Emerson
1280000.0,1295000.0,1280000.0,HOUSE,HOUSE,Roncesvalles,43.6416892,-79.4387402,4,1,2,700.0,228.38,837.43,144.04,492.28,195.35,151.39,201.26,1964.43,72,48,26,102,2502265,26022780,,86,86,Roncesvalles,Roncesvalles (86),Not an NIA or Emerging Neighbourhood,,17826353.0,Roncesvalles
1235000.0,1299000.0,1235000.0,HOUSE,HOUSE,Danforth,43.6860232,-79.3159019,3,2,3,1300.0,116.47,846.55,206.42,515.25,193.03,201.27,269.94,267.08,25,57,36,90,2502277,26022792,,66,66,Danforth,Danforth (66),Not an NIA or Emerging Neighbourhood,,17826161.0,Danforth
1250000.0,1250000.0,1250000.0,HOUSE,HOUSE,Dufferin Grove,43.653896,-79.4305828,4,0,2,1300.0,451.46,1546.38,307.97,723.75,295.23,182.11,342.92,806.65,95,67,46,105,2502262,26022777,,83,83,Dufferin Grove,Dufferin Grove (83),Not an NIA or Emerging Neighbourhood,,17826401.0,Dufferin Grove
1300000.0,1247000.0,1300000.0,HOUSE,HOUSE,Runnymede Bloor West Village,43.6619955,-79.4888561,3,0,3,1300.0,187.36,693.43,165.26,440.07,671.13,369.44,357.3,1402.16,27,53,27,99,2502268,26022783,,89,89,Runnymede-Bloor West Village,Runnymede-Bloor West Village (89),Not an NIA or Emerging Neighbourhood,,17826305.0,Runnymede-Bloor West Village
1260000.0,1290000.0,1260000.0,HOUSE,HOUSE,South Riverdale,43.6645572,-79.3361448,3,0,2,900.0,369.39,1495.83,146.62,205.72,351.53,296.14,347.25,1836.06,52,67,27,86,2502281,26022796,,70,70,South Riverdale,South Riverdale (70),Not an NIA or Emerging Neighbourhood,,17826097.0,South Riverdale
1250000.0,1249000.0,1250000.0,HOUSE,HOUSE,Dovercourt Wallace Emerson Junction,43.6143691,-79.4920231,3,0,2,1750.0,203.65,4456.4,182.9,144.87,208.4,209.46,292.3,3947.01,19,37,18,46,2502321,26022836,,160,160,Mimico-Queensway,Mimico-Queensway (160),Not an NIA or Emerging Neighbourhood,,17825457.0,Mimico-Queensway
1328000.0,1399000.0,1328000.0,HOUSE,HOUSE,The Beaches,43.6692679,-79.3063277,4,2,4,2250.0,300.61,2742.65,321.76,638.11,129.47,403.74,47.5,1972.65,28,45,24,93,2502274,26022789,,63,63,The Beaches,The Beaches (63),Not an NIA or Emerging Neighbourhood,,17826209.0,The Beaches
1377000.0,1399900.0,1377000.0,HOUSE,HOUSE,Lawrence Park South,43.7145365,-79.4057155,2,1,2,900.0,381.05,2626.13,412.74,846.77,625.08,518.99,436.63,1038.01,34,54,44,55,2502312,26022827,,103,103,Lawrence Park South,Lawrence Park South (103),Not an NIA or Emerging Neighbourhood,,17825601.0,Lawrence Park South
1320000.0,1395000.0,1320000.0,HOUSE,HOUSE,Corso Italia Davenport,43.6734859,-79.4465171,4,1,4,2250.0,363.05,2535.13,221.86,512.5,372.41,378.07,745.09,1626.29,48,58,35,65,2502302,26022817,,92,92,Corso Italia-Davenport,Corso Italia-Davenport (92),Not an NIA or Emerging Neighbourhood,,17825761.0,Corso Italia-Davenport
1381108.0,1199900.0,1381108.0,HOUSE,HOUSE,South Riverdale,43.6653472,-79.3282655,3,0,2,1300.0,296.06,2119.03,244.86,507.19,788.31,407.23,440.2,1904.23,51,57,27,86,2502281,26022796,,70,70,South Riverdale,South Riverdale (70),Not an NIA or Emerging Neighbourhood,,17826097.0,South Riverdale
1355000.0,1149000.0,1355000.0,HOUSE,HOUSE,Runnymede Bloor West Village,43.6582179,-79.4848938,3,0,2,1300.0,271.36,767.85,476.67,964.47,936.76,267.87,240.66,926.78,29,51,26,99,2502268,26022783,,89,89,Runnymede-Bloor West Village,Runnymede-Bloor West Village (89),Not an NIA or Emerging Neighbourhood,,17826305.0,Runnymede-Bloor West Village
1325000.0,1079000.0,1325000.0,HOUSE,HOUSE,East End Danforth,43.6815072,-79.3089066,3,1,3,1300.0,610.43,1593.55,227.47,788.55,537.23,519.05,594.05,622.14,23,58,35,94,2502273,26022788,,62,62,East End-Danforth,East End-Danforth (62),Not an NIA or Emerging Neighbourhood,,17826225.0,East End-Danforth
1399000.0,1399999.0,1399000.0,HOUSE,HOUSE,Dovercourt Wallace Emerson Junction,43.6638342,-79.4335993,3,1,2,1300.0,109.32,2115.94,153.63,436.37,412.8,373.83,714.59,422.28,69,69,51,3,2502364,26022879,,172,172,Dovercourt Village,Dovercourt Village (172),Not an NIA or Emerging Neighbourhood,,17824769.0,Dovercourt Village
1325000.0,1249000.0,1325000.0,HOUSE,HOUSE,Dovercourt Wallace Emerson Junction,43.666123,-79.426847,3,0,2,1300.0,286.48,1573.37,373.22,897.71,456.57,387.65,567.53,418.46,72,68,51,3,2502364,26022879,,172,172,Dovercourt Village,Dovercourt Village (172),Not an NIA or Emerging Neighbourhood,,17824769.0,Dovercourt Village
1350000.0,1399999.0,1350000.0,HOUSE,HOUSE,Birchcliffe Cliffside,43.707868,-79.2516474,4,2,5,2250.0,345.75,2753.67,273.96,1403.96,358.23,168.77,137.2,2231.51,4,29,14,37,2502330,26022845,,122,122,Birchcliffe-Cliffside,Birchcliffe-Cliffside (122),Not an NIA or Emerging Neighbourhood,,17825313.0,Birchcliffe-Cliffside
1370000.0,1299900.0,1370000.0,HOUSE,HOUSE,Mount Pleasant East,43.71206,-79.3890611,1,2,2,900.0,176.33,1443.94,143.51,903.4,421.23,406.36,432.26,965.26,61,49,44,59,2502308,26022823,,99,99,Mount Pleasant East,Mount Pleasant East (99),Not an NIA or Emerging Neighbourhood,,17825665.0,Mount Pleasant East
1350000.0,1299000.0,1350000.0,HOUSE,HOUSE,Yonge Eglinton,43.7089192,-79.4097848,3,1,2,1300.0,146.72,3106.13,393.42,806.91,514.69,525.71,615.75,932.75,45,52,45,58,2502309,26022824,,100,100,Yonge-Eglinton,Yonge-Eglinton (100),Not an NIA or Emerging Neighbourhood,,17825649.0,Yonge-Eglinton
1385000.0,1385000.0,1385000.0,HOUSE,HOUSE,Trinity Bellwoods,43.6476885,-79.4176037,3,0,3,1750.0,163.8,527.25,265.78,853.22,277.96,213.2,203.37,1777.91,166,78,39,106,2502261,26022776,,81,81,Trinity-Bellwoods,Trinity-Bellwoods (81),Not an NIA or Emerging Neighbourhood,,17826417.0,Trinity-Bellwoods
1382000.0,999900.0,1382000.0,HOUSE,HOUSE,Greenwood Coxwell,43.6682997,-79.3228176,3,0,2,1300.0,243.98,2412.45,266.45,465.71,583.35,419.09,452.96,1695.02,34,57,28,91,2502276,26022791,,65,65,Greenwood-Coxwell,Greenwood-Coxwell (65),Not an NIA or Emerging Neighbourhood,,17826177.0,Greenwood-Coxwell
1375000.0,1390000.0,1375000.0,HOUSE,HOUSE,High Park Swansea,43.6398723,-79.4769872,3,2,3,900.0,423.34,2182.59,159.29,859.86,1123.58,970.79,1060.06,1245.91,0,42,15,101,2502266,26022781,,87,87,High Park-Swansea,High Park-Swansea (87),Not an NIA or Emerging Neighbourhood,,17826337.0,High Park-Swansea
1400000.0,1439000.0,1400000.0,HOUSE,HOUSE,Lawrence Park North,43.7327668,-79.4090932,3,0,3,1300.0,296.28,2139.25,371.75,1056.54,354.22,372.39,495.26,890.07,44,37,24,54,2502313,26022828,,105,105,Lawrence Park North,Lawrence Park North (105),Not an NIA or Emerging Neighbourhood,,17825585.0,Lawrence Park North
1390000.0,1448000.0,1390000.0,HOUSE,HOUSE,Danforth,43.6882439,-79.3167977,3,1,3,1300.0,158.74,680.49,440.88,629.51,385.27,412.41,391.61,392.43,24,58,35,90,2502277,26022792,,66,66,Danforth,Danforth (66),Not an NIA or Emerging Neighbourhood,,17826161.0,Danforth
1325000.0,1198000.0,1325000.0,HOUSE,HOUSE,High Park Swansea,43.6396603,-79.4702809,2,1,2,1300.0,704.11,1644.09,358.04,1070.73,1342.48,1149.43,1290.29,1415.85,1,35,16,101,2502266,26022781,,87,87,High Park-Swansea,High Park-Swansea (87),Not an NIA or Emerging Neighbourhood,,17826337.0,High Park-Swansea
1318000.0,1079000.0,1318000.0,HOUSE,HOUSE,East End Danforth,43.6795708,-79.3045304,2,1,2,1300.0,380.66,2005.05,96.45,590.33,926.56,834.89,559.71,1001.32,16,57,35,94,2502273,26022788,,62,62,East End-Danforth,East End-Danforth (62),Not an NIA or Emerging Neighbourhood,,17826225.0,East End-Danforth
1357000.0,1049900.0,1357000.0,HOUSE,HOUSE,Dufferin Grove,43.6575302,-79.4408465,4,0,2,1750.0,402.79,2043.12,249.42,612.25,511.51,156.91,339.46,235.1,55,60,43,105,2502262,26022777,,83,83,Dufferin Grove,Dufferin Grove (83),Not an NIA or Emerging Neighbourhood,,17826401.0,Dufferin Grove
1360000.0,1399000.0,1360000.0,HOUSE,HOUSE,Dovercourt Wallace Emerson Junction,43.6631169,-79.4416633,3,1,3,1300.0,145.05,2615.67,417.78,701.18,520.12,220.57,436.17,454.47,49,61,47,4,2502363,26022878,,171,171,Junction-Wallace Emerson,Junction-Wallace Emerson (171),Not an NIA or Emerging Neighbourhood,,17824785.0,Junction-Wallace Emerson
1400000.0,1488000.0,1400000.0,HOUSE,HOUSE,Trinity Bellwoods,43.6523913,-79.4131786,6,1,6,2750.0,86.29,630.34,305.45,617.6,308.36,321.45,531.18,1368.65,199,77,63,106,2502261,26022776,,81,81,Trinity-Bellwoods,Trinity-Bellwoods (81),Not an NIA or Emerging Neighbourhood,,17826417.0,Trinity-Bellwoods
1375000.0,1399000.0,1375000.0,HOUSE,HOUSE,Cabbagetown South St James Town,43.6683065,-79.3652172,5,0,2,1750.0,141.05,882.95,282.09,744.16,462.78,324.16,327.07,654.32,46,98,52,85,2502282,26022797,,71,71,Cabbagetown-South St.James Town,Cabbagetown-South St.James Town (71),Not an NIA or Emerging Neighbourhood,,17826081.0,Cabbagetown-South St.James Town
1350000.0,1199000.0,1350000.0,HOUSE,HOUSE,Mount Pleasant East,43.701606,-79.3867694,3,1,2,1750.0,112.5,2166.75,174.15,285.58,520.32,522.99,295.76,939.12,64,53,42,59,2502308,26022823,,99,99,Mount Pleasant East,Mount Pleasant East (99),Not an NIA or Emerging Neighbourhood,,17825665.0,Mount Pleasant East
1350000.0,1160000.0,1350000.0,HOUSE,HOUSE,East End Danforth,43.6851137,-79.3072684,3,0,2,1300.0,315.63,1518.11,287.43,655.84,426.63,181.38,308.78,454.31,25,61,41,94,2502273,26022788,,62,62,East End-Danforth,East End-Danforth (62),Not an NIA or Emerging Neighbourhood,,17826225.0,East End-Danforth
1365000.0,989900.0,1365000.0,HOUSE,HOUSE,Blake Jones,43.6767647,-79.3358338,3,0,1,1750.0,271.91,1707.56,138.93,733.77,768.18,465.87,426.62,499.25,56,69,43,87,2502280,26022795,,69,69,Blake-Jones,Blake-Jones (69),Not an NIA or Emerging Neighbourhood,,17826113.0,Blake-Jones
1387500.0,1398000.0,1387500.0,HOUSE,HOUSE,Woodbine Corridor,43.6826047,-79.3190895,3,0,2,1300.0,224.15,941.29,112.52,222.98,229.73,257.41,657.55,361.5,34,61,41,92,2502275,26022790,,64,64,Woodbine Corridor,Woodbine Corridor (64),Not an NIA or Emerging Neighbourhood,,17826193.0,Woodbine Corridor
1397708.0,1399900.0,1397708.0,HOUSE,HOUSE,Greenwood Coxwell,43.6706161,-79.3214107,3,0,2,1750.0,63.3,2167.44,310.79,210.11,306.55,245.05,181.28,1506.95,28,56,32,91,2502276,26022791,,65,65,Greenwood-Coxwell,Greenwood-Coxwell (65),Not an NIA or Emerging Neighbourhood,,17826177.0,Greenwood-Coxwell
1305000.0,998000.0,1305000.0,HOUSE,HOUSE,Blake Jones,43.6795438,-79.3389825,3,1,2,1300.0,193.96,1616.73,157.29,462.5,491.2,265.96,77.49,190.85,72,62,39,87,2502280,26022795,,69,69,Blake-Jones,Blake-Jones (69),Not an NIA or Emerging Neighbourhood,,17826113.0,Blake-Jones
1350000.0,1099000.0,1350000.0,HOUSE,HOUSE,High Park Swansea,43.646738,-79.4732346,3,1,3,1750.0,457.79,2009.34,436.83,382.98,523.76,514.4,508.38,595.12,31,44,21,101,2502266,26022781,,87,87,High Park-Swansea,High Park-Swansea (87),Not an NIA or Emerging Neighbourhood,,17826337.0,High Park-Swansea
1350000.0,999000.0,1350000.0,HOUSE,HOUSE,Lawrence Park South,43.7082808,-79.4109424,3,0,2,1300.0,123.06,3104.57,460.46,896.43,463.46,523.11,517.05,1008.64,32,51,46,55,2502312,26022827,,103,103,Lawrence Park South,Lawrence Park South (103),Not an NIA or Emerging Neighbourhood,,17825601.0,Lawrence Park South
1350000.0,1439000.0,1350000.0,HOUSE,HOUSE,North Riverdale,43.6731253,-79.3427665,4,1,3,1750.0,316.28,1210.83,244.3,628.34,457.83,583.1,485.21,774.99,81,59,40,88,2502279,26022794,,68,68,North Riverdale,North Riverdale (68),Not an NIA or Emerging Neighbourhood,,17826129.0,North Riverdale
1400000.0,1589000.0,1400000.0,HOUSE,HOUSE,Parkwoods Donalda,43.7525507,-79.321557,4,1,3,2250.0,74.74,3780.61,192.06,846.57,770.63,869.36,753.89,3203.22,6,25,29,14,2502353,26022868,,149,149,Parkwoods-O'Connor Hills,Parkwoods-O'Connor Hills (149),Not an NIA or Emerging Neighbourhood,,17824945.0,Parkwoods-O'Connor Hills
1380000.0,1499000.0,1380000.0,HOUSE,HOUSE,Corso Italia Davenport,43.6799058,-79.4583771,3,1,4,1750.0,366.44,2496.25,356.75,649.76,779.78,509.4,566.96,2589.84,28,52,35,65,2502302,26022817,,92,92,Corso Italia-Davenport,Corso Italia-Davenport (92),Not an NIA or Emerging Neighbourhood,,17825761.0,Corso Italia-Davenport
1350000.0,1399000.0,1350000.0,HOUSE,HOUSE,Corso Italia Davenport,43.6797912,-79.4483111,3,1,3,1300.0,275.31,2646.94,534.48,566.43,316.78,351.06,271.69,2342.03,48,56,36,65,2502302,26022817,,92,92,Corso Italia-Davenport,Corso Italia-Davenport (92),Not an NIA or Emerging Neighbourhood,,17825761.0,Corso Italia-Davenport
1400000.0,1489000.0,1400000.0,HOUSE,HOUSE,Lawrence Park South,43.723193,-79.4102176,3,0,2,1300.0,109.35,2157.2,256.24,705.05,560.44,486.1,440.11,714.33,16,40,33,55,2502312,26022827,,103,103,Lawrence Park South,Lawrence Park South (103),Not an NIA or Emerging Neighbourhood,,17825601.0,Lawrence Park South
1326000.0,998000.0,1326000.0,HOUSE,HOUSE,High Park Swansea,43.6417968,-79.4793301,3,0,2,1300.0,278.73,2375.83,51.04,654.0,906.35,878.01,992.82,973.38,17,44,15,101,2502266,26022781,,87,87,High Park-Swansea,High Park-Swansea (87),Not an NIA or Emerging Neighbourhood,,17826337.0,High Park-Swansea
1380000.0,1499999.0,1380000.0,HOUSE,HOUSE,Trinity Bellwoods,43.653308,-79.4080216,3,1,3,1300.0,389.85,204.67,297.04,240.21,191.37,149.94,158.76,1427.36,283,77,65,106,2502261,26022776,,81,81,Trinity-Bellwoods,Trinity-Bellwoods (81),Not an NIA or Emerging Neighbourhood,,17826417.0,Trinity-Bellwoods
1335000.0,1079999.0,1335000.0,HOUSE,HOUSE,Junction Area,43.6613909,-79.4801834,3,0,3,1750.0,435.6,352.82,203.17,1013.94,864.31,656.37,648.19,1128.69,46,51,30,67,2502300,26022815,,90,90,Junction Area,Junction Area (90),Not an NIA or Emerging Neighbourhood,,17825793.0,Junction Area
1335000.0,1480000.0,1335000.0,HOUSE,HOUSE,Danforth,43.6812892,-79.342763,4,1,2,1750.0,432.74,1726.88,136.67,331.18,311.78,224.44,301.09,229.78,74,51,37,90,2502277,26022792,,66,66,Danforth,Danforth (66),Not an NIA or Emerging Neighbourhood,,17826161.0,Danforth
1320000.0,1198000.0,1320000.0,HOUSE,HOUSE,High Park Swansea,43.6423146,-79.4798859,2,1,2,1300.0,274.53,2424.94,87.96,607.97,838.43,834.22,938.34,903.49,20,44,14,101,2502266,26022781,,87,87,High Park-Swansea,High Park-Swansea (87),Not an NIA or Emerging Neighbourhood,,17826337.0,High Park-Swansea
1335888.0,1498000.0,1335888.0,HOUSE,HOUSE,Kensington Chinatown,43.6504207,-79.4013402,4,1,3,1750.0,127.13,476.05,78.61,386.13,329.64,309.07,286.28,1159.49,375,88,63,81,2502286,26022801,,78,78,Kensington-Chinatown,Kensington-Chinatown (78),Not an NIA or Emerging Neighbourhood,,17826017.0,Kensington-Chinatown
1312000.0,1199000.0,1312000.0,HOUSE,HOUSE,L Amoreaux,43.7996512,-79.3278979,4,0,3,2250.0,113.75,1513.02,276.37,731.87,749.91,597.43,829.28,3066.26,10,27,38,16,2502351,26022866,,147,147,L'Amoreaux West,L'Amoreaux West (147),Emerging Neighbourhood,EN,17824977.0,L'Amoreaux West
1390000.0,1199000.0,1390000.0,HOUSE,HOUSE,Junction Area,43.6611532,-79.4806131,3,0,3,1750.0,399.92,374.64,246.63,995.67,878.91,664.49,652.37,1114.52,42,53,30,67,2502300,26022815,,90,90,Junction Area,Junction Area (90),Not an NIA or Emerging Neighbourhood,,17825793.0,Junction Area
1325000.0,1099000.0,1325000.0,HOUSE,HOUSE,Danforth,43.6830332,-79.3408308,4,0,1,1750.0,290.89,1491.66,225.15,576.36,560.25,434.85,342.59,331.2,68,48,37,90,2502277,26022792,,66,66,Danforth,Danforth (66),Not an NIA or Emerging Neighbourhood,,17826161.0,Danforth
1335000.0,1399800.0,1335000.0,HOUSE,HOUSE,Dovercourt Wallace Emerson Junction,43.6698621,-79.4311356,3,0,3,1750.0,75.5,1525.82,111.43,569.19,890.29,308.69,635.13,917.55,34,64,45,3,2502364,26022879,,172,172,Dovercourt Village,Dovercourt Village (172),Not an NIA or Emerging Neighbourhood,,17824769.0,Dovercourt Village
1340000.0,1350000.0,1340000.0,HOUSE,HOUSE,Annex,43.6711876,-79.4198287,4,0,3,2250.0,386.48,798.86,359.45,785.11,672.39,839.42,140.28,795.75,65,80,59,63,2502304,26022819,,95,95,Annex,Annex (95),Not an NIA or Emerging Neighbourhood,,17825729.0,Annex
1360000.0,1295000.0,1360000.0,HOUSE,HOUSE,Wychwood,43.6794399,-79.4212182,3,0,1,1750.0,434.37,498.37,181.11,427.29,365.39,334.62,460.75,780.12,49,79,50,64,2502303,26022818,,94,94,Wychwood,Wychwood (94),Not an NIA or Emerging Neighbourhood,,17825745.0,Wychwood
1350000.0,1188000.0,1350000.0,HOUSE,HOUSE,Birchcliffe Cliffside,43.7060047,-79.2590493,4,2,5,2250.0,478.05,2232.77,317.28,842.82,750.95,637.5,761.71,1704.79,8,34,16,37,2502330,26022845,,122,122,Birchcliffe-Cliffside,Birchcliffe-Cliffside (122),Not an NIA or Emerging Neighbourhood,,17825313.0,Birchcliffe-Cliffside
1320000.0,1425000.0,1320000.0,HOUSE,HOUSE,Bayview Woods-Steeles,43.7952666,-79.37485939999999,4,0,3,2250.0,130.95,2515.45,84.01,508.3,597.57,624.9,570.72,2790.34,12,38,21,135,2502232,26022747,,49,49,Bayview Woods-Steeles,Bayview Woods-Steeles (49),Not an NIA or Emerging Neighbourhood,,17826881.0,Bayview Woods-Steeles
1370000.0,1400000.0,1370000.0,HOUSE,HOUSE,South Riverdale,43.672451,-79.3316966,3,1,2,1750.0,368.97,1960.27,467.33,754.29,640.07,606.71,585.61,1071.99,26,64,36,86,2502281,26022796,,70,70,South Riverdale,South Riverdale (70),Not an NIA or Emerging Neighbourhood,,17826097.0,South Riverdale
1390000.0,1449000.0,1390000.0,HOUSE,HOUSE,South Parkdale,43.6385683,-79.4383512,9,0,7,4250.0,220.03,551.73,220.99,548.39,202.64,166.36,227.35,2312.0,53,43,20,103,2502264,26022779,,85,85,South Parkdale,South Parkdale (85),Neighbourhood Improvement Area,NIA,17826369.0,South Parkdale
1400000.0,1450000.0,1400000.0,HOUSE,HOUSE,Greenwood Coxwell,43.6728943,-79.3217986,4,1,4,2250.0,149.71,1912.21,278.51,53.08,220.12,146.13,78.12,1255.84,25,55,33,91,2502276,26022791,,65,65,Greenwood-Coxwell,Greenwood-Coxwell (65),Not an NIA or Emerging Neighbourhood,,17826177.0,Greenwood-Coxwell
1325000.0,1399000.0,1325000.0,HOUSE,HOUSE,Mount Pleasant East,43.7089837,-79.3816047,2,1,2,900.0,528.15,1248.96,335.44,769.57,464.22,495.07,345.45,1386.04,51,48,36,59,2502308,26022823,,99,99,Mount Pleasant East,Mount Pleasant East (99),Not an NIA or Emerging Neighbourhood,,17825665.0,Mount Pleasant East
1350000.0,1250000.0,1350000.0,HOUSE,HOUSE,Corso Italia Davenport,43.6776052,-79.4415607,7,0,3,2250.0,200.85,2093.53,119.86,95.11,126.51,124.7,735.44,1991.22,54,57,39,65,2502302,26022817,,92,92,Corso Italia-Davenport,Corso Italia-Davenport (92),Not an NIA or Emerging Neighbourhood,,17825761.0,Corso Italia-Davenport
1315000.0,1150000.0,1315000.0,HOUSE,HOUSE,Dovercourt Wallace Emerson Junction,43.6717264,-79.4358584,3,0,3,1750.0,358.05,1763.28,157.79,679.32,643.46,571.5,614.14,1275.18,37,61,36,4,2502363,26022878,,171,171,Junction-Wallace Emerson,Junction-Wallace Emerson (171),Not an NIA or Emerging Neighbourhood,,17824785.0,Junction-Wallace Emerson
1330000.0,1299000.0,1330000.0,HOUSE,HOUSE,Lawrence Park North,43.7304354,-79.4068732,3,0,1,1300.0,359.93,2294.31,339.75,741.89,242.53,291.39,501.91,575.74,24,37,24,54,2502313,26022828,,105,105,Lawrence Park North,Lawrence Park North (105),Not an NIA or Emerging Neighbourhood,,17825585.0,Lawrence Park North
1399000.0,1499000.0,1399000.0,HOUSE,HOUSE,Kensington Chinatown,43.6496167,-79.4026411,3,1,3,900.0,186.33,486.23,146.02,363.32,247.1,214.99,221.26,1292.64,334,84,53,81,2502286,26022801,,78,78,Kensington-Chinatown,Kensington-Chinatown (78),Not an NIA or Emerging Neighbourhood,,17826017.0,Kensington-Chinatown
1310000.0,1079000.0,1310000.0,HOUSE,HOUSE,East End Danforth,43.6777207,-79.3029064,2,1,3,1750.0,305.72,2232.17,157.26,690.67,883.54,867.93,439.31,1243.02,28,55,35,94,2502273,26022788,,62,62,East End-Danforth,East End-Danforth (62),Not an NIA or Emerging Neighbourhood,,17826225.0,East End-Danforth
1315000.0,1099000.0,1315000.0,HOUSE,HOUSE,Mount Pleasant West,43.7044221,-79.393618,4,0,2,1750.0,337.88,2255.29,111.9,439.34,276.22,375.61,290.33,475.52,91,51,41,1,2502366,26022881,,174,174,South Eglinton-Davisville,South Eglinton-Davisville (174),Not an NIA or Emerging Neighbourhood,,17824737.0,South Eglinton-Davisville
1350000.0,1425000.0,1350000.0,HOUSE,HOUSE,University,43.6600892,-79.406916,5,0,1,1750.0,208.96,625.68,105.59,724.87,424.37,218.86,520.73,736.8,277,76,70,80,2502287,26022802,,79,79,University,University (79),Not an NIA or Emerging Neighbourhood,,17826001.0,University
1310000.0,1349900.0,1310000.0,HOUSE,HOUSE,East End Danforth,43.6824712,-79.2881916,2,2,2,1300.0,79.34,3068.56,77.52,912.12,212.94,211.25,648.58,1303.12,27,45,29,94,2502273,26022788,,62,62,East End-Danforth,East End-Danforth (62),Not an NIA or Emerging Neighbourhood,,17826225.0,East End-Danforth
1350000.0,1499900.0,1350000.0,HOUSE,HOUSE,Greenwood Coxwell,43.6665237,-79.3191556,4,0,3,1750.0,228.33,2645.02,212.28,698.62,696.74,72.23,661.95,1985.0,32,51,25,91,2502276,26022791,,65,65,Greenwood-Coxwell,Greenwood-Coxwell (65),Not an NIA or Emerging Neighbourhood,,17826177.0,Greenwood-Coxwell
1350000.0,1479000.0,1350000.0,HOUSE,HOUSE,Lawrence Park South,43.7095783,-79.4136648,3,1,2,1750.0,72.26,2855.39,636.48,985.96,630.24,676.04,642.96,1253.0,17,57,46,55,2502312,26022827,,103,103,Lawrence Park South,Lawrence Park South (103),Not an NIA or Emerging Neighbourhood,,17825601.0,Lawrence Park South
1400000.0,1499000.0,1400000.0,HOUSE,HOUSE,Lawrence Park North,43.7295261,-79.3994687,2,0,3,1300.0,202.84,2192.72,121.58,548.45,320.21,478.5,421.39,428.0,17,39,25,54,2502313,26022828,,105,105,Lawrence Park North,Lawrence Park North (105),Not an NIA or Emerging Neighbourhood,,17825585.0,Lawrence Park North
1380000.0,1499999.0,1380000.0,HOUSE,HOUSE,Lawrence Park North,43.7273558,-79.3975863,3,0,1,1300.0,221.84,1975.93,191.11,433.9,397.42,441.15,450.03,408.44,17,41,29,54,2502313,26022828,,105,105,Lawrence Park North,Lawrence Park North (105),Not an NIA or Emerging Neighbourhood,,17825585.0,Lawrence Park North
1400000.0,1199000.0,1400000.0,HOUSE,HOUSE,Dufferin Grove,43.6597564,-79.4333858,7,0,1,1750.0,239.69,2208.78,243.11,51.9,138.43,99.24,424.34,170.57,75,65,48,105,2502262,26022777,,83,83,Dufferin Grove,Dufferin Grove (83),Not an NIA or Emerging Neighbourhood,,17826401.0,Dufferin Grove
1355000.0,1399000.0,1355000.0,HOUSE,HOUSE,Junction Area,43.6634476,-79.4584266,3,1,4,1750.0,167.58,1817.14,270.14,638.98,653.45,409.77,763.99,843.71,50,55,35,67,2502300,26022815,,90,90,Junction Area,Junction Area (90),Not an NIA or Emerging Neighbourhood,,17825793.0,Junction Area
1400000.0,1440000.0,1400000.0,HOUSE,HOUSE,Dovercourt Wallace Emerson Junction,43.6649111,-79.4271388,3,1,2,1750.0,351.36,1697.88,244.59,782.14,330.69,364.61,663.6,289.05,72,66,53,3,2502364,26022879,,172,172,Dovercourt Village,Dovercourt Village (172),Not an NIA or Emerging Neighbourhood,,17824769.0,Dovercourt Village
1330000.0,1359000.0,1330000.0,HOUSE,HOUSE,L Amoreaux,43.792618,-79.3008342,4,2,5,1750.0,205.55,1212.32,388.57,1012.05,984.81,913.23,1216.1,4099.01,10,27,35,15,2502352,26022867,,148,148,East L'Amoreaux,East L'Amoreaux (148),Emerging Neighbourhood,EN,17824961.0,East L'Amoreaux
1325000.0,1355000.0,1325000.0,HOUSE,HOUSE,Wychwood,43.6788981,-79.4276735,5,1,4,2250.0,287.41,986.3,285.36,483.6,315.06,304.5,355.1,1204.02,57,73,44,64,2502303,26022818,,94,94,Wychwood,Wychwood (94),Not an NIA or Emerging Neighbourhood,,17825745.0,Wychwood
1375000.0,1399000.0,1375000.0,HOUSE,HOUSE,Junction Area,43.6630702,-79.4678738,4,0,2,2250.0,357.37,1065.5,431.69,126.4,255.26,276.39,145.32,1026.59,46,51,35,67,2502300,26022815,,90,90,Junction Area,Junction Area (90),Not an NIA or Emerging Neighbourhood,,17825793.0,Junction Area
1390000.0,1499000.0,1390000.0,HOUSE,HOUSE,Little Portugal,43.6510046,-79.4281163,4,0,2,1750.0,277.57,1172.05,278.52,785.55,536.18,206.67,203.7,1184.1,104,67,46,104,2502263,26022778,,84,84,Little Portugal,Little Portugal (84),Not an NIA or Emerging Neighbourhood,,17826385.0,Little Portugal
1381000.0,1299000.0,1381000.0,HOUSE,HOUSE,Mount Pleasant East,43.7019893,-79.3849797,4,0,3,1300.0,100.56,2061.58,279.5,338.55,560.22,562.64,360.37,1087.49,64,54,40,59,2502308,26022823,,99,99,Mount Pleasant East,Mount Pleasant East (99),Not an NIA or Emerging Neighbourhood,,17825665.0,Mount Pleasant East
1345000.0,1485000.0,1345000.0,HOUSE,HOUSE,The Beaches,43.6742138,-79.2823135,3,0,2,1750.0,303.69,3847.33,464.19,1377.98,726.99,719.93,304.79,2264.41,23,23,19,93,2502274,26022789,,63,63,The Beaches,The Beaches (63),Not an NIA or Emerging Neighbourhood,,17826209.0,The Beaches
1350000.0,1399000.0,1350000.0,HOUSE,HOUSE,Woodbine Corridor,43.6731834,-79.3173228,4,1,3,1750.0,392.96,1961.24,221.84,388.05,146.85,138.98,153.84,1303.56,23,55,34,92,2502275,26022790,,64,64,Woodbine Corridor,Woodbine Corridor (64),Not an NIA or Emerging Neighbourhood,,17826193.0,Woodbine Corridor
1390217.0,1459000.0,1390217.0,HOUSE,HOUSE,Niagara,43.6440909,-79.4060395,2,0,2,900.0,178.92,1020.3,324.08,706.27,170.63,109.81,177.83,1737.29,152,76,39,44,2502323,26022838,,162,162,West Queen West,West Queen West (162),Not an NIA or Emerging Neighbourhood,,17825425.0,West Queen West
1380000.0,1349000.0,1380000.0,HOUSE,HOUSE,Mount Pleasant East,43.7073325,-79.3822046,4,0,2,1750.0,459.06,1431.88,329.8,610.01,488.31,523.59,472.11,1317.14,52,49,36,59,2502308,26022823,,99,99,Mount Pleasant East,Mount Pleasant East (99),Not an NIA or Emerging Neighbourhood,,17825665.0,Mount Pleasant East
1361888.0,1429900.0,1361888.0,HOUSE,HOUSE,Dovercourt Wallace Emerson Junction,43.6631143,-79.4377205,3,2,3,1750.0,133.93,2408.99,409.79,464.99,425.29,491.69,553.48,368.41,54,62,48,4,2502363,26022878,,171,171,Junction-Wallace Emerson,Junction-Wallace Emerson (171),Not an NIA or Emerging Neighbourhood,,17824785.0,Junction-Wallace Emerson
1395000.0,1399000.0,1395000.0,HOUSE,HOUSE,Greenwood Coxwell,43.672444,-79.3272421,3,0,3,1300.0,370.81,1954.52,410.11,418.39,658.74,579.95,468.52,1150.81,31,61,32,91,2502276,26022791,,65,65,Greenwood-Coxwell,Greenwood-Coxwell (65),Not an NIA or Emerging Neighbourhood,,17826177.0,Greenwood-Coxwell
1400000.0,1299999.0,1400000.0,HOUSE,HOUSE,Niagara,43.6450911,-79.4065345,5,1,3,1750.0,174.26,935.92,343.96,788.12,250.68,226.38,274.31,1729.47,156,77,42,44,2502323,26022838,,162,162,West Queen West,West Queen West (162),Not an NIA or Emerging Neighbourhood,,17825425.0,West Queen West
1305000.0,1349000.0,1305000.0,HOUSE,HOUSE,South Parkdale,43.6394027,-79.4321197,3,0,2,1300.0,218.21,459.41,109.27,211.97,431.97,360.25,294.61,2334.46,62,55,22,103,2502264,26022779,,85,85,South Parkdale,South Parkdale (85),Neighbourhood Improvement Area,NIA,17826369.0,South Parkdale
1350000.0,1399900.0,1350000.0,HOUSE,HOUSE,Dovercourt Wallace Emerson Junction,43.6633633,-79.4436186,3,1,3,1300.0,304.33,2607.32,377.54,547.55,484.43,110.9,422.63,477.5,49,57,46,4,2502363,26022878,,171,171,Junction-Wallace Emerson,Junction-Wallace Emerson (171),Not an NIA or Emerging Neighbourhood,,17824785.0,Junction-Wallace Emerson
1430000.0,1550000.0,1430000.0,HOUSE,HOUSE,Danforth,43.6847652,-79.3344587,3,0,4,1750.0,216.26,958.37,545.43,907.26,895.75,381.59,470.87,416.94,46,51,37,90,2502277,26022792,,66,66,Danforth,Danforth (66),Not an NIA or Emerging Neighbourhood,,17826161.0,Danforth
1420000.0,1449900.0,1420000.0,HOUSE,HOUSE,Clairlea Birchmount,43.7090069,-79.2836912,5,0,3,2750.0,490.23,424.39,170.18,1175.98,603.24,608.19,1010.84,441.36,3,41,19,69,2502298,26022813,,120,120,Clairlea-Birchmount,Clairlea-Birchmount (120),Not an NIA or Emerging Neighbourhood,,17825825.0,Clairlea-Birchmount
1450000.0,1495000.0,1450000.0,HOUSE,HOUSE,Yonge Eglinton,43.7116758,-79.4036425,2,0,1,900.0,181.36,2539.57,236.93,491.77,328.27,325.08,353.4,681.87,59,56,43,58,2502309,26022824,,100,100,Yonge-Eglinton,Yonge-Eglinton (100),Not an NIA or Emerging Neighbourhood,,17825649.0,Yonge-Eglinton
1410138.0,1189000.0,1410138.0,HOUSE,HOUSE,South Riverdale,43.6678144,-79.3312955,4,0,2,1750.0,104.96,1879.12,247.03,329.33,519.54,488.87,468.56,1559.13,53,66,31,86,2502281,26022796,,70,70,South Riverdale,South Riverdale (70),Not an NIA or Emerging Neighbourhood,,17826097.0,South Riverdale
1450000.0,1550000.0,1450000.0,HOUSE,HOUSE,Lawrence Park South,43.7049517,-79.4156549,3,0,2,1300.0,390.05,3034.3,372.43,501.42,279.93,172.24,260.98,1387.83,19,54,48,55,2502312,26022827,,103,103,Lawrence Park South,Lawrence Park South (103),Not an NIA or Emerging Neighbourhood,,17825601.0,Lawrence Park South
1450000.0,1199000.0,1450000.0,HOUSE,HOUSE,East End Danforth,43.6798142,-79.3051182,3,0,2,1300.0,392.78,1950.83,145.64,605.72,874.39,795.25,610.88,950.2,17,58,35,94,2502273,26022788,,62,62,East End-Danforth,East End-Danforth (62),Not an NIA or Emerging Neighbourhood,,17826225.0,East End-Danforth
1500000.0,1695000.0,1500000.0,HOUSE,HOUSE,Mount Pleasant East,43.7091323,-79.3816568,2,0,2,900.0,525.56,1237.08,319.98,778.82,473.77,489.03,336.95,1384.97,51,48,36,59,2502308,26022823,,99,99,Mount Pleasant East,Mount Pleasant East (99),Not an NIA or Emerging Neighbourhood,,17825665.0,Mount Pleasant East
1490000.0,1495000.0,1490000.0,HOUSE,HOUSE,Lawrence Park North,43.7259907,-79.4065179,3,0,2,1300.0,261.72,2362.11,164.32,401.78,325.28,306.96,286.81,327.35,25,43,33,54,2502313,26022828,,105,105,Lawrence Park North,Lawrence Park North (105),Not an NIA or Emerging Neighbourhood,,17825585.0,Lawrence Park North
1455000.0,1499999.0,1455000.0,HOUSE,HOUSE,East End Danforth,43.6860126,-79.3056483,3,1,3,1750.0,272.59,1610.66,162.18,575.64,463.57,187.34,173.14,468.74,24,62,37,94,2502273,26022788,,62,62,East End-Danforth,East End-Danforth (62),Not an NIA or Emerging Neighbourhood,,17826225.0,East End-Danforth
1499999.0,1688000.0,1499999.0,HOUSE,HOUSE,South Riverdale,43.6672359,-79.3375954,4,1,3,1750.0,382.32,1368.9,129.82,284.77,155.62,151.99,182.34,1528.13,50,65,31,86,2502281,26022796,,70,70,South Riverdale,South Riverdale (70),Not an NIA or Emerging Neighbourhood,,17826097.0,South Riverdale
1465000.0,1325000.0,1465000.0,HOUSE,HOUSE,High Park Swansea,43.6449433,-79.4792465,2,1,2,1300.0,226.27,2180.41,91.9,313.98,581.91,601.93,643.02,665.53,29,46,20,101,2502266,26022781,,87,87,High Park-Swansea,High Park-Swansea (87),Not an NIA or Emerging Neighbourhood,,17826337.0,High Park-Swansea
1452000.0,1399900.0,1452000.0,HOUSE,HOUSE,Playter Estates Danforth,43.6795129,-79.347371,3,1,2,1300.0,240.88,1572.17,39.38,244.69,139.37,196.47,163.13,203.47,77,56,34,89,2502278,26022793,,67,67,Playter Estates-Danforth,Playter Estates-Danforth (67),Not an NIA or Emerging Neighbourhood,,17826145.0,Playter Estates-Danforth
1485000.0,1395000.0,1485000.0,HOUSE,HOUSE,Dovercourt Wallace Emerson Junction,43.6634374,-79.438225,3,0,2,1300.0,128.76,2415.53,414.65,518.68,476.91,497.01,503.41,420.33,55,63,47,4,2502363,26022878,,171,171,Junction-Wallace Emerson,Junction-Wallace Emerson (171),Not an NIA or Emerging Neighbourhood,,17824785.0,Junction-Wallace Emerson
1500000.0,1099000.0,1500000.0,HOUSE,HOUSE,East End Danforth,43.684055,-79.2878002,3,0,2,1300.0,114.65,3056.34,128.89,940.33,390.98,382.34,477.25,1206.34,29,45,30,94,2502273,26022788,,62,62,East End-Danforth,East End-Danforth (62),Not an NIA or Emerging Neighbourhood,,17826225.0,East End-Danforth
1430000.0,1288888.0,1430000.0,HOUSE,HOUSE,L Amoreaux,43.7994115,-79.3263808,4,1,4,2250.0,211.51,1397.27,166.26,611.24,625.75,573.3,704.98,3102.63,10,25,38,16,2502351,26022866,,147,147,L'Amoreaux West,L'Amoreaux West (147),Emerging Neighbourhood,EN,17824977.0,L'Amoreaux West
1470000.0,1298000.0,1470000.0,HOUSE,HOUSE,Woodbine Corridor,43.6739115,-79.317245,4,0,3,2250.0,326.04,1886.52,251.96,418.49,192.38,154.88,155.56,1230.5,22,58,35,92,2502275,26022790,,64,64,Woodbine Corridor,Woodbine Corridor (64),Not an NIA or Emerging Neighbourhood,,17826193.0,Woodbine Corridor
1485000.0,1569900.0,1485000.0,HOUSE,HOUSE,Danforth,43.6810161,-79.3440033,3,1,4,1300.0,485.85,1826.87,210.2,270.58,234.56,126.48,227.32,141.69,72,55,36,90,2502277,26022792,,66,66,Danforth,Danforth (66),Not an NIA or Emerging Neighbourhood,,17826161.0,Danforth
1500000.0,1599000.0,1500000.0,HOUSE,HOUSE,Lawrence Park North,43.7291418,-79.3994719,3,0,3,1300.0,162.84,2178.74,83.87,508.31,315.26,443.06,391.8,393.31,17,40,25,54,2502313,26022828,,105,105,Lawrence Park North,Lawrence Park North (105),Not an NIA or Emerging Neighbourhood,,17825585.0,Lawrence Park North
1420000.0,1299000.0,1420000.0,HOUSE,HOUSE,Casa Loma,43.6762577,-79.414781,3,1,2,1300.0,301.66,167.5,73.04,699.37,345.14,565.01,326.05,650.48,34,80,54,62,2502305,26022820,,96,96,Casa Loma,Casa Loma (96),Not an NIA or Emerging Neighbourhood,,17825713.0,Casa Loma
1500000.0,1349000.0,1500000.0,HOUSE,HOUSE,Lawrence Park North,43.7325663,-79.4119684,3,0,2,1300.0,411.22,1907.54,596.97,1081.1,579.7,604.44,570.8,1029.56,42,39,24,54,2502313,26022828,,105,105,Lawrence Park North,Lawrence Park North (105),Not an NIA or Emerging Neighbourhood,,17825585.0,Lawrence Park North
1490000.0,1545000.0,1490000.0,HOUSE,HOUSE,Lawrence Park South,43.7082209,-79.4111961,3,0,2,1300.0,136.21,3096.88,479.23,916.82,455.31,532.32,505.08,1027.68,24,50,46,55,2502312,26022827,,103,103,Lawrence Park South,Lawrence Park South (103),Not an NIA or Emerging Neighbourhood,,17825601.0,Lawrence Park South
1490000.0,1528222.0,1490000.0,HOUSE,HOUSE,Little Portugal,43.6519593,-79.4269102,3,0,2,1300.0,144.13,1197.95,242.55,645.46,495.75,196.5,264.04,1147.9,103,70,45,104,2502263,26022778,,84,84,Little Portugal,Little Portugal (84),Not an NIA or Emerging Neighbourhood,,17826385.0,Little Portugal
1490000.0,1549000.0,1490000.0,HOUSE,HOUSE,Playter Estates Danforth,43.6795263,-79.3613141,3,1,4,1750.0,523.07,1560.35,345.21,1348.69,406.92,305.95,536.32,377.53,39,56,31,89,2502278,26022793,,67,67,Playter Estates-Danforth,Playter Estates-Danforth (67),Not an NIA or Emerging Neighbourhood,,17826145.0,Playter Estates-Danforth
1450000.0,1398000.0,1450000.0,HOUSE,HOUSE,High Park North,43.658832,-79.4753621,3,0,2,1300.0,203.47,776.15,213.3,782.17,844.95,759.62,813.47,794.4,51,54,35,100,2502267,26022782,,88,88,High Park North,High Park North (88),Not an NIA or Emerging Neighbourhood,,17826321.0,High Park North
1450000.0,1199900.0,1450000.0,HOUSE,HOUSE,High Park Swansea,43.6482357,-79.478548,4,0,1,1750.0,228.65,1820.36,213.23,92.03,241.73,300.79,276.82,436.71,31,48,22,101,2502266,26022781,,87,87,High Park-Swansea,High Park-Swansea (87),Not an NIA or Emerging Neighbourhood,,17826337.0,High Park-Swansea
1475000.0,1590000.0,1475000.0,HOUSE,HOUSE,Corso Italia Davenport,43.675044,-79.4409548,4,1,3,1750.0,158.26,2065.49,401.83,247.96,379.75,205.04,833.66,1703.44,46,60,36,65,2502302,26022817,,92,92,Corso Italia-Davenport,Corso Italia-Davenport (92),Not an NIA or Emerging Neighbourhood,,17825761.0,Corso Italia-Davenport
1421000.0,1399000.0,1421000.0,HOUSE,HOUSE,Corso Italia Davenport,43.6832,-79.4465046,3,0,2,900.0,417.95,2565.94,395.28,760.98,622.82,350.06,480.66,1970.13,46,56,33,65,2502302,26022817,,92,92,Corso Italia-Davenport,Corso Italia-Davenport (92),Not an NIA or Emerging Neighbourhood,,17825761.0,Corso Italia-Davenport
1450000.0,1295000.0,1450000.0,HOUSE,HOUSE,High Park Swansea,43.6540466,-79.4546187,3,0,1,1300.0,301.05,1569.5,381.11,1094.06,197.24,228.73,293.81,345.58,33,44,37,101,2502266,26022781,,87,87,High Park-Swansea,High Park-Swansea (87),Not an NIA or Emerging Neighbourhood,,17826337.0,High Park-Swansea
1500000.0,1399900.0,1500000.0,HOUSE,HOUSE,Playter Estates Danforth,43.6796078,-79.346743,4,1,2,1300.0,255.08,1601.17,39.29,205.04,142.18,146.41,123.26,151.89,71,57,34,89,2502278,26022793,,67,67,Playter Estates-Danforth,Playter Estates-Danforth (67),Not an NIA or Emerging Neighbourhood,,17826145.0,Playter Estates-Danforth
1499787.0,1599000.0,1499787.0,HOUSE,HOUSE,Dovercourt Wallace Emerson Junction,43.6683798,-79.431911,3,0,4,1750.0,192.04,1673.84,265.29,745.33,802.72,146.92,724.96,804.28,50,64,51,3,2502364,26022879,,172,172,Dovercourt Village,Dovercourt Village (172),Not an NIA or Emerging Neighbourhood,,17824769.0,Dovercourt Village
1455000.0,1549000.0,1455000.0,HOUSE,HOUSE,Mount Pleasant East,43.711188,-79.3857945,2,0,2,900.0,344.24,1283.75,390.49,826.46,447.35,409.99,461.65,1138.95,37,48,39,59,2502308,26022823,,99,99,Mount Pleasant East,Mount Pleasant East (99),Not an NIA or Emerging Neighbourhood,,17825665.0,Mount Pleasant East
1500000.0,1088000.0,1500000.0,HOUSE,HOUSE,Blake Jones,43.6716425,-79.3411876,3,2,3,1300.0,154.34,1225.91,164.93,822.7,249.98,425.95,281.39,967.87,58,62,38,87,2502280,26022795,,69,69,Blake-Jones,Blake-Jones (69),Not an NIA or Emerging Neighbourhood,,17826113.0,Blake-Jones
1405000.0,1479000.0,1405000.0,HOUSE,HOUSE,Mount Pleasant East,43.7145053,-79.3878188,2,0,2,1300.0,419.86,1235.06,267.42,1172.96,706.1,686.5,444.43,1220.15,26,49,44,59,2502308,26022823,,99,99,Mount Pleasant East,Mount Pleasant East (99),Not an NIA or Emerging Neighbourhood,,17825665.0,Mount Pleasant East
1425000.0,1423000.0,1425000.0,HOUSE,HOUSE,The Beaches,43.6762021,-79.3019375,3,0,2,1300.0,344.92,2398.36,342.92,732.26,697.8,685.8,449.8,1424.06,33,55,34,93,2502274,26022789,,63,63,The Beaches,The Beaches (63),Not an NIA or Emerging Neighbourhood,,17826209.0,The Beaches
1440000.0,1549000.0,1440000.0,HOUSE,HOUSE,Mount Pleasant East,43.7041595,-79.38037849999999,3,0,2,1300.0,228.89,1695.2,231.73,628.32,434.16,482.02,567.78,1490.73,49,51,38,59,2502308,26022823,,99,99,Mount Pleasant East,Mount Pleasant East (99),Not an NIA or Emerging Neighbourhood,,17825665.0,Mount Pleasant East
1460000.0,1499000.0,1460000.0,HOUSE,HOUSE,High Park North,43.6536714,-79.477033,4,0,2,1300.0,253.65,1246.38,241.8,322.53,270.75,302.16,330.26,234.23,39,48,23,100,2502267,26022782,,88,88,High Park North,High Park North (88),Not an NIA or Emerging Neighbourhood,,17826321.0,High Park North
1459000.0,1479000.0,1459000.0,HOUSE,HOUSE,Mount Pleasant East,43.7041255,-79.3841384,3,0,1,1750.0,341.06,1819.42,151.75,326.21,466.46,468.1,357.6,1196.6,57,54,39,59,2502308,26022823,,99,99,Mount Pleasant East,Mount Pleasant East (99),Not an NIA or Emerging Neighbourhood,,17825665.0,Mount Pleasant East
1470000.0,1279000.0,1470000.0,HOUSE,HOUSE,Greenwood Coxwell,43.6799631,-79.3281883,4,1,3,1300.0,187.52,1140.09,120.36,682.77,545.34,350.08,245.31,333.57,47,60,37,91,2502276,26022791,,65,65,Greenwood-Coxwell,Greenwood-Coxwell (65),Not an NIA or Emerging Neighbourhood,,17826177.0,Greenwood-Coxwell
1415000.0,1499000.0,1415000.0,HOUSE,HOUSE,Dovercourt Wallace Emerson Junction,43.6688029,-79.423505,4,0,2,1750.0,111.25,1175.72,381.24,753.01,772.84,668.5,223.09,664.46,79,73,53,3,2502364,26022879,,172,172,Dovercourt Village,Dovercourt Village (172),Not an NIA or Emerging Neighbourhood,,17824769.0,Dovercourt Village
1455000.0,1349900.0,1455000.0,HOUSE,HOUSE,Lawrence Park North,43.7245286,-79.413423,2,0,2,900.0,351.06,1864.88,123.62,938.02,279.01,318.11,232.78,902.76,18,37,36,54,2502313,26022828,,105,105,Lawrence Park North,Lawrence Park North (105),Not an NIA or Emerging Neighbourhood,,17825585.0,Lawrence Park North
1460000.0,1478000.0,1460000.0,HOUSE,HOUSE,Woodbine Corridor,43.6735476,-79.3156199,3,1,3,1300.0,294.12,1970.64,206.04,530.57,289.66,274.7,283.0,1321.69,23,56,35,92,2502275,26022790,,64,64,Woodbine Corridor,Woodbine Corridor (64),Not an NIA or Emerging Neighbourhood,,17826193.0,Woodbine Corridor
1449576.0,1580000.0,1449576.0,HOUSE,HOUSE,Rosedale Moore Park,43.6944994,-79.3813366,3,0,3,1750.0,485.08,2749.97,132.94,1104.56,832.31,986.91,882.16,1231.84,11,54,35,60,2502307,26022822,,98,98,Rosedale-Moore Park,Rosedale-Moore Park (98),Not an NIA or Emerging Neighbourhood,,17825681.0,Rosedale-Moore Park
1440000.0,1498000.0,1440000.0,HOUSE,HOUSE,Dovercourt Wallace Emerson Junction,43.6670856,-79.4354263,3,0,2,1300.0,48.16,1986.1,257.71,805.11,526.27,317.86,439.29,758.59,47,63,42,3,2502364,26022879,,172,172,Dovercourt Village,Dovercourt Village (172),Not an NIA or Emerging Neighbourhood,,17824769.0,Dovercourt Village
1450000.0,1299000.0,1450000.0,HOUSE,HOUSE,Junction Area,43.6646744,-79.4820845,4,1,5,2250.0,421.28,91.51,252.35,758.64,469.89,379.66,270.63,1523.24,42,55,33,67,2502300,26022815,,90,90,Junction Area,Junction Area (90),Not an NIA or Emerging Neighbourhood,,17825793.0,Junction Area
1425000.0,1299000.0,1425000.0,HOUSE,HOUSE,The Beaches,43.6718715,-79.3003941,3,0,2,1300.0,251.01,2816.02,268.38,249.13,243.52,190.72,229.88,1892.67,33,47,29,93,2502274,26022789,,63,63,The Beaches,The Beaches (63),Not an NIA or Emerging Neighbourhood,,17826209.0,The Beaches
1475000.0,1399000.0,1475000.0,HOUSE,HOUSE,The Beaches,43.6752398,-79.2846256,3,0,2,1300.0,286.01,3629.88,360.09,1251.78,611.33,598.96,240.78,2054.72,24,30,19,93,2502274,26022789,,63,63,The Beaches,The Beaches (63),Not an NIA or Emerging Neighbourhood,,17826209.0,The Beaches
1495000.0,1495000.0,1495000.0,HOUSE,HOUSE,Yonge St Clair,43.6939403,-79.399804,4,0,3,1750.0,311.28,2207.79,369.2,837.34,661.52,444.35,551.7,488.09,38,62,42,61,2502306,26022821,,97,97,Yonge-St.Clair,Yonge-St.Clair (97),Not an NIA or Emerging Neighbourhood,,17825697.0,Yonge-St.Clair
1477000.0,1379000.0,1477000.0,HOUSE,HOUSE,Corso Italia Davenport,43.6775676,-79.4479735,4,0,4,2250.0,337.15,2609.27,374.95,451.7,109.3,133.71,449.02,2094.21,48,57,37,65,2502302,26022817,,92,92,Corso Italia-Davenport,Corso Italia-Davenport (92),Not an NIA or Emerging Neighbourhood,,17825761.0,Corso Italia-Davenport
1410000.0,1498000.0,1410000.0,HOUSE,HOUSE,Downsview Roding Cfb,43.7274709,-79.5197972,4,2,6,4250.0,413.72,2121.78,227.16,947.75,929.77,917.59,969.74,4415.35,2,32,14,9,2502358,26022873,,154,154,Oakdale-Beverley Heights,Oakdale-Beverley Heights (154),Neighbourhood Improvement Area,NIA,17824865.0,Oakdale-Beverley Heights
1500000.0,1299000.0,1500000.0,HOUSE,HOUSE,The Beaches,43.6748379,-79.2862149,3,0,2,1300.0,239.62,3537.26,454.22,1117.79,648.54,652.52,176.4,2007.11,29,28,19,93,2502274,26022789,,63,63,The Beaches,The Beaches (63),Not an NIA or Emerging Neighbourhood,,17826209.0,The Beaches
1450000.0,1475980.0,1450000.0,HOUSE,HOUSE,Runnymede Bloor West Village,43.6586049,-79.4796574,3,0,2,900.0,345.18,665.33,254.11,880.45,855.14,683.52,652.27,822.03,48,53,28,99,2502268,26022783,,89,89,Runnymede-Bloor West Village,Runnymede-Bloor West Village (89),Not an NIA or Emerging Neighbourhood,,17826305.0,Runnymede-Bloor West Village
1402000.0,1425000.0,1402000.0,HOUSE,HOUSE,High Park Swansea,43.649119,-79.480847,3,0,2,900.0,120.59,1711.72,150.48,295.69,122.98,162.21,241.5,257.14,31,51,22,101,2502266,26022781,,87,87,High Park-Swansea,High Park-Swansea (87),Not an NIA or Emerging Neighbourhood,,17826337.0,High Park-Swansea
1499999.0,1200000.0,1499999.0,HOUSE,HOUSE,Runnymede Bloor West Village,43.6533057,-79.4818711,4,0,2,1300.0,321.19,1248.26,309.98,662.17,340.46,380.25,378.49,408.87,41,49,22,99,2502268,26022783,,89,89,Runnymede-Bloor West Village,Runnymede-Bloor West Village (89),Not an NIA or Emerging Neighbourhood,,17826305.0,Runnymede-Bloor West Village
1500000.0,1489000.0,1500000.0,HOUSE,HOUSE,Greenwood Coxwell,43.6676431,-79.3196636,3,1,3,1300.0,244.87,2515.37,318.96,567.65,574.25,202.7,531.07,1855.76,30,51,27,91,2502276,26022791,,65,65,Greenwood-Coxwell,Greenwood-Coxwell (65),Not an NIA or Emerging Neighbourhood,,17826177.0,Greenwood-Coxwell
1499000.0,1699000.0,1499000.0,HOUSE,HOUSE,Humberlea-Pelmo Park W5,43.7160218,-79.5323961,5,0,5,3250.0,319.25,1892.45,416.93,1803.77,500.2,1548.0,431.31,6022.61,4,35,17,156,2502211,26022726,,23,23,Pelmo Park-Humberlea,Pelmo Park-Humberlea (23),Not an NIA or Emerging Neighbourhood,,17827217.0,Pelmo Park-Humberlea
1412000.0,1499000.0,1412000.0,HOUSE,HOUSE,Rouge E11,43.8237032,-79.22171709999999,5,3,5,3250.0,359.82,5003.32,190.73,1774.7,1908.43,1601.69,665.96,10695.63,0,24,18,19,2502348,26022863,,144,144,Morningside Heights,Morningside Heights (144),Not an NIA or Emerging Neighbourhood,,17825025.0,Morningside Heights
1402300.0,1299000.0,1402300.0,HOUSE,HOUSE,Willowridge-Martingrove-Richview,43.6831371,-79.5377244,4,0,2,1750.0,317.26,2491.28,364.09,275.92,787.12,757.72,1033.54,4329.74,0,29,20,148,2502219,26022734,,7,7,Willowridge-Martingrove-Richview,Willowridge-Martingrove-Richview (7),Not an NIA or Emerging Neighbourhood,,17827089.0,Willowridge-Martingrove-Richview
1482500.0,1599000.0,1482500.0,HOUSE,HOUSE,Mimico,43.6058516,-79.4918399,3,0,1,1300.0,699.15,5111.92,206.0,1012.7,831.36,956.38,859.43,4893.85,11,34,15,46,2502321,26022836,,160,160,Mimico-Queensway,Mimico-Queensway (160),Not an NIA or Emerging Neighbourhood,,17825457.0,Mimico-Queensway
1450000.0,1598000.0,1450000.0,HOUSE,HOUSE,Newtonbrook East,43.7987647,-79.39590559999999,4,2,5,2750.0,356.38,1435.32,23.23,2164.42,887.37,1011.47,935.19,2519.54,0,26,16,134,2502233,26022748,,50,50,Newtonbrook East,Newtonbrook East (50),Not an NIA or Emerging Neighbourhood,,17826865.0,Newtonbrook East
1440000.0,1485999.0,1440000.0,HOUSE,HOUSE,Islington-City Centre West,43.6579771,-79.55011189999999,3,0,2,1300.0,515.7,4841.84,244.83,1499.84,1522.63,980.51,1559.73,2473.45,0,29,14,48,2502319,26022834,,158,158,Islington,Islington (158),Not an NIA or Emerging Neighbourhood,,17825489.0,Islington
1480000.0,1299900.0,1480000.0,HOUSE,HOUSE,Wychwood,43.6798156,-79.4194012,3,0,1,1300.0,298.64,392.75,282.23,306.01,316.31,314.05,532.84,664.16,50,80,50,64,2502303,26022818,,94,94,Wychwood,Wychwood (94),Not an NIA or Emerging Neighbourhood,,17825745.0,Wychwood
1440000.0,1550000.0,1440000.0,HOUSE,HOUSE,Annex,43.6707257,-79.4032384,8,0,4,2750.0,67.79,1253.85,191.92,357.49,431.51,425.09,459.31,270.07,120,92,66,63,2502304,26022819,,95,95,Annex,Annex (95),Not an NIA or Emerging Neighbourhood,,17825729.0,Annex
1500000.0,1590000.0,1500000.0,HOUSE,HOUSE,Dufferin Grove,43.6536416,-79.4285691,6,0,3,1750.0,308.11,1427.66,432.05,694.13,454.27,36.36,330.34,918.15,109,73,48,105,2502262,26022777,,83,83,Dufferin Grove,Dufferin Grove (83),Not an NIA or Emerging Neighbourhood,,17826401.0,Dufferin Grove
1450000.0,1549000.0,1450000.0,HOUSE,HOUSE,Rosedale Moore Park,43.6892597,-79.3828904,3,0,2,1750.0,243.99,2687.83,161.38,769.42,806.65,634.14,638.09,880.83,21,60,32,60,2502307,26022822,,98,98,Rosedale-Moore Park,Rosedale-Moore Park (98),Not an NIA or Emerging Neighbourhood,,17825681.0,Rosedale-Moore Park
1450000.0,1299000.0,1450000.0,HOUSE,HOUSE,The Beaches,43.6688875,-79.3001044,4,0,2,2250.0,88.07,3076.7,163.1,188.54,251.52,141.91,243.79,2193.58,26,40,23,93,2502274,26022789,,63,63,The Beaches,The Beaches (63),Not an NIA or Emerging Neighbourhood,,17826209.0,The Beaches
1480000.0,1480000.0,1480000.0,HOUSE,HOUSE,Trinity Bellwoods,43.653798,-79.4226877,4,0,4,2250.0,121.45,1243.69,202.73,249.63,256.12,306.02,143.44,998.07,138,74,48,106,2502261,26022776,,81,81,Trinity-Bellwoods,Trinity-Bellwoods (81),Not an NIA or Emerging Neighbourhood,,17826417.0,Trinity-Bellwoods
1500000.0,1586700.0,1500000.0,HOUSE,HOUSE,Palmerston Little Italy,43.6593058,-79.4217673,3,0,4,1750.0,148.76,1461.4,274.17,481.35,453.51,365.33,600.6,501.44,130,71,55,79,2502288,26022803,,80,80,Palmerston-Little Italy,Palmerston-Little Italy (80),Not an NIA or Emerging Neighbourhood,,17825985.0,Palmerston-Little Italy
1450000.0,1498000.0,1450000.0,HOUSE,HOUSE,Lawrence Park North,43.7280914,-79.3971761,3,1,3,1300.0,251.4,1967.03,210.47,513.02,443.66,505.72,499.49,467.78,17,40,27,54,2502313,26022828,,105,105,Lawrence Park North,Lawrence Park North (105),Not an NIA or Emerging Neighbourhood,,17825585.0,Lawrence Park North
1491000.0,1199000.0,1491000.0,HOUSE,HOUSE,Woodbine Corridor,43.680124,-79.3145427,3,0,2,1300.0,451.51,1374.49,126.11,680.5,625.33,543.03,689.48,716.21,23,61,36,92,2502275,26022790,,64,64,Woodbine Corridor,Woodbine Corridor (64),Not an NIA or Emerging Neighbourhood,,17826193.0,Woodbine Corridor
1495000.0,1679000.0,1495000.0,HOUSE,HOUSE,The Beaches,43.6670779,-79.3047268,3,1,2,1750.0,222.77,3017.09,220.5,605.08,280.25,410.6,228.18,2241.92,28,39,21,93,2502274,26022789,,63,63,The Beaches,The Beaches (63),Not an NIA or Emerging Neighbourhood,,17826209.0,The Beaches
1450000.0,1589900.0,1450000.0,HOUSE,HOUSE,High Park Swansea,43.6408958,-79.4527834,3,0,2,1300.0,390.35,241.8,460.06,566.42,537.65,489.85,485.8,1720.78,30,44,20,101,2502266,26022781,,87,87,High Park-Swansea,High Park-Swansea (87),Not an NIA or Emerging Neighbourhood,,17826337.0,High Park-Swansea
1460000.0,1598000.0,1460000.0,HOUSE,HOUSE,University,43.6573592,-79.4055845,5,0,3,1750.0,107.55,432.1,129.02,580.38,181.15,100.84,324.16,1056.13,301,77,68,80,2502287,26022802,,79,79,University,University (79),Not an NIA or Emerging Neighbourhood,,17826001.0,University
1500000.0,1499900.0,1500000.0,HOUSE,HOUSE,Playter Estates Danforth,43.6802224,-79.3576886,7,2,3,2250.0,305.55,1560.77,336.44,1068.32,433.44,274.82,429.91,361.65,53,56,32,89,2502278,26022793,,67,67,Playter Estates-Danforth,Playter Estates-Danforth (67),Not an NIA or Emerging Neighbourhood,,17826145.0,Playter Estates-Danforth
1413000.0,1498000.0,1413000.0,HOUSE,HOUSE,Dovercourt Wallace Emerson Junction,43.6664763,-79.4342262,4,0,2,1750.0,128.18,1951.66,150.87,729.27,635.08,231.83,545.96,697.11,51,63,49,3,2502364,26022879,,172,172,Dovercourt Village,Dovercourt Village (172),Not an NIA or Emerging Neighbourhood,,17824769.0,Dovercourt Village
1450000.0,1500000.0,1450000.0,HOUSE,HOUSE,South Riverdale,43.6590968,-79.3428999,3,0,3,1750.0,250.0,1239.07,203.81,378.65,173.31,307.21,164.87,2263.46,50,59,25,86,2502281,26022796,,70,70,South Riverdale,South Riverdale (70),Not an NIA or Emerging Neighbourhood,,17826097.0,South Riverdale
1445000.0,1550000.0,1445000.0,HOUSE,HOUSE,High Park North,43.6606193,-79.4639663,5,0,2,1750.0,378.04,1434.58,222.05,364.68,593.08,551.27,550.71,663.25,59,49,29,100,2502267,26022782,,88,88,High Park North,High Park North (88),Not an NIA or Emerging Neighbourhood,,17826321.0,High Park North
1500000.0,1570000.0,1500000.0,HOUSE,HOUSE,Playter Estates Danforth,43.6765269,-79.3599887,3,1,3,2250.0,179.78,1210.69,64.64,1260.05,104.78,165.09,194.51,153.38,42,73,38,89,2502278,26022793,,67,67,Playter Estates-Danforth,Playter Estates-Danforth (67),Not an NIA or Emerging Neighbourhood,,17826145.0,Playter Estates-Danforth
1496000.0,1450000.0,1496000.0,HOUSE,HOUSE,South Riverdale,43.6710016,-79.3339892,3,0,4,1300.0,127.1,1733.83,492.3,559.95,395.18,361.97,341.15,1155.81,42,65,35,86,2502281,26022796,,70,70,South Riverdale,South Riverdale (70),Not an NIA or Emerging Neighbourhood,,17826097.0,South Riverdale
1412000.0,1399000.0,1412000.0,HOUSE,HOUSE,Runnymede Bloor West Village,43.6515938,-79.4776791,4,1,3,1750.0,237.08,1460.68,42.93,307.31,77.17,79.9,133.59,135.81,36,47,21,99,2502268,26022783,,89,89,Runnymede-Bloor West Village,Runnymede-Bloor West Village (89),Not an NIA or Emerging Neighbourhood,,17826305.0,Runnymede-Bloor West Village
1499999.0,1499999.0,1499999.0,HOUSE,HOUSE,High Park North,43.6604599,-79.4578933,3,0,2,1300.0,289.49,1910.14,383.98,756.2,594.2,418.27,510.51,553.06,45,55,36,100,2502267,26022782,,88,88,High Park North,High Park North (88),Not an NIA or Emerging Neighbourhood,,17826321.0,High Park North
1448000.0,1499000.0,1448000.0,HOUSE,HOUSE,Dovercourt Wallace Emerson Junction,43.665821,-79.4561509,4,1,3,1750.0,34.52,2001.59,98.62,524.02,411.11,525.62,732.77,1019.06,35,54,38,4,2502363,26022878,,171,171,Junction-Wallace Emerson,Junction-Wallace Emerson (171),Not an NIA or Emerging Neighbourhood,,17824785.0,Junction-Wallace Emerson
1500000.0,1650000.0,1500000.0,HOUSE,HOUSE,High Park North,43.6626536,-79.457309,5,0,2,2250.0,223.16,1914.38,395.82,701.64,619.77,519.41,638.93,722.48,48,56,37,100,2502267,26022782,,88,88,High Park North,High Park North (88),Not an NIA or Emerging Neighbourhood,,17826321.0,High Park North
1415000.0,1299000.0,1415000.0,HOUSE,HOUSE,Clairlea Birchmount,43.7096596,-79.2835665,5,2,4,2750.0,535.35,359.43,242.72,1174.21,645.57,599.0,1028.93,398.2,3,40,20,69,2502298,26022813,,120,120,Clairlea-Birchmount,Clairlea-Birchmount (120),Not an NIA or Emerging Neighbourhood,,17825825.0,Clairlea-Birchmount
1450000.0,1489900.0,1450000.0,HOUSE,HOUSE,Woodbine Corridor,43.6744735,-79.3135717,3,1,3,1300.0,191.68,1947.4,234.28,717.27,479.89,455.21,457.52,1318.5,23,55,34,92,2502275,26022790,,64,64,Woodbine Corridor,Woodbine Corridor (64),Not an NIA or Emerging Neighbourhood,,17826193.0,Woodbine Corridor
1470000.0,1598000.0,1470000.0,HOUSE,HOUSE,Dufferin Grove,43.659299,-79.4349507,4,0,3,1750.0,120.2,2237.55,371.24,103.64,56.01,222.72,341.26,112.84,65,61,47,105,2502262,26022777,,83,83,Dufferin Grove,Dufferin Grove (83),Not an NIA or Emerging Neighbourhood,,17826401.0,Dufferin Grove
1470000.0,1499888.0,1470000.0,HOUSE,HOUSE,Junction Area,43.6619667,-79.4792237,4,1,3,1750.0,389.72,315.99,102.9,1046.17,834.46,556.79,645.69,1170.45,51,53,30,67,2502300,26022815,,90,90,Junction Area,Junction Area (90),Not an NIA or Emerging Neighbourhood,,17825793.0,Junction Area
1497999.0,1595000.0,1497999.0,HOUSE,HOUSE,The Beaches,43.6744934,-79.3037954,3,1,2,1750.0,285.82,2416.35,407.47,648.33,639.32,550.35,628.25,1503.68,30,54,33,93,2502274,26022789,,63,63,The Beaches,The Beaches (63),Not an NIA or Emerging Neighbourhood,,17826209.0,The Beaches
1425750.0,1479000.0,1425750.0,HOUSE,HOUSE,East End Danforth,43.6900134,-79.3048978,4,0,4,1750.0,240.05,1610.59,216.23,854.59,386.77,256.21,276.12,285.7,22,59,36,94,2502273,26022788,,62,62,East End-Danforth,East End-Danforth (62),Not an NIA or Emerging Neighbourhood,,17826225.0,East End-Danforth
1652500.0,1749000.0,1652500.0,HOUSE,HOUSE,Cabbagetown South St James Town,43.6666297,-79.3633427,2,1,2,900.0,106.12,706.08,295.32,653.45,428.38,418.43,478.51,890.94,52,94,54,85,2502282,26022797,,71,71,Cabbagetown-South St.James Town,Cabbagetown-South St.James Town (71),Not an NIA or Emerging Neighbourhood,,17826081.0,Cabbagetown-South St.James Town
1515000.0,1549000.0,1515000.0,HOUSE,HOUSE,Greenwood Coxwell,43.6805944,-79.324378,3,1,4,2750.0,194.99,1040.3,262.8,417.03,311.47,242.23,338.51,409.94,43,61,38,91,2502276,26022791,,65,65,Greenwood-Coxwell,Greenwood-Coxwell (65),Not an NIA or Emerging Neighbourhood,,17826177.0,Greenwood-Coxwell
1650000.0,1499000.0,1650000.0,HOUSE,HOUSE,Dovercourt Wallace Emerson Junction,43.6650067,-79.4297257,3,2,2,1750.0,446.02,1812.35,307.26,661.5,407.95,271.67,830.16,400.03,61,68,50,3,2502364,26022879,,172,172,Dovercourt Village,Dovercourt Village (172),Not an NIA or Emerging Neighbourhood,,17824769.0,Dovercourt Village
1513000.0,1575000.0,1513000.0,HOUSE,HOUSE,Greenwood Coxwell,43.6807243,-79.3250714,3,2,5,1300.0,244.87,1024.98,260.85,440.18,320.5,227.3,284.54,414.62,43,59,39,91,2502276,26022791,,65,65,Greenwood-Coxwell,Greenwood-Coxwell (65),Not an NIA or Emerging Neighbourhood,,17826177.0,Greenwood-Coxwell
1650000.0,1529000.0,1650000.0,HOUSE,HOUSE,Danforth,43.6831698,-79.3416543,3,0,2,1300.0,358.1,1541.32,210.42,558.28,534.8,430.66,385.38,391.8,71,47,36,90,2502277,26022792,,66,66,Danforth,Danforth (66),Not an NIA or Emerging Neighbourhood,,17826161.0,Danforth
1515000.0,1549000.0,1515000.0,HOUSE,HOUSE,Runnymede Bloor West Village,43.6570297,-79.4801041,3,1,2,1300.0,243.88,834.96,89.42,760.68,700.33,673.98,597.32,678.24,42,54,25,99,2502268,26022783,,89,89,Runnymede-Bloor West Village,Runnymede-Bloor West Village (89),Not an NIA or Emerging Neighbourhood,,17826305.0,Runnymede-Bloor West Village
1600000.0,1699000.0,1600000.0,HOUSE,HOUSE,Lawrence Park South,43.7069043,-79.414474,3,0,2,1750.0,312.41,3059.62,545.75,715.27,369.38,393.58,367.31,1278.35,17,55,48,55,2502312,26022827,,103,103,Lawrence Park South,Lawrence Park South (103),Not an NIA or Emerging Neighbourhood,,17825601.0,Lawrence Park South
1700000.0,1499900.0,1700000.0,HOUSE,HOUSE,Runnymede Bloor West Village,43.6573687,-79.481627,3,0,2,1300.0,369.9,796.13,201.72,872.31,772.58,545.82,474.96,775.92,43,53,27,99,2502268,26022783,,89,89,Runnymede-Bloor West Village,Runnymede-Bloor West Village (89),Not an NIA or Emerging Neighbourhood,,17826305.0,Runnymede-Bloor West Village
1657000.0,1399000.0,1657000.0,HOUSE,HOUSE,Greenwood Coxwell,43.6805184,-79.3250023,3,1,2,1300.0,226.08,1047.83,280.99,453.99,338.29,250.79,303.09,433.71,43,58,38,91,2502276,26022791,,65,65,Greenwood-Coxwell,Greenwood-Coxwell (65),Not an NIA or Emerging Neighbourhood,,17826177.0,Greenwood-Coxwell
1600000.0,1389000.0,1600000.0,HOUSE,HOUSE,North Riverdale,43.6749272,-79.3493239,3,0,2,1300.0,248.89,1041.11,200.01,559.95,322.28,396.13,433.9,447.79,71,68,35,88,2502279,26022794,,68,68,North Riverdale,North Riverdale (68),Not an NIA or Emerging Neighbourhood,,17826129.0,North Riverdale
1685056.0,1499000.0,1685056.0,HOUSE,HOUSE,The Beaches,43.675165,-79.2840674,4,0,1,2250.0,292.53,3673.73,357.45,1288.26,615.14,609.7,255.77,2090.95,24,29,19,93,2502274,26022789,,63,63,The Beaches,The Beaches (63),Not an NIA or Emerging Neighbourhood,,17826209.0,The Beaches
1503000.0,1200000.0,1503000.0,HOUSE,HOUSE,High Park Swansea,43.6479415,-79.4762811,3,1,3,1750.0,342.91,1880.82,389.94,132.48,341.07,310.86,369.96,418.84,32,49,22,101,2502266,26022781,,87,87,High Park-Swansea,High Park-Swansea (87),Not an NIA or Emerging Neighbourhood,,17826337.0,High Park-Swansea
1585000.0,1599000.0,1585000.0,HOUSE,HOUSE,Dovercourt Wallace Emerson Junction,43.662034,-79.4427852,3,1,2,1750.0,243.94,2477.02,376.38,683.08,629.76,128.64,290.28,324.98,49,59,48,4,2502363,26022878,,171,171,Junction-Wallace Emerson,Junction-Wallace Emerson (171),Not an NIA or Emerging Neighbourhood,,17824785.0,Junction-Wallace Emerson
1638027.0,1249000.0,1638027.0,HOUSE,HOUSE,Roncesvalles,43.6414322,-79.4398408,4,0,2,1750.0,271.19,816.08,65.19,578.92,239.38,160.86,255.49,1980.07,60,45,24,102,2502265,26022780,,86,86,Roncesvalles,Roncesvalles (86),Not an NIA or Emerging Neighbourhood,,17826353.0,Roncesvalles
1625000.0,1688888.0,1625000.0,HOUSE,HOUSE,Pelmo Park Humberlea,43.7233407,-79.5319198,4,1,4,3250.0,498.53,2296.89,150.68,1668.8,1305.3,1546.3,1236.49,5458.99,0,35,15,156,2502211,26022726,,23,23,Pelmo Park-Humberlea,Pelmo Park-Humberlea (23),Not an NIA or Emerging Neighbourhood,,17827217.0,Pelmo Park-Humberlea
1650000.0,1735000.0,1650000.0,HOUSE,HOUSE,Annex,43.671843,-79.4161232,3,1,2,1300.0,417.79,649.0,103.04,765.48,376.39,710.16,213.98,765.83,92,80,63,63,2502304,26022819,,95,95,Annex,Annex (95),Not an NIA or Emerging Neighbourhood,,17825729.0,Annex
1700000.0,1589000.0,1700000.0,HOUSE,HOUSE,Wychwood,43.6787136,-79.4343976,5,0,3,2250.0,159.47,1521.94,280.0,666.85,113.34,202.84,266.2,1686.91,65,64,34,64,2502303,26022818,,94,94,Wychwood,Wychwood (94),Not an NIA or Emerging Neighbourhood,,17825745.0,Wychwood
1575000.0,1249900.0,1575000.0,HOUSE,HOUSE,Blake Jones,43.6799085,-79.3338345,2,1,3,1300.0,240.95,1325.69,290.65,876.72,906.34,172.82,162.41,341.3,45,57,40,87,2502280,26022795,,69,69,Blake-Jones,Blake-Jones (69),Not an NIA or Emerging Neighbourhood,,17826113.0,Blake-Jones
1525000.0,1295000.0,1525000.0,HOUSE,HOUSE,Dovercourt Wallace Emerson Junction,43.6596822,-79.4408837,5,3,2,1750.0,342.06,2267.42,106.31,555.19,464.94,90.28,249.7,165.71,47,59,45,4,2502363,26022878,,171,171,Junction-Wallace Emerson,Junction-Wallace Emerson (171),Not an NIA or Emerging Neighbourhood,,17824785.0,Junction-Wallace Emerson
1618900.0,1299000.0,1618900.0,HOUSE,HOUSE,High Park Swansea,43.6495852,-79.4568373,3,2,2,1750.0,114.1,1169.29,573.3,810.17,486.83,600.72,647.19,700.99,38,50,35,101,2502266,26022781,,87,87,High Park-Swansea,High Park-Swansea (87),Not an NIA or Emerging Neighbourhood,,17826337.0,High Park-Swansea
1523000.0,1379000.0,1523000.0,HOUSE,HOUSE,South Riverdale,43.6669164,-79.3392304,3,2,2,900.0,437.97,1235.5,113.43,393.7,229.3,207.15,269.9,1516.37,54,69,32,86,2502281,26022796,,70,70,South Riverdale,South Riverdale (70),Not an NIA or Emerging Neighbourhood,,17826097.0,South Riverdale
1650000.0,1499900.0,1650000.0,HOUSE,HOUSE,South Riverdale,43.6623264,-79.3377675,4,1,2,1750.0,308.07,1424.47,264.98,483.43,74.84,167.73,399.12,2038.93,53,61,26,86,2502281,26022796,,70,70,South Riverdale,South Riverdale (70),Not an NIA or Emerging Neighbourhood,,17826097.0,South Riverdale
1690000.0,1955000.0,1690000.0,HOUSE,HOUSE,Dovercourt Wallace Emerson Junction,43.6629336,-79.4544322,5,2,6,2750.0,162.29,2141.8,194.8,490.41,427.6,434.03,444.56,676.13,42,56,38,4,2502363,26022878,,171,171,Junction-Wallace Emerson,Junction-Wallace Emerson (171),Not an NIA or Emerging Neighbourhood,,17824785.0,Junction-Wallace Emerson
1575000.0,1649000.0,1575000.0,HOUSE,HOUSE,Lawrence Park North,43.7314429,-79.4122695,3,0,2,1300.0,286.75,1867.96,665.25,1116.1,574.09,644.06,514.03,969.73,46,40,27,54,2502313,26022828,,105,105,Lawrence Park North,Lawrence Park North (105),Not an NIA or Emerging Neighbourhood,,17825585.0,Lawrence Park North
1626000.0,1495000.0,1626000.0,HOUSE,HOUSE,Runnymede Bloor West Village,43.6526698,-79.4801899,4,0,2,1300.0,296.41,1318.35,197.52,515.2,249.88,264.26,243.61,354.0,42,47,23,99,2502268,26022783,,89,89,Runnymede-Bloor West Village,Runnymede-Bloor West Village (89),Not an NIA or Emerging Neighbourhood,,17826305.0,Runnymede-Bloor West Village
1650000.0,1799000.0,1650000.0,HOUSE,HOUSE,Trinity Bellwoods,43.6525352,-79.4077555,6,0,3,2250.0,454.41,210.18,239.09,185.93,270.18,93.44,237.72,1515.76,281,79,62,106,2502261,26022776,,81,81,Trinity-Bellwoods,Trinity-Bellwoods (81),Not an NIA or Emerging Neighbourhood,,17826417.0,Trinity-Bellwoods
1520000.0,1249000.0,1520000.0,HOUSE,HOUSE,Dovercourt Wallace Emerson Junction,43.6733844,-79.4359434,3,1,3,1300.0,334.18,1709.4,338.77,621.86,679.49,625.18,759.65,1447.63,52,63,34,4,2502363,26022878,,171,171,Junction-Wallace Emerson,Junction-Wallace Emerson (171),Not an NIA or Emerging Neighbourhood,,17824785.0,Junction-Wallace Emerson
1658000.0,1649000.0,1658000.0,HOUSE,HOUSE,Lawrence Park North,43.7344902,-79.4014484,3,0,2,1300.0,347.18,2572.96,276.4,1068.9,293.19,293.23,239.48,909.08,18,33,22,54,2502313,26022828,,105,105,Lawrence Park North,Lawrence Park North (105),Not an NIA or Emerging Neighbourhood,,17825585.0,Lawrence Park North
1650000.0,1499000.0,1650000.0,HOUSE,HOUSE,Junction Area,43.6631946,-79.4662064,5,1,3,2250.0,228.79,1196.49,304.49,26.36,257.09,260.81,226.22,1001.59,49,51,33,67,2502300,26022815,,90,90,Junction Area,Junction Area (90),Not an NIA or Emerging Neighbourhood,,17825793.0,Junction Area
1675000.0,1499000.0,1675000.0,HOUSE,HOUSE,Dovercourt Wallace Emerson Junction,43.6691336,-79.4225667,3,1,2,1300.0,101.14,1104.57,369.37,765.59,829.78,697.44,155.73,651.88,76,76,56,3,2502364,26022879,,172,172,Dovercourt Village,Dovercourt Village (172),Not an NIA or Emerging Neighbourhood,,17824769.0,Dovercourt Village
1690000.0,1700000.0,1690000.0,HOUSE,HOUSE,East End-Danforth,43.6842479,-79.303518,4,1,4,2250.0,396.72,1834.31,59.02,339.35,495.06,398.2,341.25,555.58,25,64,36,94,2502273,26022788,,62,62,East End-Danforth,East End-Danforth (62),Not an NIA or Emerging Neighbourhood,,17826225.0,East End-Danforth
1600000.0,1299000.0,1600000.0,HOUSE,HOUSE,East End Danforth,43.683473,-79.2956225,3,1,2,1300.0,224.76,2463.79,313.35,308.66,615.57,535.17,544.47,784.71,35,51,33,94,2502273,26022788,,62,62,East End-Danforth,East End-Danforth (62),Not an NIA or Emerging Neighbourhood,,17826225.0,East End-Danforth
1625000.0,995000.0,1625000.0,HOUSE,HOUSE,Yonge-Eglinton,43.7088845,-79.407254,4,0,3,2250.0,245.29,2917.54,221.81,604.21,524.07,456.49,660.95,736.79,66,53,42,58,2502309,26022824,,100,100,Yonge-Eglinton,Yonge-Eglinton (100),Not an NIA or Emerging Neighbourhood,,17825649.0,Yonge-Eglinton
1620000.0,1649000.0,1620000.0,HOUSE,HOUSE,University,43.6170842,-79.5042802,3,0,4,2250.0,295.42,4726.5,370.55,887.69,1228.4,436.68,746.75,3395.55,19,41,21,46,2502321,26022836,,160,160,Mimico-Queensway,Mimico-Queensway (160),Not an NIA or Emerging Neighbourhood,,17825457.0,Mimico-Queensway
1660000.0,1699000.0,1660000.0,HOUSE,HOUSE,Mount Pleasant East,43.7033978,-79.3752901,3,1,2,1300.0,203.55,1693.76,251.58,702.36,113.63,325.73,569.98,1869.99,36,45,32,59,2502308,26022823,,99,99,Mount Pleasant East,Mount Pleasant East (99),Not an NIA or Emerging Neighbourhood,,17825665.0,Mount Pleasant East
1700000.0,1799000.0,1700000.0,HOUSE,HOUSE,Lawrence Park North,43.7300487,-79.3969672,3,0,2,1300.0,365.25,2027.39,301.36,691.83,528.74,644.08,612.24,604.25,17,34,24,54,2502313,26022828,,105,105,Lawrence Park North,Lawrence Park North (105),Not an NIA or Emerging Neighbourhood,,17825585.0,Lawrence Park North
1675000.0,1699000.0,1675000.0,HOUSE,HOUSE,Forest Hill South,43.7002856,-79.4097738,3,1,3,1300.0,254.27,2557.64,57.87,909.62,411.09,433.99,463.26,1036.98,18,55,48,57,2502310,26022825,,101,101,Forest Hill South,Forest Hill South (101),Not an NIA or Emerging Neighbourhood,,17825633.0,Forest Hill South
1700000.0,1599000.0,1700000.0,HOUSE,HOUSE,Danforth,43.6831377,-79.3408995,3,1,4,1750.0,300.54,1490.47,212.9,583.46,566.09,444.67,355.46,343.15,67,48,37,90,2502277,26022792,,66,66,Danforth,Danforth (66),Not an NIA or Emerging Neighbourhood,,17826161.0,Danforth
1558000.0,1538000.0,1558000.0,HOUSE,HOUSE,Mount Pleasant East,43.7135589,-79.388433,3,0,2,1300.0,308.82,1321.97,293.47,1067.53,593.42,575.8,439.62,1111.61,45,49,43,59,2502308,26022823,,99,99,Mount Pleasant East,Mount Pleasant East (99),Not an NIA or Emerging Neighbourhood,,17825665.0,Mount Pleasant East
1700000.0,1649000.0,1700000.0,HOUSE,HOUSE,Mount Pleasant West,43.7015105,-79.3897927,3,0,1,1300.0,175.89,2304.69,136.17,301.31,486.61,489.25,285.39,722.02,69,53,41,1,2502366,26022881,,174,174,South Eglinton-Davisville,South Eglinton-Davisville (174),Not an NIA or Emerging Neighbourhood,,17824737.0,South Eglinton-Davisville
1638000.0,1389000.0,1638000.0,HOUSE,HOUSE,South Riverdale,43.6684972,-79.3331371,3,0,3,1300.0,143.37,1740.26,366.84,300.9,363.66,330.79,309.14,1442.51,51,65,31,86,2502281,26022796,,70,70,South Riverdale,South Riverdale (70),Not an NIA or Emerging Neighbourhood,,17826097.0,South Riverdale
1620000.0,1399000.0,1620000.0,HOUSE,HOUSE,Playter Estates Danforth,43.6815743,-79.3497769,2,2,2,1750.0,349.84,1734.25,302.13,530.94,369.83,402.1,291.48,432.36,77,52,29,89,2502278,26022793,,67,67,Playter Estates-Danforth,Playter Estates-Danforth (67),Not an NIA or Emerging Neighbourhood,,17826145.0,Playter Estates-Danforth
1560100.0,1238000.0,1560100.0,HOUSE,HOUSE,High Park Swansea,43.6515299,-79.4522023,5,0,3,1750.0,82.76,1256.55,365.43,760.47,102.92,176.73,249.51,605.01,41,44,38,101,2502266,26022781,,87,87,High Park-Swansea,High Park-Swansea (87),Not an NIA or Emerging Neighbourhood,,17826337.0,High Park-Swansea
1540000.0,1579000.0,1540000.0,HOUSE,HOUSE,Lawrence Park North,43.7290309,-79.4106937,3,1,3,1750.0,110.99,1988.79,411.06,853.44,565.37,627.3,581.91,724.69,39,36,29,54,2502313,26022828,,105,105,Lawrence Park North,Lawrence Park North (105),Not an NIA or Emerging Neighbourhood,,17825585.0,Lawrence Park North
1508000.0,1288000.0,1508000.0,HOUSE,HOUSE,Greenwood Coxwell,43.6802357,-79.330687,3,1,4,1750.0,61.87,1174.38,138.58,837.14,688.26,216.44,283.9,260.66,42,60,39,91,2502276,26022791,,65,65,Greenwood-Coxwell,Greenwood-Coxwell (65),Not an NIA or Emerging Neighbourhood,,17826177.0,Greenwood-Coxwell
1650000.0,1499000.0,1650000.0,HOUSE,HOUSE,North Riverdale,43.6666724,-79.3517112,4,0,1,2250.0,246.98,232.57,215.65,154.12,134.4,122.97,138.26,1260.19,40,80,34,88,2502279,26022794,,68,68,North Riverdale,North Riverdale (68),Not an NIA or Emerging Neighbourhood,,17826129.0,North Riverdale
1600000.0,1625000.0,1600000.0,HOUSE,HOUSE,Cabbagetown South St James Town,43.6676194,-79.365186,3,1,2,1750.0,78.65,865.0,325.91,683.19,398.04,318.83,318.97,723.7,45,99,55,85,2502282,26022797,,71,71,Cabbagetown-South St.James Town,Cabbagetown-South St.James Town (71),Not an NIA or Emerging Neighbourhood,,17826081.0,Cabbagetown-South St.James Town
1560000.0,1399000.0,1560000.0,HOUSE,HOUSE,Blake Jones,43.6747025,-79.3350576,3,1,2,1300.0,267.57,1822.7,282.76,881.73,620.7,685.01,657.58,736.66,46,65,41,87,2502280,26022795,,69,69,Blake-Jones,Blake-Jones (69),Not an NIA or Emerging Neighbourhood,,17826113.0,Blake-Jones
1540000.0,1595000.0,1540000.0,HOUSE,HOUSE,Little Portugal,43.6528501,-79.427309,3,0,3,1300.0,179.63,1298.43,338.02,626.34,581.24,106.67,252.51,1049.68,117,72,49,104,2502263,26022778,,84,84,Little Portugal,Little Portugal (84),Not an NIA or Emerging Neighbourhood,,17826385.0,Little Portugal
1565000.0,1599000.0,1565000.0,HOUSE,HOUSE,South Riverdale,43.6719713,-79.3332646,3,0,4,1300.0,249.42,1823.51,507.5,673.69,512.15,480.15,460.21,1070.57,30,66,36,86,2502281,26022796,,70,70,South Riverdale,South Riverdale (70),Not an NIA or Emerging Neighbourhood,,17826097.0,South Riverdale
1602000.0,1325000.0,1602000.0,HOUSE,HOUSE,Lawrence Park South,43.7137925,-79.4028558,3,0,2,1300.0,156.68,2416.88,227.07,664.77,402.34,276.0,261.53,854.47,48,54,38,55,2502312,26022827,,103,103,Lawrence Park South,Lawrence Park South (103),Not an NIA or Emerging Neighbourhood,,17825601.0,Lawrence Park South
1535000.0,1399000.0,1535000.0,HOUSE,HOUSE,Danforth,43.6861511,-79.3196804,4,1,2,1750.0,134.21,596.44,130.17,308.7,260.06,256.55,573.37,350.0,32,59,34,90,2502277,26022792,,66,66,Danforth,Danforth (66),Not an NIA or Emerging Neighbourhood,,17826161.0,Danforth
1575000.0,1498000.0,1575000.0,HOUSE,HOUSE,High Park Swansea,43.6426145,-79.476583,3,0,2,1300.0,124.04,2163.97,157.44,561.47,885.37,902.94,918.76,1000.51,25,41,15,101,2502266,26022781,,87,87,High Park-Swansea,High Park-Swansea (87),Not an NIA or Emerging Neighbourhood,,17826337.0,High Park-Swansea
1630000.0,1685000.0,1630000.0,HOUSE,HOUSE,High Park North,43.6539729,-79.47034,4,0,3,1750.0,458.73,1450.72,89.84,367.79,562.57,208.07,478.65,279.87,23,50,31,100,2502267,26022782,,88,88,High Park North,High Park North (88),Not an NIA or Emerging Neighbourhood,,17826321.0,High Park North
1602000.0,1299000.0,1602000.0,HOUSE,HOUSE,East End-Danforth,43.6809012,-79.30643719999999,3,1,2,1750.0,503.83,1794.83,99.53,626.59,713.67,654.07,740.48,789.49,19,57,37,94,2502273,26022788,,62,62,East End-Danforth,East End-Danforth (62),Not an NIA or Emerging Neighbourhood,,17826225.0,East End-Danforth
1661800.0,1699000.0,1661800.0,HOUSE,HOUSE,Yonge Eglinton,43.7064465,-79.40909,3,1,3,1750.0,138.38,3161.02,322.47,773.68,235.53,273.55,416.85,846.19,49,55,47,58,2502309,26022824,,100,100,Yonge-Eglinton,Yonge-Eglinton (100),Not an NIA or Emerging Neighbourhood,,17825649.0,Yonge-Eglinton
1551000.0,1299000.0,1551000.0,HOUSE,HOUSE,Junction Area,43.6638425,-79.47573,4,0,2,1750.0,349.71,427.95,163.56,754.52,619.31,222.13,575.87,1318.74,56,58,39,67,2502300,26022815,,90,90,Junction Area,Junction Area (90),Not an NIA or Emerging Neighbourhood,,17825793.0,Junction Area
1631000.0,1299000.0,1631000.0,HOUSE,HOUSE,Junction Area,43.6649316,-79.4772065,5,0,2,2750.0,503.63,306.21,136.99,888.15,672.52,230.35,587.79,1474.21,55,57,38,67,2502300,26022815,,90,90,Junction Area,Junction Area (90),Not an NIA or Emerging Neighbourhood,,17825793.0,Junction Area
1620000.0,1688000.0,1620000.0,HOUSE,HOUSE,Westminster Branson,43.781655,-79.4568274,4,0,3,2750.0,580.05,1356.29,306.89,1121.59,850.15,926.65,1170.92,3285.99,1,22,13,118,2502249,26022764,,35,35,Westminster-Branson,Westminster-Branson (35),Emerging Neighbourhood,EN,17826609.0,Westminster-Branson
1594000.0,1599000.0,1594000.0,HOUSE,HOUSE,Moss Park,43.6582532,-79.3680547,3,1,5,2250.0,299.29,937.73,81.45,397.73,315.76,247.04,248.92,1060.53,103,97,63,83,2502284,26022799,,73,73,Moss Park,Moss Park (73),Not an NIA or Emerging Neighbourhood,,17826049.0,Moss Park
1577000.0,1549000.0,1577000.0,HOUSE,HOUSE,Lawrence Park North,43.7304868,-79.4116873,3,0,1,1300.0,182.36,1907.86,564.12,1012.42,552.4,623.96,537.32,871.66,47,37,27,54,2502313,26022828,,105,105,Lawrence Park North,Lawrence Park North (105),Not an NIA or Emerging Neighbourhood,,17825585.0,Lawrence Park North
1505000.0,1699000.0,1505000.0,HOUSE,HOUSE,North Riverdale,43.6717463,-79.3544424,5,1,3,2250.0,234.61,598.1,215.56,679.96,619.85,543.48,499.5,656.51,69,79,37,88,2502279,26022794,,68,68,North Riverdale,North Riverdale (68),Not an NIA or Emerging Neighbourhood,,17826129.0,North Riverdale
1535000.0,1274900.0,1535000.0,HOUSE,HOUSE,Danforth,43.6857885,-79.3255642,3,0,2,1300.0,340.64,464.62,339.81,406.79,302.49,302.35,435.01,272.39,31,55,36,90,2502277,26022792,,66,66,Danforth,Danforth (66),Not an NIA or Emerging Neighbourhood,,17826161.0,Danforth
1550000.0,1649000.0,1550000.0,HOUSE,HOUSE,High Park North,43.657981,-79.4546916,3,1,2,1300.0,237.64,1997.81,108.4,945.63,222.12,189.04,181.99,176.42,47,52,39,100,2502267,26022782,,88,88,High Park North,High Park North (88),Not an NIA or Emerging Neighbourhood,,17826321.0,High Park North
1575000.0,1479000.0,1575000.0,HOUSE,HOUSE,Wychwood,43.6813751,-79.4197999,3,1,2,1300.0,410.41,536.94,247.27,203.86,139.99,145.34,421.44,541.52,43,72,47,64,2502303,26022818,,94,94,Wychwood,Wychwood (94),Not an NIA or Emerging Neighbourhood,,17825745.0,Wychwood
1650000.0,1699000.0,1650000.0,HOUSE,HOUSE,East End Danforth,43.6806375,-79.3042459,3,0,3,1750.0,466.88,1958.64,184.59,493.11,862.85,731.72,568.2,930.86,19,57,35,94,2502273,26022788,,62,62,East End-Danforth,East End-Danforth (62),Not an NIA or Emerging Neighbourhood,,17826225.0,East End-Danforth
1607000.0,1678000.0,1607000.0,HOUSE,HOUSE,Dovercourt Wallace Emerson Junction,43.6633321,-79.431658,3,1,3,1750.0,264.21,2054.89,224.52,423.25,275.4,323.46,844.99,441.51,61,66,50,3,2502364,26022879,,172,172,Dovercourt Village,Dovercourt Village (172),Not an NIA or Emerging Neighbourhood,,17824769.0,Dovercourt Village
1635000.0,1699900.0,1635000.0,HOUSE,HOUSE,Lambton Baby Point,43.656249,-79.4875124,3,0,4,1750.0,39.83,1058.96,328.57,1074.2,837.15,278.7,104.55,763.3,29,52,23,74,2502293,26022808,,114,114,Lambton Baby Point,Lambton Baby Point (114),Not an NIA or Emerging Neighbourhood,,17825905.0,Lambton Baby Point
1652000.0,1499000.0,1652000.0,HOUSE,HOUSE,Mount Pleasant East,43.7062607,-79.3852885,3,0,2,1300.0,347.84,1664.31,110.22,346.19,334.07,313.65,370.86,1069.16,64,50,38,59,2502308,26022823,,99,99,Mount Pleasant East,Mount Pleasant East (99),Not an NIA or Emerging Neighbourhood,,17825665.0,Mount Pleasant East
1665000.0,1710000.0,1665000.0,HOUSE,HOUSE,Lawrence Park North,43.7334,-79.4159991,3,1,3,1300.0,595.16,1608.46,560.36,796.57,604.78,324.3,365.7,1340.07,33,38,27,54,2502313,26022828,,105,105,Lawrence Park North,Lawrence Park North (105),Not an NIA or Emerging Neighbourhood,,17825585.0,Lawrence Park North
1643118.0,1695000.0,1643118.0,HOUSE,HOUSE,Forest Hill North,43.7003904,-79.4374219,3,0,2,1300.0,436.84,3079.78,277.53,922.05,392.21,312.17,418.38,165.59,40,42,34,56,2502311,26022826,,102,102,Forest Hill North,Forest Hill North (102),Not an NIA or Emerging Neighbourhood,,17825617.0,Forest Hill North
1620000.0,1389000.0,1620000.0,HOUSE,HOUSE,Forest Hill North,43.6997291,-79.4385708,3,1,3,1300.0,554.67,3074.51,304.03,805.21,475.86,210.31,301.09,205.24,45,43,30,56,2502311,26022826,,102,102,Forest Hill North,Forest Hill North (102),Not an NIA or Emerging Neighbourhood,,17825617.0,Forest Hill North
1700000.0,1289000.0,1700000.0,HOUSE,HOUSE,Greenwood Coxwell,43.6669194,-79.3193833,3,1,3,1300.0,222.18,2598.51,250.82,651.04,653.2,119.81,614.64,1938.69,31,51,26,91,2502276,26022791,,65,65,Greenwood-Coxwell,Greenwood-Coxwell (65),Not an NIA or Emerging Neighbourhood,,17826177.0,Greenwood-Coxwell
1625000.0,1660000.0,1625000.0,HOUSE,HOUSE,South Riverdale,43.6666844,-79.3379439,3,0,2,2250.0,448.77,1337.94,161.4,287.1,218.12,209.31,249.26,1574.73,51,65,29,86,2502281,26022796,,70,70,South Riverdale,South Riverdale (70),Not an NIA or Emerging Neighbourhood,,17826097.0,South Riverdale
1600000.0,1499000.0,1600000.0,HOUSE,HOUSE,Lawrence Park North,43.7309622,-79.3947909,3,1,2,1300.0,564.08,1914.33,314.95,878.05,719.56,782.21,813.7,802.72,17,30,22,54,2502313,26022828,,105,105,Lawrence Park North,Lawrence Park North (105),Not an NIA or Emerging Neighbourhood,,17825585.0,Lawrence Park North
1630000.0,1389000.0,1630000.0,HOUSE,HOUSE,Dovercourt Wallace Emerson Junction,43.6616577,-79.4485405,3,0,2,1750.0,271.8,2371.08,216.14,453.74,512.29,356.25,61.51,542.59,47,55,35,4,2502363,26022878,,171,171,Junction-Wallace Emerson,Junction-Wallace Emerson (171),Not an NIA or Emerging Neighbourhood,,17824785.0,Junction-Wallace Emerson
1555000.0,1398000.0,1555000.0,HOUSE,HOUSE,High Park North,43.6532385,-79.4727396,3,0,2,1750.0,316.83,1417.69,112.69,176.74,361.45,188.54,286.49,312.86,30,46,28,100,2502267,26022782,,88,88,High Park North,High Park North (88),Not an NIA or Emerging Neighbourhood,,17826321.0,High Park North
1595000.0,1649900.0,1595000.0,HOUSE,HOUSE,Lawrence Park North,43.7247595,-79.4048201,3,0,2,1750.0,309.82,2500.55,242.02,246.27,317.61,213.16,187.07,258.35,22,44,33,54,2502313,26022828,,105,105,Lawrence Park North,Lawrence Park North (105),Not an NIA or Emerging Neighbourhood,,17825585.0,Lawrence Park North
1650000.0,1699000.0,1650000.0,HOUSE,HOUSE,Lawrence Park South,43.7092694,-79.4151242,3,0,2,1300.0,188.71,2813.05,678.99,893.56,632.6,650.65,632.98,1359.43,16,56,47,55,2502312,26022827,,103,103,Lawrence Park South,Lawrence Park South (103),Not an NIA or Emerging Neighbourhood,,17825601.0,Lawrence Park South
1620000.0,1639000.0,1620000.0,HOUSE,HOUSE,Mount Pleasant East,43.7053446,-79.3765095,3,0,2,1300.0,95.11,1490.79,107.09,725.11,122.17,152.49,344.64,1780.37,45,42,34,59,2502308,26022823,,99,99,Mount Pleasant East,Mount Pleasant East (99),Not an NIA or Emerging Neighbourhood,,17825665.0,Mount Pleasant East
1550000.0,1399900.0,1550000.0,HOUSE,HOUSE,Danforth,43.6869008,-79.3145238,4,1,3,1750.0,187.07,902.37,307.19,660.8,154.97,317.23,179.1,162.02,21,58,36,90,2502277,26022792,,66,66,Danforth,Danforth (66),Not an NIA or Emerging Neighbourhood,,17826161.0,Danforth
1655500.0,1549000.0,1655500.0,HOUSE,HOUSE,High Park North,43.6585106,-79.4653772,3,1,2,1300.0,323.95,1420.74,192.82,549.51,776.59,526.99,690.59,530.05,54,47,31,100,2502267,26022782,,88,88,High Park North,High Park North (88),Not an NIA or Emerging Neighbourhood,,17826321.0,High Park North
1575000.0,1689000.0,1575000.0,HOUSE,HOUSE,Runnymede Bloor West Village,43.6569493,-79.482473,3,0,2,1300.0,373.02,849.66,242.97,892.0,745.53,497.2,407.36,782.14,43,52,26,99,2502268,26022783,,89,89,Runnymede-Bloor West Village,Runnymede-Bloor West Village (89),Not an NIA or Emerging Neighbourhood,,17826305.0,Runnymede-Bloor West Village
1597000.0,1698000.0,1597000.0,HOUSE,HOUSE,Lawrence Park South,43.7081657,-79.4134073,3,0,2,1750.0,149.74,2993.33,654.13,876.1,474.17,517.67,484.58,1202.69,17,56,45,55,2502312,26022827,,103,103,Lawrence Park South,Lawrence Park South (103),Not an NIA or Emerging Neighbourhood,,17825601.0,Lawrence Park South
1562500.0,1650000.0,1562500.0,HOUSE,HOUSE,Junction Area,43.6617078,-79.4766938,3,2,3,1750.0,192.7,464.26,159.49,851.5,792.61,470.68,710.96,1113.94,48,58,32,67,2502300,26022815,,90,90,Junction Area,Junction Area (90),Not an NIA or Emerging Neighbourhood,,17825793.0,Junction Area
1670000.0,1669000.0,1670000.0,HOUSE,HOUSE,High Park North,43.6544866,-79.4722447,4,0,2,1300.0,322.38,1317.35,236.09,318.3,491.33,279.95,424.93,432.44,30,50,30,100,2502267,26022782,,88,88,High Park North,High Park North (88),Not an NIA or Emerging Neighbourhood,,17826321.0,High Park North
1563000.0,1398000.0,1563000.0,HOUSE,HOUSE,Runnymede Bloor West Village,43.6540401,-79.4821187,3,1,3,1750.0,371.43,1168.16,325.54,705.01,424.4,459.37,455.1,479.0,41,49,23,99,2502268,26022783,,89,89,Runnymede-Bloor West Village,Runnymede-Bloor West Village (89),Not an NIA or Emerging Neighbourhood,,17826305.0,Runnymede-Bloor West Village
1517000.0,1498000.0,1517000.0,HOUSE,HOUSE,High Park Swansea,43.6503508,-79.456121,4,1,4,1750.0,215.89,1219.81,669.0,823.04,417.47,515.73,547.16,643.5,38,46,37,101,2502266,26022781,,87,87,High Park-Swansea,High Park-Swansea (87),Not an NIA or Emerging Neighbourhood,,17826337.0,High Park-Swansea
1678000.0,1589000.0,1678000.0,HOUSE,HOUSE,Wychwood,43.6767865,-79.4317892,3,1,2,1300.0,78.57,1311.34,62.13,367.33,413.09,407.66,501.43,1609.78,58,69,38,64,2502303,26022818,,94,94,Wychwood,Wychwood (94),Not an NIA or Emerging Neighbourhood,,17825745.0,Wychwood
1652000.0,1610000.0,1652000.0,HOUSE,HOUSE,Runnymede Bloor West Village,43.6543116,-79.4808724,3,0,2,1300.0,326.75,1134.33,246.35,624.16,435.39,444.0,432.54,487.82,40,49,24,99,2502268,26022783,,89,89,Runnymede-Bloor West Village,Runnymede-Bloor West Village (89),Not an NIA or Emerging Neighbourhood,,17826305.0,Runnymede-Bloor West Village
1670000.0,1790000.0,1670000.0,HOUSE,HOUSE,Blake Jones,43.6776941,-79.3418212,3,0,3,1750.0,140.76,1624.1,228.4,245.32,279.87,178.09,327.18,350.45,70,62,41,87,2502280,26022795,,69,69,Blake-Jones,Blake-Jones (69),Not an NIA or Emerging Neighbourhood,,17826113.0,Blake-Jones
1603500.0,1650000.0,1603500.0,HOUSE,HOUSE,High Park Swansea,43.642487,-79.4485728,5,0,2,1750.0,90.84,259.02,392.97,294.86,253.15,116.36,108.9,1646.48,50,43,21,101,2502266,26022781,,87,87,High Park-Swansea,High Park-Swansea (87),Not an NIA or Emerging Neighbourhood,,17826337.0,High Park-Swansea
1620000.0,1689000.0,1620000.0,HOUSE,HOUSE,Dufferin Grove,43.6542503,-79.430877,4,1,2,2250.0,407.18,1591.97,262.02,678.36,256.79,219.92,304.41,760.73,95,67,48,105,2502262,26022777,,83,83,Dufferin Grove,Dufferin Grove (83),Not an NIA or Emerging Neighbourhood,,17826401.0,Dufferin Grove
1575000.0,1599000.0,1575000.0,HOUSE,HOUSE,Mount Pleasant East,43.6990864,-79.3812292,3,0,4,1750.0,115.78,2254.02,224.59,778.97,790.19,940.3,798.84,1297.55,44,51,37,59,2502308,26022823,,99,99,Mount Pleasant East,Mount Pleasant East (99),Not an NIA or Emerging Neighbourhood,,17825665.0,Mount Pleasant East
1605000.0,1634000.0,1605000.0,HOUSE,HOUSE,High Park Swansea,43.6443656,-79.4778446,3,1,2,1300.0,99.93,2254.3,73.64,357.43,668.78,716.94,710.63,783.8,30,46,19,101,2502266,26022781,,87,87,High Park-Swansea,High Park-Swansea (87),Not an NIA or Emerging Neighbourhood,,17826337.0,High Park-Swansea
1630000.0,1639000.0,1630000.0,HOUSE,HOUSE,Mount Pleasant East,43.7085936,-79.3820092,3,1,3,1750.0,493.95,1302.93,384.62,715.75,483.62,516.14,399.23,1346.82,51,48,36,59,2502308,26022823,,99,99,Mount Pleasant East,Mount Pleasant East (99),Not an NIA or Emerging Neighbourhood,,17825665.0,Mount Pleasant East
1625000.0,1498000.0,1625000.0,HOUSE,HOUSE,High Park Swansea,43.6422032,-79.4750838,4,1,4,2250.0,227.57,2039.09,129.75,637.96,963.28,955.01,993.24,1058.84,10,40,14,101,2502266,26022781,,87,87,High Park-Swansea,High Park-Swansea (87),Not an NIA or Emerging Neighbourhood,,17826337.0,High Park-Swansea
1682000.0,1498000.0,1682000.0,HOUSE,HOUSE,Runnymede Bloor West Village,43.6580339,-79.48313,6,0,2,2250.0,366.55,741.08,343.28,1010.95,874.67,411.04,365.89,904.32,40,50,27,99,2502268,26022783,,89,89,Runnymede-Bloor West Village,Runnymede-Bloor West Village (89),Not an NIA or Emerging Neighbourhood,,17826305.0,Runnymede-Bloor West Village
1560000.0,1299900.0,1560000.0,HOUSE,HOUSE,East End Danforth,43.6828042,-79.2867252,3,0,2,1750.0,146.92,3172.76,158.89,1026.26,246.7,253.0,573.56,1353.05,22,43,29,94,2502273,26022788,,62,62,East End-Danforth,East End-Danforth (62),Not an NIA or Emerging Neighbourhood,,17826225.0,East End-Danforth
1505000.0,1099000.0,1505000.0,HOUSE,HOUSE,Trinity Bellwoods,43.6468693,-79.4168494,4,1,2,900.0,99.01,452.92,172.92,957.06,387.17,287.81,217.49,1885.66,175,77,37,106,2502261,26022776,,81,81,Trinity-Bellwoods,Trinity-Bellwoods (81),Not an NIA or Emerging Neighbourhood,,17826417.0,Trinity-Bellwoods
1681000.0,1499000.0,1681000.0,HOUSE,HOUSE,Wychwood,43.6813186,-79.4201568,3,0,2,1300.0,429.3,551.09,218.1,232.36,144.77,136.43,447.47,565.61,42,72,49,64,2502303,26022818,,94,94,Wychwood,Wychwood (94),Not an NIA or Emerging Neighbourhood,,17825745.0,Wychwood
1501000.0,1299000.0,1501000.0,HOUSE,HOUSE,Blake Jones,43.6790465,-79.3354242,4,0,2,900.0,98.01,1476.46,137.08,738.63,769.87,212.25,173.83,290.83,52,60,41,87,2502280,26022795,,69,69,Blake-Jones,Blake-Jones (69),Not an NIA or Emerging Neighbourhood,,17826113.0,Blake-Jones
1600000.0,1199000.0,1600000.0,HOUSE,HOUSE,Playter Estates Danforth,43.6823983,-79.3516075,3,1,3,1750.0,269.86,1798.33,428.47,703.54,498.02,573.64,429.57,469.45,72,49,30,89,2502278,26022793,,67,67,Playter Estates-Danforth,Playter Estates-Danforth (67),Not an NIA or Emerging Neighbourhood,,17826145.0,Playter Estates-Danforth
1625000.0,1299900.0,1625000.0,HOUSE,HOUSE,The Beaches,43.674839,-79.303277,3,1,3,1750.0,291.73,2419.01,374.11,652.19,636.41,573.97,627.43,1490.5,31,55,33,93,2502274,26022789,,63,63,The Beaches,The Beaches (63),Not an NIA or Emerging Neighbourhood,,17826209.0,The Beaches
1675000.0,1725000.0,1675000.0,HOUSE,HOUSE,Playter Estates Danforth,43.680214,-79.349917,3,1,2,1300.0,326.76,1584.44,156.08,463.61,233.06,384.44,369.64,303.99,76,55,30,89,2502278,26022793,,67,67,Playter Estates-Danforth,Playter Estates-Danforth (67),Not an NIA or Emerging Neighbourhood,,17826145.0,Playter Estates-Danforth
1650000.0,1195000.0,1650000.0,HOUSE,HOUSE,Lawrence Park South,43.7104555,-79.4117808,3,0,3,1750.0,139.32,2876.55,502.48,994.78,703.53,755.55,741.33,1138.49,17,55,47,55,2502312,26022827,,103,103,Lawrence Park South,Lawrence Park South (103),Not an NIA or Emerging Neighbourhood,,17825601.0,Lawrence Park South
1635000.0,1599000.0,1635000.0,HOUSE,HOUSE,North Riverdale,43.6703532,-79.3468548,4,0,2,1750.0,399.03,762.64,257.43,719.78,623.1,395.28,574.37,986.84,73,72,37,88,2502279,26022794,,68,68,North Riverdale,North Riverdale (68),Not an NIA or Emerging Neighbourhood,,17826129.0,North Riverdale
1600000.0,1649000.0,1600000.0,HOUSE,HOUSE,Lawrence Park North,43.7284342,-79.3978865,3,1,2,900.0,204.79,2033.0,160.62,503.06,401.38,477.78,458.59,435.54,17,40,26,54,2502313,26022828,,105,105,Lawrence Park North,Lawrence Park North (105),Not an NIA or Emerging Neighbourhood,,17825585.0,Lawrence Park North
1575000.0,1549000.0,1575000.0,HOUSE,HOUSE,Lawrence Park South,43.718344,-79.4040116,3,1,2,1750.0,377.76,2450.55,222.0,748.96,880.11,233.68,443.46,898.57,22,47,42,55,2502312,26022827,,103,103,Lawrence Park South,Lawrence Park South (103),Not an NIA or Emerging Neighbourhood,,17825601.0,Lawrence Park South
1660000.0,1748000.0,1660000.0,HOUSE,HOUSE,Parkwoods Donalda,43.7513386,-79.3204545,4,1,4,2250.0,203.19,3924.62,206.15,965.09,816.68,780.53,667.36,3364.04,6,25,29,14,2502353,26022868,,149,149,Parkwoods-O'Connor Hills,Parkwoods-O'Connor Hills (149),Not an NIA or Emerging Neighbourhood,,17824945.0,Parkwoods-O'Connor Hills
1615000.0,1625000.0,1615000.0,HOUSE,HOUSE,East End Danforth,43.6812712,-79.3005747,4,0,4,2250.0,189.81,2182.76,280.54,254.16,774.05,750.44,361.45,868.79,23,56,35,94,2502273,26022788,,62,62,East End-Danforth,East End-Danforth (62),Not an NIA or Emerging Neighbourhood,,17826225.0,East End-Danforth
1680000.0,1699000.0,1680000.0,HOUSE,HOUSE,South Riverdale,43.6707808,-79.3322807,3,0,4,1750.0,222.88,1858.86,362.48,563.13,493.71,458.2,435.3,1222.31,45,64,33,86,2502281,26022796,,70,70,South Riverdale,South Riverdale (70),Not an NIA or Emerging Neighbourhood,,17826097.0,South Riverdale
1588000.0,1695000.0,1588000.0,HOUSE,HOUSE,Playter Estates Danforth,43.6788407,-79.3482832,4,1,4,2250.0,184.43,1476.22,84.09,298.01,55.87,296.32,205.04,297.08,76,54,33,89,2502278,26022793,,67,67,Playter Estates-Danforth,Playter Estates-Danforth (67),Not an NIA or Emerging Neighbourhood,,17826145.0,Playter Estates-Danforth
1640000.0,1648000.0,1640000.0,HOUSE,HOUSE,Junction Area,43.6637248,-79.4693285,3,1,2,1300.0,380.65,940.43,374.27,240.7,217.74,213.25,84.46,1113.94,51,53,35,67,2502300,26022815,,90,90,Junction Area,Junction Area (90),Not an NIA or Emerging Neighbourhood,,17825793.0,Junction Area
1646000.0,1700000.0,1646000.0,HOUSE,HOUSE,O'Connor-Parkview,43.7101119,-79.29872689999999,4,0,4,2250.0,290.3,1118.45,322.52,947.18,1166.18,209.5,284.09,1586.07,8,44,18,131,2502236,26022751,,54,54,O'Connor-Parkview,O'Connor-Parkview (54),Not an NIA or Emerging Neighbourhood,,17826817.0,O'Connor-Parkview
1700000.0,1799000.0,1700000.0,HOUSE,HOUSE,North Riverdale,43.66617230000001,-79.3518795,5,0,5,2750.0,247.69,217.66,175.82,110.1,79.73,73.74,81.49,1305.7,41,81,35,88,2502279,26022794,,68,68,North Riverdale,North Riverdale (68),Not an NIA or Emerging Neighbourhood,,17826129.0,North Riverdale
1700000.0,1749999.0,1700000.0,HOUSE,HOUSE,Greenwood Coxwell,43.6695816,-79.3193645,3,1,4,1750.0,263.93,2307.73,221.0,384.75,357.49,337.94,339.43,1646.99,28,52,30,91,2502276,26022791,,65,65,Greenwood-Coxwell,Greenwood-Coxwell (65),Not an NIA or Emerging Neighbourhood,,17826177.0,Greenwood-Coxwell
1550000.0,1598000.0,1550000.0,HOUSE,HOUSE,High Park Swansea,43.6457113,-79.4713168,3,0,1,900.0,513.16,1825.41,355.47,565.25,698.64,694.9,668.94,765.29,22,43,22,101,2502266,26022781,,87,87,High Park-Swansea,High Park-Swansea (87),Not an NIA or Emerging Neighbourhood,,17826337.0,High Park-Swansea
1660000.0,1699000.0,1660000.0,HOUSE,HOUSE,South Riverdale,43.666881,-79.3359513,4,1,3,1750.0,289.19,1498.83,262.28,153.22,238.32,231.75,229.14,1579.82,53,66,30,86,2502281,26022796,,70,70,South Riverdale,South Riverdale (70),Not an NIA or Emerging Neighbourhood,,17826097.0,South Riverdale
1606000.0,1495000.0,1606000.0,HOUSE,HOUSE,Yonge St Clair,43.6928782,-79.3983586,3,0,2,1750.0,305.76,2183.63,263.87,671.66,497.34,427.49,577.26,568.92,34,64,40,61,2502306,26022821,,97,97,Yonge-St.Clair,Yonge-St.Clair (97),Not an NIA or Emerging Neighbourhood,,17825697.0,Yonge-St.Clair
1650000.0,1698899.0,1650000.0,HOUSE,HOUSE,The Beaches,43.6704042,-79.3075475,3,1,4,2250.0,327.67,2583.27,191.84,730.03,208.32,292.84,206.22,1826.42,29,48,28,93,2502274,26022789,,63,63,The Beaches,The Beaches (63),Not an NIA or Emerging Neighbourhood,,17826209.0,The Beaches
1625000.0,1769000.0,1625000.0,HOUSE,HOUSE,Blake Jones,43.6779634,-79.3421248,3,0,3,1300.0,179.06,1632.34,266.4,211.27,245.83,144.95,292.61,312.03,72,60,40,87,2502280,26022795,,69,69,Blake-Jones,Blake-Jones (69),Not an NIA or Emerging Neighbourhood,,17826113.0,Blake-Jones
1620000.0,1649000.0,1620000.0,HOUSE,HOUSE,Dovercourt Wallace Emerson Junction,43.6704414,-79.4407902,3,2,3,1750.0,190.77,2184.64,32.49,741.92,294.78,261.31,321.87,1212.32,40,56,35,4,2502363,26022878,,171,171,Junction-Wallace Emerson,Junction-Wallace Emerson (171),Not an NIA or Emerging Neighbourhood,,17824785.0,Junction-Wallace Emerson
1540000.0,1595000.0,1540000.0,HOUSE,HOUSE,High Park Swansea,43.6437885,-79.4555171,5,1,4,2250.0,518.59,593.28,677.53,555.27,549.9,630.85,590.19,1350.09,34,47,22,101,2502266,26022781,,87,87,High Park-Swansea,High Park-Swansea (87),Not an NIA or Emerging Neighbourhood,,17826337.0,High Park-Swansea
1510000.0,1575000.0,1510000.0,HOUSE,HOUSE,High Park Swansea,43.641393,-79.4519426,4,1,3,1300.0,303.03,202.6,522.19,483.53,453.55,403.02,399.26,1691.83,33,43,20,101,2502266,26022781,,87,87,High Park-Swansea,High Park-Swansea (87),Not an NIA or Emerging Neighbourhood,,17826337.0,High Park-Swansea
1700000.0,1779000.0,1700000.0,HOUSE,HOUSE,Westminster Branson,43.7884587,-79.454224,4,1,5,2750.0,328.39,1955.44,224.57,1756.96,794.14,764.95,693.09,3177.95,3,18,9,118,2502249,26022764,,35,35,Westminster-Branson,Westminster-Branson (35),Emerging Neighbourhood,EN,17826609.0,Westminster-Branson
1590000.0,1649900.0,1590000.0,HOUSE,HOUSE,Woodbine Corridor,43.6686063,-79.315155,3,0,4,1750.0,465.61,2499.19,82.86,699.51,561.49,379.83,615.44,1841.37,29,49,23,92,2502275,26022790,,64,64,Woodbine Corridor,Woodbine Corridor (64),Not an NIA or Emerging Neighbourhood,,17826193.0,Woodbine Corridor
1675000.0,1798000.0,1675000.0,HOUSE,HOUSE,Lawrence Park South,43.7184313,-79.4109319,4,0,2,1750.0,166.58,2343.66,318.29,1028.32,841.87,617.15,656.56,1112.17,12,50,45,55,2502312,26022827,,103,103,Lawrence Park South,Lawrence Park South (103),Not an NIA or Emerging Neighbourhood,,17825601.0,Lawrence Park South
1575000.0,1375000.0,1575000.0,HOUSE,HOUSE,Corso Italia Davenport,43.6834181,-79.4461494,3,1,4,1750.0,433.56,2544.21,417.91,724.23,639.49,325.06,517.96,1936.11,47,55,33,65,2502302,26022817,,92,92,Corso Italia-Davenport,Corso Italia-Davenport (92),Not an NIA or Emerging Neighbourhood,,17825761.0,Corso Italia-Davenport
1550000.0,1649000.0,1550000.0,HOUSE,HOUSE,East End Danforth,43.6813349,-79.2972678,3,0,3,1750.0,206.86,2421.36,390.09,290.37,639.67,532.4,283.38,925.93,23,58,33,94,2502273,26022788,,62,62,East End-Danforth,East End-Danforth (62),Not an NIA or Emerging Neighbourhood,,17826225.0,East End-Danforth
1607000.0,1699000.0,1607000.0,HOUSE,HOUSE,Runnymede Bloor West Village,43.6541242,-79.4843717,4,0,1,1750.0,317.76,1187.13,452.14,880.21,513.9,490.38,424.9,469.65,40,52,22,99,2502268,26022783,,89,89,Runnymede-Bloor West Village,Runnymede-Bloor West Village (89),Not an NIA or Emerging Neighbourhood,,17826305.0,Runnymede-Bloor West Village
1700000.0,1599000.0,1700000.0,HOUSE,HOUSE,Runnymede Bloor West Village,43.6523764,-79.4824343,4,0,2,1750.0,220.36,1354.62,260.61,648.45,265.38,273.29,344.67,296.06,41,51,23,99,2502268,26022783,,89,89,Runnymede-Bloor West Village,Runnymede-Bloor West Village (89),Not an NIA or Emerging Neighbourhood,,17826305.0,Runnymede-Bloor West Village
1680000.0,1599900.0,1680000.0,HOUSE,HOUSE,East End Danforth,43.6885024,-79.3049271,3,2,6,1750.0,110.32,1616.17,179.33,716.86,335.85,93.01,112.85,273.99,22,59,33,94,2502273,26022788,,62,62,East End-Danforth,East End-Danforth (62),Not an NIA or Emerging Neighbourhood,,17826225.0,East End-Danforth
1550000.0,1600000.0,1550000.0,HOUSE,HOUSE,High Park North,43.6619371,-79.4564844,5,1,2,2250.0,296.46,1990.24,393.54,688.83,620.81,415.82,535.34,621.2,45,55,38,100,2502267,26022782,,88,88,High Park North,High Park North (88),Not an NIA or Emerging Neighbourhood,,17826321.0,High Park North
1660000.0,1689900.0,1660000.0,HOUSE,HOUSE,High Park Swansea,43.6494294,-79.4812651,4,0,2,1300.0,121.18,1677.34,183.71,343.21,114.35,115.62,243.66,214.66,31,49,22,101,2502266,26022781,,87,87,High Park-Swansea,High Park-Swansea (87),Not an NIA or Emerging Neighbourhood,,17826337.0,High Park-Swansea
1600700.0,1589000.0,1600700.0,HOUSE,HOUSE,High Park Swansea,43.6460978,-79.4839061,3,0,2,1750.0,272.29,2061.22,154.97,514.4,398.76,355.15,657.02,424.78,28,50,21,101,2502266,26022781,,87,87,High Park-Swansea,High Park-Swansea (87),Not an NIA or Emerging Neighbourhood,,17826337.0,High Park-Swansea
1660000.0,1799000.0,1660000.0,HOUSE,HOUSE,Roncesvalles,43.6459646,-79.4423647,2,0,2,2250.0,313.94,868.29,163.39,531.6,493.12,420.06,440.58,1462.25,81,51,29,102,2502265,26022780,,86,86,Roncesvalles,Roncesvalles (86),Not an NIA or Emerging Neighbourhood,,17826353.0,Roncesvalles
1538158.6,1599000.0,1538158.6,HOUSE,HOUSE,Dovercourt Wallace Emerson Junction,43.6590411,-79.4416167,6,2,5,2250.0,416.82,2181.3,174.96,621.26,530.33,55.49,199.36,94.44,48,56,45,4,2502363,26022878,,171,171,Junction-Wallace Emerson,Junction-Wallace Emerson (171),Not an NIA or Emerging Neighbourhood,,17824785.0,Junction-Wallace Emerson
1650000.0,1499999.0,1650000.0,HOUSE,HOUSE,East End Danforth,43.6792546,-79.2983833,3,0,4,1300.0,325.16,2443.04,417.74,470.1,723.4,611.56,77.43,1119.45,22,53,32,94,2502273,26022788,,62,62,East End-Danforth,East End-Danforth (62),Not an NIA or Emerging Neighbourhood,,17826225.0,East End-Danforth
1530000.0,1549000.0,1530000.0,HOUSE,HOUSE,South Riverdale,43.665266,-79.3454006,3,0,2,2250.0,284.6,747.82,50.55,620.48,556.82,231.14,410.19,1550.68,60,68,34,86,2502281,26022796,,70,70,South Riverdale,South Riverdale (70),Not an NIA or Emerging Neighbourhood,,17826097.0,South Riverdale
1585000.0,1749999.0,1585000.0,HOUSE,HOUSE,East End Danforth,43.6812952,-79.3052078,3,1,5,2250.0,510.62,1854.45,162.41,518.58,756.69,635.77,667.88,824.41,19,59,35,94,2502273,26022788,,62,62,East End-Danforth,East End-Danforth (62),Not an NIA or Emerging Neighbourhood,,17826225.0,East End-Danforth
1560000.0,1599000.0,1560000.0,HOUSE,HOUSE,Lawrence Park South,43.7055763,-79.4137876,3,1,3,1750.0,395.92,3106.89,465.26,664.63,212.85,241.51,209.71,1230.14,17,52,50,55,2502312,26022827,,103,103,Lawrence Park South,Lawrence Park South (103),Not an NIA or Emerging Neighbourhood,,17825601.0,Lawrence Park South
1700000.0,1699000.0,1700000.0,HOUSE,HOUSE,Mount Pleasant East,43.7123946,-79.3861142,3,0,2,1300.0,385.52,1223.48,378.35,952.61,537.64,505.89,551.49,1181.19,23,46,41,112,2502255,26022770,,41,41,Bridle Path-Sunnybrook-York Mills,Bridle Path-Sunnybrook-York Mills (41),Not an NIA or Emerging Neighbourhood,,17826513.0,Bridle Path-Sunnybrook-York Mills
1617000.0,1599000.0,1617000.0,HOUSE,HOUSE,Yonge Eglinton,43.7028556,-79.3989137,4,1,2,1300.0,203.06,2687.26,229.38,602.85,218.73,432.41,127.03,434.99,93,51,40,58,2502309,26022824,,100,100,Yonge-Eglinton,Yonge-Eglinton (100),Not an NIA or Emerging Neighbourhood,,17825649.0,Yonge-Eglinton
1640000.0,1850000.0,1640000.0,HOUSE,HOUSE,Cabbagetown South St James Town,43.6675266,-79.3653867,4,1,5,2750.0,86.64,879.37,344.8,668.17,380.67,299.67,302.78,726.35,47,99,55,85,2502282,26022797,,71,71,Cabbagetown-South St.James Town,Cabbagetown-South St.James Town (71),Not an NIA or Emerging Neighbourhood,,17826081.0,Cabbagetown-South St.James Town
1688000.0,1800000.0,1688000.0,HOUSE,HOUSE,University,43.6573439,-79.4064669,4,0,2,1750.0,120.69,437.47,199.92,583.75,134.77,171.67,307.67,1029.15,294,74,68,80,2502287,26022802,,79,79,University,University (79),Not an NIA or Emerging Neighbourhood,,17826001.0,University
1650000.0,1795000.0,1650000.0,HOUSE,HOUSE,Casa Loma,43.6770423,-79.4107538,5,1,3,4250.0,116.9,390.14,134.85,793.83,385.65,321.26,434.98,399.42,26,80,55,62,2502305,26022820,,96,96,Casa Loma,Casa Loma (96),Not an NIA or Emerging Neighbourhood,,17825713.0,Casa Loma
1575000.0,1699900.0,1575000.0,HOUSE,HOUSE,Yonge Eglinton,43.7110669,-79.4087026,3,0,2,1300.0,375.12,2948.29,461.22,782.3,726.41,716.85,765.63,944.71,49,54,47,58,2502309,26022824,,100,100,Yonge-Eglinton,Yonge-Eglinton (100),Not an NIA or Emerging Neighbourhood,,17825649.0,Yonge-Eglinton
1520000.0,1699900.0,1520000.0,HOUSE,HOUSE,South Riverdale,43.6669672,-79.3390505,8,0,5,2750.0,440.39,1250.24,112.65,381.36,216.78,195.69,265.19,1515.41,54,69,32,86,2502281,26022796,,70,70,South Riverdale,South Riverdale (70),Not an NIA or Emerging Neighbourhood,,17826097.0,South Riverdale
1600000.0,1677000.0,1600000.0,HOUSE,HOUSE,High Park Swansea,43.6488281,-79.4834663,3,0,3,1300.0,281.08,1755.57,221.67,472.72,103.67,54.77,429.16,124.96,33,47,20,101,2502266,26022781,,87,87,High Park-Swansea,High Park-Swansea (87),Not an NIA or Emerging Neighbourhood,,17826337.0,High Park-Swansea
1560000.0,1675000.0,1560000.0,HOUSE,HOUSE,Runnymede Bloor West Village,43.6540699,-79.484994,4,1,2,1300.0,299.9,1205.47,401.83,922.57,532.87,502.19,402.23,470.85,40,50,22,99,2502268,26022783,,89,89,Runnymede-Bloor West Village,Runnymede-Bloor West Village (89),Not an NIA or Emerging Neighbourhood,,17826305.0,Runnymede-Bloor West Village
1620000.0,1799000.0,1620000.0,HOUSE,HOUSE,Annex,43.6684558,-79.4200985,6,2,4,3250.0,183.97,1087.85,424.68,606.72,653.0,547.66,56.88,502.6,96,77,60,63,2502304,26022819,,95,95,Annex,Annex (95),Not an NIA or Emerging Neighbourhood,,17825729.0,Annex
1680000.0,1775000.0,1680000.0,HOUSE,HOUSE,Mount Pleasant East,43.7140341,-79.3899055,3,1,3,2750.0,288.47,1410.36,292.71,1022.87,638.23,628.82,311.1,1067.46,51,48,46,59,2502308,26022823,,99,99,Mount Pleasant East,Mount Pleasant East (99),Not an NIA or Emerging Neighbourhood,,17825665.0,Mount Pleasant East
1700000.0,1750000.0,1700000.0,HOUSE,HOUSE,High Park Swansea,43.6463942,-79.4548318,6,1,2,2250.0,323.75,781.06,645.58,499.88,515.15,667.52,505.86,1089.36,34,47,29,101,2502266,26022781,,87,87,High Park-Swansea,High Park-Swansea (87),Not an NIA or Emerging Neighbourhood,,17826337.0,High Park-Swansea
1680000.0,1695000.0,1680000.0,HOUSE,HOUSE,Yonge Eglinton,43.7113008,-79.4076178,3,0,3,1300.0,445.29,2857.31,465.5,715.33,640.03,643.96,675.62,885.25,51,53,46,58,2502309,26022824,,100,100,Yonge-Eglinton,Yonge-Eglinton (100),Not an NIA or Emerging Neighbourhood,,17825649.0,Yonge-Eglinton
1548000.0,1548000.0,1548000.0,HOUSE,HOUSE,Rosedale Moore Park,43.6901265,-79.3835035,3,1,4,1750.0,335.98,2785.48,68.61,735.99,773.69,730.74,610.56,854.38,21,58,31,60,2502307,26022822,,98,98,Rosedale-Moore Park,Rosedale-Moore Park (98),Not an NIA or Emerging Neighbourhood,,17825681.0,Rosedale-Moore Park
1600000.0,1649000.0,1600000.0,HOUSE,HOUSE,Dovercourt Wallace Emerson Junction,43.6628287,-79.4341613,4,1,3,2250.0,105.74,2228.69,270.09,323.73,346.33,279.53,738.74,301.79,68,66,45,3,2502364,26022879,,172,172,Dovercourt Village,Dovercourt Village (172),Not an NIA or Emerging Neighbourhood,,17824769.0,Dovercourt Village
1599000.0,1629000.0,1599000.0,HOUSE,HOUSE,Mount Pleasant East,43.7007238,-79.3841414,3,0,2,1300.0,66.71,2160.88,225.77,485.19,712.66,715.15,503.67,1101.61,47,54,39,59,2502308,26022823,,99,99,Mount Pleasant East,Mount Pleasant East (99),Not an NIA or Emerging Neighbourhood,,17825665.0,Mount Pleasant East
1600000.0,1549000.0,1600000.0,HOUSE,HOUSE,Mount Pleasant East,43.7129707,-79.3892697,3,1,3,1750.0,215.02,1410.88,201.22,995.85,520.66,507.68,424.34,1017.83,57,50,44,59,2502308,26022823,,99,99,Mount Pleasant East,Mount Pleasant East (99),Not an NIA or Emerging Neighbourhood,,17825665.0,Mount Pleasant East
1650000.0,1750000.0,1650000.0,HOUSE,HOUSE,Junction Area,43.6647259,-79.4720413,3,2,2,1750.0,372.7,718.52,280.79,479.42,306.77,194.05,281.83,1277.28,57,53,37,67,2502300,26022815,,90,90,Junction Area,Junction Area (90),Not an NIA or Emerging Neighbourhood,,17825793.0,Junction Area
1789000.0,1588000.0,1789000.0,HOUSE,HOUSE,Runnymede Bloor West Village,43.6555832,-79.4821224,3,0,2,1300.0,375.32,997.23,220.3,780.57,591.05,597.0,469.95,645.06,40,52,24,99,2502268,26022783,,89,89,Runnymede-Bloor West Village,Runnymede-Bloor West Village (89),Not an NIA or Emerging Neighbourhood,,17826305.0,Runnymede-Bloor West Village
1950000.0,2172000.0,1950000.0,HOUSE,HOUSE,Forest Hill North,43.7001471,-79.4327666,4,1,4,2250.0,108.56,2858.55,161.89,997.59,56.31,194.82,461.48,286.75,25,44,29,56,2502311,26022826,,102,102,Forest Hill North,Forest Hill North (102),Not an NIA or Emerging Neighbourhood,,17825617.0,Forest Hill North
1820000.0,1849000.0,1820000.0,HOUSE,HOUSE,Palmerston Little Italy,43.6583733,-79.4200119,3,1,4,1750.0,100.03,1289.2,169.37,360.92,397.11,462.67,468.41,650.62,139,70,59,79,2502288,26022803,,80,80,Palmerston-Little Italy,Palmerston-Little Italy (80),Not an NIA or Emerging Neighbourhood,,17825985.0,Palmerston-Little Italy
1760000.0,1599900.0,1760000.0,HOUSE,HOUSE,High Park North,43.6573059,-79.4567365,3,1,3,1300.0,391.62,1964.0,79.94,1029.44,261.03,187.61,357.41,299.35,34,48,38,100,2502267,26022782,,88,88,High Park North,High Park North (88),Not an NIA or Emerging Neighbourhood,,17826321.0,High Park North
1965000.0,1649000.0,1965000.0,HOUSE,HOUSE,Dovercourt Wallace Emerson Junction,43.662975,-79.4422446,3,1,3,1750.0,187.91,2588.92,435.01,665.59,528.29,171.22,403.47,431.82,48,60,47,4,2502363,26022878,,171,171,Junction-Wallace Emerson,Junction-Wallace Emerson (171),Not an NIA or Emerging Neighbourhood,,17824785.0,Junction-Wallace Emerson
1950000.0,1998000.0,1950000.0,HOUSE,HOUSE,Moss Park,43.6601212,-79.3680247,3,1,2,2250.0,116.28,1067.58,225.57,190.01,256.95,154.05,196.72,1119.0,96,98,60,83,2502284,26022799,,73,73,Moss Park,Moss Park (73),Not an NIA or Emerging Neighbourhood,,17826049.0,Moss Park
1752500.0,1769900.0,1752500.0,HOUSE,HOUSE,High Park North,43.6565498,-79.4712964,4,0,2,1300.0,235.26,1178.73,230.45,559.31,718.21,489.78,663.82,464.9,31,51,31,100,2502267,26022782,,88,88,High Park North,High Park North (88),Not an NIA or Emerging Neighbourhood,,17826321.0,High Park North
1950000.0,1999900.0,1950000.0,HOUSE,HOUSE,The Beaches,43.6758235,-79.3043429,4,2,3,1300.0,162.84,2281.39,364.22,791.18,775.02,704.35,631.81,1352.87,31,56,34,93,2502274,26022789,,63,63,The Beaches,The Beaches (63),Not an NIA or Emerging Neighbourhood,,17826209.0,The Beaches
1900000.0,1880000.0,1900000.0,HOUSE,HOUSE,Dovercourt Wallace Emerson Junction,43.6662188,-79.4250008,4,2,3,1300.0,162.42,1483.23,379.72,882.26,466.68,420.51,438.46,440.23,77,70,52,3,2502364,26022879,,172,172,Dovercourt Village,Dovercourt Village (172),Not an NIA or Emerging Neighbourhood,,17824769.0,Dovercourt Village
1867500.0,1849000.0,1867500.0,HOUSE,HOUSE,Mount Pleasant East,43.7041418,-79.3840614,3,0,3,1300.0,343.86,1814.92,153.7,332.49,471.35,472.96,363.89,1202.16,56,54,39,59,2502308,26022823,,99,99,Mount Pleasant East,Mount Pleasant East (99),Not an NIA or Emerging Neighbourhood,,17825665.0,Mount Pleasant East
1711000.0,1479000.0,1711000.0,HOUSE,HOUSE,The Beaches,43.6736891,-79.2852337,3,0,3,1750.0,106.98,3668.14,484.67,1137.28,789.21,730.59,69.26,2156.4,27,25,19,93,2502274,26022789,,63,63,The Beaches,The Beaches (63),Not an NIA or Emerging Neighbourhood,,17826209.0,The Beaches
1705000.0,1698000.0,1705000.0,HOUSE,HOUSE,Woodbine Corridor,43.6766138,-79.3179022,3,0,2,1750.0,191.15,1586.04,166.15,570.18,435.43,370.23,347.23,934.65,28,61,34,92,2502275,26022790,,64,64,Woodbine Corridor,Woodbine Corridor (64),Not an NIA or Emerging Neighbourhood,,17826193.0,Woodbine Corridor
1879000.0,1889000.0,1879000.0,HOUSE,HOUSE,The Beaches,43.6789526,-79.2951316,3,0,2,1300.0,148.48,2689.62,218.46,605.65,474.46,365.87,203.39,1237.44,33,50,29,93,2502274,26022789,,63,63,The Beaches,The Beaches (63),Not an NIA or Emerging Neighbourhood,,17826209.0,The Beaches
1780000.0,1850000.0,1780000.0,HOUSE,HOUSE,Lawrence Park North,43.7323324,-79.4060954,3,0,2,1750.0,139.95,2371.64,219.69,898.91,205.72,140.67,377.29,726.23,18,36,22,54,2502313,26022828,,105,105,Lawrence Park North,Lawrence Park North (105),Not an NIA or Emerging Neighbourhood,,17825585.0,Lawrence Park North
1730000.0,1399000.0,1730000.0,HOUSE,HOUSE,Greenwood Coxwell,43.6717275,-79.321291,3,0,4,1750.0,111.97,2046.33,304.14,100.41,214.42,138.76,58.67,1388.75,26,55,32,91,2502276,26022791,,65,65,Greenwood-Coxwell,Greenwood-Coxwell (65),Not an NIA or Emerging Neighbourhood,,17826177.0,Greenwood-Coxwell
1767500.0,1829000.0,1767500.0,HOUSE,HOUSE,Wychwood,43.6784089,-79.427231,3,0,3,1300.0,310.29,944.76,307.98,435.84,378.72,344.76,394.46,1207.05,57,72,45,64,2502303,26022818,,94,94,Wychwood,Wychwood (94),Not an NIA or Emerging Neighbourhood,,17825745.0,Wychwood
1840000.0,1829000.0,1840000.0,HOUSE,HOUSE,Rosedale Moore Park,43.6934294,-79.3795097,4,0,3,1750.0,643.21,2837.36,220.67,1167.17,748.13,856.32,783.24,1292.99,4,54,30,60,2502307,26022822,,98,98,Rosedale-Moore Park,Rosedale-Moore Park (98),Not an NIA or Emerging Neighbourhood,,17825681.0,Rosedale-Moore Park
1958000.0,1699900.0,1958000.0,HOUSE,HOUSE,South Riverdale,43.6666757,-79.3306012,3,0,4,1750.0,141.64,1928.39,252.47,323.78,607.7,430.65,451.64,1697.17,51,63,31,86,2502281,26022796,,70,70,South Riverdale,South Riverdale (70),Not an NIA or Emerging Neighbourhood,,17826097.0,South Riverdale
1850000.0,1990000.0,1850000.0,HOUSE,HOUSE,The Beaches,43.670179,-79.2948899,3,0,4,1750.0,244.05,3265.63,289.86,288.85,149.77,170.97,128.1,2166.6,35,37,21,93,2502274,26022789,,63,63,The Beaches,The Beaches (63),Not an NIA or Emerging Neighbourhood,,17826209.0,The Beaches
1920000.0,1899000.0,1920000.0,HOUSE,HOUSE,High Park Swansea,43.6384832,-79.4762711,5,2,5,2250.0,581.11,2134.51,53.8,1019.47,1007.71,906.38,930.84,1410.02,1,39,12,101,2502266,26022781,,87,87,High Park-Swansea,High Park-Swansea (87),Not an NIA or Emerging Neighbourhood,,17826337.0,High Park-Swansea
1770000.0,1889000.0,1770000.0,HOUSE,HOUSE,High Park North,43.6558286,-79.4694486,5,1,3,2250.0,400.95,1338.38,274.68,565.58,752.22,342.98,676.68,301.35,25,54,31,100,2502267,26022782,,88,88,High Park North,High Park North (88),Not an NIA or Emerging Neighbourhood,,17826321.0,High Park North
1738000.0,1788000.0,1738000.0,HOUSE,HOUSE,Lawrence Park North,43.7330703,-79.3934581,3,0,2,1300.0,691.96,1948.36,473.7,1128.89,875.65,878.74,896.95,1040.92,16,34,19,54,2502313,26022828,,105,105,Lawrence Park North,Lawrence Park North (105),Not an NIA or Emerging Neighbourhood,,17825585.0,Lawrence Park North
1975000.0,1999000.0,1975000.0,HOUSE,HOUSE,South Riverdale,43.6602607,-79.348747,4,1,5,2250.0,187.92,825.08,184.53,142.85,129.33,159.36,532.18,2009.42,49,69,30,86,2502281,26022796,,70,70,South Riverdale,South Riverdale (70),Not an NIA or Emerging Neighbourhood,,17826097.0,South Riverdale
1750000.0,1548000.0,1750000.0,HOUSE,HOUSE,Mount Pleasant East,43.7016303,-79.3866789,3,1,3,1750.0,114.1,2160.83,181.65,286.12,520.88,523.54,297.08,946.85,65,53,42,59,2502308,26022823,,99,99,Mount Pleasant East,Mount Pleasant East (99),Not an NIA or Emerging Neighbourhood,,17825665.0,Mount Pleasant East
1710000.0,1399000.0,1710000.0,HOUSE,HOUSE,Greenwood Coxwell,43.6737716,-79.3215644,3,0,4,1750.0,122.13,1818.26,181.01,151.85,228.74,180.7,169.97,1160.4,20,57,33,91,2502276,26022791,,65,65,Greenwood-Coxwell,Greenwood-Coxwell (65),Not an NIA or Emerging Neighbourhood,,17826177.0,Greenwood-Coxwell
1925000.0,1925000.0,1925000.0,HOUSE,HOUSE,Lawrence Park North,43.7317356,-79.4109677,5,0,4,2250.0,330.58,1975.25,557.31,1062.31,539.75,536.0,622.7,908.07,44,37,26,54,2502313,26022828,,105,105,Lawrence Park North,Lawrence Park North (105),Not an NIA or Emerging Neighbourhood,,17825585.0,Lawrence Park North
1740000.0,1799000.0,1740000.0,HOUSE,HOUSE,Woodbine Corridor,43.6702441,-79.3124267,3,1,4,2250.0,360.39,2409.99,67.78,811.16,434.34,102.48,531.28,1766.55,32,51,30,92,2502275,26022790,,64,64,Woodbine Corridor,Woodbine Corridor (64),Not an NIA or Emerging Neighbourhood,,17826193.0,Woodbine Corridor
1825000.0,1499999.0,1825000.0,HOUSE,HOUSE,East End Danforth,43.6812062,-79.2977763,3,0,3,1750.0,191.12,2389.64,389.07,279.97,677.19,568.76,267.57,924.8,23,59,34,94,2502273,26022788,,62,62,East End-Danforth,East End-Danforth (62),Not an NIA or Emerging Neighbourhood,,17826225.0,East End-Danforth
1950000.0,1899999.0,1950000.0,HOUSE,HOUSE,The Beaches,43.679601,-79.284802,3,1,4,1750.0,156.72,3425.37,186.9,1252.51,143.13,114.0,709.1,1711.47,22,40,27,93,2502274,26022789,,63,63,The Beaches,The Beaches (63),Not an NIA or Emerging Neighbourhood,,17826209.0,The Beaches
1724000.0,1955000.0,1724000.0,HOUSE,HOUSE,Dovercourt Wallace Emerson Junction,43.6629336,-79.4544322,5,2,6,2750.0,162.29,2141.8,194.8,490.41,427.6,434.03,444.56,676.13,42,56,38,4,2502363,26022878,,171,171,Junction-Wallace Emerson,Junction-Wallace Emerson (171),Not an NIA or Emerging Neighbourhood,,17824785.0,Junction-Wallace Emerson
1792000.0,1888000.0,1792000.0,HOUSE,HOUSE,Westminster Branson,43.7827451,-79.4556611,4,0,4,3250.0,426.89,1410.54,273.48,1185.86,731.27,797.78,1285.58,3196.14,1,22,14,118,2502249,26022764,,35,35,Westminster-Branson,Westminster-Branson (35),Emerging Neighbourhood,EN,17826609.0,Westminster-Branson
1800000.0,1699000.0,1800000.0,HOUSE,HOUSE,Forest Hill North,43.7000929,-79.437656,3,0,4,1300.0,471.38,3063.59,266.56,889.14,405.27,274.15,382.0,156.23,42,42,33,56,2502311,26022826,,102,102,Forest Hill North,Forest Hill North (102),Not an NIA or Emerging Neighbourhood,,17825617.0,Forest Hill North
1890000.0,1775000.0,1890000.0,HOUSE,HOUSE,Corso Italia Davenport,43.6749708,-79.4408977,5,0,4,2750.0,148.92,2062.11,410.21,257.31,389.07,214.37,825.49,1694.38,46,60,36,65,2502302,26022817,,92,92,Corso Italia-Davenport,Corso Italia-Davenport (92),Not an NIA or Emerging Neighbourhood,,17825761.0,Corso Italia-Davenport
1875000.0,1988000.0,1875000.0,HOUSE,HOUSE,Junction Area,43.6639507,-79.465462,4,0,4,2250.0,144.12,1248.92,289.51,95.31,219.37,183.91,254.49,1045.26,51,50,32,67,2502300,26022815,,90,90,Junction Area,Junction Area (90),Not an NIA or Emerging Neighbourhood,,17825793.0,Junction Area
1850000.0,1799000.0,1850000.0,HOUSE,HOUSE,Lawrence Park North,43.7291907,-79.4062635,4,0,2,1300.0,263.19,2343.77,195.87,600.59,228.95,379.97,364.3,438.86,22,39,26,54,2502313,26022828,,105,105,Lawrence Park North,Lawrence Park North (105),Not an NIA or Emerging Neighbourhood,,17825585.0,Lawrence Park North
1900000.0,1895000.0,1900000.0,HOUSE,HOUSE,Runnymede Bloor West Village,43.6544918,-79.4779652,5,1,3,2250.0,164.51,1140.16,241.31,438.59,378.12,398.31,425.2,348.2,42,49,25,99,2502268,26022783,,89,89,Runnymede-Bloor West Village,Runnymede-Bloor West Village (89),Not an NIA or Emerging Neighbourhood,,17826305.0,Runnymede-Bloor West Village
1750000.0,1549000.0,1750000.0,HOUSE,HOUSE,South Riverdale,43.6645334,-79.3484731,3,0,4,1750.0,157.39,531.3,86.57,393.74,342.08,212.61,211.9,1557.04,47,73,32,86,2502281,26022796,,70,70,South Riverdale,South Riverdale (70),Not an NIA or Emerging Neighbourhood,,17826097.0,South Riverdale
1771000.0,1499000.0,1771000.0,HOUSE,HOUSE,East End Danforth,43.6818685,-79.3001221,4,0,2,1750.0,115.65,2187.38,296.17,179.49,709.38,692.48,394.65,807.27,25,60,35,94,2502273,26022788,,62,62,East End-Danforth,East End-Danforth (62),Not an NIA or Emerging Neighbourhood,,17826225.0,East End-Danforth
1770000.0,1795000.0,1770000.0,HOUSE,HOUSE,Lawrence Park North,43.7306067,-79.3931481,3,0,2,1750.0,545.86,1779.6,205.79,940.39,841.78,919.45,906.48,886.44,17,31,20,54,2502313,26022828,,105,105,Lawrence Park North,Lawrence Park North (105),Not an NIA or Emerging Neighbourhood,,17825585.0,Lawrence Park North
1793000.0,1899000.0,1793000.0,HOUSE,HOUSE,Yonge Eglinton,43.7103131,-79.4032007,4,0,3,1750.0,279.41,2556.25,267.55,358.18,294.37,345.39,340.08,542.73,68,54,38,58,2502309,26022824,,100,100,Yonge-Eglinton,Yonge-Eglinton (100),Not an NIA or Emerging Neighbourhood,,17825649.0,Yonge-Eglinton
1935000.0,1799000.0,1935000.0,HOUSE,HOUSE,Woodbine Corridor,43.6735083,-79.3146307,3,0,3,2250.0,284.36,2006.19,212.71,607.41,365.52,353.93,362.66,1363.27,22,55,33,92,2502275,26022790,,64,64,Woodbine Corridor,Woodbine Corridor (64),Not an NIA or Emerging Neighbourhood,,17826193.0,Woodbine Corridor
1750000.0,1899000.0,1750000.0,HOUSE,HOUSE,High Park North,43.6542979,-79.470438,4,1,3,1750.0,426.91,1416.96,123.62,385.97,578.4,241.93,497.36,291.47,25,50,31,100,2502267,26022782,,88,88,High Park North,High Park North (88),Not an NIA or Emerging Neighbourhood,,17826321.0,High Park North
1905000.0,1799000.0,1905000.0,HOUSE,HOUSE,Roncesvalles,43.6489038,-79.4493593,5,0,3,2750.0,258.01,951.38,352.41,421.47,224.6,329.79,366.19,941.06,43,46,31,102,2502265,26022780,,86,86,Roncesvalles,Roncesvalles (86),Not an NIA or Emerging Neighbourhood,,17826353.0,Roncesvalles
1750000.0,1499000.0,1750000.0,HOUSE,HOUSE,High Park Swansea,43.6406912,-79.4760949,6,0,4,2250.0,340.9,2110.44,48.7,778.91,1100.7,1065.09,1136.18,1200.65,1,40,15,101,2502266,26022781,,87,87,High Park-Swansea,High Park-Swansea (87),Not an NIA or Emerging Neighbourhood,,17826337.0,High Park-Swansea
1799000.0,1949900.0,1799000.0,HOUSE,HOUSE,The Beaches,43.670275,-79.2938745,3,1,3,1750.0,167.52,3319.44,238.84,370.88,216.77,136.13,129.43,2178.15,33,35,21,93,2502274,26022789,,63,63,The Beaches,The Beaches (63),Not an NIA or Emerging Neighbourhood,,17826209.0,The Beaches
1945000.0,1949000.0,1945000.0,HOUSE,HOUSE,Lawrence Park North,43.7300769,-79.4066392,4,0,3,1750.0,358.24,2312.4,297.27,698.32,240.42,309.62,458.8,532.81,23,37,25,54,2502313,26022828,,105,105,Lawrence Park North,Lawrence Park North (105),Not an NIA or Emerging Neighbourhood,,17825585.0,Lawrence Park North
1925000.0,2050000.0,1925000.0,HOUSE,HOUSE,High Park Swansea,43.6480852,-79.4828577,3,1,3,1750.0,300.84,1832.95,143.68,406.82,166.21,150.28,437.57,218.74,32,48,20,101,2502266,26022781,,87,87,High Park-Swansea,High Park-Swansea (87),Not an NIA or Emerging Neighbourhood,,17826337.0,High Park-Swansea
1728000.0,1499900.0,1728000.0,HOUSE,HOUSE,The Beaches,43.6782327,-79.296457,3,0,2,1750.0,268.53,2633.77,284.46,624.29,601.26,495.17,115.06,1271.94,36,52,29,93,2502274,26022789,,63,63,The Beaches,The Beaches (63),Not an NIA or Emerging Neighbourhood,,17826209.0,The Beaches
1800000.0,1849000.0,1800000.0,HOUSE,HOUSE,Danforth,43.6828423,-79.3321058,3,1,3,1300.0,159.52,977.85,441.19,863.51,700.42,145.76,309.33,151.3,41,53,39,90,2502277,26022792,,66,66,Danforth,Danforth (66),Not an NIA or Emerging Neighbourhood,,17826161.0,Danforth
1856000.0,1999000.0,1856000.0,HOUSE,HOUSE,Lawrence Park South,43.7038726,-79.415919,3,1,4,1750.0,415.45,2914.47,284.71,423.07,276.09,68.8,250.5,1430.91,20,52,47,55,2502312,26022827,,103,103,Lawrence Park South,Lawrence Park South (103),Not an NIA or Emerging Neighbourhood,,17825601.0,Lawrence Park South
1790000.0,1599000.0,1790000.0,HOUSE,HOUSE,High Park North,43.6600671,-79.476477,3,0,2,1300.0,167.2,612.3,242.28,893.51,891.71,639.04,787.55,930.89,48,54,34,100,2502267,26022782,,88,88,High Park North,High Park North (88),Not an NIA or Emerging Neighbourhood,,17826321.0,High Park North
1979000.0,1979000.0,1979000.0,HOUSE,HOUSE,High Park Swansea,43.648116,-79.4817028,3,1,4,1750.0,251.56,1824.17,59.77,315.67,180.88,207.44,371.03,264.35,31,49,22,101,2502266,26022781,,87,87,High Park-Swansea,High Park-Swansea (87),Not an NIA or Emerging Neighbourhood,,17826337.0,High Park-Swansea
2000000.0,1898000.0,2000000.0,HOUSE,HOUSE,Runnymede Bloor West Village,43.6542907,-79.4851013,4,0,2,1750.0,274.68,1184.24,395.18,941.74,558.89,528.16,376.72,496.63,40,53,22,99,2502268,26022783,,89,89,Runnymede-Bloor West Village,Runnymede-Bloor West Village (89),Not an NIA or Emerging Neighbourhood,,17826305.0,Runnymede-Bloor West Village
1950030.0,2049000.0,1950030.0,HOUSE,HOUSE,High Park Swansea,43.6534456,-79.4532525,4,0,4,2250.0,176.42,1480.7,345.81,989.6,271.68,159.83,180.61,388.6,37,45,37,101,2502266,26022781,,87,87,High Park-Swansea,High Park-Swansea (87),Not an NIA or Emerging Neighbourhood,,17826337.0,High Park-Swansea
1879000.0,1679000.0,1879000.0,HOUSE,HOUSE,Danforth,43.6827256,-79.3440014,3,1,3,1750.0,445.56,1730.82,321.86,458.97,416.34,292.41,190.34,320.18,71,50,35,90,2502277,26022792,,66,66,Danforth,Danforth (66),Not an NIA or Emerging Neighbourhood,,17826161.0,Danforth
1710000.0,1788000.0,1710000.0,HOUSE,HOUSE,Lawrence Park North,43.7236254,-79.4121762,2,2,2,900.0,209.32,1992.9,103.62,848.57,395.87,346.47,286.11,836.34,16,42,37,54,2502313,26022828,,105,105,Lawrence Park North,Lawrence Park North (105),Not an NIA or Emerging Neighbourhood,,17825585.0,Lawrence Park North
1850000.0,1748000.0,1850000.0,HOUSE,HOUSE,Runnymede Bloor West Village,43.6583037,-79.4832309,4,1,3,1750.0,364.71,713.97,367.25,1036.28,905.74,398.54,367.06,933.79,37,51,27,99,2502268,26022783,,89,89,Runnymede-Bloor West Village,Runnymede-Bloor West Village (89),Not an NIA or Emerging Neighbourhood,,17826305.0,Runnymede-Bloor West Village
1833000.0,1490000.0,1833000.0,HOUSE,HOUSE,High Park Swansea,43.6445198,-79.4517047,4,0,4,1750.0,254.29,485.91,723.9,237.97,233.67,348.36,272.89,1382.36,39,46,22,101,2502266,26022781,,87,87,High Park-Swansea,High Park-Swansea (87),Not an NIA or Emerging Neighbourhood,,17826337.0,High Park-Swansea
1750000.0,1799900.0,1750000.0,HOUSE,HOUSE,Blake Jones,43.6777796,-79.3412673,4,0,3,1750.0,119.98,1659.84,220.35,283.08,317.62,183.48,327.25,377.18,72,63,41,87,2502280,26022795,,69,69,Blake-Jones,Blake-Jones (69),Not an NIA or Emerging Neighbourhood,,17826113.0,Blake-Jones
1775000.0,1800000.0,1775000.0,HOUSE,HOUSE,Edenbridge Humber Valley,43.6603477,-79.519807,3,1,3,1750.0,396.4,3158.29,281.85,1502.03,108.23,230.84,131.95,1516.11,2,39,12,146,2502221,26022736,,9,9,Edenbridge-Humber Valley,Edenbridge-Humber Valley (9),Not an NIA or Emerging Neighbourhood,,17827057.0,Edenbridge-Humber Valley
1855000.0,1899000.0,1855000.0,HOUSE,HOUSE,Corso Italia Davenport,43.675462,-79.4405828,4,1,3,1750.0,192.16,2029.74,358.4,226.32,353.36,188.54,829.79,1740.9,53,60,36,65,2502302,26022817,,92,92,Corso Italia-Davenport,Corso Italia-Davenport (92),Not an NIA or Emerging Neighbourhood,,17825761.0,Corso Italia-Davenport
1970000.0,2038888.0,1970000.0,HOUSE,HOUSE,Lawrence Park North,43.7314376,-79.4124631,4,1,3,1750.0,287.52,1852.41,679.14,1127.53,561.93,659.52,498.59,982.06,46,40,27,54,2502313,26022828,,105,105,Lawrence Park North,Lawrence Park North (105),Not an NIA or Emerging Neighbourhood,,17825585.0,Lawrence Park North
1740000.0,1599000.0,1740000.0,HOUSE,HOUSE,Blake Jones,43.6789809,-79.3353902,3,0,2,1750.0,101.74,1480.89,132.22,740.92,772.32,219.73,181.4,298.15,52,60,41,87,2502280,26022795,,69,69,Blake-Jones,Blake-Jones (69),Not an NIA or Emerging Neighbourhood,,17826113.0,Blake-Jones
1805000.0,1669000.0,1805000.0,HOUSE,HOUSE,South Riverdale,43.6602788,-79.3472591,3,0,4,1750.0,230.64,896.95,157.64,114.4,87.03,74.93,412.53,2040.09,50,66,29,86,2502281,26022796,,70,70,South Riverdale,South Riverdale (70),Not an NIA or Emerging Neighbourhood,,17826097.0,South Riverdale
1750000.0,1799000.0,1750000.0,HOUSE,HOUSE,Yonge St Clair,43.6857422,-79.3994193,4,0,4,2750.0,177.97,1576.39,178.85,647.96,161.02,480.35,108.7,521.74,32,74,41,61,2502306,26022821,,97,97,Yonge-St.Clair,Yonge-St.Clair (97),Not an NIA or Emerging Neighbourhood,,17825697.0,Yonge-St.Clair
1875000.0,1729000.0,1875000.0,HOUSE,HOUSE,Playter Estates Danforth,43.6814553,-79.3611345,4,0,3,2250.0,585.8,1758.67,321.4,1367.3,595.95,464.09,554.86,549.96,34,55,30,89,2502278,26022793,,67,67,Playter Estates-Danforth,Playter Estates-Danforth (67),Not an NIA or Emerging Neighbourhood,,17826145.0,Playter Estates-Danforth
1800000.0,1499000.0,1800000.0,HOUSE,HOUSE,Junction Area,43.6615648,-79.4666873,3,0,3,1300.0,365.76,1194.66,341.56,205.65,423.65,444.41,337.53,856.1,51,50,33,67,2502300,26022815,,90,90,Junction Area,Junction Area (90),Not an NIA or Emerging Neighbourhood,,17825793.0,Junction Area
1850000.0,1428000.0,1850000.0,HOUSE,HOUSE,Mount Pleasant East,43.7011211,-79.3773338,3,0,2,1750.0,411.6,1964.99,202.3,928.03,414.02,604.01,746.97,1642.99,44,52,33,59,2502308,26022823,,99,99,Mount Pleasant East,Mount Pleasant East (99),Not an NIA or Emerging Neighbourhood,,17825665.0,Mount Pleasant East
1800000.0,2019000.0,1800000.0,HOUSE,HOUSE,Playter Estates Danforth,43.6798641,-79.348601,3,1,4,1750.0,299.18,1575.63,124.39,350.97,165.99,281.52,267.78,297.32,77,54,32,89,2502278,26022793,,67,67,Playter Estates-Danforth,Playter Estates-Danforth (67),Not an NIA or Emerging Neighbourhood,,17826145.0,Playter Estates-Danforth
1785000.0,1799000.0,1785000.0,HOUSE,HOUSE,Woodbine Corridor,43.6735048,-79.3137565,3,1,3,2250.0,290.61,2036.57,244.26,676.46,434.33,396.7,432.94,1399.81,25,55,34,92,2502275,26022790,,64,64,Woodbine Corridor,Woodbine Corridor (64),Not an NIA or Emerging Neighbourhood,,17826193.0,Woodbine Corridor
1985000.0,1999000.0,1985000.0,HOUSE,HOUSE,The Beaches,43.6698597,-79.2947583,3,1,4,1750.0,252.28,3297.41,313.01,300.63,180.76,197.88,162.01,2203.62,33,36,21,93,2502274,26022789,,63,63,The Beaches,The Beaches (63),Not an NIA or Emerging Neighbourhood,,17826209.0,The Beaches
1980000.0,2095000.0,1980000.0,HOUSE,HOUSE,Lawrence Park South,43.7178532,-79.3987259,3,1,3,1300.0,253.7,2027.22,232.55,818.5,732.61,214.12,310.83,991.48,27,46,38,55,2502312,26022827,,103,103,Lawrence Park South,Lawrence Park South (103),Not an NIA or Emerging Neighbourhood,,17825601.0,Lawrence Park South
1800000.0,1598000.0,1800000.0,HOUSE,HOUSE,Roncesvalles,43.6440514,-79.4405824,5,0,2,2250.0,319.27,853.06,289.55,677.56,496.47,444.75,499.32,1683.96,73,51,26,102,2502265,26022780,,86,86,Roncesvalles,Roncesvalles (86),Not an NIA or Emerging Neighbourhood,,17826353.0,Roncesvalles
1995250.0,1779000.0,1995250.0,HOUSE,HOUSE,The Beaches,43.6716631,-79.2987445,4,0,2,1750.0,269.24,2926.55,258.01,174.0,131.93,204.86,129.61,1946.84,37,47,27,93,2502274,26022789,,63,63,The Beaches,The Beaches (63),Not an NIA or Emerging Neighbourhood,,17826209.0,The Beaches
1835000.0,1489000.0,1835000.0,HOUSE,HOUSE,Greenwood Coxwell,43.6692005,-79.3208752,3,0,3,1750.0,213.06,2329.23,337.86,373.28,424.77,382.05,341.54,1666.43,28,52,31,91,2502276,26022791,,65,65,Greenwood-Coxwell,Greenwood-Coxwell (65),Not an NIA or Emerging Neighbourhood,,17826177.0,Greenwood-Coxwell
1825000.0,1785000.0,1825000.0,HOUSE,HOUSE,Lawrence Park North,43.7317941,-79.4055909,3,1,2,1750.0,193.05,2405.9,262.14,828.15,141.48,115.61,419.4,655.28,18,36,23,54,2502313,26022828,,105,105,Lawrence Park North,Lawrence Park North (105),Not an NIA or Emerging Neighbourhood,,17825585.0,Lawrence Park North
1753000.0,1798000.0,1753000.0,HOUSE,HOUSE,Parkwoods Donalda,43.7521475,-79.3214795,4,0,4,2250.0,112.91,3808.21,163.47,890.2,798.27,829.14,713.78,3242.59,6,24,29,14,2502353,26022868,,149,149,Parkwoods-O'Connor Hills,Parkwoods-O'Connor Hills (149),Not an NIA or Emerging Neighbourhood,,17824945.0,Parkwoods-O'Connor Hills
1850000.0,1799900.0,1850000.0,HOUSE,HOUSE,Junction Area,43.6608894,-79.4792492,3,0,2,1300.0,369.48,425.97,204.01,1072.97,943.12,650.9,737.01,1054.48,45,52,29,67,2502300,26022815,,90,90,Junction Area,Junction Area (90),Not an NIA or Emerging Neighbourhood,,17825793.0,Junction Area
1750000.0,1779000.0,1750000.0,HOUSE,HOUSE,Dufferin Grove,43.6547114,-79.4372289,3,2,3,1750.0,191.29,1892.88,420.22,635.08,138.5,535.79,221.83,634.9,69,68,46,105,2502262,26022777,,83,83,Dufferin Grove,Dufferin Grove (83),Not an NIA or Emerging Neighbourhood,,17826401.0,Dufferin Grove
1764000.0,1749000.0,1764000.0,HOUSE,HOUSE,Corso Italia Davenport,43.6748859,-79.4384899,3,1,3,1750.0,176.82,1872.27,472.59,393.92,509.43,362.22,785.0,1644.98,55,62,37,65,2502302,26022817,,92,92,Corso Italia-Davenport,Corso Italia-Davenport (92),Not an NIA or Emerging Neighbourhood,,17825761.0,Corso Italia-Davenport
1880000.0,1798000.0,1880000.0,HOUSE,HOUSE,High Park North,43.6534532,-79.4757373,5,0,2,2250.0,295.72,1299.77,230.13,230.06,248.96,264.06,265.02,195.78,35,45,26,100,2502267,26022782,,88,88,High Park North,High Park North (88),Not an NIA or Emerging Neighbourhood,,17826321.0,High Park North
1920000.0,1995000.0,1920000.0,HOUSE,HOUSE,High Park Swansea,43.6473803,-79.452231,6,1,4,2750.0,338.72,803.8,638.51,368.44,369.36,524.91,347.68,1064.65,39,46,29,101,2502266,26022781,,87,87,High Park-Swansea,High Park-Swansea (87),Not an NIA or Emerging Neighbourhood,,17826337.0,High Park-Swansea
1925000.0,1798000.0,1925000.0,HOUSE,HOUSE,High Park North,43.6582465,-79.474444,6,1,3,2750.0,128.91,872.34,199.03,709.38,791.88,733.91,788.7,738.31,47,54,34,100,2502267,26022782,,88,88,High Park North,High Park North (88),Not an NIA or Emerging Neighbourhood,,17826321.0,High Park North
1865000.0,1895000.0,1865000.0,HOUSE,HOUSE,East End Danforth,43.6810804,-79.2860337,3,1,3,1300.0,151.71,3279.08,306.8,1110.3,63.86,114.65,751.21,1533.85,22,40,28,94,2502273,26022788,,62,62,East End-Danforth,East End-Danforth (62),Not an NIA or Emerging Neighbourhood,,17826225.0,East End-Danforth
1715000.0,1649000.0,1715000.0,HOUSE,HOUSE,Blake Jones,43.674069,-79.3417435,3,1,4,1750.0,323.75,1340.82,225.04,555.42,503.09,572.15,551.41,698.63,77,61,39,87,2502280,26022795,,69,69,Blake-Jones,Blake-Jones (69),Not an NIA or Emerging Neighbourhood,,17826113.0,Blake-Jones
1808000.0,1990000.0,1808000.0,HOUSE,HOUSE,Danforth,43.6826101,-79.3446053,3,1,4,1750.0,410.61,1779.84,345.21,443.68,395.67,268.38,140.14,299.96,70,49,36,90,2502277,26022792,,66,66,Danforth,Danforth (66),Not an NIA or Emerging Neighbourhood,,17826161.0,Danforth
1869000.0,1850000.0,1869000.0,HOUSE,HOUSE,Forest Hill North,43.7010575,-79.4356427,4,0,2,1750.0,277.67,3063.04,289.45,1082.93,286.99,438.29,508.83,205.11,30,44,31,56,2502311,26022826,,102,102,Forest Hill North,Forest Hill North (102),Not an NIA or Emerging Neighbourhood,,17825617.0,Forest Hill North
1975000.0,1999000.0,1975000.0,HOUSE,HOUSE,Yonge-Eglinton,43.7055261,-79.40691280000001,3,1,3,1750.0,323.51,3051.04,195.6,647.2,210.07,84.75,509.69,684.36,74,52,43,58,2502309,26022824,,100,100,Yonge-Eglinton,Yonge-Eglinton (100),Not an NIA or Emerging Neighbourhood,,17825649.0,Yonge-Eglinton
1738000.0,1649000.0,1738000.0,HOUSE,HOUSE,Lawrence Park North,43.7271274,-79.3950256,4,0,3,2250.0,428.62,1770.77,311.71,596.06,602.03,631.29,642.85,604.77,16,38,28,54,2502313,26022828,,105,105,Lawrence Park North,Lawrence Park North (105),Not an NIA or Emerging Neighbourhood,,17825585.0,Lawrence Park North
1760000.0,1799000.0,1760000.0,HOUSE,HOUSE,The Beaches,43.6745645,-79.2956664,3,0,2,2750.0,145.16,2908.73,258.48,544.56,402.83,372.64,371.57,1679.88,39,43,25,93,2502274,26022789,,63,63,The Beaches,The Beaches (63),Not an NIA or Emerging Neighbourhood,,17826209.0,The Beaches
1920000.0,1895000.0,1920000.0,HOUSE,HOUSE,Rosedale Moore Park,43.6917092,-79.3855604,3,0,3,1750.0,533.61,2871.6,222.35,649.17,685.3,748.01,549.38,776.13,23,57,38,60,2502307,26022822,,98,98,Rosedale-Moore Park,Rosedale-Moore Park (98),Not an NIA or Emerging Neighbourhood,,17825681.0,Rosedale-Moore Park
1850000.0,1899000.0,1850000.0,HOUSE,HOUSE,The Beaches,43.6730236,-79.3003207,3,1,4,2250.0,196.17,2730.35,163.64,356.2,328.55,318.41,322.69,1784.92,33,49,30,93,2502274,26022789,,63,63,The Beaches,The Beaches (63),Not an NIA or Emerging Neighbourhood,,17826209.0,The Beaches
1830000.0,1870000.0,1830000.0,HOUSE,HOUSE,Runnymede Bloor West Village,43.6533241,-79.4836398,4,1,4,1750.0,243.44,1262.52,402.82,790.54,407.33,388.9,484.41,379.14,41,52,22,99,2502268,26022783,,89,89,Runnymede-Bloor West Village,Runnymede-Bloor West Village (89),Not an NIA or Emerging Neighbourhood,,17826305.0,Runnymede-Bloor West Village
1896000.0,1899000.0,1896000.0,HOUSE,HOUSE,Mount Pleasant East,43.7022072,-79.3858121,4,0,3,1750.0,148.33,2071.0,275.8,272.99,500.29,502.8,292.92,1037.82,79,54,42,59,2502308,26022823,,99,99,Mount Pleasant East,Mount Pleasant East (99),Not an NIA or Emerging Neighbourhood,,17825665.0,Mount Pleasant East
2000000.0,2199000.0,2000000.0,HOUSE,HOUSE,The Beaches,43.6701215,-79.307056,5,1,4,2250.0,322.5,2631.14,235.31,689.77,181.71,334.43,158.64,1866.16,29,48,26,93,2502274,26022789,,63,63,The Beaches,The Beaches (63),Not an NIA or Emerging Neighbourhood,,17826209.0,The Beaches
1744700.0,1849000.0,1744700.0,HOUSE,HOUSE,Forest Hill North,43.7006418,-79.4383063,3,1,2,1300.0,483.75,3143.64,346.48,877.42,467.76,313.96,392.71,235.39,43,43,34,56,2502311,26022826,,102,102,Forest Hill North,Forest Hill North (102),Not an NIA or Emerging Neighbourhood,,17825617.0,Forest Hill North
1850000.0,1949000.0,1850000.0,HOUSE,HOUSE,Playter Estates Danforth,43.6814827,-79.3590838,3,0,2,1300.0,424.24,1719.37,286.14,1208.23,566.74,413.89,448.87,504.63,48,52,30,89,2502278,26022793,,67,67,Playter Estates-Danforth,Playter Estates-Danforth (67),Not an NIA or Emerging Neighbourhood,,17826145.0,Playter Estates-Danforth
1850000.0,1799000.0,1850000.0,HOUSE,HOUSE,Lawrence Park North,43.7272738,-79.4091633,3,1,3,1750.0,292.41,2129.39,248.41,651.73,489.4,541.04,486.87,547.25,28,38,33,54,2502313,26022828,,105,105,Lawrence Park North,Lawrence Park North (105),Not an NIA or Emerging Neighbourhood,,17825585.0,Lawrence Park North
1715000.0,1799000.0,1715000.0,HOUSE,HOUSE,Palmerston Little Italy,43.6586476,-79.4232634,3,0,2,2250.0,126.05,1541.4,401.48,462.73,436.32,405.25,545.63,482.64,123,68,51,79,2502288,26022803,,80,80,Palmerston-Little Italy,Palmerston-Little Italy (80),Not an NIA or Emerging Neighbourhood,,17825985.0,Palmerston-Little Italy
1825000.0,1645000.0,1825000.0,HOUSE,HOUSE,Wychwood,43.6749944,-79.4210021,3,0,3,1750.0,525.03,530.92,288.47,595.95,716.99,826.6,318.5,1127.93,56,81,52,64,2502303,26022818,,94,94,Wychwood,Wychwood (94),Not an NIA or Emerging Neighbourhood,,17825745.0,Wychwood
1870000.0,1980000.0,1870000.0,HOUSE,HOUSE,The Beaches,43.6718802,-79.3075665,4,1,4,1750.0,478.15,2445.98,241.83,756.86,372.44,331.35,354.5,1666.48,29,52,30,93,2502274,26022789,,63,63,The Beaches,The Beaches (63),Not an NIA or Emerging Neighbourhood,,17826209.0,The Beaches
2000000.0,1599999.0,2000000.0,HOUSE,HOUSE,The Beaches,43.6758816,-79.286699,4,1,3,1750.0,259.0,3448.88,386.72,1144.39,526.78,531.83,297.81,1892.17,29,33,22,93,2502274,26022789,,63,63,The Beaches,The Beaches (63),Not an NIA or Emerging Neighbourhood,,17826209.0,The Beaches
1750000.0,1799990.0,1750000.0,HOUSE,HOUSE,Junction Area,43.6630916,-79.4638434,3,1,4,1750.0,119.22,1386.59,128.07,206.11,379.83,282.65,404.0,904.07,56,52,32,67,2502300,26022815,,90,90,Junction Area,Junction Area (90),Not an NIA or Emerging Neighbourhood,,17825793.0,Junction Area
1950000.0,1898000.0,1950000.0,HOUSE,HOUSE,Runnymede-Bloor West Village,43.6558122,-79.4845414,3,1,3,1750.0,208.28,1009.22,403.07,962.75,681.23,434.04,284.76,657.82,41,52,23,99,2502268,26022783,,89,89,Runnymede-Bloor West Village,Runnymede-Bloor West Village (89),Not an NIA or Emerging Neighbourhood,,17826305.0,Runnymede-Bloor West Village
1865000.0,1899000.0,1865000.0,HOUSE,HOUSE,Dovercourt Wallace Emerson Junction,43.6677888,-79.425941,3,1,3,1750.0,139.17,1380.95,353.11,780.41,635.52,451.69,430.03,602.43,73,71,52,3,2502364,26022879,,172,172,Dovercourt Village,Dovercourt Village (172),Not an NIA or Emerging Neighbourhood,,17824769.0,Dovercourt Village
1920000.0,1698000.0,1920000.0,HOUSE,HOUSE,High Park North,43.6532334,-79.4740147,4,1,3,2250.0,273.41,1373.31,114.82,150.88,292.82,275.04,240.05,233.3,34,45,26,100,2502267,26022782,,88,88,High Park North,High Park North (88),Not an NIA or Emerging Neighbourhood,,17826321.0,High Park North
1717000.0,1795000.0,1717000.0,HOUSE,HOUSE,Lawrence Park South,43.7094958,-79.4162952,3,1,2,1300.0,282.0,2738.68,637.31,872.91,692.55,679.99,689.74,1456.73,16,55,44,55,2502312,26022827,,103,103,Lawrence Park South,Lawrence Park South (103),Not an NIA or Emerging Neighbourhood,,17825601.0,Lawrence Park South
1740000.0,1788000.0,1740000.0,HOUSE,HOUSE,Lawrence Park North,43.7336803,-79.4126422,3,0,2,1750.0,537.1,1877.99,628.23,958.34,612.07,570.21,581.53,1154.19,43,36,21,54,2502313,26022828,,105,105,Lawrence Park North,Lawrence Park North (105),Not an NIA or Emerging Neighbourhood,,17825585.0,Lawrence Park North
1715000.0,1789000.0,1715000.0,HOUSE,HOUSE,Lawrence Park North,43.7295266,-79.4065374,3,0,2,1750.0,305.55,2320.83,235.55,643.68,238.23,356.51,406.64,481.13,22,37,26,54,2502313,26022828,,105,105,Lawrence Park North,Lawrence Park North (105),Not an NIA or Emerging Neighbourhood,,17825585.0,Lawrence Park North
1740000.0,1778000.0,1740000.0,HOUSE,HOUSE,Yonge Eglinton,43.7113268,-79.4074786,3,0,3,1300.0,452.33,2845.76,463.87,706.91,629.02,632.41,664.14,877.75,51,53,46,58,2502309,26022824,,100,100,Yonge-Eglinton,Yonge-Eglinton (100),Not an NIA or Emerging Neighbourhood,,17825649.0,Yonge-Eglinton
1745000.0,1799000.0,1745000.0,HOUSE,HOUSE,Lawrence Park North,43.7313532,-79.3948511,3,1,2,1300.0,588.58,1939.55,350.52,909.0,722.5,770.24,835.22,827.6,17,30,23,54,2502313,26022828,,105,105,Lawrence Park North,Lawrence Park North (105),Not an NIA or Emerging Neighbourhood,,17825585.0,Lawrence Park North
1800000.0,1789000.0,1800000.0,HOUSE,HOUSE,East End Danforth,43.6860163,-79.2960366,4,0,3,2250.0,425.6,2363.76,259.89,399.71,390.81,385.06,483.98,560.47,32,57,32,94,2502273,26022788,,62,62,East End-Danforth,East End-Danforth (62),Not an NIA or Emerging Neighbourhood,,17826225.0,East End-Danforth
1947500.0,1699000.0,1947500.0,HOUSE,HOUSE,Junction Area,43.6646885,-79.4745431,3,0,4,1300.0,388.32,517.25,108.64,672.86,502.98,105.36,480.72,1352.61,59,57,38,67,2502300,26022815,,90,90,Junction Area,Junction Area (90),Not an NIA or Emerging Neighbourhood,,17825793.0,Junction Area
1900000.0,1990000.0,1900000.0,HOUSE,HOUSE,Junction Area,43.6639269,-79.4800815,3,1,4,1300.0,542.44,96.63,209.06,930.62,608.93,486.53,449.31,1398.42,51,53,34,67,2502300,26022815,,90,90,Junction Area,Junction Area (90),Not an NIA or Emerging Neighbourhood,,17825793.0,Junction Area
1725000.0,1299000.0,1725000.0,HOUSE,HOUSE,Runnymede Bloor West Village,43.6558261,-79.4839332,5,0,2,1750.0,255.33,994.89,354.44,920.16,661.47,467.14,326.35,657.02,41,52,23,99,2502268,26022783,,89,89,Runnymede-Bloor West Village,Runnymede-Bloor West Village (89),Not an NIA or Emerging Neighbourhood,,17826305.0,Runnymede-Bloor West Village
1750000.0,1795000.0,1750000.0,HOUSE,HOUSE,Junction Area,43.6615844,-79.4783809,4,1,2,1750.0,312.1,386.47,111.19,987.03,903.12,547.48,723.21,1115.41,48,55,32,67,2502300,26022815,,90,90,Junction Area,Junction Area (90),Not an NIA or Emerging Neighbourhood,,17825793.0,Junction Area
1889000.0,1998000.0,1889000.0,HOUSE,HOUSE,Waterfront Communities The Island,43.5980769,-79.50079149999999,3,1,4,2250.0,342.44,5116.56,182.71,738.22,411.88,400.79,375.11,5209.61,17,30,14,139,2502228,26022743,,18,18,New Toronto,New Toronto (18),Not an NIA or Emerging Neighbourhood,,17826945.0,New Toronto
1800000.0,1499999.0,1800000.0,HOUSE,HOUSE,The Beaches,43.6747682,-79.2818269,3,1,2,1750.0,371.12,3854.84,412.9,1436.03,673.16,662.27,365.45,2247.42,23,25,19,93,2502274,26022789,,63,63,The Beaches,The Beaches (63),Not an NIA or Emerging Neighbourhood,,17826209.0,The Beaches
1777000.0,1899000.0,1777000.0,HOUSE,HOUSE,Dufferin Grove,43.6551748,-79.4385869,5,1,4,2250.0,243.74,1881.42,360.94,644.33,245.26,444.96,277.23,552.95,66,66,46,105,2502262,26022777,,83,83,Dufferin Grove,Dufferin Grove (83),Not an NIA or Emerging Neighbourhood,,17826401.0,Dufferin Grove
1750000.0,1599999.0,1750000.0,HOUSE,HOUSE,South Riverdale,43.6655133,-79.3351648,3,0,3,1750.0,265.4,1563.92,230.68,73.94,400.72,376.02,363.74,1737.83,52,66,29,86,2502281,26022796,,70,70,South Riverdale,South Riverdale (70),Not an NIA or Emerging Neighbourhood,,17826097.0,South Riverdale
1900000.0,1988888.0,1900000.0,HOUSE,HOUSE,High Park Swansea,43.6501702,-79.4513497,5,0,4,2250.0,79.49,1097.75,437.51,594.9,55.13,212.14,382.73,764.63,42,45,36,101,2502266,26022781,,87,87,High Park-Swansea,High Park-Swansea (87),Not an NIA or Emerging Neighbourhood,,17826337.0,High Park-Swansea
1765000.0,1850000.0,1765000.0,HOUSE,HOUSE,Lawrence Park North,43.7323713,-79.4111009,3,1,2,1750.0,396.98,1973.26,537.81,1121.26,520.35,537.45,629.43,963.85,42,38,24,54,2502313,26022828,,105,105,Lawrence Park North,Lawrence Park North (105),Not an NIA or Emerging Neighbourhood,,17825585.0,Lawrence Park North
1950000.0,1999000.0,1950000.0,HOUSE,HOUSE,Blake Jones,43.6749231,-79.3359632,3,0,4,1750.0,262.9,1773.4,291.56,806.42,607.76,670.9,631.64,694.34,51,66,41,87,2502280,26022795,,69,69,Blake-Jones,Blake-Jones (69),Not an NIA or Emerging Neighbourhood,,17826113.0,Blake-Jones
1920000.0,1950000.0,1920000.0,HOUSE,HOUSE,Lawrence Park North,43.7276095,-79.3924652,3,1,3,1750.0,508.15,1591.04,150.68,806.2,809.87,843.77,855.08,816.41,9,35,27,54,2502313,26022828,,105,105,Lawrence Park North,Lawrence Park North (105),Not an NIA or Emerging Neighbourhood,,17825585.0,Lawrence Park North
1720000.0,1849900.0,1720000.0,HOUSE,HOUSE,Lawrence Park South,43.7169302,-79.4125855,4,1,3,1750.0,336.94,2332.49,246.79,1240.26,926.37,681.51,743.62,1325.5,7,50,45,55,2502312,26022827,,103,103,Lawrence Park South,Lawrence Park South (103),Not an NIA or Emerging Neighbourhood,,17825601.0,Lawrence Park South
1740000.0,1598000.0,1740000.0,HOUSE,HOUSE,Runnymede Bloor West Village,43.6518469,-79.4835489,3,1,2,1750.0,113.09,1423.57,310.7,659.81,261.74,229.37,401.01,215.85,41,50,22,99,2502268,26022783,,89,89,Runnymede-Bloor West Village,Runnymede-Bloor West Village (89),Not an NIA or Emerging Neighbourhood,,17826305.0,Runnymede-Bloor West Village
1969000.0,1995000.0,1969000.0,HOUSE,HOUSE,Palmerston Little Italy,43.6612098,-79.4264019,3,0,4,1750.0,504.55,1889.61,175.23,627.03,103.93,114.87,836.38,130.06,97,70,51,79,2502288,26022803,,80,80,Palmerston-Little Italy,Palmerston-Little Italy (80),Not an NIA or Emerging Neighbourhood,,17825985.0,Palmerston-Little Italy
1800000.0,1499000.0,1800000.0,HOUSE,HOUSE,High Park Swansea,43.6537372,-79.4542747,3,1,2,1300.0,257.53,1529.51,421.53,1051.23,229.38,215.7,262.4,369.4,35,44,37,101,2502266,26022781,,87,87,High Park-Swansea,High Park-Swansea (87),Not an NIA or Emerging Neighbourhood,,17826337.0,High Park-Swansea
1946122.0,1699999.0,1946122.0,HOUSE,HOUSE,Dovercourt Wallace Emerson Junction,43.6620809,-79.4480937,4,1,3,2250.0,285.61,2419.95,169.05,416.96,485.86,311.54,114.81,539.71,43,53,38,4,2502363,26022878,,171,171,Junction-Wallace Emerson,Junction-Wallace Emerson (171),Not an NIA or Emerging Neighbourhood,,17824785.0,Junction-Wallace Emerson
1935000.0,2099000.0,1935000.0,HOUSE,HOUSE,Mount Pleasant East,43.7141886,-79.3890793,2,1,2,1750.0,332.59,1342.23,328.73,1085.65,656.81,643.02,361.05,1124.49,42,49,46,59,2502308,26022823,,99,99,Mount Pleasant East,Mount Pleasant East (99),Not an NIA or Emerging Neighbourhood,,17825665.0,Mount Pleasant East
1975000.0,1849000.0,1975000.0,HOUSE,HOUSE,Greenwood Coxwell,43.6694282,-79.3209237,4,1,4,2250.0,188.94,2303.61,325.74,347.8,402.51,357.92,315.93,1642.11,28,54,31,91,2502276,26022791,,65,65,Greenwood-Coxwell,Greenwood-Coxwell (65),Not an NIA or Emerging Neighbourhood,,17826177.0,Greenwood-Coxwell
1885000.0,1948000.0,1885000.0,HOUSE,HOUSE,High Park Swansea,43.6456731,-79.4770793,3,0,4,2250.0,221.72,2118.1,188.28,220.92,546.61,565.02,578.06,676.07,30,47,20,101,2502266,26022781,,87,87,High Park-Swansea,High Park-Swansea (87),Not an NIA or Emerging Neighbourhood,,17826337.0,High Park-Swansea
1901000.0,1698000.0,1901000.0,HOUSE,HOUSE,High Park North,43.6585848,-79.4740684,3,0,2,1300.0,170.74,861.74,150.86,745.69,835.15,758.22,770.23,780.85,50,55,35,100,2502267,26022782,,88,88,High Park North,High Park North (88),Not an NIA or Emerging Neighbourhood,,17826321.0,High Park North
1707038.0,1449000.0,1707038.0,HOUSE,HOUSE,Woodbine Corridor,43.6808526,-79.3180434,3,1,2,1750.0,263.34,1152.37,252.61,415.94,433.85,415.58,736.72,544.3,37,64,41,92,2502275,26022790,,64,64,Woodbine Corridor,Woodbine Corridor (64),Not an NIA or Emerging Neighbourhood,,17826193.0,Woodbine Corridor
1702000.0,1599000.0,1702000.0,HOUSE,HOUSE,Runnymede Bloor West Village,43.6587993,-79.482319,3,2,3,1750.0,367.22,644.5,352.86,1026.11,941.12,469.4,455.53,938.79,37,49,28,99,2502268,26022783,,89,89,Runnymede-Bloor West Village,Runnymede-Bloor West Village (89),Not an NIA or Emerging Neighbourhood,,17826305.0,Runnymede-Bloor West Village
1765000.0,1799000.0,1765000.0,HOUSE,HOUSE,High Park North,43.6587906,-79.4660404,4,2,3,2250.0,384.91,1359.02,244.4,513.23,736.4,564.24,642.84,551.5,54,47,31,100,2502267,26022782,,88,88,High Park North,High Park North (88),Not an NIA or Emerging Neighbourhood,,17826321.0,High Park North
1800000.0,1499000.0,1800000.0,HOUSE,HOUSE,Junction Area,43.6630134,-79.4678647,4,0,3,2250.0,358.87,1067.2,429.89,127.69,261.4,282.62,151.41,1020.23,47,51,35,67,2502300,26022815,,90,90,Junction Area,Junction Area (90),Not an NIA or Emerging Neighbourhood,,17825793.0,Junction Area
1801000.0,1499000.0,1801000.0,HOUSE,HOUSE,Runnymede Bloor West Village,43.6513874,-79.4833655,3,1,2,1750.0,109.13,1472.13,282.89,613.32,208.56,176.43,373.59,167.94,38,49,23,99,2502268,26022783,,89,89,Runnymede-Bloor West Village,Runnymede-Bloor West Village (89),Not an NIA or Emerging Neighbourhood,,17826305.0,Runnymede-Bloor West Village
1855000.0,1789000.0,1855000.0,HOUSE,HOUSE,Woodbine Corridor,43.6774877,-79.3166787,3,0,3,1300.0,229.44,1535.52,83.37,706.89,556.59,493.74,473.18,900.63,30,59,35,92,2502275,26022790,,64,64,Woodbine Corridor,Woodbine Corridor (64),Not an NIA or Emerging Neighbourhood,,17826193.0,Woodbine Corridor
1915000.0,1910000.0,1915000.0,HOUSE,HOUSE,Roncesvalles,43.6403586,-79.4449387,4,0,3,2250.0,305.79,397.03,131.28,617.71,556.87,123.62,386.05,1955.29,49,41,19,102,2502265,26022780,,86,86,Roncesvalles,Roncesvalles (86),Not an NIA or Emerging Neighbourhood,,17826353.0,Roncesvalles
2000000.0,1999000.0,2000000.0,HOUSE,HOUSE,High Park-Swansea,43.6548253,-79.388447,5,0,3,3250.0,196.0,242.01,387.87,405.16,27.67,169.65,254.75,13.96,375,97,76,81,2502286,26022801,,78,78,Kensington-Chinatown,Kensington-Chinatown (78),Not an NIA or Emerging Neighbourhood,,17826017.0,Kensington-Chinatown
1752000.0,1489000.0,1752000.0,HOUSE,HOUSE,Woodbine Corridor,43.6734341,-79.3159862,5,1,3,1750.0,316.13,1971.39,197.32,499.03,257.83,244.71,254.28,1320.03,22,56,34,92,2502275,26022790,,64,64,Woodbine Corridor,Woodbine Corridor (64),Not an NIA or Emerging Neighbourhood,,17826193.0,Woodbine Corridor
1880000.0,1899000.0,1880000.0,HOUSE,HOUSE,Dovercourt Wallace Emerson Junction,43.6705054,-79.4233512,3,0,4,1750.0,264.53,1014.59,204.44,607.87,959.88,755.36,103.55,815.51,64,73,52,3,2502364,26022879,,172,172,Dovercourt Village,Dovercourt Village (172),Not an NIA or Emerging Neighbourhood,,17824769.0,Dovercourt Village
1731622.0,1499000.0,1731622.0,HOUSE,HOUSE,Roncesvalles,43.6458535,-79.4411502,3,1,2,1750.0,406.27,930.75,231.17,626.35,551.84,414.79,427.9,1480.08,89,53,29,102,2502265,26022780,,86,86,Roncesvalles,Roncesvalles (86),Not an NIA or Emerging Neighbourhood,,17826353.0,Roncesvalles
1750000.0,1799000.0,1750000.0,HOUSE,HOUSE,Lawrence Park North,43.7279634,-79.4059085,3,0,4,1750.0,162.63,2380.64,60.43,478.2,231.8,344.33,256.53,329.24,25,42,27,54,2502313,26022828,,105,105,Lawrence Park North,Lawrence Park North (105),Not an NIA or Emerging Neighbourhood,,17825585.0,Lawrence Park North
1920000.0,1695000.0,1920000.0,HOUSE,HOUSE,Lawrence Park North,43.7296658,-79.4059051,3,1,2,1300.0,287.19,2371.41,248.54,627.8,185.28,320.04,386.96,460.52,18,37,25,54,2502313,26022828,,105,105,Lawrence Park North,Lawrence Park North (105),Not an NIA or Emerging Neighbourhood,,17825585.0,Lawrence Park North
1851000.0,1595000.0,1851000.0,HOUSE,HOUSE,Little Portugal,43.644239,-79.4237844,3,0,2,1750.0,453.02,436.82,201.05,786.07,221.19,144.79,269.46,2011.55,111,68,32,104,2502263,26022778,,84,84,Little Portugal,Little Portugal (84),Not an NIA or Emerging Neighbourhood,,17826385.0,Little Portugal
1755000.0,1499000.0,1755000.0,HOUSE,HOUSE,The Beaches,43.6765893,-79.3017358,3,1,3,2250.0,361.42,2383.83,310.95,766.57,729.06,725.12,410.33,1385.48,33,55,34,93,2502274,26022789,,63,63,The Beaches,The Beaches (63),Not an NIA or Emerging Neighbourhood,,17826209.0,The Beaches
2000000.0,2299900.0,2000000.0,HOUSE,HOUSE,South Riverdale,43.6650668,-79.33585,5,1,3,2250.0,328.98,1512.86,174.1,148.08,412.95,351.29,363.23,1781.46,53,66,29,86,2502281,26022796,,70,70,South Riverdale,South Riverdale (70),Not an NIA or Emerging Neighbourhood,,17826097.0,South Riverdale
1825000.0,2400000.0,1825000.0,HOUSE,HOUSE,Trinity Bellwoods,43.6494148,-79.4064797,4,0,2,1750.0,260.95,458.35,226.63,312.91,432.77,286.67,445.42,1583.27,316,86,51,106,2502261,26022776,,81,81,Trinity-Bellwoods,Trinity-Bellwoods (81),Not an NIA or Emerging Neighbourhood,,17826417.0,Trinity-Bellwoods
1735000.0,1799000.0,1735000.0,HOUSE,HOUSE,South Riverdale,43.6633287,-79.3347322,3,0,2,1750.0,278.6,1631.25,96.26,295.35,314.7,178.43,185.31,1983.18,49,61,24,86,2502281,26022796,,70,70,South Riverdale,South Riverdale (70),Not an NIA or Emerging Neighbourhood,,17826097.0,South Riverdale
1730000.0,1899900.0,1730000.0,HOUSE,HOUSE,Woodbine Corridor,43.6838867,-79.3148393,3,0,4,1750.0,363.63,1054.26,55.64,530.47,227.09,216.93,312.25,332.69,24,58,38,92,2502275,26022790,,64,64,Woodbine Corridor,Woodbine Corridor (64),Not an NIA or Emerging Neighbourhood,,17826193.0,Woodbine Corridor
1799900.0,1799900.0,1799900.0,HOUSE,HOUSE,Lawrence Park North,43.7314416,-79.415334,3,1,2,1750.0,388.84,1622.94,534.0,1008.11,417.62,500.95,273.96,1178.33,42,39,27,54,2502313,26022828,,105,105,Lawrence Park North,Lawrence Park North (105),Not an NIA or Emerging Neighbourhood,,17825585.0,Lawrence Park North
1780000.0,1499000.0,1780000.0,HOUSE,HOUSE,Blake Jones,43.6766646,-79.3362346,3,0,3,1750.0,275.37,1733.81,145.67,706.25,740.74,479.33,439.9,500.83,56,68,43,87,2502280,26022795,,69,69,Blake-Jones,Blake-Jones (69),Not an NIA or Emerging Neighbourhood,,17826113.0,Blake-Jones
1950000.0,2095000.0,1950000.0,HOUSE,HOUSE,Mount Pleasant West,43.7027412,-79.395232,3,1,2,1300.0,155.34,2479.04,197.18,582.07,225.68,467.08,169.27,521.28,86,47,38,1,2502366,26022881,,174,174,South Eglinton-Davisville,South Eglinton-Davisville (174),Not an NIA or Emerging Neighbourhood,,17824737.0,South Eglinton-Davisville
1837205.0,1789000.0,1837205.0,HOUSE,HOUSE,Lawrence Park North,43.7274513,-79.4104377,3,0,4,1750.0,204.36,2025.26,350.18,753.64,526.64,644.95,590.84,651.54,30,37,30,54,2502313,26022828,,105,105,Lawrence Park North,Lawrence Park North (105),Not an NIA or Emerging Neighbourhood,,17825585.0,Lawrence Park North
1850000.0,1799000.0,1850000.0,HOUSE,HOUSE,Yonge Eglinton,43.7035091,-79.4004715,4,1,3,1750.0,330.97,2738.49,311.44,528.9,288.42,415.24,263.18,392.39,83,55,40,58,2502309,26022824,,100,100,Yonge-Eglinton,Yonge-Eglinton (100),Not an NIA or Emerging Neighbourhood,,17825649.0,Yonge-Eglinton
1837500.0,1950000.0,1837500.0,HOUSE,HOUSE,Annex,43.6679373,-79.4177677,3,0,3,1750.0,207.42,1096.42,373.84,428.93,487.25,468.04,252.54,428.95,118,80,61,63,2502304,26022819,,95,95,Annex,Annex (95),Not an NIA or Emerging Neighbourhood,,17825729.0,Annex
1971000.0,2095000.0,1971000.0,HOUSE,HOUSE,Lambton Baby Point,43.6513427,-79.4879277,3,1,2,1300.0,258.72,1567.78,193.69,912.41,464.55,409.18,650.9,364.61,32,48,26,74,2502293,26022808,,114,114,Lambton Baby Point,Lambton Baby Point (114),Not an NIA or Emerging Neighbourhood,,17825905.0,Lambton Baby Point
1810000.0,1878000.0,1810000.0,HOUSE,HOUSE,Newtonbrook East,43.79880379999999,-79.4003593,5,1,4,2250.0,181.95,1312.49,297.89,2521.03,1066.93,1136.62,1111.19,2311.99,0,24,16,134,2502233,26022748,,50,50,Newtonbrook East,Newtonbrook East (50),Not an NIA or Emerging Neighbourhood,,17826865.0,Newtonbrook East
1899000.0,1899000.0,1899000.0,HOUSE,HOUSE,High Park Swansea,43.6485166,-79.4542318,6,0,4,2250.0,254.6,972.86,714.11,572.65,349.49,499.06,551.91,894.47,40,47,34,101,2502266,26022781,,87,87,High Park-Swansea,High Park-Swansea (87),Not an NIA or Emerging Neighbourhood,,17826337.0,High Park-Swansea
1845000.0,1998000.0,1845000.0,HOUSE,HOUSE,Lawrence Park South,43.7059341,-79.4158844,4,1,3,1750.0,361.44,3091.2,393.16,558.86,354.04,283.02,340.73,1394.65,19,55,46,55,2502312,26022827,,103,103,Lawrence Park South,Lawrence Park South (103),Not an NIA or Emerging Neighbourhood,,17825601.0,Lawrence Park South
1725000.0,1389000.0,1725000.0,HOUSE,HOUSE,Woodbine Corridor,43.6728646,-79.316273,5,0,2,1750.0,383.48,2022.43,144.53,466.11,224.75,229.02,245.25,1368.14,24,56,35,92,2502275,26022790,,64,64,Woodbine Corridor,Woodbine Corridor (64),Not an NIA or Emerging Neighbourhood,,17826193.0,Woodbine Corridor
1800000.0,1698000.0,1800000.0,HOUSE,HOUSE,Lawrence Park North,43.7247054,-79.4130206,3,1,2,1300.0,345.32,1889.47,155.65,905.08,311.02,354.88,270.38,866.93,19,37,35,54,2502313,26022828,,105,105,Lawrence Park North,Lawrence Park North (105),Not an NIA or Emerging Neighbourhood,,17825585.0,Lawrence Park North
1800000.0,1849900.0,1800000.0,HOUSE,HOUSE,High Park Swansea,43.6418148,-79.4511411,6,0,2,1750.0,223.79,191.66,487.42,411.44,379.82,323.5,319.98,1673.33,35,44,20,101,2502266,26022781,,87,87,High Park-Swansea,High Park-Swansea (87),Not an NIA or Emerging Neighbourhood,,17826337.0,High Park-Swansea
1915111.0,1987000.0,1915111.0,HOUSE,HOUSE,Trinity Bellwoods,43.653405,-79.4237784,3,4,6,2250.0,122.49,1228.33,238.14,346.6,354.14,376.9,72.24,1018.68,135,74,45,106,2502261,26022776,,81,81,Trinity-Bellwoods,Trinity-Bellwoods (81),Not an NIA or Emerging Neighbourhood,,17826417.0,Trinity-Bellwoods
1765000.0,1798000.0,1765000.0,HOUSE,HOUSE,Blake Jones,43.6777552,-79.3441526,5,2,4,2250.0,255.94,1518.36,284.95,102.39,128.26,150.64,160.43,248.32,70,59,39,87,2502280,26022795,,69,69,Blake-Jones,Blake-Jones (69),Not an NIA or Emerging Neighbourhood,,17826113.0,Blake-Jones
1782000.0,1799000.0,1782000.0,HOUSE,HOUSE,Yonge Eglinton,43.7116458,-79.4076778,3,1,3,1750.0,478.63,2851.32,443.34,738.49,647.94,640.99,676.38,911.54,46,54,46,58,2502309,26022824,,100,100,Yonge-Eglinton,Yonge-Eglinton (100),Not an NIA or Emerging Neighbourhood,,17825649.0,Yonge-Eglinton
1930000.0,2085000.0,1930000.0,HOUSE,HOUSE,Banbury Don Mills,43.7403582,-79.340779,4,0,4,2750.0,450.09,3296.18,119.79,661.95,492.9,524.34,568.82,3912.63,14,28,31,111,2502256,26022771,,42,42,Banbury-Don Mills,Banbury-Don Mills (42),Not an NIA or Emerging Neighbourhood,,17826497.0,Banbury-Don Mills
1900000.0,1998000.0,1900000.0,HOUSE,HOUSE,Junction Area,43.6620857,-79.4634227,5,2,4,2250.0,231.49,1436.98,74.27,278.51,482.92,383.08,481.68,787.82,59,52,31,67,2502300,26022815,,90,90,Junction Area,Junction Area (90),Not an NIA or Emerging Neighbourhood,,17825793.0,Junction Area
1780000.0,1888000.0,1780000.0,HOUSE,HOUSE,Forest Hill North,43.7020789,-79.4379018,4,1,5,2250.0,402.99,3098.08,372.69,1001.64,501.17,476.99,295.01,346.68,36,45,34,56,2502311,26022826,,102,102,Forest Hill North,Forest Hill North (102),Not an NIA or Emerging Neighbourhood,,17825617.0,Forest Hill North
1985000.0,2179000.0,1985000.0,HOUSE,HOUSE,Wychwood,43.6806885,-79.4202135,3,1,4,1750.0,396.14,505.05,200.88,273.63,214.98,201.17,474.73,621.14,42,74,50,64,2502303,26022818,,94,94,Wychwood,Wychwood (94),Not an NIA or Emerging Neighbourhood,,17825745.0,Wychwood
1952000.0,2095000.0,1952000.0,HOUSE,HOUSE,Annex,43.6728084,-79.4129695,4,0,4,2250.0,384.73,577.78,253.98,861.18,119.27,466.3,85.25,525.61,85,82,61,63,2502304,26022819,,95,95,Annex,Annex (95),Not an NIA or Emerging Neighbourhood,,17825729.0,Annex
1857500.0,1949000.0,1857500.0,HOUSE,HOUSE,South Riverdale,43.6724285,-79.333404,4,1,4,1750.0,269.18,1831.07,524.74,722.54,535.94,512.4,493.55,1018.97,32,65,36,86,2502281,26022796,,70,70,South Riverdale,South Riverdale (70),Not an NIA or Emerging Neighbourhood,,17826097.0,South Riverdale
1750000.0,1850000.0,1750000.0,HOUSE,HOUSE,Woodbine Corridor,43.6773836,-79.3148761,4,1,4,2250.0,149.99,1613.49,77.69,795.55,611.96,556.01,540.76,998.91,25,58,38,92,2502275,26022790,,64,64,Woodbine Corridor,Woodbine Corridor (64),Not an NIA or Emerging Neighbourhood,,17826193.0,Woodbine Corridor
1815000.0,1998000.0,1815000.0,HOUSE,HOUSE,Mount Pleasant East,43.705732,-79.3853782,3,1,4,1300.0,389.65,1717.01,53.91,299.85,324.55,315.15,326.59,1066.66,65,50,39,59,2502308,26022823,,99,99,Mount Pleasant East,Mount Pleasant East (99),Not an NIA or Emerging Neighbourhood,,17825665.0,Mount Pleasant East
1828000.0,1895000.0,1828000.0,HOUSE,HOUSE,Lawrence Park South,43.7183862,-79.4111079,4,0,3,1750.0,180.43,2334.54,304.12,1041.97,838.08,611.29,652.55,1124.81,12,50,44,55,2502312,26022827,,103,103,Lawrence Park South,Lawrence Park South (103),Not an NIA or Emerging Neighbourhood,,17825601.0,Lawrence Park South
1900000.0,1999900.0,1900000.0,HOUSE,HOUSE,Banbury Don Mills,43.7499284,-79.3695056,2,0,2,2250.0,304.32,2217.72,267.08,2150.47,956.25,941.55,1135.85,2209.42,2,30,33,111,2502256,26022771,,42,42,Banbury-Don Mills,Banbury-Don Mills (42),Not an NIA or Emerging Neighbourhood,,17826497.0,Banbury-Don Mills
1740000.0,1750000.0,1740000.0,HOUSE,HOUSE,Dovercourt Wallace Emerson Junction,43.6616751,-79.4323759,3,1,3,1300.0,296.56,2235.38,95.47,234.41,194.61,131.41,652.49,288.62,69,64,51,3,2502364,26022879,,172,172,Dovercourt Village,Dovercourt Village (172),Not an NIA or Emerging Neighbourhood,,17824769.0,Dovercourt Village
1775000.0,1895000.0,1775000.0,HOUSE,HOUSE,Roncesvalles,43.6406569,-79.4454604,2,1,3,2250.0,357.67,356.62,138.98,568.04,508.05,114.47,335.26,1910.23,51,41,19,102,2502265,26022780,,86,86,Roncesvalles,Roncesvalles (86),Not an NIA or Emerging Neighbourhood,,17826353.0,Roncesvalles
1825000.0,1850000.0,1825000.0,HOUSE,HOUSE,High Park Swansea,43.6530087,-79.4534702,4,1,4,2250.0,156.84,1436.4,372.4,951.05,252.56,206.36,208.07,438.17,37,45,37,101,2502266,26022781,,87,87,High Park-Swansea,High Park-Swansea (87),Not an NIA or Emerging Neighbourhood,,17826337.0,High Park-Swansea
1850000.0,1999000.0,1850000.0,HOUSE,HOUSE,South Parkdale,43.6360649,-79.4372322,6,1,5,3250.0,161.58,338.57,213.82,686.26,464.78,81.95,94.67,2601.33,46,42,16,103,2502264,26022779,,85,85,South Parkdale,South Parkdale (85),Neighbourhood Improvement Area,NIA,17826369.0,South Parkdale
1875000.0,1899999.0,1875000.0,HOUSE,HOUSE,The Beaches,43.6745204,-79.2894042,4,1,3,2250.0,174.02,3331.82,366.0,879.39,628.42,487.65,316.23,1890.06,36,31,22,93,2502274,26022789,,63,63,The Beaches,The Beaches (63),Not an NIA or Emerging Neighbourhood,,17826209.0,The Beaches
1725000.0,1900000.0,1725000.0,HOUSE,HOUSE,North Riverdale,43.6746026,-79.3545379,2,0,2,1750.0,289.4,915.62,427.74,916.29,389.41,243.0,244.6,396.09,53,73,36,88,2502279,26022794,,68,68,North Riverdale,North Riverdale (68),Not an NIA or Emerging Neighbourhood,,17826129.0,North Riverdale
1800000.0,1850000.0,1800000.0,HOUSE,HOUSE,South Riverdale,43.6722084,-79.3326333,3,1,5,1750.0,299.65,1880.25,490.78,708.83,566.56,534.0,513.57,1064.53,28,65,36,86,2502281,26022796,,70,70,South Riverdale,South Riverdale (70),Not an NIA or Emerging Neighbourhood,,17826097.0,South Riverdale
1740000.0,1780000.0,1740000.0,HOUSE,HOUSE,Forest Hill North,43.7029312,-79.4343307,3,0,3,1750.0,116.84,2998.14,170.13,1095.36,389.26,446.87,530.48,434.19,27,44,35,56,2502311,26022826,,102,102,Forest Hill North,Forest Hill North (102),Not an NIA or Emerging Neighbourhood,,17825617.0,Forest Hill North
1772000.0,1499000.0,1772000.0,HOUSE,HOUSE,Mount Pleasant West,43.7020076,-79.3945104,3,0,2,1300.0,150.28,2498.1,220.68,552.51,325.52,413.36,244.83,504.91,81,49,40,1,2502366,26022881,,174,174,South Eglinton-Davisville,South Eglinton-Davisville (174),Not an NIA or Emerging Neighbourhood,,17824737.0,South Eglinton-Davisville
1875000.0,1000000.0,1875000.0,HOUSE,HOUSE,Yonge Eglinton,43.7053103,-79.4005953,3,0,2,1300.0,134.09,2628.95,332.1,332.14,177.86,257.07,214.55,228.98,84,52,41,58,2502309,26022824,,100,100,Yonge-Eglinton,Yonge-Eglinton (100),Not an NIA or Emerging Neighbourhood,,17825649.0,Yonge-Eglinton
1925000.0,1999000.0,1925000.0,HOUSE,HOUSE,Mount Pleasant East,43.716133,-79.3985866,3,0,4,1750.0,161.73,2032.7,196.1,882.98,542.28,348.74,170.5,1042.26,38,49,38,59,2502308,26022823,,99,99,Mount Pleasant East,Mount Pleasant East (99),Not an NIA or Emerging Neighbourhood,,17825665.0,Mount Pleasant East
1900000.0,1995000.0,1900000.0,HOUSE,HOUSE,Lawrence Park South,43.7127917,-79.404985,3,0,3,1750.0,257.28,2609.28,357.05,656.14,471.5,415.48,464.18,845.93,49,56,43,55,2502312,26022827,,103,103,Lawrence Park South,Lawrence Park South (103),Not an NIA or Emerging Neighbourhood,,17825601.0,Lawrence Park South
1940000.0,1999999.0,1940000.0,HOUSE,HOUSE,Mount Pleasant East,43.7019931,-79.3781206,1,0,3,1300.0,315.71,1880.68,278.01,838.47,387.86,536.51,728.53,1605.77,48,49,34,59,2502308,26022823,,99,99,Mount Pleasant East,Mount Pleasant East (99),Not an NIA or Emerging Neighbourhood,,17825665.0,Mount Pleasant East
1900000.0,1988888.0,1900000.0,HOUSE,HOUSE,South Riverdale,43.6654037,-79.3370709,4,0,4,1300.0,419.11,1411.79,105.34,215.73,362.33,360.01,378.79,1732.87,54,68,29,86,2502281,26022796,,70,70,South Riverdale,South Riverdale (70),Not an NIA or Emerging Neighbourhood,,17826097.0,South Riverdale
1825000.0,1825000.0,1825000.0,HOUSE,HOUSE,High Park North,43.6577104,-79.4768536,3,0,3,1300.0,195.31,825.65,268.37,691.04,716.47,741.13,746.19,671.58,51,54,28,100,2502267,26022782,,88,88,High Park North,High Park North (88),Not an NIA or Emerging Neighbourhood,,17826321.0,High Park North
1950000.0,1999900.0,1950000.0,HOUSE,HOUSE,The Beaches,43.6708034,-79.3044425,4,1,4,2250.0,294.42,2691.23,439.11,485.72,356.77,267.86,252.52,1856.34,27,48,27,93,2502274,26022789,,63,63,The Beaches,The Beaches (63),Not an NIA or Emerging Neighbourhood,,17826209.0,The Beaches
1795000.0,1875000.0,1795000.0,HOUSE,HOUSE,Roncesvalles,43.6459966,-79.4469737,4,2,4,1750.0,114.18,669.19,335.3,180.46,142.76,303.0,138.54,1310.78,59,49,28,102,2502265,26022780,,86,86,Roncesvalles,Roncesvalles (86),Not an NIA or Emerging Neighbourhood,,17826353.0,Roncesvalles
1758000.0,1575000.0,1758000.0,HOUSE,HOUSE,Wychwood,43.6784266,-79.4242012,3,1,3,1750.0,553.11,702.6,147.63,544.45,572.51,368.53,401.84,1022.87,50,76,45,64,2502303,26022818,,94,94,Wychwood,Wychwood (94),Not an NIA or Emerging Neighbourhood,,17825745.0,Wychwood
1770000.0,1575000.0,1770000.0,HOUSE,HOUSE,Corso Italia Davenport,43.674757,-79.4356996,4,0,3,2750.0,367.54,1654.1,327.16,588.2,525.91,570.44,718.3,1569.25,60,60,37,65,2502302,26022817,,92,92,Corso Italia-Davenport,Corso Italia-Davenport (92),Not an NIA or Emerging Neighbourhood,,17825761.0,Corso Italia-Davenport
1850000.0,1948000.0,1850000.0,HOUSE,HOUSE,Weston Pellam Park,43.675414,-79.4607576,4,2,5,2750.0,284.81,2027.81,119.12,125.55,794.13,133.17,352.66,2146.28,31,57,36,66,2502301,26022816,,91,91,Weston-Pelham Park,Weston-Pelham Park (91),Neighbourhood Improvement Area,NIA,17825777.0,Weston-Pelham Park
1785000.0,1798888.0,1785000.0,HOUSE,HOUSE,Yonge Eglinton,43.7031157,-79.4010803,4,0,2,1750.0,347.37,2803.96,370.52,579.16,349.29,478.22,302.8,452.6,75,52,42,58,2502309,26022824,,100,100,Yonge-Eglinton,Yonge-Eglinton (100),Not an NIA or Emerging Neighbourhood,,17825649.0,Yonge-Eglinton
1720000.0,1739000.0,1720000.0,HOUSE,HOUSE,East End Danforth,43.6815277,-79.3067851,3,1,3,1750.0,574.99,1733.14,162.39,625.12,644.43,580.98,679.58,718.11,21,59,36,94,2502273,26022788,,62,62,East End-Danforth,East End-Danforth (62),Not an NIA or Emerging Neighbourhood,,17826225.0,East End-Danforth
2000000.0,2295000.0,2000000.0,HOUSE,HOUSE,Yonge Eglinton,43.699802,-79.4042302,4,1,4,2250.0,536.39,2623.94,303.16,1003.86,574.47,587.32,648.82,595.21,50,52,45,58,2502309,26022824,,100,100,Yonge-Eglinton,Yonge-Eglinton (100),Not an NIA or Emerging Neighbourhood,,17825649.0,Yonge-Eglinton
1751000.0,1798000.0,1751000.0,HOUSE,HOUSE,High Park North,43.6595137,-79.4663365,5,1,3,2250.0,349.69,1301.7,281.36,432.15,653.45,647.54,559.05,629.34,55,49,31,100,2502267,26022782,,88,88,High Park North,High Park North (88),Not an NIA or Emerging Neighbourhood,,17826321.0,High Park North
1750000.0,1795000.0,1750000.0,HOUSE,HOUSE,Wychwood,43.6783724,-79.4176168,4,2,2,1750.0,160.81,185.52,159.16,427.87,511.7,490.49,626.24,760.35,44,82,55,64,2502303,26022818,,94,94,Wychwood,Wychwood (94),Not an NIA or Emerging Neighbourhood,,17825745.0,Wychwood
1920000.0,1699900.0,1920000.0,HOUSE,HOUSE,Woodbine Corridor,43.6782809,-79.3133577,3,0,4,1750.0,262.87,1595.91,217.52,884.2,763.93,710.13,696.03,906.27,24,59,38,92,2502275,26022790,,64,64,Woodbine Corridor,Woodbine Corridor (64),Not an NIA or Emerging Neighbourhood,,17826193.0,Woodbine Corridor
2000000.0,1998000.0,2000000.0,HOUSE,HOUSE,High Park Swansea,43.6511527,-79.4703682,3,0,2,2250.0,366.96,1712.93,253.02,293.89,453.42,120.33,360.0,412.97,27,48,28,101,2502266,26022781,,87,87,High Park-Swansea,High Park-Swansea (87),Not an NIA or Emerging Neighbourhood,,17826337.0,High Park-Swansea
1710000.0,1695000.0,1710000.0,HOUSE,HOUSE,Corso Italia Davenport,43.6761118,-79.4414191,6,1,4,2750.0,152.8,2089.3,283.06,127.77,256.87,90.55,825.85,1827.82,52,59,36,65,2502302,26022817,,92,92,Corso Italia-Davenport,Corso Italia-Davenport (92),Not an NIA or Emerging Neighbourhood,,17825761.0,Corso Italia-Davenport
1750000.0,1795000.0,1750000.0,HOUSE,HOUSE,Yonge Eglinton,43.7053279,-79.4082722,5,0,3,2750.0,278.7,3130.95,306.64,754.8,123.04,150.06,400.52,795.83,64,55,45,58,2502309,26022824,,100,100,Yonge-Eglinton,Yonge-Eglinton (100),Not an NIA or Emerging Neighbourhood,,17825649.0,Yonge-Eglinton
1800000.0,1799000.0,1800000.0,HOUSE,HOUSE,Lawrence Park South,43.7074498,-79.4135485,3,1,2,1300.0,229.13,3051.37,641.22,810.77,402.81,440.0,406.97,1206.29,17,55,48,55,2502312,26022827,,103,103,Lawrence Park South,Lawrence Park South (103),Not an NIA or Emerging Neighbourhood,,17825601.0,Lawrence Park South
2150000.0,2249000.0,2150000.0,HOUSE,HOUSE,Forest Hill North,43.7040952,-79.4183869,3,1,4,3250.0,245.02,2948.02,145.59,272.03,474.89,256.52,449.81,1523.25,28,50,45,56,2502311,26022826,,102,102,Forest Hill North,Forest Hill North (102),Not an NIA or Emerging Neighbourhood,,17825617.0,Forest Hill North
2350000.0,2399000.0,2350000.0,HOUSE,HOUSE,Forest Hill North,43.7044499,-79.4190939,3,1,4,2750.0,178.9,2992.25,90.49,269.93,534.65,323.1,510.35,1485.16,29,49,45,56,2502311,26022826,,102,102,Forest Hill North,Forest Hill North (102),Not an NIA or Emerging Neighbourhood,,17825617.0,Forest Hill North
2150000.0,2199000.0,2150000.0,HOUSE,HOUSE,Mount Pleasant East,43.7142494,-79.3951864,3,1,3,2250.0,345.2,1806.48,158.93,763.82,456.75,413.59,218.5,876.14,55,52,45,59,2502308,26022823,,99,99,Mount Pleasant East,Mount Pleasant East (99),Not an NIA or Emerging Neighbourhood,,17825665.0,Mount Pleasant East
2278000.0,1999888.0,2278000.0,HOUSE,HOUSE,Lawrence Park South,43.718041,-79.4097942,6,0,3,2750.0,81.17,2444.03,356.64,997.57,930.94,699.08,746.73,1095.12,15,51,44,55,2502312,26022827,,103,103,Lawrence Park South,Lawrence Park South (103),Not an NIA or Emerging Neighbourhood,,17825601.0,Lawrence Park South
2060000.0,1990000.0,2060000.0,HOUSE,HOUSE,Greenwood Coxwell,43.6724219,-79.327112,4,0,5,2250.0,362.47,1956.0,410.57,407.94,648.44,569.57,457.96,1155.46,31,60,32,91,2502276,26022791,,65,65,Greenwood-Coxwell,Greenwood-Coxwell (65),Not an NIA or Emerging Neighbourhood,,17826177.0,Greenwood-Coxwell
2330000.0,2398000.0,2330000.0,HOUSE,HOUSE,Mount Pleasant East,43.7107261,-79.3880546,3,1,4,1750.0,170.87,1458.22,222.98,752.43,299.52,272.39,312.9,953.49,62,48,41,59,2502308,26022823,,99,99,Mount Pleasant East,Mount Pleasant East (99),Not an NIA or Emerging Neighbourhood,,17825665.0,Mount Pleasant East
2170000.0,2195000.0,2170000.0,HOUSE,HOUSE,Forest Hill South,43.7013127,-79.4120248,4,0,3,2250.0,233.93,2644.69,209.85,708.88,291.14,254.04,286.79,1239.49,17,53,43,57,2502310,26022825,,101,101,Forest Hill South,Forest Hill South (101),Not an NIA or Emerging Neighbourhood,,17825633.0,Forest Hill South
2230000.0,2450000.0,2230000.0,HOUSE,HOUSE,Lawrence Park North,43.7353458,-79.4068795,3,1,3,1750.0,228.03,2371.99,215.16,1234.31,209.03,323.71,220.32,968.64,17,32,21,54,2502313,26022828,,105,105,Lawrence Park North,Lawrence Park North (105),Not an NIA or Emerging Neighbourhood,,17825585.0,Lawrence Park North
2259000.0,2295000.0,2259000.0,HOUSE,HOUSE,Forest Hill North,43.7029867,-79.4365651,3,1,3,1750.0,293.98,2992.12,294.79,1149.0,486.61,592.44,352.65,417.81,31,43,37,56,2502311,26022826,,102,102,Forest Hill North,Forest Hill North (102),Not an NIA or Emerging Neighbourhood,,17825617.0,Forest Hill North
2265000.0,2199000.0,2265000.0,HOUSE,HOUSE,High Park Swansea,43.6429362,-79.45255,4,1,4,1750.0,277.26,358.8,651.4,383.65,363.84,392.35,394.16,1514.29,38,46,22,101,2502266,26022781,,87,87,High Park-Swansea,High Park-Swansea (87),Not an NIA or Emerging Neighbourhood,,17826337.0,High Park-Swansea
2450000.0,2495000.0,2450000.0,HOUSE,HOUSE,Lawrence Park North,43.7327585,-79.3969508,3,1,4,1750.0,612.94,2163.89,533.49,957.49,595.79,596.14,648.79,839.66,17,31,23,54,2502313,26022828,,105,105,Lawrence Park North,Lawrence Park North (105),Not an NIA or Emerging Neighbourhood,,17825585.0,Lawrence Park North
2200000.0,2299000.0,2200000.0,HOUSE,HOUSE,Corso Italia Davenport,43.675025,-79.4476397,3,0,4,1750.0,362.04,2599.07,308.19,474.98,181.3,223.0,704.87,1812.06,48,58,36,65,2502302,26022817,,92,92,Corso Italia-Davenport,Corso Italia-Davenport (92),Not an NIA or Emerging Neighbourhood,,17825761.0,Corso Italia-Davenport
2250000.0,2295000.0,2250000.0,HOUSE,HOUSE,Forest Hill North,43.7013501,-79.4355327,3,1,4,2250.0,251.24,3086.1,320.95,1107.24,299.09,438.64,498.65,238.73,30,44,33,56,2502311,26022826,,102,102,Forest Hill North,Forest Hill North (102),Not an NIA or Emerging Neighbourhood,,17825617.0,Forest Hill North
2250000.0,2295000.0,2250000.0,HOUSE,HOUSE,Yonge Eglinton,43.7002614,-79.4052352,4,0,2,1750.0,440.93,2645.54,298.41,989.28,541.61,516.79,696.59,689.02,50,52,45,58,2502309,26022824,,100,100,Yonge-Eglinton,Yonge-Eglinton (100),Not an NIA or Emerging Neighbourhood,,17825649.0,Yonge-Eglinton
2115555.0,1699000.0,2115555.0,HOUSE,HOUSE,South Riverdale,43.6691875,-79.3325324,3,1,4,1750.0,207.81,1800.22,317.3,390.52,416.53,381.42,358.3,1382.61,49,66,31,86,2502281,26022796,,70,70,South Riverdale,South Riverdale (70),Not an NIA or Emerging Neighbourhood,,17826097.0,South Riverdale
2200000.0,1999000.0,2200000.0,HOUSE,HOUSE,Mount Pleasant West,43.7021731,-79.39588289999999,3,1,5,2250.0,74.56,2560.75,230.58,649.54,253.2,392.79,137.81,484.55,87,48,41,1,2502366,26022881,,174,174,South Eglinton-Davisville,South Eglinton-Davisville (174),Not an NIA or Emerging Neighbourhood,,17824737.0,South Eglinton-Davisville
2170000.0,2269000.0,2170000.0,HOUSE,HOUSE,Roncesvalles,43.6431452,-79.4470609,5,0,3,2250.0,166.1,383.91,416.69,264.38,203.08,55.37,49.35,1607.26,57,46,22,102,2502265,26022780,,86,86,Roncesvalles,Roncesvalles (86),Not an NIA or Emerging Neighbourhood,,17826353.0,Roncesvalles
2300000.0,2395000.0,2300000.0,HOUSE,HOUSE,Lawrence Park South,43.7217637,-79.4068309,4,0,3,1750.0,293.87,2468.09,121.8,534.91,685.38,568.25,518.42,618.42,20,41,38,55,2502312,26022827,,103,103,Lawrence Park South,Lawrence Park South (103),Not an NIA or Emerging Neighbourhood,,17825601.0,Lawrence Park South
2290001.0,2099900.0,2290001.0,HOUSE,HOUSE,High Park Swansea,43.6522827,-79.4537622,3,1,5,1750.0,154.25,1362.63,421.74,887.42,237.37,284.33,265.17,520.78,35,44,38,101,2502266,26022781,,87,87,High Park-Swansea,High Park-Swansea (87),Not an NIA or Emerging Neighbourhood,,17826337.0,High Park-Swansea
2200000.0,2149000.0,2200000.0,HOUSE,HOUSE,High Park Swansea,43.6475163,-79.4817778,3,1,2,1750.0,312.23,1891.02,60.36,316.11,240.58,250.91,428.41,314.64,30,48,22,101,2502266,26022781,,87,87,High Park-Swansea,High Park-Swansea (87),Not an NIA or Emerging Neighbourhood,,17826337.0,High Park-Swansea
2150000.0,1849000.0,2150000.0,HOUSE,HOUSE,Runnymede Bloor West Village,43.6527386,-79.4802457,4,0,2,1300.0,304.32,1310.5,205.66,520.97,258.73,272.95,252.47,360.65,42,47,23,99,2502268,26022783,,89,89,Runnymede-Bloor West Village,Runnymede-Bloor West Village (89),Not an NIA or Emerging Neighbourhood,,17826305.0,Runnymede-Bloor West Village
2305000.0,2199000.0,2305000.0,HOUSE,HOUSE,High Park North,43.6599432,-79.472277,4,0,3,2250.0,131.46,864.31,63.95,611.17,698.42,655.31,564.82,803.82,54,54,36,100,2502267,26022782,,88,88,High Park North,High Park North (88),Not an NIA or Emerging Neighbourhood,,17826321.0,High Park North
2250000.0,1799000.0,2250000.0,HOUSE,HOUSE,North Riverdale,43.672927,-79.3501571,4,0,2,1750.0,316.85,811.15,308.61,775.36,542.13,529.78,585.01,619.15,79,68,36,88,2502279,26022794,,68,68,North Riverdale,North Riverdale (68),Not an NIA or Emerging Neighbourhood,,17826129.0,North Riverdale
2390000.0,2549000.0,2390000.0,HOUSE,HOUSE,Lawrence Park South,43.7182475,-79.4025349,4,1,2,1750.0,293.44,2332.02,229.08,740.12,823.53,121.6,367.0,900.78,23,43,40,55,2502312,26022827,,103,103,Lawrence Park South,Lawrence Park South (103),Not an NIA or Emerging Neighbourhood,,17825601.0,Lawrence Park South
2100000.0,2175000.0,2100000.0,HOUSE,HOUSE,Lawrence Park South,43.7218308,-79.4043773,2,1,3,2250.0,462.2,2457.74,115.48,398.99,602.63,437.38,410.02,525.08,20,43,39,55,2502312,26022827,,103,103,Lawrence Park South,Lawrence Park South (103),Not an NIA or Emerging Neighbourhood,,17825601.0,Lawrence Park South
2285000.0,2295000.0,2285000.0,HOUSE,HOUSE,Forest Hill North,43.7002409,-79.4328002,3,1,4,1750.0,113.37,2868.98,159.1,997.73,67.04,197.89,462.58,288.07,25,44,29,56,2502311,26022826,,102,102,Forest Hill North,Forest Hill North (102),Not an NIA or Emerging Neighbourhood,,17825617.0,Forest Hill North
2315000.0,2589000.0,2315000.0,HOUSE,HOUSE,Rosedale Moore Park,43.6893875,-79.3709497,5,1,5,2250.0,540.26,2851.53,241.98,1728.37,834.47,569.18,481.13,1718.3,1,53,26,60,2502307,26022822,,98,98,Rosedale-Moore Park,Rosedale-Moore Park (98),Not an NIA or Emerging Neighbourhood,,17825681.0,Rosedale-Moore Park
2150000.0,2190000.0,2150000.0,HOUSE,HOUSE,Forest Hill North,43.7001471,-79.4327666,4,1,4,2250.0,108.56,2858.55,161.89,997.59,56.31,194.82,461.48,286.75,25,44,29,56,2502311,26022826,,102,102,Forest Hill North,Forest Hill North (102),Not an NIA or Emerging Neighbourhood,,17825617.0,Forest Hill North
2250000.0,2299000.0,2250000.0,HOUSE,HOUSE,Dovercourt Wallace Emerson Junction,43.6626002,-79.4308092,4,1,5,3250.0,349.09,2077.53,122.22,392.8,173.18,219.97,799.48,361.15,61,67,49,3,2502364,26022879,,172,172,Dovercourt Village,Dovercourt Village (172),Not an NIA or Emerging Neighbourhood,,17824769.0,Dovercourt Village
2200000.0,2389000.0,2200000.0,HOUSE,HOUSE,Yonge Eglinton,43.69787,-79.400824,3,1,4,1750.0,465.75,2538.93,83.89,1156.08,356.23,328.6,361.69,284.14,34,53,46,58,2502309,26022824,,100,100,Yonge-Eglinton,Yonge-Eglinton (100),Not an NIA or Emerging Neighbourhood,,17825649.0,Yonge-Eglinton
2100000.0,2299000.0,2100000.0,HOUSE,HOUSE,Casa Loma,43.68125,-79.4165754,5,1,5,1750.0,252.4,407.57,183.59,133.33,284.74,219.16,295.72,429.62,40,75,46,62,2502305,26022820,,96,96,Casa Loma,Casa Loma (96),Not an NIA or Emerging Neighbourhood,,17825713.0,Casa Loma
2360000.0,1999000.0,2360000.0,HOUSE,HOUSE,Mount Pleasant East,43.7012261,-79.3765175,4,1,4,2250.0,409.77,1944.24,248.66,919.22,369.03,577.14,710.3,1709.59,39,50,33,59,2502308,26022823,,99,99,Mount Pleasant East,Mount Pleasant East (99),Not an NIA or Emerging Neighbourhood,,17825665.0,Mount Pleasant East
2240000.0,1999000.0,2240000.0,HOUSE,HOUSE,Rosedale Moore Park,43.6916388,-79.3847327,3,1,4,1750.0,514.33,2923.51,163.25,702.82,739.52,802.77,596.94,829.08,21,56,37,60,2502307,26022822,,98,98,Rosedale-Moore Park,Rosedale-Moore Park (98),Not an NIA or Emerging Neighbourhood,,17825681.0,Rosedale-Moore Park
2350000.0,2349000.0,2350000.0,HOUSE,HOUSE,Lawrence Park North,43.7255763,-79.410724,3,1,4,1750.0,373.6,2041.12,329.38,724.46,477.0,557.84,477.1,668.44,26,38,33,54,2502313,26022828,,105,105,Lawrence Park North,Lawrence Park North (105),Not an NIA or Emerging Neighbourhood,,17825585.0,Lawrence Park North
2019600.0,1998000.0,2019600.0,HOUSE,HOUSE,Annex,43.6733019,-79.3969816,4,0,3,2250.0,391.07,1492.94,114.41,688.26,154.36,197.54,204.16,561.13,96,91,70,63,2502304,26022819,,95,95,Annex,Annex (95),Not an NIA or Emerging Neighbourhood,,17825729.0,Annex
2152000.0,2200000.0,2152000.0,HOUSE,HOUSE,Trinity Bellwoods,43.6517164,-79.4141056,4,3,5,1750.0,30.55,720.33,340.09,619.43,345.57,385.6,506.32,1420.32,181,80,57,106,2502261,26022776,,81,81,Trinity-Bellwoods,Trinity-Bellwoods (81),Not an NIA or Emerging Neighbourhood,,17826417.0,Trinity-Bellwoods
2425000.0,2595000.0,2425000.0,HOUSE,HOUSE,Rosedale Moore Park,43.6939764,-79.3809248,3,0,4,1750.0,549.25,2799.39,118.97,1098.92,822.06,952.5,866.55,1225.98,7,54,34,60,2502307,26022822,,98,98,Rosedale-Moore Park,Rosedale-Moore Park (98),Not an NIA or Emerging Neighbourhood,,17825681.0,Rosedale-Moore Park
2325000.0,2200000.0,2325000.0,HOUSE,HOUSE,High Park Swansea,43.6412017,-79.4821187,3,1,3,2250.0,492.67,2593.7,173.35,788.03,932.27,654.24,1091.0,979.09,12,45,18,101,2502266,26022781,,87,87,High Park-Swansea,High Park-Swansea (87),Not an NIA or Emerging Neighbourhood,,17826337.0,High Park-Swansea
2450000.0,2699000.0,2450000.0,HOUSE,HOUSE,High Park North,43.6580484,-79.4566115,8,0,5,3250.0,331.17,2040.67,102.15,985.06,314.13,268.92,335.91,312.75,35,49,38,100,2502267,26022782,,88,88,High Park North,High Park North (88),Not an NIA or Emerging Neighbourhood,,17826321.0,High Park North
2400000.0,2499900.0,2400000.0,HOUSE,HOUSE,The Beaches,43.6741525,-79.2822475,4,1,4,2250.0,304.63,3855.16,471.82,1380.76,734.5,727.09,307.54,2273.02,23,23,19,93,2502274,26022789,,63,63,The Beaches,The Beaches (63),Not an NIA or Emerging Neighbourhood,,17826209.0,The Beaches
2245000.0,2295000.0,2245000.0,HOUSE,HOUSE,Mount Pleasant East,43.7035319,-79.3817469,4,1,4,1750.0,356.74,1798.79,335.74,520.11,557.94,612.2,550.84,1395.92,50,51,38,59,2502308,26022823,,99,99,Mount Pleasant East,Mount Pleasant East (99),Not an NIA or Emerging Neighbourhood,,17825665.0,Mount Pleasant East
2275000.0,2375000.0,2275000.0,HOUSE,HOUSE,High Park Swansea,43.6471946,-79.472738,4,0,2,1750.0,443.69,1990.83,500.99,413.54,498.13,494.33,472.27,565.74,30,44,24,101,2502266,26022781,,87,87,High Park-Swansea,High Park-Swansea (87),Not an NIA or Emerging Neighbourhood,,17826337.0,High Park-Swansea
2350000.0,2349000.0,2350000.0,HOUSE,HOUSE,Lawrence Park North,43.7291728,-79.3963332,3,1,4,2250.0,351.93,1943.12,307.09,646.53,548.66,627.07,606.19,584.93,17,36,26,54,2502313,26022828,,105,105,Lawrence Park North,Lawrence Park North (105),Not an NIA or Emerging Neighbourhood,,17825585.0,Lawrence Park North
2365000.0,2098000.0,2365000.0,HOUSE,HOUSE,High Park Swansea,43.6472961,-79.485737,3,1,3,1750.0,74.89,1952.44,254.83,635.38,352.29,275.19,674.46,328.81,30,47,22,101,2502266,26022781,,87,87,High Park-Swansea,High Park-Swansea (87),Not an NIA or Emerging Neighbourhood,,17826337.0,High Park-Swansea
2250000.0,2300000.0,2250000.0,HOUSE,HOUSE,Roncesvalles,43.6477317,-79.4479051,4,0,4,2750.0,100.36,835.29,380.41,299.53,268.14,486.92,238.33,1103.81,41,46,29,102,2502265,26022780,,86,86,Roncesvalles,Roncesvalles (86),Not an NIA or Emerging Neighbourhood,,17826353.0,Roncesvalles
2136000.0,2238000.0,2136000.0,HOUSE,HOUSE,High Park Swansea,43.6496499,-79.4800438,4,0,4,2250.0,40.08,1654.33,139.93,290.05,55.15,202.45,154.49,307.39,31,52,22,101,2502266,26022781,,87,87,High Park-Swansea,High Park-Swansea (87),Not an NIA or Emerging Neighbourhood,,17826337.0,High Park-Swansea
2435000.0,2295000.0,2435000.0,HOUSE,HOUSE,The Beaches,43.6733956,-79.2964505,5,0,3,1750.0,148.68,2937.59,198.29,400.15,268.71,300.08,275.14,1789.23,38,43,25,93,2502274,26022789,,63,63,The Beaches,The Beaches (63),Not an NIA or Emerging Neighbourhood,,17826209.0,The Beaches
2031000.0,1799000.0,2031000.0,HOUSE,HOUSE,Lawrence Park North,43.727624,-79.3945132,3,0,2,1300.0,463.65,1747.37,245.16,657.41,646.0,684.82,698.74,655.25,16,39,28,54,2502313,26022828,,105,105,Lawrence Park North,Lawrence Park North (105),Not an NIA or Emerging Neighbourhood,,17825585.0,Lawrence Park North
2200000.0,1759000.0,2200000.0,HOUSE,HOUSE,South Riverdale,43.6633939,-79.3485199,4,1,4,1750.0,146.96,588.53,41.2,448.85,400.69,337.47,308.75,1680.44,49,75,33,86,2502281,26022796,,70,70,South Riverdale,South Riverdale (70),Not an NIA or Emerging Neighbourhood,,17826097.0,South Riverdale
2450000.0,2495000.0,2450000.0,HOUSE,HOUSE,Lawrence Park North,43.7250661,-79.4131161,3,1,4,1750.0,360.79,1870.28,186.28,912.77,293.55,378.89,290.93,866.93,19,38,34,54,2502313,26022828,,105,105,Lawrence Park North,Lawrence Park North (105),Not an NIA or Emerging Neighbourhood,,17825585.0,Lawrence Park North
2350000.0,2350000.0,2350000.0,HOUSE,HOUSE,Mount Pleasant West,43.6997317,-79.3958018,3,1,3,2250.0,118.4,2756.48,118.86,771.67,104.67,143.51,172.9,232.8,68,46,44,1,2502366,26022881,,174,174,South Eglinton-Davisville,South Eglinton-Davisville (174),Not an NIA or Emerging Neighbourhood,,17824737.0,South Eglinton-Davisville
2400000.0,2350000.0,2400000.0,HOUSE,HOUSE,Forest Hill North,43.7047112,-79.4185401,3,2,4,2250.0,188.41,3017.28,141.83,317.96,494.84,294.91,471.45,1537.51,25,49,45,56,2502311,26022826,,102,102,Forest Hill North,Forest Hill North (102),Not an NIA or Emerging Neighbourhood,,17825617.0,Forest Hill North
2250000.0,2198000.0,2250000.0,HOUSE,HOUSE,The Beaches,43.6738793,-79.2890619,4,1,4,2250.0,119.26,3392.45,343.96,865.7,671.64,463.88,265.32,1965.33,37,29,21,93,2502274,26022789,,63,63,The Beaches,The Beaches (63),Not an NIA or Emerging Neighbourhood,,17826209.0,The Beaches
2068000.0,1875000.0,2068000.0,HOUSE,HOUSE,North Riverdale,43.6689331,-79.3515488,3,2,3,1750.0,176.14,374.78,359.34,379.23,378.56,372.8,360.01,1036.43,54,80,35,88,2502279,26022794,,68,68,North Riverdale,North Riverdale (68),Not an NIA or Emerging Neighbourhood,,17826129.0,North Riverdale
2313001.0,2298000.0,2313001.0,HOUSE,HOUSE,High Park Swansea,43.6423881,-79.4538578,5,1,2,2250.0,391.49,392.3,569.71,504.02,485.18,506.02,506.58,1536.25,32,47,22,101,2502266,26022781,,87,87,High Park-Swansea,High Park-Swansea (87),Not an NIA or Emerging Neighbourhood,,17826337.0,High Park-Swansea
2060000.0,1699000.0,2060000.0,HOUSE,HOUSE,High Park Swansea,43.6461601,-79.4785283,3,1,4,2250.0,300.64,2050.13,157.59,167.05,461.86,527.78,507.31,598.05,29,48,20,101,2502266,26022781,,87,87,High Park-Swansea,High Park-Swansea (87),Not an NIA or Emerging Neighbourhood,,17826337.0,High Park-Swansea
2350000.0,2549000.0,2350000.0,HOUSE,HOUSE,Lawrence Park South,43.7167617,-79.4155301,4,0,3,2250.0,425.57,2163.92,96.46,1405.97,884.86,637.97,719.26,1495.69,4,47,41,55,2502312,26022827,,103,103,Lawrence Park South,Lawrence Park South (103),Not an NIA or Emerging Neighbourhood,,17825601.0,Lawrence Park South
2400000.0,1995000.0,2400000.0,HOUSE,HOUSE,Roncesvalles,43.6512548,-79.4474398,6,0,3,2250.0,325.67,1227.61,118.85,690.7,285.09,219.04,388.73,776.03,53,49,36,102,2502265,26022780,,86,86,Roncesvalles,Roncesvalles (86),Not an NIA or Emerging Neighbourhood,,17826353.0,Roncesvalles
2150000.0,2349000.0,2150000.0,HOUSE,HOUSE,Lawrence Park South,43.7228156,-79.3962329,3,0,3,2250.0,628.57,1800.92,320.8,499.96,692.82,606.63,581.72,637.06,15,44,36,55,2502312,26022827,,103,103,Lawrence Park South,Lawrence Park South (103),Not an NIA or Emerging Neighbourhood,,17825601.0,Lawrence Park South
2042500.0,2279000.0,2042500.0,HOUSE,HOUSE,The Beaches,43.6721874,-79.2839692,5,0,3,3250.0,110.0,3840.11,395.58,1189.73,945.53,794.19,194.78,2350.84,24,18,19,93,2502274,26022789,,63,63,The Beaches,The Beaches (63),Not an NIA or Emerging Neighbourhood,,17826209.0,The Beaches
2015000.0,1699000.0,2015000.0,HOUSE,HOUSE,South Riverdale,43.6606969,-79.3360372,3,1,3,1300.0,220.53,1618.8,338.74,600.16,183.57,136.47,371.16,2253.48,50,57,19,86,2502281,26022796,,70,70,South Riverdale,South Riverdale (70),Not an NIA or Emerging Neighbourhood,,17826097.0,South Riverdale
2150000.0,2150000.0,2150000.0,HOUSE,HOUSE,Lawrence Park North,43.7321087,-79.4000339,3,1,3,1750.0,471.3,2347.28,398.91,815.67,337.79,347.12,494.07,669.87,17,32,24,54,2502313,26022828,,105,105,Lawrence Park North,Lawrence Park North (105),Not an NIA or Emerging Neighbourhood,,17825585.0,Lawrence Park North
2455000.0,2369000.0,2455000.0,HOUSE,HOUSE,Lawrence Park South,43.7063343,-79.4154435,3,1,4,2250.0,401.41,3071.32,446.07,615.5,359.5,324.17,350.15,1357.01,17,54,47,55,2502312,26022827,,103,103,Lawrence Park South,Lawrence Park South (103),Not an NIA or Emerging Neighbourhood,,17825601.0,Lawrence Park South
2500000.0,2450000.0,2500000.0,HOUSE,HOUSE,Yonge Eglinton,43.7028172,-79.4101737,3,0,4,1750.0,47.3,2829.88,323.13,850.31,136.11,223.24,239.5,1030.51,20,52,47,58,2502309,26022824,,100,100,Yonge-Eglinton,Yonge-Eglinton (100),Not an NIA or Emerging Neighbourhood,,17825649.0,Yonge-Eglinton
2020000.0,2049000.0,2020000.0,HOUSE,HOUSE,Runnymede Bloor West Village,43.657008,-79.4831679,4,0,4,1750.0,319.72,853.01,298.55,939.94,764.91,443.54,351.16,790.29,42,52,25,99,2502268,26022783,,89,89,Runnymede-Bloor West Village,Runnymede-Bloor West Village (89),Not an NIA or Emerging Neighbourhood,,17826305.0,Runnymede-Bloor West Village
2085000.0,2179000.0,2085000.0,HOUSE,HOUSE,The Beaches,43.671266,-79.2995724,4,0,3,2250.0,199.04,2910.36,308.82,155.7,152.43,133.44,136.62,1984.11,35,46,27,93,2502274,26022789,,63,63,The Beaches,The Beaches (63),Not an NIA or Emerging Neighbourhood,,17826209.0,The Beaches
2200000.0,1950000.0,2200000.0,HOUSE,HOUSE,Lawrence Park South,43.7190356,-79.406345,3,0,2,1750.0,217.3,2629.14,184.12,747.05,946.02,420.36,631.08,870.6,17,47,42,55,2502312,26022827,,103,103,Lawrence Park South,Lawrence Park South (103),Not an NIA or Emerging Neighbourhood,,17825601.0,Lawrence Park South
2280000.0,2299000.0,2280000.0,HOUSE,HOUSE,East End Danforth,43.6807165,-79.2963072,4,3,3,2250.0,150.13,2519.71,424.55,392.4,552.54,442.54,238.82,1019.74,22,51,31,94,2502273,26022788,,62,62,East End-Danforth,East End-Danforth (62),Not an NIA or Emerging Neighbourhood,,17826225.0,East End-Danforth
2335000.0,2179000.0,2335000.0,HOUSE,HOUSE,The Beaches,43.6776412,-79.2966797,3,1,4,1750.0,333.65,2651.55,297.51,679.31,643.91,541.58,150.88,1328.85,40,53,28,93,2502274,26022789,,63,63,The Beaches,The Beaches (63),Not an NIA or Emerging Neighbourhood,,17826209.0,The Beaches
2070000.0,1999000.0,2070000.0,HOUSE,HOUSE,Lawrence Park South,43.7176194,-79.409113,4,0,3,2250.0,81.07,2515.43,330.02,1000.48,1001.64,651.39,745.38,1107.56,16,53,45,55,2502312,26022827,,103,103,Lawrence Park South,Lawrence Park South (103),Not an NIA or Emerging Neighbourhood,,17825601.0,Lawrence Park South
2100000.0,2295000.0,2100000.0,HOUSE,HOUSE,Trinity Bellwoods,43.6543627,-79.4098013,3,1,3,1300.0,398.01,360.81,448.94,424.59,214.27,173.29,198.74,1285.32,243,74,65,106,2502261,26022776,,81,81,Trinity-Bellwoods,Trinity-Bellwoods (81),Not an NIA or Emerging Neighbourhood,,17826417.0,Trinity-Bellwoods
2146000.0,2299000.0,2146000.0,HOUSE,HOUSE,Rosedale Moore Park,43.6915269,-79.3862612,3,1,3,1750.0,474.05,2813.32,264.7,590.74,626.65,689.15,493.82,717.85,24,58,39,60,2502307,26022822,,98,98,Rosedale-Moore Park,Rosedale-Moore Park (98),Not an NIA or Emerging Neighbourhood,,17825681.0,Rosedale-Moore Park
2150000.0,1999000.0,2150000.0,HOUSE,HOUSE,The Beaches,43.6700464,-79.3073963,4,1,3,2250.0,299.81,2623.33,210.52,717.18,169.13,308.38,166.99,1867.92,28,47,26,93,2502274,26022789,,63,63,The Beaches,The Beaches (63),Not an NIA or Emerging Neighbourhood,,17826209.0,The Beaches
2400011.0,1899000.0,2400011.0,HOUSE,HOUSE,Roncesvalles,43.6495075,-79.4450693,3,0,3,1750.0,59.81,1088.54,178.35,574.85,486.92,340.63,375.97,1045.81,50,52,33,102,2502265,26022780,,86,86,Roncesvalles,Roncesvalles (86),Not an NIA or Emerging Neighbourhood,,17826353.0,Roncesvalles
2490000.0,2515800.0,2490000.0,HOUSE,HOUSE,Greenwood Coxwell,43.6677154,-79.3180296,3,1,4,1750.0,358.33,2532.95,258.77,617.42,570.31,205.31,573.01,1871.65,31,50,25,91,2502276,26022791,,65,65,Greenwood-Coxwell,Greenwood-Coxwell (65),Not an NIA or Emerging Neighbourhood,,17826177.0,Greenwood-Coxwell
2326000.0,2195000.0,2326000.0,HOUSE,HOUSE,Casa Loma,43.6795518,-79.4138166,5,0,5,4250.0,172.66,251.05,179.67,422.09,574.0,508.87,505.36,617.94,34,76,51,62,2502305,26022820,,96,96,Casa Loma,Casa Loma (96),Not an NIA or Emerging Neighbourhood,,17825713.0,Casa Loma
2175000.0,1999000.0,2175000.0,HOUSE,HOUSE,North Riverdale,43.6740579,-79.3517382,5,1,2,2250.0,381.66,884.9,363.38,766.69,442.12,364.36,424.51,467.84,72,75,36,88,2502279,26022794,,68,68,North Riverdale,North Riverdale (68),Not an NIA or Emerging Neighbourhood,,17826129.0,North Riverdale
2300000.0,2398000.0,2300000.0,HOUSE,HOUSE,Playter Estates Danforth,43.6807562,-79.356841,4,1,3,2250.0,233.96,1610.24,410.59,1013.43,507.6,350.7,452.45,432.6,59,50,30,89,2502278,26022793,,67,67,Playter Estates-Danforth,Playter Estates-Danforth (67),Not an NIA or Emerging Neighbourhood,,17826145.0,Playter Estates-Danforth
2230000.0,1999999.0,2230000.0,HOUSE,HOUSE,The Beaches,43.671553,-79.290599,3,1,4,1750.0,133.56,3435.43,185.25,653.86,469.91,257.33,323.26,2137.3,32,28,21,93,2502274,26022789,,63,63,The Beaches,The Beaches (63),Not an NIA or Emerging Neighbourhood,,17826209.0,The Beaches
2300000.0,1999000.0,2300000.0,HOUSE,HOUSE,The Beaches,43.676728,-79.2973161,4,0,4,1750.0,246.82,2662.52,327.07,741.82,643.55,640.06,232.15,1412.75,41,52,29,93,2502274,26022789,,63,63,The Beaches,The Beaches (63),Not an NIA or Emerging Neighbourhood,,17826209.0,The Beaches
2160000.0,1999900.0,2160000.0,HOUSE,HOUSE,Mount Pleasant East,43.7028945,-79.3826816,3,1,4,1750.0,262.4,1892.83,331.12,458.37,634.54,636.43,487.58,1297.41,50,52,39,59,2502308,26022823,,99,99,Mount Pleasant East,Mount Pleasant East (99),Not an NIA or Emerging Neighbourhood,,17825665.0,Mount Pleasant East
2150000.0,2175000.0,2150000.0,HOUSE,HOUSE,Rosedale Moore Park,43.6912938,-79.3780872,3,0,2,1300.0,460.3,2933.17,414.5,1189.87,815.2,596.85,577.73,1308.79,1,54,27,60,2502307,26022822,,98,98,Rosedale-Moore Park,Rosedale-Moore Park (98),Not an NIA or Emerging Neighbourhood,,17825681.0,Rosedale-Moore Park
2200000.0,2339000.0,2200000.0,HOUSE,HOUSE,Playter Estates Danforth,43.680257,-79.3478069,4,0,3,1750.0,326.23,1637.39,125.54,316.32,217.59,214.77,234.94,236.36,78,57,30,89,2502278,26022793,,67,67,Playter Estates-Danforth,Playter Estates-Danforth (67),Not an NIA or Emerging Neighbourhood,,17826145.0,Playter Estates-Danforth
2318000.0,2499000.0,2318000.0,HOUSE,HOUSE,Forest Hill North,43.7055881,-79.4351059,4,1,4,2250.0,373.37,2701.55,232.35,1211.06,689.38,717.47,509.54,563.05,22,46,37,56,2502311,26022826,,102,102,Forest Hill North,Forest Hill North (102),Not an NIA or Emerging Neighbourhood,,17825617.0,Forest Hill North
2127000.0,2198000.0,2127000.0,HOUSE,HOUSE,Casa Loma,43.6802701,-79.4155301,3,1,3,1750.0,138.83,289.82,125.49,270.91,422.29,356.69,399.42,526.62,39,75,49,62,2502305,26022820,,96,96,Casa Loma,Casa Loma (96),Not an NIA or Emerging Neighbourhood,,17825713.0,Casa Loma
2400000.0,1950000.0,2400000.0,HOUSE,HOUSE,Junction Area,43.663759,-79.4757184,4,1,4,1750.0,340.49,430.58,172.76,753.04,621.36,230.1,575.78,1310.43,55,59,40,67,2502300,26022815,,90,90,Junction Area,Junction Area (90),Not an NIA or Emerging Neighbourhood,,17825793.0,Junction Area
2375000.0,2439900.0,2375000.0,HOUSE,HOUSE,Lawrence Park North,43.731581,-79.4097142,4,1,4,1750.0,355.51,2073.81,480.53,981.68,457.88,439.05,618.54,822.78,41,37,26,54,2502313,26022828,,105,105,Lawrence Park North,Lawrence Park North (105),Not an NIA or Emerging Neighbourhood,,17825585.0,Lawrence Park North
2325000.0,1999000.0,2325000.0,HOUSE,HOUSE,Lawrence Park North,43.7276283,-79.3961847,4,1,3,2250.0,329.48,1875.77,292.78,542.31,512.49,557.23,565.88,525.05,17,40,29,54,2502313,26022828,,105,105,Lawrence Park North,Lawrence Park North (105),Not an NIA or Emerging Neighbourhood,,17825585.0,Lawrence Park North
2100000.0,1889000.0,2100000.0,HOUSE,HOUSE,Runnymede Bloor West Village,43.6554699,-79.4813479,4,0,2,1750.0,315.2,1005.96,170.75,721.33,568.11,574.82,532.51,600.62,40,51,25,99,2502268,26022783,,89,89,Runnymede-Bloor West Village,Runnymede-Bloor West Village (89),Not an NIA or Emerging Neighbourhood,,17826305.0,Runnymede-Bloor West Village
2377000.0,2189000.0,2377000.0,HOUSE,HOUSE,Trinity Bellwoods,43.6465254,-79.422667,4,1,4,2250.0,402.21,508.62,64.33,977.32,334.74,231.9,255.08,1787.23,120,74,36,106,2502261,26022776,,81,81,Trinity-Bellwoods,Trinity-Bellwoods (81),Not an NIA or Emerging Neighbourhood,,17826417.0,Trinity-Bellwoods
2350000.0,2398988.0,2350000.0,HOUSE,HOUSE,St Andrew Windfields,43.7548029,-79.3683195,4,1,4,2750.0,232.63,1669.71,340.22,1659.79,666.26,682.58,921.9,1725.66,7,40,33,113,2502254,26022769,,40,40,St.Andrew-Windfields,St.Andrew-Windfields (40),Not an NIA or Emerging Neighbourhood,,17826529.0,St.Andrew-Windfields
2420000.0,2500000.0,2420000.0,HOUSE,HOUSE,Yonge Eglinton,43.7028758,-79.40357,3,0,3,1750.0,441.07,2963.76,363.55,669.4,460.78,321.88,501.33,589.87,76,53,42,58,2502309,26022824,,100,100,Yonge-Eglinton,Yonge-Eglinton (100),Not an NIA or Emerging Neighbourhood,,17825649.0,Yonge-Eglinton
2275000.0,2398800.0,2275000.0,HOUSE,HOUSE,Lawrence Park North,43.7282158,-79.4089307,3,1,4,1750.0,261.46,2136.27,245.01,685.27,453.96,562.47,490.79,558.81,28,38,31,54,2502313,26022828,,105,105,Lawrence Park North,Lawrence Park North (105),Not an NIA or Emerging Neighbourhood,,17825585.0,Lawrence Park North
2365000.0,2099000.0,2365000.0,HOUSE,HOUSE,High Park North,43.6564862,-79.4768639,4,0,3,1750.0,79.4,951.63,219.34,565.65,580.57,606.01,614.23,536.46,41,51,27,100,2502267,26022782,,88,88,High Park North,High Park North (88),Not an NIA or Emerging Neighbourhood,,17826321.0,High Park North
2011000.0,1998000.0,2011000.0,HOUSE,HOUSE,Runnymede Bloor West Village,43.6544618,-79.484516,4,0,2,1750.0,289.86,1153.45,444.3,902.57,551.27,529.67,388.08,508.15,40,55,23,99,2502268,26022783,,89,89,Runnymede-Bloor West Village,Runnymede-Bloor West Village (89),Not an NIA or Emerging Neighbourhood,,17826305.0,Runnymede-Bloor West Village
2375000.0,2179000.0,2375000.0,HOUSE,HOUSE,The Beaches,43.6694072,-79.2957842,3,0,3,2250.0,348.87,3272.1,247.09,230.48,175.2,282.1,197.64,2233.64,34,36,21,93,2502274,26022789,,63,63,The Beaches,The Beaches (63),Not an NIA or Emerging Neighbourhood,,17826209.0,The Beaches
2275000.0,2395000.0,2275000.0,HOUSE,HOUSE,Forest Hill South,43.7007473,-79.4105737,5,1,5,2750.0,214.84,2597.51,95.91,835.2,348.9,356.49,386.78,1112.64,17,58,48,57,2502310,26022825,,101,101,Forest Hill South,Forest Hill South (101),Not an NIA or Emerging Neighbourhood,,17825633.0,Forest Hill South
2360000.0,2299000.0,2360000.0,HOUSE,HOUSE,The Beaches,43.6739119,-79.2967432,5,2,3,2250.0,88.62,2883.43,163.86,445.23,327.32,358.01,336.36,1727.95,38,45,25,93,2502274,26022789,,63,63,The Beaches,The Beaches (63),Not an NIA or Emerging Neighbourhood,,17826209.0,The Beaches
2170000.0,2298000.0,2170000.0,HOUSE,HOUSE,Lawrence Park South,43.7240917,-79.4040118,3,0,2,1300.0,376.94,2430.31,219.42,201.06,353.43,228.15,174.44,279.69,22,45,37,55,2502312,26022827,,103,103,Lawrence Park South,Lawrence Park South (103),Not an NIA or Emerging Neighbourhood,,17825601.0,Lawrence Park South
2195000.0,2300000.0,2195000.0,HOUSE,HOUSE,Forest Hill North,43.7033729,-79.4181462,4,1,4,1750.0,259.33,2866.47,190.75,237.88,458.99,226.0,432.48,1515.13,29,50,45,56,2502311,26022826,,102,102,Forest Hill North,Forest Hill North (102),Not an NIA or Emerging Neighbourhood,,17825617.0,Forest Hill North
2310000.0,1998000.0,2310000.0,HOUSE,HOUSE,High Park North,43.6576373,-79.477331,4,1,3,2250.0,190.31,818.6,232.81,697.79,711.16,738.07,747.61,668.57,50,53,28,100,2502267,26022782,,88,88,High Park North,High Park North (88),Not an NIA or Emerging Neighbourhood,,17826321.0,High Park North
2252323.0,1999900.0,2252323.0,HOUSE,HOUSE,Little Portugal,43.6453862,-79.4265772,4,1,4,2750.0,195.83,692.07,278.27,669.53,307.72,314.33,220.48,1799.72,122,68,32,104,2502263,26022778,,84,84,Little Portugal,Little Portugal (84),Not an NIA or Emerging Neighbourhood,,17826385.0,Little Portugal
2150000.0,1987000.0,2150000.0,HOUSE,HOUSE,Runnymede Bloor West Village,43.6513604,-79.4839136,4,0,3,1750.0,65.0,1481.52,325.82,643.98,221.35,194.97,416.37,160.51,38,49,23,99,2502268,26022783,,89,89,Runnymede-Bloor West Village,Runnymede-Bloor West Village (89),Not an NIA or Emerging Neighbourhood,,17826305.0,Runnymede-Bloor West Village
2180000.0,1799800.0,2180000.0,HOUSE,HOUSE,Greenwood Coxwell,43.670449,-79.3225115,3,0,3,1750.0,60.79,2176.18,401.22,225.71,380.18,309.79,218.19,1484.03,28,56,31,91,2502276,26022791,,65,65,Greenwood-Coxwell,Greenwood-Coxwell (65),Not an NIA or Emerging Neighbourhood,,17826177.0,Greenwood-Coxwell
2200000.0,1998000.0,2200000.0,HOUSE,HOUSE,Dovercourt Wallace Emerson Junction,43.6672285,-79.430655,4,0,5,1750.0,338.0,1681.21,322.15,837.5,663.68,67.53,738.46,641.79,52,67,49,3,2502364,26022879,,172,172,Dovercourt Village,Dovercourt Village (172),Not an NIA or Emerging Neighbourhood,,17824769.0,Dovercourt Village
2500000.0,2185000.0,2500000.0,HOUSE,HOUSE,High Park Swansea,43.6521149,-79.4544422,5,1,4,2250.0,209.22,1358.25,479.29,896.8,286.36,332.63,321.39,547.93,35,45,36,101,2502266,26022781,,87,87,High Park-Swansea,High Park-Swansea (87),Not an NIA or Emerging Neighbourhood,,17826337.0,High Park-Swansea
2076350.0,1798000.0,2076350.0,HOUSE,HOUSE,Runnymede Bloor West Village,43.6542554,-79.4793767,4,0,3,1750.0,240.6,1147.72,230.19,515.1,389.9,388.56,395.96,393.03,42,50,25,99,2502268,26022783,,89,89,Runnymede-Bloor West Village,Runnymede-Bloor West Village (89),Not an NIA or Emerging Neighbourhood,,17826305.0,Runnymede-Bloor West Village
2500000.0,2499000.0,2500000.0,HOUSE,HOUSE,High Park Swansea,43.6469564,-79.453936,6,0,4,2250.0,335.22,803.48,716.26,455.41,468.36,625.66,450.94,1059.86,36,46,29,101,2502266,26022781,,87,87,High Park-Swansea,High Park-Swansea (87),Not an NIA or Emerging Neighbourhood,,17826337.0,High Park-Swansea
2085000.0,1849000.0,2085000.0,HOUSE,HOUSE,Roncesvalles,43.6476964,-79.4459499,5,0,3,1750.0,185.75,875.13,224.43,369.65,331.72,461.49,313.17,1175.24,56,50,31,102,2502265,26022780,,86,86,Roncesvalles,Roncesvalles (86),Not an NIA or Emerging Neighbourhood,,17826353.0,Roncesvalles
2435000.0,1799000.0,2435000.0,HOUSE,HOUSE,Lawrence Park North,43.7322048,-79.4087555,4,1,4,2250.0,296.02,2157.72,377.73,989.61,360.3,354.59,514.93,823.89,41,37,24,54,2502313,26022828,,105,105,Lawrence Park North,Lawrence Park North (105),Not an NIA or Emerging Neighbourhood,,17825585.0,Lawrence Park North
2350000.0,1999999.0,2350000.0,HOUSE,HOUSE,The Beaches,43.6772031,-79.2859884,4,0,5,2250.0,320.27,3436.76,251.05,1277.26,407.24,393.29,437.33,1819.84,26,35,24,93,2502274,26022789,,63,63,The Beaches,The Beaches (63),Not an NIA or Emerging Neighbourhood,,17826209.0,The Beaches
2260000.0,2298000.0,2260000.0,HOUSE,HOUSE,Lawrence Park North,43.72375,-79.4114364,3,1,4,2250.0,187.79,2044.05,164.51,787.66,449.77,406.94,347.01,775.96,17,42,34,54,2502313,26022828,,105,105,Lawrence Park North,Lawrence Park North (105),Not an NIA or Emerging Neighbourhood,,17825585.0,Lawrence Park North
2080000.0,2248000.0,2080000.0,HOUSE,HOUSE,Lawrence Park North,43.731383,-79.415757,3,1,4,2250.0,408.12,1588.45,499.42,996.78,397.15,483.41,239.64,1205.2,40,38,27,54,2502313,26022828,,105,105,Lawrence Park North,Lawrence Park North (105),Not an NIA or Emerging Neighbourhood,,17825585.0,Lawrence Park North
2175000.0,2199000.0,2175000.0,HOUSE,HOUSE,The Beaches,43.6739041,-79.2858863,4,1,4,2750.0,132.48,3610.69,491.89,1097.23,754.4,690.24,70.41,2105.6,29,27,19,93,2502274,26022789,,63,63,The Beaches,The Beaches (63),Not an NIA or Emerging Neighbourhood,,17826209.0,The Beaches
2321000.0,1999999.0,2321000.0,HOUSE,HOUSE,The Beaches,43.6772988,-79.2964092,3,2,3,1750.0,321.5,2689.92,280.04,722.47,642.48,543.83,194.72,1371.71,40,52,28,93,2502274,26022789,,63,63,The Beaches,The Beaches (63),Not an NIA or Emerging Neighbourhood,,17826209.0,The Beaches
2136250.0,2299000.0,2136250.0,HOUSE,HOUSE,Mount Pleasant East,43.6993672,-79.381734,4,2,5,2250.0,96.53,2235.66,250.49,728.12,798.15,935.92,747.82,1260.73,44,52,37,59,2502308,26022823,,99,99,Mount Pleasant East,Mount Pleasant East (99),Not an NIA or Emerging Neighbourhood,,17825665.0,Mount Pleasant East
2100000.0,2289000.0,2100000.0,HOUSE,HOUSE,Greenwood Coxwell,43.6628011,-79.3265747,4,1,5,1750.0,529.51,2286.7,79.16,729.64,543.2,445.02,243.07,2217.04,31,53,24,91,2502276,26022791,,65,65,Greenwood-Coxwell,Greenwood-Coxwell (65),Not an NIA or Emerging Neighbourhood,,17826177.0,Greenwood-Coxwell
2260000.0,2299000.0,2260000.0,HOUSE,HOUSE,Danforth,43.6817532,-79.3429269,4,1,4,2250.0,438.92,1709.81,183.45,373.18,347.05,245.69,274.18,258.44,74,50,37,90,2502277,26022792,,66,66,Danforth,Danforth (66),Not an NIA or Emerging Neighbourhood,,17826161.0,Danforth
2069155.0,2189000.0,2069155.0,HOUSE,HOUSE,High Park North,43.6567757,-79.4722525,4,1,3,1750.0,154.71,1109.86,165.16,559.9,698.65,524.79,658.35,540.85,41,53,31,100,2502267,26022782,,88,88,High Park North,High Park North (88),Not an NIA or Emerging Neighbourhood,,17826321.0,High Park North
2265000.0,1900000.0,2265000.0,HOUSE,HOUSE,Lawrence Park South,43.7089431,-79.4165683,4,1,4,2250.0,308.77,2777.74,575.13,807.86,648.83,622.08,644.11,1466.79,16,55,44,55,2502312,26022827,,103,103,Lawrence Park South,Lawrence Park South (103),Not an NIA or Emerging Neighbourhood,,17825601.0,Lawrence Park South
2400000.0,2499000.0,2400000.0,HOUSE,HOUSE,Roncesvalles,43.647702,-79.44203859999999,4,0,4,1750.0,262.03,1031.8,104.74,619.62,466.86,229.82,254.79,1270.09,80,53,34,102,2502265,26022780,,86,86,Roncesvalles,Roncesvalles (86),Not an NIA or Emerging Neighbourhood,,17826353.0,Roncesvalles
2042000.0,1999000.0,2042000.0,HOUSE,HOUSE,Junction Area,43.6642882,-79.4783776,4,0,3,2750.0,490.35,209.94,190.05,970.91,654.39,345.07,550.23,1412.49,50,56,38,67,2502300,26022815,,90,90,Junction Area,Junction Area (90),Not an NIA or Emerging Neighbourhood,,17825793.0,Junction Area
2318000.0,2399000.0,2318000.0,HOUSE,HOUSE,Forest Hill North,43.7014312,-79.4333162,4,0,4,2250.0,135.12,3005.0,191.47,1016.7,205.39,279.31,504.2,330.93,26,45,34,56,2502311,26022826,,102,102,Forest Hill North,Forest Hill North (102),Not an NIA or Emerging Neighbourhood,,17825617.0,Forest Hill North
2125000.0,2125000.0,2125000.0,HOUSE,HOUSE,Lawrence Park South,43.7094273,-79.4166782,3,1,3,1750.0,312.71,2727.88,613.25,853.75,700.02,676.64,696.01,1485.31,15,55,44,55,2502312,26022827,,103,103,Lawrence Park South,Lawrence Park South (103),Not an NIA or Emerging Neighbourhood,,17825601.0,Lawrence Park South
2500000.0,2699900.0,2500000.0,HOUSE,HOUSE,Lawrence Park South,43.7201683,-79.4004221,4,1,4,2250.0,462.24,2157.4,105.79,534.83,786.9,176.35,537.81,706.7,18,44,35,55,2502312,26022827,,103,103,Lawrence Park South,Lawrence Park South (103),Not an NIA or Emerging Neighbourhood,,17825601.0,Lawrence Park South
2230000.0,2299000.0,2230000.0,HOUSE,HOUSE,Yonge Eglinton,43.7012888,-79.409493,3,2,4,2250.0,143.54,2671.44,165.49,910.71,312.62,362.77,388.12,1049.4,33,54,50,58,2502309,26022824,,100,100,Yonge-Eglinton,Yonge-Eglinton (100),Not an NIA or Emerging Neighbourhood,,17825649.0,Yonge-Eglinton
2250000.0,1899000.0,2250000.0,HOUSE,HOUSE,High Park Swansea,43.6374455,-79.4757205,3,1,4,2250.0,701.28,2105.06,99.06,1139.86,931.55,793.0,843.04,1533.25,1,37,11,101,2502266,26022781,,87,87,High Park-Swansea,High Park-Swansea (87),Not an NIA or Emerging Neighbourhood,,17826337.0,High Park-Swansea
2300000.0,2300000.0,2300000.0,HOUSE,HOUSE,North Riverdale,43.6681883,-79.3467616,3,0,4,2250.0,301.05,660.01,392.85,578.83,541.94,217.73,398.39,1208.41,42,71,35,88,2502279,26022794,,68,68,North Riverdale,North Riverdale (68),Not an NIA or Emerging Neighbourhood,,17826129.0,North Riverdale
2130000.0,1899000.0,2130000.0,HOUSE,HOUSE,Roncesvalles,43.6486934,-79.4476455,5,1,3,2250.0,208.48,944.25,283.5,408.3,337.29,398.42,347.18,1014.21,39,47,30,102,2502265,26022780,,86,86,Roncesvalles,Roncesvalles (86),Not an NIA or Emerging Neighbourhood,,17826353.0,Roncesvalles
2180000.0,2398000.0,2180000.0,HOUSE,HOUSE,Lawrence Park North,43.7286986,-79.4086369,4,2,4,2250.0,275.44,2155.83,248.97,696.88,422.97,529.67,488.9,559.92,28,38,30,54,2502313,26022828,,105,105,Lawrence Park North,Lawrence Park North (105),Not an NIA or Emerging Neighbourhood,,17825585.0,Lawrence Park North
2138000.0,2295000.0,2138000.0,HOUSE,HOUSE,East End Danforth,43.6801099,-79.3090126,4,2,6,2750.0,472.35,1683.19,170.39,851.32,669.32,667.29,729.86,758.77,21,60,35,94,2502273,26022788,,62,62,East End-Danforth,East End-Danforth (62),Not an NIA or Emerging Neighbourhood,,17826225.0,East End-Danforth
2450000.0,2550000.0,2450000.0,HOUSE,HOUSE,Yonge St Clair,43.692397,-79.3988655,3,0,3,1750.0,298.27,2116.41,281.47,666.35,481.87,412.28,562.67,628.79,30,66,40,61,2502306,26022821,,97,97,Yonge-St.Clair,Yonge-St.Clair (97),Not an NIA or Emerging Neighbourhood,,17825697.0,Yonge-St.Clair
2210000.0,2295000.0,2210000.0,HOUSE,HOUSE,High Park Swansea,43.6420836,-79.470938,4,2,3,1750.0,522.29,1705.96,119.41,826.35,1072.07,1059.41,1056.96,1144.45,1,39,18,101,2502266,26022781,,87,87,High Park-Swansea,High Park-Swansea (87),Not an NIA or Emerging Neighbourhood,,17826337.0,High Park-Swansea
2111000.0,1999000.0,2111000.0,HOUSE,HOUSE,Mount Pleasant West,43.7014034,-79.3946149,3,1,3,1300.0,134.86,2553.63,222.33,589.55,282.9,350.84,270.28,441.51,79,49,43,1,2502366,26022881,,174,174,South Eglinton-Davisville,South Eglinton-Davisville (174),Not an NIA or Emerging Neighbourhood,,17824737.0,South Eglinton-Davisville
2400000.0,2199999.0,2400000.0,HOUSE,HOUSE,The Beaches,43.6751351,-79.2857983,4,0,3,2250.0,266.72,3551.33,408.74,1162.98,633.4,616.26,207.36,2002.29,27,29,19,93,2502274,26022789,,63,63,The Beaches,The Beaches (63),Not an NIA or Emerging Neighbourhood,,17826209.0,The Beaches
2090000.0,2100000.0,2090000.0,HOUSE,HOUSE,Lawrence Park North,43.7306005,-79.391341,3,1,4,1750.0,407.38,1654.05,194.23,1051.43,979.61,1051.13,1036.97,1011.85,9,30,20,54,2502313,26022828,,105,105,Lawrence Park North,Lawrence Park North (105),Not an NIA or Emerging Neighbourhood,,17825585.0,Lawrence Park North
2201000.0,1949000.0,2201000.0,HOUSE,HOUSE,Yonge Eglinton,43.7108996,-79.4075936,3,0,3,1750.0,405.25,2868.41,424.05,693.46,637.35,653.79,681.09,858.94,55,53,45,58,2502309,26022824,,100,100,Yonge-Eglinton,Yonge-Eglinton (100),Not an NIA or Emerging Neighbourhood,,17825649.0,Yonge-Eglinton
2170000.0,2399000.0,2170000.0,HOUSE,HOUSE,Forest Hill North,43.6997831,-79.4346421,3,0,4,2250.0,258.85,2900.23,152.69,1093.03,160.65,347.74,569.75,132.2,36,47,28,56,2502311,26022826,,102,102,Forest Hill North,Forest Hill North (102),Not an NIA or Emerging Neighbourhood,,17825617.0,Forest Hill North
2450000.0,2749000.0,2450000.0,HOUSE,HOUSE,Playter Estates Danforth,43.6771458,-79.3563685,4,1,4,2750.0,387.01,1207.08,164.32,961.31,205.24,59.31,76.29,147.7,51,66,34,89,2502278,26022793,,67,67,Playter Estates-Danforth,Playter Estates-Danforth (67),Not an NIA or Emerging Neighbourhood,,17826145.0,Playter Estates-Danforth
2090000.0,1995000.0,2090000.0,HOUSE,HOUSE,Rosedale Moore Park,43.6899082,-79.3712568,3,0,3,1750.0,495.23,2898.78,179.39,1707.55,775.6,590.88,505.25,1779.55,1,51,26,60,2502307,26022822,,98,98,Rosedale-Moore Park,Rosedale-Moore Park (98),Not an NIA or Emerging Neighbourhood,,17825681.0,Rosedale-Moore Park
2450000.0,2595000.0,2450000.0,HOUSE,HOUSE,Lawrence Park South,43.7064123,-79.4160419,3,1,4,2250.0,355.64,3039.01,410.75,589.97,398.98,337.54,387.61,1404.81,17,54,46,55,2502312,26022827,,103,103,Lawrence Park South,Lawrence Park South (103),Not an NIA or Emerging Neighbourhood,,17825601.0,Lawrence Park South
2300000.0,1998000.0,2300000.0,HOUSE,HOUSE,Runnymede Bloor West Village,43.654042,-79.4792762,7,2,4,2250.0,254.72,1172.21,254.52,496.26,365.07,363.51,371.5,370.45,42,50,25,99,2502268,26022783,,89,89,Runnymede-Bloor West Village,Runnymede-Bloor West Village (89),Not an NIA or Emerging Neighbourhood,,17826305.0,Runnymede-Bloor West Village
2285000.0,2449000.0,2285000.0,HOUSE,HOUSE,High Park Swansea,43.6468433,-79.4502125,5,1,3,2250.0,184.22,721.88,565.29,219.0,214.05,440.4,183.7,1145.19,40,46,28,101,2502266,26022781,,87,87,High Park-Swansea,High Park-Swansea (87),Not an NIA or Emerging Neighbourhood,,17826337.0,High Park-Swansea
2159000.0,2249000.0,2159000.0,HOUSE,HOUSE,Forest Hill North,43.707393,-79.4170881,3,1,4,1750.0,320.23,2902.32,420.49,634.55,535.66,463.7,524.99,1490.03,16,53,44,56,2502311,26022826,,102,102,Forest Hill North,Forest Hill North (102),Not an NIA or Emerging Neighbourhood,,17825617.0,Forest Hill North
2350000.0,2499000.0,2350000.0,HOUSE,HOUSE,Roncesvalles,43.6418358,-79.4395151,3,0,3,2250.0,265.27,849.55,116.89,556.0,247.8,184.44,258.19,1938.91,69,47,26,102,2502265,26022780,,86,86,Roncesvalles,Roncesvalles (86),Not an NIA or Emerging Neighbourhood,,17826353.0,Roncesvalles
2300000.0,1979000.0,2300000.0,HOUSE,HOUSE,Corso Italia Davenport,43.6778889,-79.4403862,4,1,5,2750.0,193.51,1999.22,107.77,189.84,208.01,211.19,638.83,2000.68,58,58,41,65,2502302,26022817,,92,92,Corso Italia-Davenport,Corso Italia-Davenport (92),Not an NIA or Emerging Neighbourhood,,17825761.0,Corso Italia-Davenport
2290000.0,2349000.0,2290000.0,HOUSE,HOUSE,Forest Hill North,43.7095869,-79.4180876,5,1,4,1750.0,426.32,2651.9,573.09,834.42,775.45,720.53,768.27,1599.87,14,53,45,56,2502311,26022826,,102,102,Forest Hill North,Forest Hill North (102),Not an NIA or Emerging Neighbourhood,,17825617.0,Forest Hill North
2150000.0,2095000.0,2150000.0,HOUSE,HOUSE,Lawrence Park North,43.7290768,-79.4018246,4,0,3,1750.0,188.81,2356.23,154.27,466.69,126.08,358.95,272.41,307.85,17,42,26,54,2502313,26022828,,105,105,Lawrence Park North,Lawrence Park North (105),Not an NIA or Emerging Neighbourhood,,17825585.0,Lawrence Park North
2200000.0,1848000.0,2200000.0,HOUSE,HOUSE,High Park North,43.6535287,-79.4737369,4,0,2,2250.0,311.24,1352.84,137.78,183.69,332.23,272.13,278.07,272.61,33,47,27,100,2502267,26022782,,88,88,High Park North,High Park North (88),Not an NIA or Emerging Neighbourhood,,17826321.0,High Park North
2111226.0,1799000.0,2111226.0,HOUSE,HOUSE,The Beaches,43.6733847,-79.2946889,4,0,2,1750.0,256.34,3050.05,204.42,474.93,300.32,221.7,230.53,1828.4,40,40,24,93,2502274,26022789,,63,63,The Beaches,The Beaches (63),Not an NIA or Emerging Neighbourhood,,17826209.0,The Beaches
2095000.0,2095000.0,2095000.0,HOUSE,HOUSE,Lawrence Park North,43.7278949,-79.3968129,3,1,3,1750.0,278.67,1932.68,239.67,520.01,467.23,521.92,522.1,486.34,17,41,27,54,2502313,26022828,,105,105,Lawrence Park North,Lawrence Park North (105),Not an NIA or Emerging Neighbourhood,,17825585.0,Lawrence Park North
2360000.0,2195000.0,2360000.0,HOUSE,HOUSE,Mount Pleasant West,43.7033034,-79.3926775,4,1,4,1750.0,229.4,2292.36,210.18,368.04,368.09,390.08,336.64,610.07,86,51,42,1,2502366,26022881,,174,174,South Eglinton-Davisville,South Eglinton-Davisville (174),Not an NIA or Emerging Neighbourhood,,17824737.0,South Eglinton-Davisville
2220000.0,2339000.0,2220000.0,HOUSE,HOUSE,Lawrence Park North,43.7286688,-79.4133042,3,1,4,1750.0,102.67,1781.91,506.72,1018.81,355.27,726.12,371.38,907.67,44,37,28,54,2502313,26022828,,105,105,Lawrence Park North,Lawrence Park North (105),Not an NIA or Emerging Neighbourhood,,17825585.0,Lawrence Park North
2175000.0,2320000.0,2175000.0,HOUSE,HOUSE,Forest Hill North,43.7091745,-79.4201096,3,1,4,2250.0,379.65,2610.65,442.46,762.71,756.28,746.12,835.54,1654.87,12,50,43,56,2502311,26022826,,102,102,Forest Hill North,Forest Hill North (102),Not an NIA or Emerging Neighbourhood,,17825617.0,Forest Hill North
2303000.0,2198000.0,2303000.0,HOUSE,HOUSE,High Park North,43.6569213,-79.472685,3,1,4,1750.0,117.75,1075.45,143.95,568.75,697.07,548.52,663.79,578.47,44,55,31,100,2502267,26022782,,88,88,High Park North,High Park North (88),Not an NIA or Emerging Neighbourhood,,17826321.0,High Park North
2050000.0,1848000.0,2050000.0,HOUSE,HOUSE,Runnymede Bloor West Village,43.652912,-79.4817206,4,0,2,1750.0,301.69,1291.34,266.38,641.16,295.06,339.08,337.89,374.31,41,47,22,99,2502268,26022783,,89,89,Runnymede-Bloor West Village,Runnymede-Bloor West Village (89),Not an NIA or Emerging Neighbourhood,,17826305.0,Runnymede-Bloor West Village
2250000.0,1999000.0,2250000.0,HOUSE,HOUSE,Mount Pleasant East,43.715636,-79.3989257,3,0,3,1300.0,140.34,2067.74,191.55,825.33,485.65,341.69,122.86,987.41,49,48,39,59,2502308,26022823,,99,99,Mount Pleasant East,Mount Pleasant East (99),Not an NIA or Emerging Neighbourhood,,17825665.0,Mount Pleasant East
2218000.0,2080000.0,2218000.0,HOUSE,HOUSE,St Andrew Windfields,43.7529538,-79.3680275,4,3,4,2750.0,298.03,1862.54,201.4,1860.88,686.33,687.07,913.81,1925.36,7,37,32,113,2502254,26022769,,40,40,St.Andrew-Windfields,St.Andrew-Windfields (40),Not an NIA or Emerging Neighbourhood,,17826529.0,St.Andrew-Windfields
2210000.0,1999000.0,2210000.0,HOUSE,HOUSE,Mount Pleasant East,43.7137394,-79.3872462,4,1,4,2250.0,394.27,1227.23,339.4,1090.06,635.63,612.31,515.99,1196.24,23,49,44,59,2502308,26022823,,99,99,Mount Pleasant East,Mount Pleasant East (99),Not an NIA or Emerging Neighbourhood,,17825665.0,Mount Pleasant East
2171011.0,1699000.0,2171011.0,HOUSE,HOUSE,Annex,43.668138,-79.4186188,4,2,3,2250.0,274.59,1087.98,396.0,493.1,546.42,490.82,180.56,448.63,109,79,60,63,2502304,26022819,,95,95,Annex,Annex (95),Not an NIA or Emerging Neighbourhood,,17825729.0,Annex
2100000.0,1990000.0,2100000.0,HOUSE,HOUSE,High Park Swansea,43.6489484,-79.4505325,4,1,5,2750.0,215.86,956.92,426.1,445.16,183.09,322.58,397.12,910.92,43,45,32,101,2502266,26022781,,87,87,High Park-Swansea,High Park-Swansea (87),Not an NIA or Emerging Neighbourhood,,17826337.0,High Park-Swansea
2200000.0,1979000.0,2200000.0,HOUSE,HOUSE,Corso Italia Davenport,43.6757219,-79.4371375,4,1,4,2750.0,319.73,1751.2,384.4,447.56,442.38,427.97,652.94,1719.62,59,64,36,65,2502302,26022817,,92,92,Corso Italia-Davenport,Corso Italia-Davenport (92),Not an NIA or Emerging Neighbourhood,,17825761.0,Corso Italia-Davenport
2300000.0,1998000.0,2300000.0,HOUSE,HOUSE,Lawrence Park North,43.7295528,-79.4064521,4,1,4,2250.0,303.22,2327.63,237.47,641.97,230.9,350.62,404.26,478.67,22,37,26,54,2502313,26022828,,105,105,Lawrence Park North,Lawrence Park North (105),Not an NIA or Emerging Neighbourhood,,17825585.0,Lawrence Park North
2494000.0,2685000.0,2494000.0,HOUSE,HOUSE,Mount Pleasant East,43.7089969,-79.3807467,3,1,4,1750.0,526.41,1213.22,328.92,819.55,400.19,430.02,299.83,1454.2,47,47,36,59,2502308,26022823,,99,99,Mount Pleasant East,Mount Pleasant East (99),Not an NIA or Emerging Neighbourhood,,17825665.0,Mount Pleasant East
2200000.0,2299000.0,2200000.0,HOUSE,HOUSE,Lawrence Park South,43.7201524,-79.395094,3,2,5,2250.0,449.77,1734.42,144.2,750.53,974.39,513.03,534.44,909.06,14,43,38,55,2502312,26022827,,103,103,Lawrence Park South,Lawrence Park South (103),Not an NIA or Emerging Neighbourhood,,17825601.0,Lawrence Park South
2335000.0,2390000.0,2335000.0,HOUSE,HOUSE,The Beaches,43.6726375,-79.2955118,4,1,4,1750.0,261.15,3049.3,230.8,368.75,197.36,187.25,164.43,1889.49,36,41,23,93,2502274,26022789,,63,63,The Beaches,The Beaches (63),Not an NIA or Emerging Neighbourhood,,17826209.0,The Beaches
2300000.0,2495000.0,2300000.0,HOUSE,HOUSE,Lawrence Park South,43.717555,-79.3986598,3,1,3,1750.0,231.33,2023.51,217.6,851.75,699.73,234.63,283.85,1024.69,30,46,38,55,2502312,26022827,,103,103,Lawrence Park South,Lawrence Park South (103),Not an NIA or Emerging Neighbourhood,,17825601.0,Lawrence Park South
2195000.0,2295000.0,2195000.0,HOUSE,HOUSE,Playter Estates Danforth,43.6787197,-79.3521238,4,1,4,1750.0,259.43,1387.45,126.19,605.96,196.09,190.86,129.71,63.08,70,56,34,89,2502278,26022793,,67,67,Playter Estates-Danforth,Playter Estates-Danforth (67),Not an NIA or Emerging Neighbourhood,,17826145.0,Playter Estates-Danforth
2100000.0,2145000.0,2100000.0,HOUSE,HOUSE,Waterfront Communities The Island,43.6084766,-79.49408679999999,3,1,4,1750.0,376.69,5023.07,152.43,710.52,620.83,745.85,516.63,4597.89,17,37,16,46,2502321,26022836,,160,160,Mimico-Queensway,Mimico-Queensway (160),Not an NIA or Emerging Neighbourhood,,17825457.0,Mimico-Queensway
2030000.0,1899999.0,2030000.0,HOUSE,HOUSE,Mount Pleasant East,43.7130822,-79.3883595,3,1,4,2250.0,278.86,1339.95,257.43,1014.43,542.34,523.76,473.42,1080.74,53,49,42,59,2502308,26022823,,99,99,Mount Pleasant East,Mount Pleasant East (99),Not an NIA or Emerging Neighbourhood,,17825665.0,Mount Pleasant East
2100000.0,1849000.0,2100000.0,HOUSE,HOUSE,Runnymede Bloor West Village,43.6517412,-79.479811,4,0,2,1750.0,193.24,1423.17,93.37,477.43,151.16,173.73,139.18,306.82,40,48,23,99,2502268,26022783,,89,89,Runnymede-Bloor West Village,Runnymede-Bloor West Village (89),Not an NIA or Emerging Neighbourhood,,17826305.0,Runnymede-Bloor West Village
2353000.0,2449000.0,2353000.0,HOUSE,HOUSE,South Riverdale,43.6725137,-79.3328846,4,1,5,2750.0,310.31,1873.41,520.85,738.18,576.83,545.79,526.24,1025.41,33,65,37,86,2502281,26022796,,70,70,South Riverdale,South Riverdale (70),Not an NIA or Emerging Neighbourhood,,17826097.0,South Riverdale
2460000.0,1999999.0,2460000.0,HOUSE,HOUSE,High Park Swansea,43.6485742,-79.4521579,4,1,3,2250.0,206.15,932.15,560.27,465.47,242.38,399.76,431.41,932.61,40,46,33,101,2502266,26022781,,87,87,High Park-Swansea,High Park-Swansea (87),Not an NIA or Emerging Neighbourhood,,17826337.0,High Park-Swansea
2250000.0,2495000.0,2250000.0,HOUSE,HOUSE,Lawrence Park North,43.7328086,-79.4163318,4,1,4,1750.0,556.71,1567.6,504.45,836.57,534.76,338.13,296.78,1325.07,33,39,27,54,2502313,26022828,,105,105,Lawrence Park North,Lawrence Park North (105),Not an NIA or Emerging Neighbourhood,,17825585.0,Lawrence Park North
2050000.0,2195000.0,2050000.0,HOUSE,HOUSE,Lawrence Park South,43.7067794,-79.4166553,3,1,4,1750.0,319.53,2978.77,399.49,593.35,462.82,388.32,451.06,1453.58,18,54,44,55,2502312,26022827,,103,103,Lawrence Park South,Lawrence Park South (103),Not an NIA or Emerging Neighbourhood,,17825601.0,Lawrence Park South
2500000.0,1950000.0,2500000.0,HOUSE,HOUSE,North Riverdale,43.6715354,-79.3503198,3,1,3,1750.0,188.35,668.64,388.4,685.01,682.84,606.79,638.39,764.79,75,72,36,88,2502279,26022794,,68,68,North Riverdale,North Riverdale (68),Not an NIA or Emerging Neighbourhood,,17826129.0,North Riverdale
2300000.0,2499000.0,2300000.0,HOUSE,HOUSE,Lawrence Park North,43.7312283,-79.4057905,3,1,3,1750.0,256.62,2385.17,327.05,776.65,140.62,167.53,484.29,604.53,17,36,23,54,2502313,26022828,,105,105,Lawrence Park North,Lawrence Park North (105),Not an NIA or Emerging Neighbourhood,,17825585.0,Lawrence Park North
2100000.0,1699900.0,2100000.0,HOUSE,HOUSE,The Beaches,43.6710423,-79.2847038,3,1,2,1750.0,154.29,3857.45,266.45,1112.85,939.74,733.16,265.03,2419.94,17,17,19,93,2502274,26022789,,63,63,The Beaches,The Beaches (63),Not an NIA or Emerging Neighbourhood,,17826209.0,The Beaches
2430000.0,2495000.0,2430000.0,HOUSE,HOUSE,Lawrence Park North,43.732736,-79.397072,3,1,4,2250.0,606.49,2170.99,526.77,951.3,585.75,586.23,641.3,832.42,17,31,23,54,2502313,26022828,,105,105,Lawrence Park North,Lawrence Park North (105),Not an NIA or Emerging Neighbourhood,,17825585.0,Lawrence Park North
2005000.0,2149900.0,2005000.0,HOUSE,HOUSE,Palmerston Little Italy,43.6596746,-79.4165934,4,1,3,1750.0,212.04,1128.53,147.51,582.31,518.85,468.71,458.87,513.73,169,66,64,79,2502288,26022803,,80,80,Palmerston-Little Italy,Palmerston-Little Italy (80),Not an NIA or Emerging Neighbourhood,,17825985.0,Palmerston-Little Italy
2379000.0,2379000.0,2379000.0,HOUSE,HOUSE,Lawrence Park North,43.7265392,-79.4149899,3,1,4,2250.0,204.62,1682.95,308.52,1078.99,147.41,461.53,340.25,1005.91,25,40,32,54,2502313,26022828,,105,105,Lawrence Park North,Lawrence Park North (105),Not an NIA or Emerging Neighbourhood,,17825585.0,Lawrence Park North
2200000.0,2249900.0,2200000.0,HOUSE,HOUSE,Mount Pleasant East,43.7057233,-79.38265,3,0,4,1750.0,412.17,1606.55,207.73,486.58,543.71,530.82,516.9,1284.99,53,53,37,59,2502308,26022823,,99,99,Mount Pleasant East,Mount Pleasant East (99),Not an NIA or Emerging Neighbourhood,,17825665.0,Mount Pleasant East
2400000.0,2495000.0,2400000.0,HOUSE,HOUSE,Englemount-Lawrence,43.7117342,-79.436427,4,1,4,3250.0,174.41,2019.65,269.9,1055.6,653.35,652.68,874.62,484.54,8,43,36,121,2502246,26022761,,32,32,Englemount-Lawrence,Englemount-Lawrence (32),Emerging Neighbourhood,EN,17826657.0,Englemount-Lawrence
2050000.0,1950000.0,2050000.0,HOUSE,HOUSE,Stonegate-Queensway,43.6275975,-79.51365779999999,4,0,4,2250.0,329.21,4368.07,501.11,1829.53,628.41,488.69,650.51,2081.69,19,28,15,140,2502227,26022742,,16,16,Stonegate-Queensway,Stonegate-Queensway (16),Not an NIA or Emerging Neighbourhood,,17826961.0,Stonegate-Queensway
2100000.0,2290000.0,2100000.0,HOUSE,HOUSE,Willowdale East,43.7756654,-79.3904922,4,3,5,2750.0,373.35,1701.46,190.66,1414.17,890.99,803.45,809.34,1017.13,2,57,26,11,2502356,26022871,,152,152,East Willowdale,East Willowdale (152),Not an NIA or Emerging Neighbourhood,,17824897.0,East Willowdale
2400000.0,2399000.0,2400000.0,HOUSE,HOUSE,Forest Hill North,43.700181,-79.4349575,4,1,5,2250.0,284.04,2951.19,191.0,1087.05,194.56,370.98,566.04,139.31,36,45,32,56,2502311,26022826,,102,102,Forest Hill North,Forest Hill North (102),Not an NIA or Emerging Neighbourhood,,17825617.0,Forest Hill North
2030000.0,1798000.0,2030000.0,HOUSE,HOUSE,High Park North,43.6568509,-79.4727632,4,1,2,1750.0,112.78,1077.75,134.21,559.99,687.29,542.62,654.61,579.06,42,56,30,100,2502267,26022782,,88,88,High Park North,High Park North (88),Not an NIA or Emerging Neighbourhood,,17826321.0,High Park North
2300000.0,2199000.0,2300000.0,HOUSE,HOUSE,Mount Pleasant West,43.7033137,-79.3925728,4,1,4,1750.0,221.16,2285.87,208.78,359.57,375.8,383.62,328.17,615.92,86,51,42,1,2502366,26022881,,174,174,South Eglinton-Davisville,South Eglinton-Davisville (174),Not an NIA or Emerging Neighbourhood,,17824737.0,South Eglinton-Davisville
2340000.0,2475000.0,2340000.0,HOUSE,HOUSE,Forest Hill North,43.6999804,-79.433288,4,1,4,1750.0,149.0,2863.03,207.41,1042.78,63.09,237.32,505.97,241.01,27,46,29,56,2502311,26022826,,102,102,Forest Hill North,Forest Hill North (102),Not an NIA or Emerging Neighbourhood,,17825617.0,Forest Hill North
2100000.0,2200000.0,2100000.0,HOUSE,HOUSE,Mount Pleasant East,43.7053372,-79.3873005,4,1,3,2250.0,322.43,1842.23,84.02,169.01,179.97,181.41,187.89,919.71,93,51,40,59,2502308,26022823,,99,99,Mount Pleasant East,Mount Pleasant East (99),Not an NIA or Emerging Neighbourhood,,17825665.0,Mount Pleasant East
2300000.0,2298000.0,2300000.0,HOUSE,HOUSE,Mount Pleasant West,43.7029848,-79.3940973,3,1,4,1750.0,235.78,2396.03,243.83,487.09,278.06,495.97,260.72,552.77,85,49,41,1,2502366,26022881,,174,174,South Eglinton-Davisville,South Eglinton-Davisville (174),Not an NIA or Emerging Neighbourhood,,17824737.0,South Eglinton-Davisville
2380000.0,2295000.0,2380000.0,HOUSE,HOUSE,Yonge Eglinton,43.7111117,-79.4110496,3,1,4,2250.0,232.92,2862.03,423.98,959.7,772.84,788.53,821.9,1113.59,35,54,47,58,2502309,26022824,,100,100,Yonge-Eglinton,Yonge-Eglinton (100),Not an NIA or Emerging Neighbourhood,,17825649.0,Yonge-Eglinton
2054000.0,1799900.0,2054000.0,HOUSE,HOUSE,Corso Italia Davenport,43.6761682,-79.4373591,4,0,2,1750.0,287.63,1763.51,392.86,416.85,402.74,401.71,616.3,1771.48,60,65,36,65,2502302,26022817,,92,92,Corso Italia-Davenport,Corso Italia-Davenport (92),Not an NIA or Emerging Neighbourhood,,17825761.0,Corso Italia-Davenport
2330000.0,2250000.0,2330000.0,HOUSE,HOUSE,Mount Pleasant West,43.7046689,-79.3904676,3,1,4,2250.0,182.48,2060.77,158.58,199.33,159.04,161.01,173.1,691.67,86,52,39,1,2502366,26022881,,174,174,South Eglinton-Davisville,South Eglinton-Davisville (174),Not an NIA or Emerging Neighbourhood,,17824737.0,South Eglinton-Davisville
2160000.0,2150000.0,2160000.0,HOUSE,HOUSE,Yonge Eglinton,43.7110332,-79.4068458,4,1,3,2250.0,442.33,2806.61,416.11,646.61,577.15,591.99,619.24,817.38,57,53,45,58,2502309,26022824,,100,100,Yonge-Eglinton,Yonge-Eglinton (100),Not an NIA or Emerging Neighbourhood,,17825649.0,Yonge-Eglinton
2250000.0,2299000.0,2250000.0,HOUSE,HOUSE,Trinity Bellwoods,43.64852,-79.4216452,3,2,5,2250.0,349.65,659.43,157.55,744.26,106.3,80.81,162.87,1586.39,135,74,40,106,2502261,26022776,,81,81,Trinity-Bellwoods,Trinity-Bellwoods (81),Not an NIA or Emerging Neighbourhood,,17826417.0,Trinity-Bellwoods
2425000.0,2380000.0,2425000.0,HOUSE,HOUSE,Yonge St Clair,43.6949625,-79.4014704,5,1,4,2750.0,345.8,2231.09,272.53,1012.58,623.97,483.59,548.81,471.41,32,63,46,61,2502306,26022821,,97,97,Yonge-St.Clair,Yonge-St.Clair (97),Not an NIA or Emerging Neighbourhood,,17825697.0,Yonge-St.Clair
2500000.0,2995000.0,2500000.0,HOUSE,HOUSE,South Riverdale,43.6584835,-79.3503411,2,0,3,2250.0,351.89,940.49,93.44,237.63,255.1,300.79,696.0,2152.6,46,72,29,86,2502281,26022796,,70,70,South Riverdale,South Riverdale (70),Not an NIA or Emerging Neighbourhood,,17826097.0,South Riverdale
2215000.0,2299000.0,2215000.0,HOUSE,HOUSE,Mimico,43.6201186,-79.50551589999999,4,1,5,2750.0,467.78,4697.57,116.44,1117.23,1090.34,369.63,737.42,3100.42,25,39,21,46,2502321,26022836,,160,160,Mimico-Queensway,Mimico-Queensway (160),Not an NIA or Emerging Neighbourhood,,17825457.0,Mimico-Queensway
2150000.0,2499000.0,2150000.0,HOUSE,HOUSE,East End Danforth,43.6791951,-79.2983511,2,0,4,2250.0,324.99,2448.53,420.02,477.08,721.8,610.07,71.23,1126.49,23,53,31,94,2502273,26022788,,62,62,East End-Danforth,East End-Danforth (62),Not an NIA or Emerging Neighbourhood,,17826225.0,East End-Danforth
2320000.0,2399000.0,2320000.0,HOUSE,HOUSE,High Park Swansea,43.6446618,-79.4722328,4,2,4,1750.0,402.16,1861.88,230.76,556.39,767.41,755.88,752.4,839.46,22,43,21,101,2502266,26022781,,87,87,High Park-Swansea,High Park-Swansea (87),Not an NIA or Emerging Neighbourhood,,17826337.0,High Park-Swansea
2414018.0,2580000.0,2414018.0,HOUSE,HOUSE,Forest Hill North,43.7066342,-79.428099,4,0,3,4250.0,357.59,2651.17,262.88,761.54,643.39,642.3,651.64,1036.21,16,51,35,56,2502311,26022826,,102,102,Forest Hill North,Forest Hill North (102),Not an NIA or Emerging Neighbourhood,,17825617.0,Forest Hill North
2100000.0,1999988.0,2100000.0,HOUSE,HOUSE,Trinity Bellwoods,43.6486549,-79.418095,5,2,5,2750.0,273.11,629.67,255.69,739.46,172.76,205.6,267.15,1663.58,162,75,40,106,2502261,26022776,,81,81,Trinity-Bellwoods,Trinity-Bellwoods (81),Not an NIA or Emerging Neighbourhood,,17826417.0,Trinity-Bellwoods
2238000.0,2350000.0,2238000.0,HOUSE,HOUSE,Mount Pleasant East,43.7131742,-79.3901676,4,0,4,2750.0,192.02,1466.55,194.81,948.25,543.82,536.57,357.37,982.36,58,48,46,59,2502308,26022823,,99,99,Mount Pleasant East,Mount Pleasant East (99),Not an NIA or Emerging Neighbourhood,,17825665.0,Mount Pleasant East
2150000.0,2299000.0,2150000.0,HOUSE,HOUSE,Corso Italia Davenport,43.6738234,-79.4450319,4,1,5,2750.0,256.65,2410.87,282.93,412.33,375.17,363.2,774.7,1645.84,48,58,38,65,2502302,26022817,,92,92,Corso Italia-Davenport,Corso Italia-Davenport (92),Not an NIA or Emerging Neighbourhood,,17825761.0,Corso Italia-Davenport
2350000.0,2400000.0,2350000.0,HOUSE,HOUSE,Lawrence Park South,43.7216471,-79.3991569,3,2,2,2250.0,637.0,2039.87,114.93,415.91,661.83,367.43,491.07,586.8,19,44,36,55,2502312,26022827,,103,103,Lawrence Park South,Lawrence Park South (103),Not an NIA or Emerging Neighbourhood,,17825601.0,Lawrence Park South
2168000.0,2188000.0,2168000.0,HOUSE,HOUSE,The Beaches,43.6698844,-79.290875,3,1,4,1300.0,170.68,3531.78,284.3,612.19,459.79,295.72,339.39,2299.05,33,28,20,93,2502274,26022789,,63,63,The Beaches,The Beaches (63),Not an NIA or Emerging Neighbourhood,,17826209.0,The Beaches
2450000.0,2495000.0,2450000.0,HOUSE,HOUSE,Mount Pleasant East,43.7138542,-79.3971652,4,1,3,2750.0,241.03,1971.48,147.26,658.96,326.66,253.0,258.19,796.93,53,54,41,59,2502308,26022823,,99,99,Mount Pleasant East,Mount Pleasant East (99),Not an NIA or Emerging Neighbourhood,,17825665.0,Mount Pleasant East
2245000.0,2290000.0,2245000.0,HOUSE,HOUSE,Annex,43.6718027,-79.4108106,4,1,4,2250.0,221.71,754.12,166.76,677.56,245.57,417.65,264.71,445.97,90,86,59,63,2502304,26022819,,95,95,Annex,Annex (95),Not an NIA or Emerging Neighbourhood,,17825729.0,Annex
2499900.0,2499900.0,2499900.0,HOUSE,HOUSE,Woodbine Corridor,43.67024,-79.31547990000001,3,1,5,1750.0,536.77,2318.75,95.4,582.04,404.38,346.08,458.98,1662.26,29,53,28,92,2502275,26022790,,64,64,Woodbine Corridor,Woodbine Corridor (64),Not an NIA or Emerging Neighbourhood,,17826193.0,Woodbine Corridor
2375000.0,2499000.0,2375000.0,HOUSE,HOUSE,Wychwood,43.6769504,-79.4211347,3,1,2,2250.0,484.86,457.79,293.13,640.26,636.13,610.57,536.12,1010.64,53,86,51,64,2502303,26022818,,94,94,Wychwood,Wychwood (94),Not an NIA or Emerging Neighbourhood,,17825745.0,Wychwood
2325000.0,2495000.0,2325000.0,HOUSE,HOUSE,Playter Estates Danforth,43.6794641,-79.3485006,3,1,4,2750.0,254.86,1535.87,93.23,328.19,121.45,283.53,240.24,293.61,76,55,33,89,2502278,26022793,,67,67,Playter Estates-Danforth,Playter Estates-Danforth (67),Not an NIA or Emerging Neighbourhood,,17826145.0,Playter Estates-Danforth
2125000.0,2299000.0,2125000.0,HOUSE,HOUSE,Lawrence Park South,43.7172111,-79.41112,3,1,2,2250.0,219.62,2407.8,255.75,1137.08,949.11,713.37,763.49,1230.85,13,50,45,55,2502312,26022827,,103,103,Lawrence Park South,Lawrence Park South (103),Not an NIA or Emerging Neighbourhood,,17825601.0,Lawrence Park South
2375000.0,2495000.0,2375000.0,HOUSE,HOUSE,Mount Pleasant West,43.7013509,-79.3897202,4,1,3,1750.0,193.84,2316.05,120.35,315.12,504.0,506.65,300.29,717.35,68,53,42,1,2502366,26022881,,174,174,South Eglinton-Davisville,South Eglinton-Davisville (174),Not an NIA or Emerging Neighbourhood,,17824737.0,South Eglinton-Davisville
2175000.0,2135000.0,2175000.0,HOUSE,HOUSE,Lawrence Park South,43.7077715,-79.415314,3,1,3,1300.0,274.73,2941.95,553.73,745.41,485.91,483.87,482.54,1350.45,17,56,46,55,2502312,26022827,,103,103,Lawrence Park South,Lawrence Park South (103),Not an NIA or Emerging Neighbourhood,,17825601.0,Lawrence Park South
2100000.0,2225000.0,2100000.0,HOUSE,HOUSE,Mount Pleasant East,43.7029966,-79.3776189,3,1,4,2250.0,202.18,1763.43,208.22,856.49,294.29,418.76,611.95,1678.55,46,48,35,59,2502308,26022823,,99,99,Mount Pleasant East,Mount Pleasant East (99),Not an NIA or Emerging Neighbourhood,,17825665.0,Mount Pleasant East
2236500.0,2295000.0,2236500.0,HOUSE,HOUSE,Mount Pleasant West,43.7047696,-79.3948644,3,1,4,1750.0,327.8,2302.14,47.34,544.02,183.6,304.85,197.76,371.18,93,50,40,1,2502366,26022881,,174,174,South Eglinton-Davisville,South Eglinton-Davisville (174),Not an NIA or Emerging Neighbourhood,,17824737.0,South Eglinton-Davisville
2450000.0,2689000.0,2450000.0,HOUSE,HOUSE,Lawrence Park South,43.7172646,-79.4133629,4,0,4,2750.0,345.12,2260.4,175.82,1259.56,869.67,622.66,689.17,1336.37,4,50,44,55,2502312,26022827,,103,103,Lawrence Park South,Lawrence Park South (103),Not an NIA or Emerging Neighbourhood,,17825601.0,Lawrence Park South
2200000.0,2525000.0,2200000.0,HOUSE,HOUSE,High Park North,43.6593177,-79.467332,5,1,6,700.0,275.25,1239.77,353.97,460.48,669.66,645.71,559.79,607.28,56,51,32,100,2502267,26022782,,88,88,High Park North,High Park North (88),Not an NIA or Emerging Neighbourhood,,17826321.0,High Park North
2210018.0,2195000.0,2210018.0,HOUSE,HOUSE,Forest Hill North,43.7010609,-79.4349232,5,0,3,2250.0,234.99,3033.22,288.68,1133.42,240.88,382.42,557.22,223.36,29,45,32,56,2502311,26022826,,102,102,Forest Hill North,Forest Hill North (102),Not an NIA or Emerging Neighbourhood,,17825617.0,Forest Hill North
2090000.0,1999000.0,2090000.0,HOUSE,HOUSE,Banbury Don Mills,43.7474461,-79.3674112,4,0,4,2250.0,311.94,2453.7,399.96,2009.47,970.12,1011.07,1154.3,2521.07,2,30,33,111,2502256,26022771,,42,42,Banbury-Don Mills,Banbury-Don Mills (42),Not an NIA or Emerging Neighbourhood,,17826497.0,Banbury-Don Mills
2100000.0,1985000.0,2100000.0,HOUSE,HOUSE,Lawrence Park South,43.7109782,-79.4136807,3,0,2,1750.0,185.94,2733.14,494.94,1116.16,781.3,831.09,798.0,1301.88,17,54,48,55,2502312,26022827,,103,103,Lawrence Park South,Lawrence Park South (103),Not an NIA or Emerging Neighbourhood,,17825601.0,Lawrence Park South
2250000.0,2250000.0,2250000.0,HOUSE,HOUSE,Yonge St Clair,43.689044,-79.3995857,3,1,3,2250.0,399.97,1801.34,255.33,578.0,268.49,353.62,267.27,489.01,28,69,36,61,2502306,26022821,,97,97,Yonge-St.Clair,Yonge-St.Clair (97),Not an NIA or Emerging Neighbourhood,,17825697.0,Yonge-St.Clair
2500000.0,2529000.0,2500000.0,HOUSE,HOUSE,Lawrence Park South,43.7206654,-79.3947908,4,1,5,2750.0,432.49,1701.55,205.92,730.26,945.75,556.35,583.27,883.48,14,43,38,55,2502312,26022827,,103,103,Lawrence Park South,Lawrence Park South (103),Not an NIA or Emerging Neighbourhood,,17825601.0,Lawrence Park South
2255000.0,2100000.0,2255000.0,HOUSE,HOUSE,Casa Loma,43.6780179,-79.4129624,3,1,2,1300.0,258.28,210.08,159.85,595.34,478.14,525.18,496.56,605.79,34,75,56,62,2502305,26022820,,96,96,Casa Loma,Casa Loma (96),Not an NIA or Emerging Neighbourhood,,17825713.0,Casa Loma
2260000.0,2452000.0,2260000.0,HOUSE,HOUSE,Lawrence Park North,43.7289243,-79.3952564,4,2,4,2250.0,422.51,1852.49,257.05,689.45,618.4,685.53,675.17,646.86,17,38,26,54,2502313,26022828,,105,105,Lawrence Park North,Lawrence Park North (105),Not an NIA or Emerging Neighbourhood,,17825585.0,Lawrence Park North
2323888.0,2395000.0,2323888.0,HOUSE,HOUSE,Yonge Eglinton,43.7108067,-79.410013,3,1,4,1750.0,270.15,2944.01,462.11,869.85,725.22,722.53,807.58,1023.83,49,53,44,58,2502309,26022824,,100,100,Yonge-Eglinton,Yonge-Eglinton (100),Not an NIA or Emerging Neighbourhood,,17825649.0,Yonge-Eglinton
2850000.0,2699000.0,2850000.0,HOUSE,HOUSE,North Riverdale,43.6746228,-79.3506851,4,1,5,2750.0,292.48,969.64,286.78,661.68,359.07,345.82,396.65,426.99,72,70,36,88,2502279,26022794,,68,68,North Riverdale,North Riverdale (68),Not an NIA or Emerging Neighbourhood,,17826129.0,North Riverdale
2910000.0,2898000.0,2910000.0,HOUSE,HOUSE,Yonge Eglinton,43.7013001,-79.4029658,5,1,4,2750.0,435.98,2815.66,444.46,812.81,508.99,485.1,483.78,589.97,66,49,43,58,2502309,26022824,,100,100,Yonge-Eglinton,Yonge-Eglinton (100),Not an NIA or Emerging Neighbourhood,,17825649.0,Yonge-Eglinton
2950000.0,2999900.0,2950000.0,HOUSE,HOUSE,Lawrence Park South,43.7121977,-79.4192558,3,1,4,2750.0,603.82,2356.65,568.41,1103.62,732.12,762.0,1012.15,1767.03,0,52,42,55,2502312,26022827,,103,103,Lawrence Park South,Lawrence Park South (103),Not an NIA or Emerging Neighbourhood,,17825601.0,Lawrence Park South
2650000.0,2789000.0,2650000.0,HOUSE,HOUSE,Mount Pleasant East,43.7026588,-79.3750085,4,1,4,2250.0,286.91,1773.99,325.72,726.42,173.68,408.04,654.9,1866.66,35,44,32,59,2502308,26022823,,99,99,Mount Pleasant East,Mount Pleasant East (99),Not an NIA or Emerging Neighbourhood,,17825665.0,Mount Pleasant East
2790000.0,2900000.0,2790000.0,HOUSE,HOUSE,Mount Pleasant East,43.7149444,-79.3940836,4,1,4,2250.0,439.4,1701.22,268.27,875.28,573.92,527.92,100.92,978.98,53,50,45,59,2502308,26022823,,99,99,Mount Pleasant East,Mount Pleasant East (99),Not an NIA or Emerging Neighbourhood,,17825665.0,Mount Pleasant East
2600000.0,2495000.0,2600000.0,HOUSE,HOUSE,Lawrence Park South,43.7065115,-79.4109157,3,1,4,2250.0,153.82,3229.1,461.18,914.71,268.65,363.11,334.59,992.61,24,52,49,55,2502312,26022827,,103,103,Lawrence Park South,Lawrence Park South (103),Not an NIA or Emerging Neighbourhood,,17825601.0,Lawrence Park South
2655000.0,2749000.0,2655000.0,HOUSE,HOUSE,The Beaches,43.6647813,-79.3094003,3,1,4,2750.0,336.51,3063.76,274.82,1059.53,442.05,647.52,526.91,2417.32,20,39,17,93,2502274,26022789,,63,63,The Beaches,The Beaches (63),Not an NIA or Emerging Neighbourhood,,17826209.0,The Beaches
2653000.0,2589000.0,2653000.0,HOUSE,HOUSE,Greenwood Coxwell,43.6678678,-79.3186907,4,1,5,2750.0,321.93,2505.24,286.92,576.35,548.08,213.96,534.18,1844.28,31,51,26,91,2502276,26022791,,65,65,Greenwood-Coxwell,Greenwood-Coxwell (65),Not an NIA or Emerging Neighbourhood,,17826177.0,Greenwood-Coxwell
2950000.0,2499000.0,2950000.0,HOUSE,HOUSE,The Beaches,43.6752703,-79.3034382,4,1,5,2250.0,255.1,2376.52,401.17,698.76,680.7,623.65,608.86,1442.61,31,55,33,93,2502274,26022789,,63,63,The Beaches,The Beaches (63),Not an NIA or Emerging Neighbourhood,,17826209.0,The Beaches
2530000.0,2650000.0,2530000.0,HOUSE,HOUSE,Mount Pleasant West,43.7041506,-79.3929095,3,1,4,2250.0,273.47,2236.42,170.39,379.97,333.12,341.63,346.99,539.75,90,50,40,1,2502366,26022881,,174,174,South Eglinton-Davisville,South Eglinton-Davisville (174),Not an NIA or Emerging Neighbourhood,,17824737.0,South Eglinton-Davisville
2750000.0,2699000.0,2750000.0,HOUSE,HOUSE,Lawrence Park South,43.7168542,-79.4173063,5,0,3,1750.0,484.71,2053.49,101.05,1267.62,868.44,631.96,720.6,1592.22,4,48,39,55,2502312,26022827,,103,103,Lawrence Park South,Lawrence Park South (103),Not an NIA or Emerging Neighbourhood,,17825601.0,Lawrence Park South
2630000.0,2598000.0,2630000.0,HOUSE,HOUSE,Blake Jones,43.6787443,-79.3405052,4,1,6,3250.0,182.37,1766.08,207.38,328.79,360.5,152.95,204.08,334.93,74,57,39,87,2502280,26022795,,69,69,Blake-Jones,Blake-Jones (69),Not an NIA or Emerging Neighbourhood,,17826113.0,Blake-Jones
2616000.0,2649000.0,2616000.0,HOUSE,HOUSE,Mount Pleasant West,43.7027072,-79.3934036,3,1,4,2250.0,263.55,2380.68,182.4,441.64,341.75,478.4,316.25,612.89,86,49,42,1,2502366,26022881,,174,174,South Eglinton-Davisville,South Eglinton-Davisville (174),Not an NIA or Emerging Neighbourhood,,17824737.0,South Eglinton-Davisville
2510000.0,2349000.0,2510000.0,HOUSE,HOUSE,Lawrence Park South,43.7070382,-79.4156506,4,2,5,2750.0,352.16,2996.0,478.5,663.92,431.01,403.12,423.87,1373.17,17,55,46,55,2502312,26022827,,103,103,Lawrence Park South,Lawrence Park South (103),Not an NIA or Emerging Neighbourhood,,17825601.0,Lawrence Park South
2950000.0,3495000.0,2950000.0,HOUSE,HOUSE,Lawrence Park South,43.7256442,-79.3940117,3,0,2,1750.0,557.62,1653.13,397.91,628.4,701.91,698.75,692.13,684.51,9,37,33,55,2502312,26022827,,103,103,Lawrence Park South,Lawrence Park South (103),Not an NIA or Emerging Neighbourhood,,17825601.0,Lawrence Park South
2550000.0,2795000.0,2550000.0,HOUSE,HOUSE,Lawrence Park South,43.7254748,-79.3989328,5,0,5,2250.0,280.07,2039.8,240.98,236.62,338.93,306.54,296.28,300.7,18,43,29,55,2502312,26022827,,103,103,Lawrence Park South,Lawrence Park South (103),Not an NIA or Emerging Neighbourhood,,17825601.0,Lawrence Park South
2618000.0,2699000.0,2618000.0,HOUSE,HOUSE,Forest Hill North,43.7091028,-79.4203443,4,1,4,2750.0,371.09,2608.87,424.45,753.74,743.75,749.26,843.34,1635.75,12,49,43,56,2502311,26022826,,102,102,Forest Hill North,Forest Hill North (102),Not an NIA or Emerging Neighbourhood,,17825617.0,Forest Hill North
2800000.0,2899000.0,2800000.0,HOUSE,HOUSE,Lawrence Park South,43.7137855,-79.4139266,3,0,2,2250.0,492.27,2487.23,279.56,1292.78,1091.09,983.63,1059.64,1460.65,0,54,47,55,2502312,26022827,,103,103,Lawrence Park South,Lawrence Park South (103),Not an NIA or Emerging Neighbourhood,,17825601.0,Lawrence Park South
2649111.5,2499999.0,2649111.5,HOUSE,HOUSE,The Beaches,43.6731115,-79.2912482,6,1,3,2250.0,108.55,3292.08,150.93,670.59,476.5,272.45,335.98,1958.08,40,35,22,93,2502274,26022789,,63,63,The Beaches,The Beaches (63),Not an NIA or Emerging Neighbourhood,,17826209.0,The Beaches
2585000.0,2650000.0,2585000.0,HOUSE,HOUSE,Mount Pleasant West,43.7007944,-79.3954432,4,1,4,2750.0,108.91,2648.48,203.84,681.08,187.93,259.08,272.94,350.83,78,48,43,1,2502366,26022881,,174,174,South Eglinton-Davisville,South Eglinton-Davisville (174),Not an NIA or Emerging Neighbourhood,,17824737.0,South Eglinton-Davisville
2740000.0,2789999.0,2740000.0,HOUSE,HOUSE,The Beaches,43.6656923,-79.3058414,3,1,4,2250.0,374.98,3102.71,355.53,769.34,345.02,586.64,354.4,2367.83,28,36,19,93,2502274,26022789,,63,63,The Beaches,The Beaches (63),Not an NIA or Emerging Neighbourhood,,17826209.0,The Beaches
2600000.0,2195000.0,2600000.0,HOUSE,HOUSE,High Park Swansea,43.647621,-79.4499021,3,1,4,2250.0,181.95,807.85,484.77,289.17,274.96,467.93,241.59,1066.22,36,46,28,101,2502266,26022781,,87,87,High Park-Swansea,High Park-Swansea (87),Not an NIA or Emerging Neighbourhood,,17826337.0,High Park-Swansea
2805000.0,2995000.0,2805000.0,HOUSE,HOUSE,Lawrence Park South,43.7102941,-79.4124858,4,1,5,2250.0,98.49,2853.13,531.57,1045.71,689.83,752.12,719.26,1185.44,17,56,47,55,2502312,26022827,,103,103,Lawrence Park South,Lawrence Park South (103),Not an NIA or Emerging Neighbourhood,,17825601.0,Lawrence Park South
3000000.0,3295000.0,3000000.0,HOUSE,HOUSE,Lawrence Park South,43.7231154,-79.3931344,4,1,6,2750.0,458.67,1552.34,509.07,720.37,873.47,811.29,798.99,832.18,5,39,35,55,2502312,26022827,,103,103,Lawrence Park South,Lawrence Park South (103),Not an NIA or Emerging Neighbourhood,,17825601.0,Lawrence Park South
2600000.0,2799000.0,2600000.0,HOUSE,HOUSE,Lawrence Park South,43.7148584,-79.4089436,4,0,3,2750.0,385.63,2704.97,151.23,1040.61,860.1,756.97,689.04,1227.16,21,49,46,55,2502312,26022827,,103,103,Lawrence Park South,Lawrence Park South (103),Not an NIA or Emerging Neighbourhood,,17825601.0,Lawrence Park South
2650000.0,2795000.0,2650000.0,HOUSE,HOUSE,Lawrence Park South,43.7131034,-79.4033698,4,0,5,2250.0,138.0,2474.92,251.33,612.57,378.33,290.06,344.3,803.93,54,58,38,55,2502312,26022827,,103,103,Lawrence Park South,Lawrence Park South (103),Not an NIA or Emerging Neighbourhood,,17825601.0,Lawrence Park South
2600000.0,2495000.0,2600000.0,HOUSE,HOUSE,High Park North,43.658691,-79.4645552,3,1,4,2250.0,271.97,1470.5,125.04,543.59,773.89,546.34,700.17,529.85,53,47,31,100,2502267,26022782,,88,88,High Park North,High Park North (88),Not an NIA or Emerging Neighbourhood,,17826321.0,High Park North
2525000.0,2635000.0,2525000.0,HOUSE,HOUSE,Annex,43.6675363,-79.4131087,4,0,5,2250.0,60.41,1142.81,106.38,282.26,286.67,174.89,288.59,233.47,126,81,62,63,2502304,26022819,,95,95,Annex,Annex (95),Not an NIA or Emerging Neighbourhood,,17825729.0,Annex
2725000.0,2899000.0,2725000.0,HOUSE,HOUSE,Palmerston Little Italy,43.661348,-79.4126351,4,1,6,3250.0,131.4,1047.47,234.82,435.48,358.98,382.44,398.66,522.02,197,68,70,79,2502288,26022803,,80,80,Palmerston-Little Italy,Palmerston-Little Italy (80),Not an NIA or Emerging Neighbourhood,,17825985.0,Palmerston-Little Italy
2925000.0,2895000.0,2925000.0,HOUSE,HOUSE,Lawrence Park South,43.7066222,-79.4166179,4,1,5,2750.0,316.66,2995.37,389.6,580.56,448.71,370.69,436.39,1450.66,18,54,46,55,2502312,26022827,,103,103,Lawrence Park South,Lawrence Park South (103),Not an NIA or Emerging Neighbourhood,,17825601.0,Lawrence Park South
2635000.0,2499000.0,2635000.0,HOUSE,HOUSE,Woodbine Corridor,43.6748259,-79.3133427,5,1,4,2250.0,165.78,1921.74,225.33,747.71,512.95,484.49,484.88,1289.82,21,55,34,92,2502275,26022790,,64,64,Woodbine Corridor,Woodbine Corridor (64),Not an NIA or Emerging Neighbourhood,,17826193.0,Woodbine Corridor
2555000.0,1995000.0,2555000.0,HOUSE,HOUSE,South Riverdale,43.6633294,-79.3367035,3,1,4,2250.0,372.05,1476.48,183.2,343.51,208.85,175.17,340.41,1959.29,51,66,25,86,2502281,26022796,,70,70,South Riverdale,South Riverdale (70),Not an NIA or Emerging Neighbourhood,,17826097.0,South Riverdale
2680000.0,2895000.0,2680000.0,HOUSE,HOUSE,Casa Loma,43.6797135,-79.4032095,5,1,5,2750.0,68.78,1016.55,54.84,1186.4,794.78,653.92,461.05,634.27,26,83,51,62,2502305,26022820,,96,96,Casa Loma,Casa Loma (96),Not an NIA or Emerging Neighbourhood,,17825713.0,Casa Loma
2826000.0,2779000.0,2826000.0,HOUSE,HOUSE,Lawrence Park North,43.7243639,-79.4123501,4,1,4,2250.0,283.32,1952.46,142.37,852.92,366.32,372.69,296.87,823.69,19,40,35,54,2502313,26022828,,105,105,Lawrence Park North,Lawrence Park North (105),Not an NIA or Emerging Neighbourhood,,17825585.0,Lawrence Park North
2730000.0,2795000.0,2730000.0,HOUSE,HOUSE,High Park North,43.6573742,-79.4729128,4,2,4,2250.0,104.93,1024.71,168.14,615.86,735.49,601.91,708.28,623.6,48,55,33,100,2502267,26022782,,88,88,High Park North,High Park North (88),Not an NIA or Emerging Neighbourhood,,17826321.0,High Park North
3000000.0,3150000.0,3000000.0,HOUSE,HOUSE,Forest Hill South,43.7005457,-79.4193552,5,0,4,2750.0,321.84,2562.9,382.59,227.11,519.44,419.77,623.47,1354.49,29,46,34,57,2502310,26022825,,101,101,Forest Hill South,Forest Hill South (101),Not an NIA or Emerging Neighbourhood,,17825633.0,Forest Hill South
2745000.0,2888000.0,2745000.0,HOUSE,HOUSE,Lawrence Park North,43.7237032,-79.4135803,4,1,5,2750.0,301.36,1884.42,43.65,958.82,286.43,249.69,177.85,939.66,14,43,37,54,2502313,26022828,,105,105,Lawrence Park North,Lawrence Park North (105),Not an NIA or Emerging Neighbourhood,,17825585.0,Lawrence Park North
2600000.0,2850000.0,2600000.0,HOUSE,HOUSE,Rosedale Moore Park,43.6907575,-79.3874811,4,1,4,2750.0,349.97,2684.46,179.4,462.23,498.58,561.57,363.76,589.05,29,63,36,60,2502307,26022822,,98,98,Rosedale-Moore Park,Rosedale-Moore Park (98),Not an NIA or Emerging Neighbourhood,,17825681.0,Rosedale-Moore Park
2850000.0,2998000.0,2850000.0,HOUSE,HOUSE,Forest Hill North,43.7036958,-79.4182823,4,1,4,2750.0,256.03,2903.09,164.93,248.55,466.64,238.86,440.68,1516.05,29,50,45,56,2502311,26022826,,102,102,Forest Hill North,Forest Hill North (102),Not an NIA or Emerging Neighbourhood,,17825617.0,Forest Hill North
2568000.0,2288000.0,2568000.0,HOUSE,HOUSE,North Riverdale,43.6752517,-79.3562513,3,1,5,4250.0,259.62,996.98,281.13,1009.84,234.24,167.83,156.35,248.5,49,72,35,88,2502279,26022794,,68,68,North Riverdale,North Riverdale (68),Not an NIA or Emerging Neighbourhood,,17826129.0,North Riverdale
2703000.0,2489900.0,2703000.0,HOUSE,HOUSE,The Beaches,43.6770347,-79.2944108,4,1,4,1750.0,354.9,2842.88,139.67,816.95,528.26,444.5,326.42,1455.78,41,49,27,93,2502274,26022789,,63,63,The Beaches,The Beaches (63),Not an NIA or Emerging Neighbourhood,,17826209.0,The Beaches
2603000.0,2695000.0,2603000.0,HOUSE,HOUSE,Lawrence Park North,43.7282937,-79.3911778,3,1,3,1750.0,385.15,1522.98,100.18,931.21,921.1,962.97,974.89,933.13,5,35,26,54,2502313,26022828,,105,105,Lawrence Park North,Lawrence Park North (105),Not an NIA or Emerging Neighbourhood,,17825585.0,Lawrence Park North
2975000.0,3275000.0,2975000.0,HOUSE,HOUSE,Rosedale Moore Park,43.6752314,-79.3692197,4,1,5,2750.0,294.96,1535.98,131.92,956.34,708.89,654.71,434.74,193.19,28,79,41,60,2502307,26022822,,98,98,Rosedale-Moore Park,Rosedale-Moore Park (98),Not an NIA or Emerging Neighbourhood,,17825681.0,Rosedale-Moore Park
2910000.0,2950000.0,2910000.0,HOUSE,HOUSE,Mount Pleasant West,43.701892,-79.3925282,5,2,4,2750.0,254.06,2403.3,68.94,417.72,446.91,498.48,389.6,583.17,77,48,42,1,2502366,26022881,,174,174,South Eglinton-Davisville,South Eglinton-Davisville (174),Not an NIA or Emerging Neighbourhood,,17824737.0,South Eglinton-Davisville
2600000.0,2499900.0,2600000.0,HOUSE,HOUSE,Woodbine Corridor,43.6701929,-79.3156274,4,1,4,2250.0,525.78,2319.85,87.3,573.58,399.77,358.31,454.4,1662.85,27,51,28,92,2502275,26022790,,64,64,Woodbine Corridor,Woodbine Corridor (64),Not an NIA or Emerging Neighbourhood,,17826193.0,Woodbine Corridor
2895000.0,2895000.0,2895000.0,HOUSE,HOUSE,Yonge St Clair,43.6840224,-79.3966432,4,0,4,2250.0,241.8,1675.2,393.43,614.66,338.39,345.6,393.25,497.05,39,76,49,61,2502306,26022821,,97,97,Yonge-St.Clair,Yonge-St.Clair (97),Not an NIA or Emerging Neighbourhood,,17825697.0,Yonge-St.Clair
2905000.0,2490000.0,2905000.0,HOUSE,HOUSE,Palmerston Little Italy,43.6563895,-79.4178371,5,0,4,2250.0,259.02,1045.05,278.36,235.47,234.87,250.4,275.32,859.28,170,75,64,79,2502288,26022803,,80,80,Palmerston-Little Italy,Palmerston-Little Italy (80),Not an NIA or Emerging Neighbourhood,,17825985.0,Palmerston-Little Italy
3000000.0,3495000.0,3000000.0,HOUSE,HOUSE,Forest Hill North,43.7059686,-79.429257,5,0,5,3250.0,445.15,2704.82,360.59,795.94,598.43,604.83,598.31,928.66,16,50,35,56,2502311,26022826,,102,102,Forest Hill North,Forest Hill North (102),Not an NIA or Emerging Neighbourhood,,17825617.0,Forest Hill North
2805000.0,2750000.0,2805000.0,HOUSE,HOUSE,Rosedale Moore Park,43.6921468,-79.3886641,4,1,4,2750.0,361.99,2694.42,344.81,494.08,524.46,556.62,438.92,617.46,26,62,37,60,2502307,26022822,,98,98,Rosedale-Moore Park,Rosedale-Moore Park (98),Not an NIA or Emerging Neighbourhood,,17825681.0,Rosedale-Moore Park
2820000.0,2948000.0,2820000.0,HOUSE,HOUSE,Lawrence Park South,43.7231813,-79.3962689,4,1,5,3250.0,606.11,1804.33,352.79,479.98,663.45,599.31,561.0,610.46,14,42,35,55,2502312,26022827,,103,103,Lawrence Park South,Lawrence Park South (103),Not an NIA or Emerging Neighbourhood,,17825601.0,Lawrence Park South
2525000.0,2688888.0,2525000.0,HOUSE,HOUSE,High Park Swansea,43.6399696,-79.4779426,4,2,5,2750.0,418.81,2259.21,217.2,846.27,1107.63,899.4,1053.33,1203.86,0,43,16,101,2502266,26022781,,87,87,High Park-Swansea,High Park-Swansea (87),Not an NIA or Emerging Neighbourhood,,17826337.0,High Park-Swansea
2915000.0,2849000.0,2915000.0,HOUSE,HOUSE,Lawrence Park South,43.712498,-79.4066887,4,0,3,2750.0,393.62,2750.04,427.81,729.13,588.43,552.24,595.93,912.57,43,55,46,55,2502312,26022827,,103,103,Lawrence Park South,Lawrence Park South (103),Not an NIA or Emerging Neighbourhood,,17825601.0,Lawrence Park South
2635000.0,2699000.0,2635000.0,HOUSE,HOUSE,Trinity Bellwoods,43.6509681,-79.4171759,6,0,3,2750.0,272.55,893.11,195.51,522.47,253.05,395.28,399.71,1464.23,154,73,46,106,2502261,26022776,,81,81,Trinity-Bellwoods,Trinity-Bellwoods (81),Not an NIA or Emerging Neighbourhood,,17826417.0,Trinity-Bellwoods
2988888.0,3188800.0,2988888.0,HOUSE,HOUSE,Lawrence Park North,43.7281752,-79.4109521,4,1,5,2250.0,117.57,1974.94,400.08,824.52,518.06,702.6,563.85,710.87,36,36,31,54,2502313,26022828,,105,105,Lawrence Park North,Lawrence Park North (105),Not an NIA or Emerging Neighbourhood,,17825585.0,Lawrence Park North
2700000.0,2298000.0,2700000.0,HOUSE,HOUSE,Mount Pleasant East,43.708964,-79.3835241,4,0,6,2250.0,374.32,1337.47,394.89,671.02,499.14,455.8,468.09,1234.11,54,48,35,59,2502308,26022823,,99,99,Mount Pleasant East,Mount Pleasant East (99),Not an NIA or Emerging Neighbourhood,,17825665.0,Mount Pleasant East
2610000.0,2495000.0,2610000.0,HOUSE,HOUSE,Lawrence Park South,43.713178,-79.4056673,4,0,4,2250.0,317.65,2652.4,422.38,724.32,539.57,473.85,486.71,913.57,42,56,44,55,2502312,26022827,,103,103,Lawrence Park South,Lawrence Park South (103),Not an NIA or Emerging Neighbourhood,,17825601.0,Lawrence Park South
2720000.0,2750000.0,2720000.0,HOUSE,HOUSE,High Park-Swansea,43.6455832,-79.4762051,4,0,5,2250.0,222.18,2139.46,192.29,258.49,580.02,573.13,608.33,680.65,30,46,20,101,2502266,26022781,,87,87,High Park-Swansea,High Park-Swansea (87),Not an NIA or Emerging Neighbourhood,,17826337.0,High Park-Swansea
2788700.0,2299000.0,2788700.0,HOUSE,HOUSE,The Beaches,43.6770004,-79.293897,4,0,3,2250.0,333.28,2880.53,111.13,841.48,500.66,422.34,362.37,1476.14,41,47,27,93,2502274,26022789,,63,63,The Beaches,The Beaches (63),Not an NIA or Emerging Neighbourhood,,17826209.0,The Beaches
2800000.0,2749000.0,2800000.0,HOUSE,HOUSE,North Riverdale,43.6662573,-79.3515156,4,1,5,2250.0,220.0,246.14,206.43,140.5,106.19,75.31,97.32,1308.73,41,79,35,88,2502279,26022794,,68,68,North Riverdale,North Riverdale (68),Not an NIA or Emerging Neighbourhood,,17826129.0,North Riverdale
2800000.0,2985000.0,2800000.0,HOUSE,HOUSE,Yonge-Eglinton,43.7029117,-79.404951,5,0,5,3250.0,383.09,2933.44,351.28,723.28,357.18,247.15,612.38,667.86,73,52,43,58,2502309,26022824,,100,100,Yonge-Eglinton,Yonge-Eglinton (100),Not an NIA or Emerging Neighbourhood,,17825649.0,Yonge-Eglinton
2910000.0,2999000.0,2910000.0,HOUSE,HOUSE,The Beaches,43.6713797,-79.2981318,4,1,4,2250.0,275.21,2983.91,294.14,143.94,82.95,215.77,89.58,1984.47,37,45,24,93,2502274,26022789,,63,63,The Beaches,The Beaches (63),Not an NIA or Emerging Neighbourhood,,17826209.0,The Beaches
2930000.0,2950000.0,2930000.0,HOUSE,HOUSE,Playter Estates Danforth,43.6773796,-79.3560195,4,1,3,2250.0,400.44,1229.92,192.65,929.45,241.77,65.02,87.49,180.03,52,63,34,89,2502278,26022793,,67,67,Playter Estates-Danforth,Playter Estates-Danforth (67),Not an NIA or Emerging Neighbourhood,,17826145.0,Playter Estates-Danforth
2600000.0,2698000.0,2600000.0,HOUSE,HOUSE,Yonge-Eglinton,43.69884829999999,-79.4039524,4,1,4,1750.0,584.11,2532.84,258.93,1096.6,557.89,566.41,614.85,545.07,44,52,46,58,2502309,26022824,,100,100,Yonge-Eglinton,Yonge-Eglinton (100),Not an NIA or Emerging Neighbourhood,,17825649.0,Yonge-Eglinton
2580000.0,2379000.0,2580000.0,HOUSE,HOUSE,High Park Swansea,43.6419541,-79.4698244,5,0,3,2250.0,611.7,1615.31,207.4,899.09,1122.11,1112.58,1100.35,1192.37,1,38,18,101,2502266,26022781,,87,87,High Park-Swansea,High Park-Swansea (87),Not an NIA or Emerging Neighbourhood,,17826337.0,High Park-Swansea
2550000.0,3295000.0,2550000.0,HOUSE,HOUSE,Rosedale Moore Park,43.6826485,-79.373538,5,1,4,2750.0,190.71,2075.43,120.23,1594.5,1166.91,443.01,451.16,1079.66,0,67,31,60,2502307,26022822,,98,98,Rosedale-Moore Park,Rosedale-Moore Park (98),Not an NIA or Emerging Neighbourhood,,17825681.0,Rosedale-Moore Park
2750000.0,2785000.0,2750000.0,HOUSE,HOUSE,Lawrence Park North,43.7334133,-79.4157236,4,1,5,2250.0,584.96,1630.3,579.99,808.49,611.65,343.5,379.88,1323.06,35,38,27,54,2502313,26022828,,105,105,Lawrence Park North,Lawrence Park North (105),Not an NIA or Emerging Neighbourhood,,17825585.0,Lawrence Park North
2735000.0,2750000.0,2735000.0,HOUSE,HOUSE,South Riverdale,43.6631526,-79.3374537,3,1,5,2750.0,397.3,1422.62,177.34,393.59,169.74,193.96,398.05,1958.52,52,66,25,86,2502281,26022796,,70,70,South Riverdale,South Riverdale (70),Not an NIA or Emerging Neighbourhood,,17826097.0,South Riverdale
2550000.0,2725000.0,2550000.0,HOUSE,HOUSE,The Beaches,43.6731677,-79.3003906,4,1,4,2250.0,190.94,2715.24,158.24,373.11,344.78,334.61,339.25,1768.6,33,49,30,93,2502274,26022789,,63,63,The Beaches,The Beaches (63),Not an NIA or Emerging Neighbourhood,,17826209.0,The Beaches
2890000.0,2890000.0,2890000.0,HOUSE,HOUSE,Lawrence Park South,43.705804,-79.4125388,4,1,4,2250.0,301.13,3138.28,515.92,763.4,204.01,253.17,220.56,1127.72,17,55,50,55,2502312,26022827,,103,103,Lawrence Park South,Lawrence Park South (103),Not an NIA or Emerging Neighbourhood,,17825601.0,Lawrence Park South
2900000.0,2695000.0,2900000.0,HOUSE,HOUSE,Rosedale Moore Park,43.6935446,-79.3811759,3,1,4,2250.0,591.68,2850.61,86.67,1056.38,860.25,916.77,901.65,1183.2,4,53,32,60,2502307,26022822,,98,98,Rosedale-Moore Park,Rosedale-Moore Park (98),Not an NIA or Emerging Neighbourhood,,17825681.0,Rosedale-Moore Park
2936000.0,2999000.0,2936000.0,HOUSE,HOUSE,Forest Hill North,43.7031201,-79.426573,4,1,5,2250.0,143.17,2966.65,236.2,477.84,233.89,233.76,259.44,879.35,19,46,33,56,2502311,26022826,,102,102,Forest Hill North,Forest Hill North (102),Not an NIA or Emerging Neighbourhood,,17825617.0,Forest Hill North
2785000.0,2849000.0,2785000.0,HOUSE,HOUSE,Mount Pleasant West,43.7037114,-79.3925891,3,1,4,1750.0,231.57,2254.12,224.27,354.7,351.16,352.6,323.28,588.35,87,50,41,1,2502366,26022881,,174,174,South Eglinton-Davisville,South Eglinton-Davisville (174),Not an NIA or Emerging Neighbourhood,,17824737.0,South Eglinton-Davisville
2825000.0,2995000.0,2825000.0,HOUSE,HOUSE,Cabbagetown South St James Town,43.6728706,-79.3685264,5,1,4,4250.0,234.27,1335.1,146.97,762.32,697.05,558.31,284.06,81.37,42,84,48,85,2502282,26022797,,71,71,Cabbagetown-South St.James Town,Cabbagetown-South St.James Town (71),Not an NIA or Emerging Neighbourhood,,17826081.0,Cabbagetown-South St.James Town
2575689.0,2595000.0,2575689.0,HOUSE,HOUSE,Yonge-Eglinton,43.6989657,-79.4039971,3,1,4,1750.0,581.28,2543.68,261.62,1085.29,559.66,570.48,620.02,551.16,45,51,46,58,2502309,26022824,,100,100,Yonge-Eglinton,Yonge-Eglinton (100),Not an NIA or Emerging Neighbourhood,,17825649.0,Yonge-Eglinton
2705088.0,2699000.0,2705088.0,HOUSE,HOUSE,The Beaches,43.6675852,-79.3001362,4,1,5,2750.0,228.09,3186.69,153.79,310.75,362.81,272.28,368.15,2322.08,27,37,23,93,2502274,26022789,,63,63,The Beaches,The Beaches (63),Not an NIA or Emerging Neighbourhood,,17826209.0,The Beaches
2900000.0,2399000.0,2900000.0,HOUSE,HOUSE,Runnymede Bloor West Village,43.6575068,-79.4833919,3,1,4,1750.0,320.62,803.02,333.79,988.46,823.18,405.77,334.43,844.66,41,52,26,99,2502268,26022783,,89,89,Runnymede-Bloor West Village,Runnymede-Bloor West Village (89),Not an NIA or Emerging Neighbourhood,,17826305.0,Runnymede-Bloor West Village
2815000.0,2949000.0,2815000.0,HOUSE,HOUSE,The Beaches,43.676852,-79.2904805,5,1,5,2250.0,70.02,3129.18,224.7,987.89,377.84,362.97,543.99,1624.65,34,39,27,93,2502274,26022789,,63,63,The Beaches,The Beaches (63),Not an NIA or Emerging Neighbourhood,,17826209.0,The Beaches
2750000.0,2839800.0,2750000.0,HOUSE,HOUSE,Palmerston Little Italy,43.661573,-79.4205764,4,1,5,2250.0,112.46,1511.42,93.39,650.18,432.49,149.9,423.99,331.82,137,71,61,79,2502288,26022803,,80,80,Palmerston-Little Italy,Palmerston-Little Italy (80),Not an NIA or Emerging Neighbourhood,,17825985.0,Palmerston-Little Italy
2725000.0,2895000.0,2725000.0,HOUSE,HOUSE,Yonge Eglinton,43.7042336,-79.404135,4,2,4,2750.0,342.3,2932.26,206.45,566.08,386.16,204.3,490.62,528.09,79,55,42,58,2502309,26022824,,100,100,Yonge-Eglinton,Yonge-Eglinton (100),Not an NIA or Emerging Neighbourhood,,17825649.0,Yonge-Eglinton
2650000.0,2795000.0,2650000.0,HOUSE,HOUSE,Yonge Eglinton,43.6993666,-79.4048682,4,1,3,2750.0,526.74,2560.95,232.71,1067.79,625.81,620.27,696.2,629.59,45,53,46,58,2502309,26022824,,100,100,Yonge-Eglinton,Yonge-Eglinton (100),Not an NIA or Emerging Neighbourhood,,17825649.0,Yonge-Eglinton
2685000.0,2689000.0,2685000.0,HOUSE,HOUSE,The Beaches,43.6658788,-79.3073491,3,1,4,2250.0,274.14,3026.2,423.79,854.55,295.44,595.59,347.92,2322.48,25,39,20,93,2502274,26022789,,63,63,The Beaches,The Beaches (63),Not an NIA or Emerging Neighbourhood,,17826209.0,The Beaches
2725000.0,2999000.0,2725000.0,HOUSE,HOUSE,Rosedale Moore Park,43.6871593,-79.3732265,5,0,3,2750.0,343.63,2559.94,199.16,1551.92,1089.62,278.37,189.03,1517.11,0,55,27,60,2502307,26022822,,98,98,Rosedale-Moore Park,Rosedale-Moore Park (98),Not an NIA or Emerging Neighbourhood,,17825681.0,Rosedale-Moore Park
2750000.0,2988000.0,2750000.0,HOUSE,HOUSE,Lawrence Park North,43.7263214,-79.413685,4,0,5,2250.0,302.4,1790.56,299.81,971.56,244.66,472.1,379.86,900.84,29,40,31,54,2502313,26022828,,105,105,Lawrence Park North,Lawrence Park North (105),Not an NIA or Emerging Neighbourhood,,17825585.0,Lawrence Park North
2900000.0,2995000.0,2900000.0,HOUSE,HOUSE,Casa Loma,43.6775649,-79.3997999,4,0,5,2250.0,335.13,1264.94,102.95,1095.23,433.26,457.36,328.45,659.45,51,87,55,62,2502305,26022820,,96,96,Casa Loma,Casa Loma (96),Not an NIA or Emerging Neighbourhood,,17825713.0,Casa Loma
3000000.0,2799000.0,3000000.0,HOUSE,HOUSE,Junction Area,43.6633865,-79.4755729,4,1,5,2750.0,297.46,451.76,213.85,740.28,625.17,264.23,569.79,1269.37,55,58,38,67,2502300,26022815,,90,90,Junction Area,Junction Area (90),Not an NIA or Emerging Neighbourhood,,17825793.0,Junction Area
2725000.0,2750000.0,2725000.0,HOUSE,HOUSE,The Beaches,43.6783168,-79.285729,4,1,4,3250.0,252.53,3406.86,196.74,1240.96,281.77,268.43,561.19,1747.49,24,36,26,93,2502274,26022789,,63,63,The Beaches,The Beaches (63),Not an NIA or Emerging Neighbourhood,,17826209.0,The Beaches
2910000.0,2999000.0,2910000.0,HOUSE,HOUSE,Rosedale Moore Park,43.692106,-79.3788179,5,0,3,2250.0,550.97,2974.01,316.89,1159.94,791.18,699.34,683.82,1282.27,1,56,28,60,2502307,26022822,,98,98,Rosedale-Moore Park,Rosedale-Moore Park (98),Not an NIA or Emerging Neighbourhood,,17825681.0,Rosedale-Moore Park
2600000.0,2695000.0,2600000.0,HOUSE,HOUSE,Rosedale Moore Park,43.6873654,-79.3710422,3,0,3,2250.0,374.44,2636.93,152.15,1724.65,1058.76,450.03,362.55,1548.74,0,53,25,60,2502307,26022822,,98,98,Rosedale-Moore Park,Rosedale-Moore Park (98),Not an NIA or Emerging Neighbourhood,,17825681.0,Rosedale-Moore Park
2700000.0,2850000.0,2700000.0,HOUSE,HOUSE,University,43.6637856,-79.4050876,4,1,5,2750.0,281.55,703.77,160.68,433.56,359.79,220.78,266.3,529.61,176,91,71,80,2502287,26022802,,79,79,University,University (79),Not an NIA or Emerging Neighbourhood,,17826001.0,University
2654321.0,1990000.0,2654321.0,HOUSE,HOUSE,High Park North,43.657797,-79.4666794,4,1,4,2250.0,398.23,1370.75,314.09,623.52,840.72,468.66,735.9,437.27,52,49,33,100,2502267,26022782,,88,88,High Park North,High Park North (88),Not an NIA or Emerging Neighbourhood,,17826321.0,High Park North
2550000.0,2598000.0,2550000.0,HOUSE,HOUSE,Lawrence Park North,43.7256756,-79.4058965,3,1,4,1750.0,252.22,2417.75,196.1,343.97,306.66,258.23,255.53,284.98,21,43,31,54,2502313,26022828,,105,105,Lawrence Park North,Lawrence Park North (105),Not an NIA or Emerging Neighbourhood,,17825585.0,Lawrence Park North
2650000.0,2650000.0,2650000.0,HOUSE,HOUSE,High Park North,43.6548253,-79.388447,3,1,4,2250.0,196.0,242.01,387.87,405.16,27.67,169.65,254.75,13.96,375,97,76,81,2502286,26022801,,78,78,Kensington-Chinatown,Kensington-Chinatown (78),Not an NIA or Emerging Neighbourhood,,17826017.0,Kensington-Chinatown
2825000.0,2799000.0,2825000.0,HOUSE,HOUSE,Islington City Centre West,43.6399845,-79.5525852,4,2,6,4250.0,300.59,3422.69,181.53,863.91,846.49,719.68,744.86,1399.24,2,26,17,48,2502319,26022834,,158,158,Islington,Islington (158),Not an NIA or Emerging Neighbourhood,,17825489.0,Islington
2737000.0,2680000.0,2737000.0,HOUSE,HOUSE,The Beaches,43.6762885,-79.2984843,3,1,3,2750.0,213.82,2612.8,257.42,687.02,613.8,652.55,287.35,1440.9,39,51,32,93,2502274,26022789,,63,63,The Beaches,The Beaches (63),Not an NIA or Emerging Neighbourhood,,17826209.0,The Beaches
2979000.0,2979000.0,2979000.0,HOUSE,HOUSE,Wychwood,43.6783801,-79.4226591,5,0,3,2750.0,552.93,578.96,169.11,592.55,515.33,440.64,463.42,944.38,49,80,47,64,2502303,26022818,,94,94,Wychwood,Wychwood (94),Not an NIA or Emerging Neighbourhood,,17825745.0,Wychwood
2650000.0,2745000.0,2650000.0,HOUSE,HOUSE,High Park Swansea,43.6425703,-79.4531753,8,1,5,4250.0,333.46,362.3,608.1,448.36,428.39,448.19,449.01,1534.49,36,47,23,101,2502266,26022781,,87,87,High Park-Swansea,High Park-Swansea (87),Not an NIA or Emerging Neighbourhood,,17826337.0,High Park-Swansea
2580000.0,2699000.0,2580000.0,HOUSE,HOUSE,High Park Swansea,43.6496636,-79.4512202,4,1,4,1750.0,119.81,1040.63,442.27,538.41,103.06,258.58,438.43,821.91,43,45,33,101,2502266,26022781,,87,87,High Park-Swansea,High Park-Swansea (87),Not an NIA or Emerging Neighbourhood,,17826337.0,High Park-Swansea
2950000.0,2995000.0,2950000.0,HOUSE,HOUSE,Lawrence Park North,43.728005,-79.4056008,4,1,7,2250.0,141.36,2404.86,74.23,464.75,208.75,329.48,237.93,311.53,21,42,27,54,2502313,26022828,,105,105,Lawrence Park North,Lawrence Park North (105),Not an NIA or Emerging Neighbourhood,,17825585.0,Lawrence Park North
2530000.0,2699000.0,2530000.0,HOUSE,HOUSE,Danforth,43.681751,-79.3416361,4,1,5,2250.0,335.51,1623.04,143.51,421.47,409.84,281.27,268.39,319.83,74,50,39,90,2502277,26022792,,66,66,Danforth,Danforth (66),Not an NIA or Emerging Neighbourhood,,17826161.0,Danforth
2950000.0,2398000.0,2950000.0,HOUSE,HOUSE,High Park North,43.6606458,-79.4668207,3,1,4,1750.0,317.25,1216.61,372.63,308.39,524.02,547.16,427.36,753.8,50,49,32,100,2502267,26022782,,88,88,High Park North,High Park North (88),Not an NIA or Emerging Neighbourhood,,17826321.0,High Park North
2579000.0,2579000.0,2579000.0,HOUSE,HOUSE,Mount Pleasant East,43.7138211,-79.3870671,3,1,4,2250.0,411.23,1210.31,328.71,1100.21,648.77,624.8,525.87,1213.09,16,49,44,59,2502308,26022823,,99,99,Mount Pleasant East,Mount Pleasant East (99),Not an NIA or Emerging Neighbourhood,,17825665.0,Mount Pleasant East
2550000.0,1850000.0,2550000.0,HOUSE,HOUSE,University,43.662838,-79.4064848,3,1,3,2250.0,163.53,716.57,12.82,557.84,359.26,374.01,335.54,514.23,197,89,70,80,2502287,26022802,,79,79,University,University (79),Not an NIA or Emerging Neighbourhood,,17826001.0,University
2875000.0,2895000.0,2875000.0,HOUSE,HOUSE,Rosedale Moore Park,43.6926395,-79.381341,5,0,4,2750.0,638.65,2951.76,120.87,996.12,919.57,833.01,835.82,1121.77,6,54,32,60,2502307,26022822,,98,98,Rosedale-Moore Park,Rosedale-Moore Park (98),Not an NIA or Emerging Neighbourhood,,17825681.0,Rosedale-Moore Park
2750000.0,2695000.0,2750000.0,HOUSE,HOUSE,Mount Pleasant East,43.7044456,-79.3791561,4,0,4,2250.0,125.61,1635.25,128.55,728.19,331.68,381.62,491.97,1581.75,46,49,38,59,2502308,26022823,,99,99,Mount Pleasant East,Mount Pleasant East (99),Not an NIA or Emerging Neighbourhood,,17825665.0,Mount Pleasant East
2598000.0,2698000.0,2598000.0,HOUSE,HOUSE,Lawrence Park South,43.7131518,-79.4080945,3,1,3,2250.0,509.97,2843.37,294.63,862.46,718.34,667.53,664.58,1044.53,39,53,46,55,2502312,26022827,,103,103,Lawrence Park South,Lawrence Park South (103),Not an NIA or Emerging Neighbourhood,,17825601.0,Lawrence Park South
2850000.0,2695000.0,2850000.0,HOUSE,HOUSE,Lawrence Park North,43.7273087,-79.4134392,4,1,4,2250.0,205.98,1789.0,411.34,976.57,296.25,580.56,394.23,887.53,36,40,31,54,2502313,26022828,,105,105,Lawrence Park North,Lawrence Park North (105),Not an NIA or Emerging Neighbourhood,,17825585.0,Lawrence Park North
2780000.0,2749000.0,2780000.0,HOUSE,HOUSE,Corso Italia Davenport,43.6760321,-79.4413794,4,1,5,2750.0,153.74,2086.87,291.74,136.72,266.19,98.57,829.43,1818.43,51,59,36,65,2502302,26022817,,92,92,Corso Italia-Davenport,Corso Italia-Davenport (92),Not an NIA or Emerging Neighbourhood,,17825761.0,Corso Italia-Davenport
2952000.0,1999000.0,2952000.0,HOUSE,HOUSE,North Riverdale,43.676883,-79.3482327,4,0,3,2250.0,92.08,1275.51,184.56,350.89,141.67,395.54,277.44,375.39,73,59,35,88,2502279,26022794,,68,68,North Riverdale,North Riverdale (68),Not an NIA or Emerging Neighbourhood,,17826129.0,North Riverdale
2618000.0,2798000.0,2618000.0,HOUSE,HOUSE,Forest Hill North,43.7029335,-79.4236976,4,1,4,2250.0,189.8,2885.62,100.42,247.81,263.52,225.78,360.83,1078.69,26,46,33,56,2502311,26022826,,102,102,Forest Hill North,Forest Hill North (102),Not an NIA or Emerging Neighbourhood,,17825617.0,Forest Hill North
2650000.0,2899000.0,2650000.0,HOUSE,HOUSE,Forest Hill North,43.7097128,-79.4176092,4,1,5,2750.0,388.76,2660.48,602.3,858.4,765.53,723.2,759.72,1565.06,14,53,44,56,2502311,26022826,,102,102,Forest Hill North,Forest Hill North (102),Not an NIA or Emerging Neighbourhood,,17825617.0,Forest Hill North
2650000.0,2298000.0,2650000.0,HOUSE,HOUSE,High Park North,43.6552802,-79.4745272,3,0,4,2250.0,160.45,1149.97,100.56,381.65,471.48,451.93,458.91,415.03,32,49,29,100,2502267,26022782,,88,88,High Park North,High Park North (88),Not an NIA or Emerging Neighbourhood,,17826321.0,High Park North
2900000.0,2999000.0,2900000.0,HOUSE,HOUSE,Lawrence Park South,43.7174358,-79.4099483,4,2,4,2250.0,131.86,2470.67,288.33,1057.44,977.88,721.13,792.58,1158.82,16,52,44,55,2502312,26022827,,103,103,Lawrence Park South,Lawrence Park South (103),Not an NIA or Emerging Neighbourhood,,17825601.0,Lawrence Park South
2950000.0,2999000.0,2950000.0,HOUSE,HOUSE,The Beaches,43.6663618,-79.3106527,3,1,4,2750.0,186.65,2862.29,156.35,1064.1,345.69,457.64,460.66,2215.02,20,42,21,93,2502274,26022789,,63,63,The Beaches,The Beaches (63),Not an NIA or Emerging Neighbourhood,,17826209.0,The Beaches
2945000.0,3149000.0,2945000.0,HOUSE,HOUSE,Rosedale Moore Park,43.6835407,-79.3908323,4,0,4,2750.0,214.79,2090.72,282.94,580.13,365.25,330.22,551.59,208.85,42,73,41,60,2502307,26022822,,98,98,Rosedale-Moore Park,Rosedale-Moore Park (98),Not an NIA or Emerging Neighbourhood,,17825681.0,Rosedale-Moore Park
2670000.0,2699000.0,2670000.0,HOUSE,HOUSE,Forest Hill South,43.6986792,-79.4224025,5,0,2,2750.0,395.73,2401.29,379.9,427.64,381.7,309.69,446.42,1103.56,25,43,33,57,2502310,26022825,,101,101,Forest Hill South,Forest Hill South (101),Not an NIA or Emerging Neighbourhood,,17825633.0,Forest Hill South
2836000.0,2649000.0,2836000.0,HOUSE,HOUSE,Yonge Eglinton,43.7037433,-79.402093,3,1,4,1750.0,309.2,2827.42,326.81,533.18,389.5,377.26,395.72,438.88,78,57,40,58,2502309,26022824,,100,100,Yonge-Eglinton,Yonge-Eglinton (100),Not an NIA or Emerging Neighbourhood,,17825649.0,Yonge-Eglinton
2800800.0,2498000.0,2800800.0,HOUSE,HOUSE,Roncesvalles,43.6431837,-79.4450115,4,0,5,2250.0,239.05,501.88,420.36,378.46,314.23,217.17,213.68,1660.13,62,48,23,102,2502265,26022780,,86,86,Roncesvalles,Roncesvalles (86),Not an NIA or Emerging Neighbourhood,,17826353.0,Roncesvalles
2935000.0,2999000.0,2935000.0,HOUSE,HOUSE,Mount Pleasant East,43.7056289,-79.3810567,4,1,5,2250.0,286.22,1561.92,285.21,602.68,453.11,478.32,479.62,1413.49,47,52,38,59,2502308,26022823,,99,99,Mount Pleasant East,Mount Pleasant East (99),Not an NIA or Emerging Neighbourhood,,17825665.0,Mount Pleasant East
2700000.0,2499000.0,2700000.0,HOUSE,HOUSE,Lawrence Park South,43.7126596,-79.4149472,3,1,3,1750.0,398.3,2524.61,416.04,1239.09,988.02,1027.87,996.85,1470.65,3,52,46,55,2502312,26022827,,103,103,Lawrence Park South,Lawrence Park South (103),Not an NIA or Emerging Neighbourhood,,17825601.0,Lawrence Park South
2750000.0,2889000.0,2750000.0,HOUSE,HOUSE,Dovercourt Wallace Emerson Junction,43.6639641,-79.4228481,4,1,6,3250.0,221.62,1633.13,150.03,711.96,323.7,173.3,501.37,330.97,89,68,56,3,2502364,26022879,,172,172,Dovercourt Village,Dovercourt Village (172),Not an NIA or Emerging Neighbourhood,,17824769.0,Dovercourt Village
2550000.0,2599000.0,2550000.0,HOUSE,HOUSE,South Riverdale,43.6608142,-79.3360809,4,1,5,2250.0,222.17,1610.52,330.43,588.15,173.33,124.29,365.6,2240.0,50,57,19,86,2502281,26022796,,70,70,South Riverdale,South Riverdale (70),Not an NIA or Emerging Neighbourhood,,17826097.0,South Riverdale
2590000.0,2700000.0,2590000.0,HOUSE,HOUSE,Lawrence Park North,43.7323238,-79.4131191,4,1,5,2250.0,393.57,1812.05,693.27,1035.47,597.28,584.81,474.96,1083.08,43,38,26,54,2502313,26022828,,105,105,Lawrence Park North,Lawrence Park North (105),Not an NIA or Emerging Neighbourhood,,17825585.0,Lawrence Park North
2525000.0,2748000.0,2525000.0,HOUSE,HOUSE,South Riverdale,43.6715095,-79.3356972,5,1,6,2750.0,149.85,1622.2,465.93,622.22,325.27,331.17,316.88,1071.51,26,65,36,86,2502281,26022796,,70,70,South Riverdale,South Riverdale (70),Not an NIA or Emerging Neighbourhood,,17826097.0,South Riverdale
2860000.0,2898000.0,2860000.0,HOUSE,HOUSE,High Park Swansea,43.6463047,-79.4773735,3,1,4,2750.0,293.14,2045.18,249.39,146.9,472.55,498.06,504.23,610.34,30,46,20,101,2502266,26022781,,87,87,High Park-Swansea,High Park-Swansea (87),Not an NIA or Emerging Neighbourhood,,17826337.0,High Park-Swansea
2895000.0,2895000.0,2895000.0,HOUSE,HOUSE,Wychwood,43.6783637,-79.4227702,6,0,3,2750.0,562.02,587.56,166.52,600.08,520.67,436.36,459.97,951.41,49,80,47,64,2502303,26022818,,94,94,Wychwood,Wychwood (94),Not an NIA or Emerging Neighbourhood,,17825745.0,Wychwood
2908000.0,3088000.0,2908000.0,HOUSE,HOUSE,Annex,43.6750054,-79.3925225,3,1,3,2750.0,227.02,1375.47,32.85,463.9,286.22,250.1,393.47,360.04,113,95,69,63,2502304,26022819,,95,95,Annex,Annex (95),Not an NIA or Emerging Neighbourhood,,17825729.0,Annex
2825000.0,2795000.0,2825000.0,HOUSE,HOUSE,Rosedale Moore Park,43.6907471,-79.3745785,5,0,4,2750.0,503.33,2919.51,187.31,1453.72,724.95,538.55,478.8,1568.16,1,52,24,60,2502307,26022822,,98,98,Rosedale-Moore Park,Rosedale-Moore Park (98),Not an NIA or Emerging Neighbourhood,,17825681.0,Rosedale-Moore Park
2750000.0,2599900.0,2750000.0,HOUSE,HOUSE,The Beaches,43.6770203,-79.2982932,3,1,4,1750.0,286.77,2579.11,339.95,716.67,688.97,688.46,204.67,1363.76,37,52,30,93,2502274,26022789,,63,63,The Beaches,The Beaches (63),Not an NIA or Emerging Neighbourhood,,17826209.0,The Beaches
2550000.0,2649000.0,2550000.0,HOUSE,HOUSE,Lawrence Park North,43.7257674,-79.4143434,4,1,4,2250.0,248.48,1754.07,232.53,1015.96,186.0,394.43,302.4,955.93,22,40,32,54,2502313,26022828,,105,105,Lawrence Park North,Lawrence Park North (105),Not an NIA or Emerging Neighbourhood,,17825585.0,Lawrence Park North
2760000.0,2795000.0,2760000.0,HOUSE,HOUSE,Forest Hill North,43.7013337,-79.4276454,4,2,5,2750.0,141.46,2806.51,277.63,566.85,90.39,107.37,72.07,718.87,16,48,33,56,2502311,26022826,,102,102,Forest Hill North,Forest Hill North (102),Not an NIA or Emerging Neighbourhood,,17825617.0,Forest Hill North
2720000.0,2718888.0,2720000.0,HOUSE,HOUSE,Lawrence Park North,43.7316433,-79.4004938,4,0,4,2250.0,427.9,2358.43,348.85,758.9,289.45,318.28,511.72,609.9,17,33,23,54,2502313,26022828,,105,105,Lawrence Park North,Lawrence Park North (105),Not an NIA or Emerging Neighbourhood,,17825585.0,Lawrence Park North
2625000.0,2799000.0,2625000.0,HOUSE,HOUSE,Forest Hill South,43.6961426,-79.4160472,4,0,4,2250.0,189.74,2055.18,260.61,784.27,773.65,811.23,893.66,1240.05,19,55,36,57,2502310,26022825,,101,101,Forest Hill South,Forest Hill South (101),Not an NIA or Emerging Neighbourhood,,17825633.0,Forest Hill South
2575000.0,2995000.0,2575000.0,HOUSE,HOUSE,Wychwood,43.6764284,-79.4283565,5,2,3,2750.0,211.11,1040.75,282.09,205.55,522.54,580.53,631.55,1417.82,59,71,38,64,2502303,26022818,,94,94,Wychwood,Wychwood (94),Not an NIA or Emerging Neighbourhood,,17825745.0,Wychwood
2750000.0,2986000.0,2750000.0,HOUSE,HOUSE,Lawrence Park North,43.7296581,-79.3989392,4,1,4,2250.0,233.12,2157.92,155.45,577.63,364.74,514.67,462.08,464.9,17,39,25,54,2502313,26022828,,105,105,Lawrence Park North,Lawrence Park North (105),Not an NIA or Emerging Neighbourhood,,17825585.0,Lawrence Park North
2775000.0,2995000.0,2775000.0,HOUSE,HOUSE,Mount Pleasant West,43.7022756,-79.3899534,3,1,4,2750.0,91.25,2242.74,174.86,234.89,402.94,405.54,213.88,762.09,71,55,43,1,2502366,26022881,,174,174,South Eglinton-Davisville,South Eglinton-Davisville (174),Not an NIA or Emerging Neighbourhood,,17824737.0,South Eglinton-Davisville
2930000.0,2889000.0,2930000.0,HOUSE,HOUSE,Lawrence Park South,43.7166742,-79.4159482,4,0,4,2250.0,447.1,2145.87,87.69,1377.23,891.04,645.8,729.16,1526.29,4,48,40,55,2502312,26022827,,103,103,Lawrence Park South,Lawrence Park South (103),Not an NIA or Emerging Neighbourhood,,17825601.0,Lawrence Park South
2858000.0,2980000.0,2858000.0,HOUSE,HOUSE,South Parkdale,43.6410252,-79.4311541,5,2,4,3250.0,376.43,652.34,174.49,123.41,355.87,359.04,338.48,2166.14,74,57,26,103,2502264,26022779,,85,85,South Parkdale,South Parkdale (85),Neighbourhood Improvement Area,NIA,17826369.0,South Parkdale
2589000.0,2589000.0,2589000.0,HOUSE,HOUSE,High Park North,43.6578748,-79.4762384,4,1,3,1750.0,159.23,830.41,259.16,693.07,734.19,755.9,755.11,686.59,51,55,30,100,2502267,26022782,,88,88,High Park North,High Park North (88),Not an NIA or Emerging Neighbourhood,,17826321.0,High Park North
2800000.0,2949000.0,2800000.0,HOUSE,HOUSE,Wychwood,43.6774577,-79.421239,4,0,4,2250.0,468.23,459.82,311.0,606.98,581.58,554.61,592.75,965.13,53,83,51,64,2502303,26022818,,94,94,Wychwood,Wychwood (94),Not an NIA or Emerging Neighbourhood,,17825745.0,Wychwood
2575000.0,2699000.0,2575000.0,HOUSE,HOUSE,Rosedale Moore Park,43.6849283,-79.3752439,4,0,2,2250.0,248.67,2277.51,219.67,1441.13,1333.4,155.4,172.95,1279.21,0,59,29,60,2502307,26022822,,98,98,Rosedale-Moore Park,Rosedale-Moore Park (98),Not an NIA or Emerging Neighbourhood,,17825681.0,Rosedale-Moore Park
2650000.0,2850000.0,2650000.0,HOUSE,HOUSE,Lawrence Park South,43.7135802,-79.4128403,5,0,5,2750.0,460.87,2564.71,220.25,1205.34,1056.16,1025.43,1019.0,1374.94,0,53,46,55,2502312,26022827,,103,103,Lawrence Park South,Lawrence Park South (103),Not an NIA or Emerging Neighbourhood,,17825601.0,Lawrence Park South
2800000.0,2999000.0,2800000.0,HOUSE,HOUSE,Forest Hill North,43.7017852,-79.429491,4,0,4,2750.0,253.79,2907.66,158.82,706.88,158.15,196.27,220.11,602.31,18,44,33,56,2502311,26022826,,102,102,Forest Hill North,Forest Hill North (102),Not an NIA or Emerging Neighbourhood,,17825617.0,Forest Hill North
2700000.0,2750000.0,2700000.0,HOUSE,HOUSE,Forest Hill South,43.7025379,-79.4137335,3,1,4,1750.0,324.8,2769.65,146.43,562.9,182.61,135.17,161.94,1306.05,18,52,45,57,2502310,26022825,,101,101,Forest Hill South,Forest Hill South (101),Not an NIA or Emerging Neighbourhood,,17825633.0,Forest Hill South
2900000.0,2995000.0,2900000.0,HOUSE,HOUSE,Lawrence Park North,43.731916,-79.3945793,4,1,5,2750.0,647.56,1952.33,388.77,972.12,758.94,785.88,861.1,886.4,17,32,22,54,2502313,26022828,,105,105,Lawrence Park North,Lawrence Park North (105),Not an NIA or Emerging Neighbourhood,,17825585.0,Lawrence Park North
2600000.0,2799999.0,2600000.0,HOUSE,HOUSE,South Riverdale,43.6639165,-79.3369753,3,3,4,3250.0,433.94,1441.43,117.98,303.27,261.58,243.64,377.03,1890.46,51,67,26,86,2502281,26022796,,70,70,South Riverdale,South Riverdale (70),Not an NIA or Emerging Neighbourhood,,17826097.0,South Riverdale
2550000.0,2495000.0,2550000.0,HOUSE,HOUSE,Yonge Eglinton,43.7006132,-79.4032761,5,0,4,2750.0,467.61,2735.42,421.37,893.16,510.03,535.77,537.71,565.81,62,49,44,58,2502309,26022824,,100,100,Yonge-Eglinton,Yonge-Eglinton (100),Not an NIA or Emerging Neighbourhood,,17825649.0,Yonge-Eglinton
2550000.0,2779000.0,2550000.0,HOUSE,HOUSE,Yonge St Clair,43.6841052,-79.3983998,5,0,4,1750.0,219.94,1552.51,256.36,695.94,307.33,455.32,308.25,570.99,38,73,46,61,2502306,26022821,,97,97,Yonge-St.Clair,Yonge-St.Clair (97),Not an NIA or Emerging Neighbourhood,,17825697.0,Yonge-St.Clair
3000000.0,2995000.0,3000000.0,HOUSE,HOUSE,Niagara,43.645975,-79.4071755,2,1,3,2250.0,204.94,844.82,382.07,698.49,352.3,335.01,380.82,1744.84,163,78,44,44,2502323,26022838,,162,162,West Queen West,West Queen West (162),Not an NIA or Emerging Neighbourhood,,17825425.0,West Queen West
2650000.0,2950000.0,2650000.0,HOUSE,HOUSE,Lawrence Park South,43.7130975,-79.40338,4,0,5,2250.0,138.5,2475.88,251.68,612.37,378.57,290.75,345.34,803.75,54,58,38,55,2502312,26022827,,103,103,Lawrence Park South,Lawrence Park South (103),Not an NIA or Emerging Neighbourhood,,17825601.0,Lawrence Park South
2900000.0,2998000.0,2900000.0,HOUSE,HOUSE,Yonge Eglinton,43.7040774,-79.4067756,4,0,5,2750.0,288.18,3020.2,281.7,727.7,176.02,83.62,485.32,723.77,71,56,43,58,2502309,26022824,,100,100,Yonge-Eglinton,Yonge-Eglinton (100),Not an NIA or Emerging Neighbourhood,,17825649.0,Yonge-Eglinton
2800000.0,3195000.0,2800000.0,HOUSE,HOUSE,Lawrence Park South,43.7137705,-79.4164759,5,0,3,2750.0,565.87,2350.89,405.57,1317.28,966.29,968.68,1053.62,1636.66,0,51,43,55,2502312,26022827,,103,103,Lawrence Park South,Lawrence Park South (103),Not an NIA or Emerging Neighbourhood,,17825601.0,Lawrence Park South
2850000.0,3100000.0,2850000.0,HOUSE,HOUSE,Annex,43.6775543,-79.3943486,7,0,6,700.0,330.09,1691.25,165.92,776.72,364.13,325.04,618.34,483.72,80,87,62,63,2502304,26022819,,95,95,Annex,Annex (95),Not an NIA or Emerging Neighbourhood,,17825729.0,Annex
3390000.0,2995000.0,3390000.0,HOUSE,HOUSE,Lawrence Park South,43.7204401,-79.4031802,5,0,4,2750.0,512.46,2373.68,72.86,506.71,740.36,256.27,541.24,659.41,17,45,37,55,2502312,26022827,,103,103,Lawrence Park South,Lawrence Park South (103),Not an NIA or Emerging Neighbourhood,,17825601.0,Lawrence Park South
3325000.0,3395000.0,3325000.0,HOUSE,HOUSE,Lawrence Park North,43.7260642,-79.410442,4,0,5,2250.0,337.75,2051.24,382.19,709.97,500.92,609.83,526.79,641.02,28,38,32,54,2502313,26022828,,105,105,Lawrence Park North,Lawrence Park North (105),Not an NIA or Emerging Neighbourhood,,17825585.0,Lawrence Park North
3660000.0,3895000.0,3660000.0,HOUSE,HOUSE,Yonge St Clair,43.69473,-79.3981049,4,1,5,2750.0,420.4,2358.82,328.12,817.92,547.07,290.46,404.68,362.45,43,63,44,61,2502306,26022821,,97,97,Yonge-St.Clair,Yonge-St.Clair (97),Not an NIA or Emerging Neighbourhood,,17825697.0,Yonge-St.Clair
3025000.0,2689000.0,3025000.0,HOUSE,HOUSE,Runnymede Bloor West Village,43.6520545,-79.4823098,4,1,4,2250.0,211.81,1389.47,231.35,613.44,230.21,238.05,318.03,267.84,41,51,22,99,2502268,26022783,,89,89,Runnymede-Bloor West Village,Runnymede-Bloor West Village (89),Not an NIA or Emerging Neighbourhood,,17826305.0,Runnymede-Bloor West Village
3560000.0,3750000.0,3560000.0,HOUSE,HOUSE,Casa Loma,43.6817762,-79.4051138,3,0,3,2750.0,327.88,954.23,122.78,1001.27,795.84,792.83,684.71,800.57,17,79,47,62,2502305,26022820,,96,96,Casa Loma,Casa Loma (96),Not an NIA or Emerging Neighbourhood,,17825713.0,Casa Loma
3275000.0,3295000.0,3275000.0,HOUSE,HOUSE,Mount Pleasant East,43.7145667,-79.3936486,3,2,4,2250.0,385.29,1677.95,251.92,859.4,571.18,540.68,116.85,954.03,54,52,46,59,2502308,26022823,,99,99,Mount Pleasant East,Mount Pleasant East (99),Not an NIA or Emerging Neighbourhood,,17825665.0,Mount Pleasant East
3255000.0,3395000.0,3255000.0,HOUSE,HOUSE,The Beaches,43.6732441,-79.299948,4,0,4,2750.0,157.44,2735.44,124.93,367.95,332.49,343.52,329.55,1762.45,34,48,30,93,2502274,26022789,,63,63,The Beaches,The Beaches (63),Not an NIA or Emerging Neighbourhood,,17826209.0,The Beaches
3330000.0,3650000.0,3330000.0,HOUSE,HOUSE,Rosedale Moore Park,43.6892599,-79.384936,5,1,4,4250.0,267.22,2695.8,213.26,605.81,643.18,705.67,475.56,719.13,27,66,33,60,2502307,26022822,,98,98,Rosedale-Moore Park,Rosedale-Moore Park (98),Not an NIA or Emerging Neighbourhood,,17825681.0,Rosedale-Moore Park
3055000.0,2799000.0,3055000.0,HOUSE,HOUSE,Mount Pleasant West,43.7039032,-79.3942974,3,2,4,3250.0,304.73,2334.68,153.65,490.98,225.31,405.73,238.59,467.91,91,51,42,1,2502366,26022881,,174,174,South Eglinton-Davisville,South Eglinton-Davisville (174),Not an NIA or Emerging Neighbourhood,,17824737.0,South Eglinton-Davisville
3130000.0,3250000.0,3130000.0,HOUSE,HOUSE,Lawrence Park South,43.7241029,-79.4003201,7,0,4,4250.0,410.92,2134.34,123.29,144.41,375.29,277.47,226.54,303.82,21,43,37,55,2502312,26022827,,103,103,Lawrence Park South,Lawrence Park South (103),Not an NIA or Emerging Neighbourhood,,17825601.0,Lawrence Park South
3120000.0,3249000.0,3120000.0,HOUSE,HOUSE,Lawrence Park North,43.7272604,-79.4092426,4,1,5,2250.0,288.29,2123.28,254.88,656.95,495.85,546.75,493.05,553.24,28,38,33,54,2502313,26022828,,105,105,Lawrence Park North,Lawrence Park North (105),Not an NIA or Emerging Neighbourhood,,17825585.0,Lawrence Park North
3025000.0,2499999.0,3025000.0,HOUSE,HOUSE,The Beaches,43.6717601,-79.2884834,6,0,3,2750.0,179.1,3560.45,255.48,824.69,641.61,428.4,268.96,2192.95,27,25,20,93,2502274,26022789,,63,63,The Beaches,The Beaches (63),Not an NIA or Emerging Neighbourhood,,17826209.0,The Beaches
3820000.0,4195000.0,3820000.0,HOUSE,HOUSE,Rosedale Moore Park,43.6910267,-79.3765652,4,0,5,3250.0,454.46,2920.47,337.97,1302.35,766.9,550.8,514.39,1419.11,1,51,24,60,2502307,26022822,,98,98,Rosedale-Moore Park,Rosedale-Moore Park (98),Not an NIA or Emerging Neighbourhood,,17825681.0,Rosedale-Moore Park
3200000.0,2590000.0,3200000.0,HOUSE,HOUSE,Playter Estates Danforth,43.682161,-79.3489879,5,1,5,2750.0,277.09,1812.58,356.83,529.25,422.89,377.03,218.72,412.13,72,53,31,89,2502278,26022793,,67,67,Playter Estates-Danforth,Playter Estates-Danforth (67),Not an NIA or Emerging Neighbourhood,,17826145.0,Playter Estates-Danforth
3605000.0,3750000.0,3605000.0,HOUSE,HOUSE,Rosedale Moore Park,43.6762607,-79.3709172,3,1,5,4250.0,471.13,1542.72,193.4,1014.69,655.21,659.95,504.44,342.03,20,79,41,60,2502307,26022822,,98,98,Rosedale-Moore Park,Rosedale-Moore Park (98),Not an NIA or Emerging Neighbourhood,,17825681.0,Rosedale-Moore Park
3800000.0,4369000.0,3800000.0,HOUSE,HOUSE,Lawrence Park South,43.7264393,-79.3918606,5,0,5,4250.0,530.0,1505.23,277.65,814.15,859.3,872.94,873.25,852.92,6,35,28,55,2502312,26022827,,103,103,Lawrence Park South,Lawrence Park South (103),Not an NIA or Emerging Neighbourhood,,17825601.0,Lawrence Park South
3550000.0,3795000.0,3550000.0,HOUSE,HOUSE,Rosedale Moore Park,43.6834162,-79.3744149,3,1,4,2750.0,184.02,2133.92,108.43,1559.54,1235.11,334.06,349.49,1184.3,0,66,31,60,2502307,26022822,,98,98,Rosedale-Moore Park,Rosedale-Moore Park (98),Not an NIA or Emerging Neighbourhood,,17825681.0,Rosedale-Moore Park
3040000.0,2568000.0,3040000.0,HOUSE,HOUSE,Runnymede Bloor West Village,43.6518051,-79.483563,4,1,4,2250.0,109.59,1428.34,310.24,657.27,257.56,225.45,400.66,211.1,41,50,23,99,2502268,26022783,,89,89,Runnymede-Bloor West Village,Runnymede-Bloor West Village (89),Not an NIA or Emerging Neighbourhood,,17826305.0,Runnymede-Bloor West Village
3445000.0,3650000.0,3445000.0,HOUSE,HOUSE,Forest Hill North,43.7058136,-79.430016,4,1,4,3250.0,426.39,2711.33,302.36,840.98,604.4,618.58,602.82,879.47,17,47,38,56,2502311,26022826,,102,102,Forest Hill North,Forest Hill North (102),Not an NIA or Emerging Neighbourhood,,17825617.0,Forest Hill North
3250000.0,3295000.0,3250000.0,HOUSE,HOUSE,Lawrence Park South,43.7206842,-79.4021189,4,1,5,1750.0,533.7,2285.98,107.71,467.44,712.02,237.47,513.69,630.47,18,45,35,55,2502312,26022827,,103,103,Lawrence Park South,Lawrence Park South (103),Not an NIA or Emerging Neighbourhood,,17825601.0,Lawrence Park South
3600000.0,3498000.0,3600000.0,HOUSE,HOUSE,High Park Swansea,43.6512785,-79.4698679,3,0,3,2250.0,408.42,1721.35,232.5,329.65,494.32,129.94,400.47,375.8,25,48,30,101,2502266,26022781,,87,87,High Park-Swansea,High Park-Swansea (87),Not an NIA or Emerging Neighbourhood,,17826337.0,High Park-Swansea
3200000.0,3595000.0,3200000.0,HOUSE,HOUSE,Rosedale Moore Park,43.6885569,-79.3851416,4,0,5,2750.0,210.34,2619.28,206.99,585.28,621.71,682.26,451.53,691.01,27,65,32,60,2502307,26022822,,98,98,Rosedale-Moore Park,Rosedale-Moore Park (98),Not an NIA or Emerging Neighbourhood,,17825681.0,Rosedale-Moore Park
3555000.0,3498888.0,3555000.0,HOUSE,HOUSE,Lawrence Park South,43.7242101,-79.3974781,4,1,5,2750.0,458.06,1907.5,305.15,352.05,515.65,460.24,429.59,466.6,16,42,34,55,2502312,26022827,,103,103,Lawrence Park South,Lawrence Park South (103),Not an NIA or Emerging Neighbourhood,,17825601.0,Lawrence Park South
3615000.0,3199000.0,3615000.0,HOUSE,HOUSE,High Park-Swansea,43.6454066,-79.4498808,5,1,5,3250.0,223.25,561.61,576.13,86.95,109.09,290.44,104.4,1307.08,44,44,25,101,2502266,26022781,,87,87,High Park-Swansea,High Park-Swansea (87),Not an NIA or Emerging Neighbourhood,,17826337.0,High Park-Swansea
3900000.0,4095000.0,3900000.0,HOUSE,HOUSE,Yonge St Clair,43.6897467,-79.3983054,4,1,5,3250.0,353.23,1929.57,315.61,489.23,290.76,242.18,360.59,421.07,28,70,38,61,2502306,26022821,,97,97,Yonge-St.Clair,Yonge-St.Clair (97),Not an NIA or Emerging Neighbourhood,,17825697.0,Yonge-St.Clair
3175000.0,2995000.0,3175000.0,HOUSE,HOUSE,Playter Estates Danforth,43.681972,-79.3516506,4,0,4,2750.0,235.28,1750.89,382.89,679.2,453.9,547.2,433.67,422.1,72,49,30,89,2502278,26022793,,67,67,Playter Estates-Danforth,Playter Estates-Danforth (67),Not an NIA or Emerging Neighbourhood,,17826145.0,Playter Estates-Danforth
3125000.0,2998000.0,3125000.0,HOUSE,HOUSE,Lawrence Park South,43.7046523,-79.4150641,4,1,4,2250.0,444.48,3001.23,356.66,523.57,223.17,138.75,203.45,1346.25,19,52,48,55,2502312,26022827,,103,103,Lawrence Park South,Lawrence Park South (103),Not an NIA or Emerging Neighbourhood,,17825601.0,Lawrence Park South
3275000.0,3495000.0,3275000.0,HOUSE,HOUSE,Rosedale Moore Park,43.6904731,-79.3890872,4,1,4,2750.0,218.52,2559.18,190.77,337.36,372.44,434.27,257.11,464.63,31,68,38,60,2502307,26022822,,98,98,Rosedale-Moore Park,Rosedale-Moore Park (98),Not an NIA or Emerging Neighbourhood,,17825681.0,Rosedale-Moore Park
3327000.0,3398000.0,3327000.0,HOUSE,HOUSE,Yonge St Clair,43.6844682,-79.3989254,4,1,5,2750.0,198.2,1534.63,203.34,698.41,273.49,475.59,255.5,571.75,37,77,44,61,2502306,26022821,,97,97,Yonge-St.Clair,Yonge-St.Clair (97),Not an NIA or Emerging Neighbourhood,,17825697.0,Yonge-St.Clair
3150000.0,3099000.0,3150000.0,HOUSE,HOUSE,Dufferin Grove,43.6544673,-79.4297885,4,0,5,2750.0,415.96,1558.96,297.69,694.16,332.77,166.0,379.3,786.28,103,67,49,105,2502262,26022777,,83,83,Dufferin Grove,Dufferin Grove (83),Not an NIA or Emerging Neighbourhood,,17826401.0,Dufferin Grove
3125000.0,2995000.0,3125000.0,HOUSE,HOUSE,The Beaches,43.6781894,-79.2844137,4,0,4,2250.0,173.49,3510.2,92.28,1342.01,285.44,272.27,559.33,1835.47,23,35,25,93,2502274,26022789,,63,63,The Beaches,The Beaches (63),Not an NIA or Emerging Neighbourhood,,17826209.0,The Beaches
3050000.0,3199000.0,3050000.0,HOUSE,HOUSE,Lawrence Park South,43.7203602,-79.3943036,4,2,3,2250.0,388.51,1667.95,200.71,782.06,997.08,580.6,542.24,935.13,14,44,39,55,2502312,26022827,,103,103,Lawrence Park South,Lawrence Park South (103),Not an NIA or Emerging Neighbourhood,,17825601.0,Lawrence Park South
3432000.0,2995000.0,3432000.0,HOUSE,HOUSE,Playter Estates Danforth,43.6807462,-79.3616318,3,1,4,2750.0,619.01,1696.58,409.81,1390.7,538.41,420.66,639.14,500.9,34,54,30,89,2502278,26022793,,67,67,Playter Estates-Danforth,Playter Estates-Danforth (67),Not an NIA or Emerging Neighbourhood,,17826145.0,Playter Estates-Danforth
3495000.0,3495000.0,3495000.0,HOUSE,HOUSE,Lawrence Park North,43.7300489,-79.4118052,4,1,5,2250.0,132.79,1897.3,544.22,990.89,522.14,650.2,512.66,855.26,47,37,27,54,2502313,26022828,,105,105,Lawrence Park North,Lawrence Park North (105),Not an NIA or Emerging Neighbourhood,,17825585.0,Lawrence Park North
3900000.0,4000000.0,3900000.0,HOUSE,HOUSE,Rosedale Moore Park,43.6846554,-79.3774326,4,1,4,2250.0,289.14,2210.3,240.88,1283.59,1160.16,180.44,261.49,1102.01,0,64,28,60,2502307,26022822,,98,98,Rosedale-Moore Park,Rosedale-Moore Park (98),Not an NIA or Emerging Neighbourhood,,17825681.0,Rosedale-Moore Park
3300000.0,3395000.0,3300000.0,HOUSE,HOUSE,Lawrence Park North,43.7308874,-79.4128854,4,1,5,2250.0,234.14,1813.85,668.19,1115.96,496.64,687.79,458.23,977.02,46,38,27,54,2502313,26022828,,105,105,Lawrence Park North,Lawrence Park North (105),Not an NIA or Emerging Neighbourhood,,17825585.0,Lawrence Park North
3850000.0,3995000.0,3850000.0,HOUSE,HOUSE,Yonge Eglinton,43.6997012,-79.4010251,4,0,5,3250.0,332.96,2713.79,227.66,954.65,316.57,348.44,409.78,358.68,52,51,46,58,2502309,26022824,,100,100,Yonge-Eglinton,Yonge-Eglinton (100),Not an NIA or Emerging Neighbourhood,,17825649.0,Yonge-Eglinton
3300000.0,3279000.0,3300000.0,HOUSE,HOUSE,The Beaches,43.6759923,-79.2855359,4,1,5,2750.0,348.6,3527.07,316.79,1229.47,538.57,519.02,303.8,1943.55,24,32,22,93,2502274,26022789,,63,63,The Beaches,The Beaches (63),Not an NIA or Emerging Neighbourhood,,17826209.0,The Beaches
3400000.0,3688000.0,3400000.0,HOUSE,HOUSE,Lawrence Park North,43.7331085,-79.3951441,4,1,5,2750.0,720.31,2061.96,526.46,1058.19,746.01,744.5,766.92,954.96,16,32,22,54,2502313,26022828,,105,105,Lawrence Park North,Lawrence Park North (105),Not an NIA or Emerging Neighbourhood,,17825585.0,Lawrence Park North
4000000.0,3898000.0,4000000.0,HOUSE,HOUSE,Lawrence Park South,43.7204567,-79.3914851,5,0,4,2750.0,169.45,1442.94,395.32,961.08,1152.62,800.88,561.31,1099.55,9,43,38,55,2502312,26022827,,103,103,Lawrence Park South,Lawrence Park South (103),Not an NIA or Emerging Neighbourhood,,17825601.0,Lawrence Park South
3425000.0,3499000.0,3425000.0,HOUSE,HOUSE,Trinity Bellwoods,43.6517616,-79.4233509,4,1,4,2750.0,121.32,1045.1,180.61,452.72,283.82,279.48,245.86,1204.6,133,72,46,106,2502261,26022776,,81,81,Trinity-Bellwoods,Trinity-Bellwoods (81),Not an NIA or Emerging Neighbourhood,,17826417.0,Trinity-Bellwoods
3168000.0,3599900.0,3168000.0,HOUSE,HOUSE,Lawrence Park North,43.7317025,-79.4059582,4,1,4,2250.0,205.72,2375.62,280.06,830.25,164.23,146.38,438.13,657.89,17,37,23,54,2502313,26022828,,105,105,Lawrence Park North,Lawrence Park North (105),Not an NIA or Emerging Neighbourhood,,17825585.0,Lawrence Park North
3300000.0,3449000.0,3300000.0,HOUSE,HOUSE,Lawrence Park South,43.7220354,-79.3997115,4,0,5,3250.0,642.42,2082.16,115.41,356.58,604.67,391.47,430.43,528.47,19,44,36,55,2502312,26022827,,103,103,Lawrence Park South,Lawrence Park South (103),Not an NIA or Emerging Neighbourhood,,17825601.0,Lawrence Park South
3770000.0,3880000.0,3770000.0,HOUSE,HOUSE,Roncesvalles,43.6446373,-79.4442869,4,3,7,4250.0,158.85,654.72,308.27,372.82,319.93,311.33,314.63,1538.34,72,47,25,102,2502265,26022780,,86,86,Roncesvalles,Roncesvalles (86),Not an NIA or Emerging Neighbourhood,,17826353.0,Roncesvalles
3100000.0,2879999.0,3100000.0,HOUSE,HOUSE,East End Danforth,43.6800253,-79.3041676,3,1,5,1750.0,438.38,2000.69,118.51,533.81,912.22,797.18,541.34,983.42,17,57,35,94,2502273,26022788,,62,62,East End-Danforth,East End-Danforth (62),Not an NIA or Emerging Neighbourhood,,17826225.0,East End-Danforth
4000000.0,3790000.0,4000000.0,HOUSE,HOUSE,The Beaches,43.676315,-79.2996258,4,1,5,3250.0,258.99,2536.89,268.09,696.09,644.68,685.96,318.82,1424.86,32,49,32,93,2502274,26022789,,63,63,The Beaches,The Beaches (63),Not an NIA or Emerging Neighbourhood,,17826209.0,The Beaches
3853900.0,3950000.0,3853900.0,HOUSE,HOUSE,Annex,43.6668791,-79.4102978,4,1,5,2750.0,235.84,1242.23,103.61,366.35,185.49,142.65,219.36,129.54,122,84,60,63,2502304,26022819,,95,95,Annex,Annex (95),Not an NIA or Emerging Neighbourhood,,17825729.0,Annex
3150000.0,3359000.0,3150000.0,HOUSE,HOUSE,Mount Pleasant West,43.7021038,-79.3887228,4,1,5,2250.0,141.85,2201.82,157.54,210.8,423.3,426.03,202.53,830.18,67,53,43,1,2502366,26022881,,174,174,South Eglinton-Davisville,South Eglinton-Davisville (174),Not an NIA or Emerging Neighbourhood,,17824737.0,South Eglinton-Davisville
3050000.0,2679999.0,3050000.0,HOUSE,HOUSE,The Beaches,43.6773483,-79.2884796,5,0,4,2750.0,148.44,3248.29,364.94,1110.86,324.04,350.87,499.53,1675.29,30,36,25,93,2502274,26022789,,63,63,The Beaches,The Beaches (63),Not an NIA or Emerging Neighbourhood,,17826209.0,The Beaches
3600000.0,4200000.0,3600000.0,HOUSE,HOUSE,Forest Hill South,43.6938987,-79.4183755,5,0,4,2750.0,392.73,1819.71,178.9,956.44,642.71,728.31,776.41,1019.4,5,58,35,57,2502310,26022825,,101,101,Forest Hill South,Forest Hill South (101),Not an NIA or Emerging Neighbourhood,,17825633.0,Forest Hill South
3500000.0,3695000.0,3500000.0,HOUSE,HOUSE,Rosedale Moore Park,43.6884257,-79.3754576,6,0,5,4250.0,275.08,2652.3,163.07,1364.06,991.98,270.92,216.38,1423.66,0,56,28,60,2502307,26022822,,98,98,Rosedale-Moore Park,Rosedale-Moore Park (98),Not an NIA or Emerging Neighbourhood,,17825681.0,Rosedale-Moore Park
3165000.0,3399000.0,3165000.0,HOUSE,HOUSE,Lawrence Park South,43.7174845,-79.4155873,3,2,5,2750.0,353.06,2107.08,59.22,1378.53,804.56,557.5,638.83,1442.87,4,45,41,55,2502312,26022827,,103,103,Lawrence Park South,Lawrence Park South (103),Not an NIA or Emerging Neighbourhood,,17825601.0,Lawrence Park South
3925000.0,3925000.0,3925000.0,HOUSE,HOUSE,Rosedale Moore Park,43.6783016,-79.3868684,3,0,4,2250.0,422.91,1514.27,292.68,706.34,365.81,226.0,719.06,243.94,77,85,57,60,2502307,26022822,,98,98,Rosedale-Moore Park,Rosedale-Moore Park (98),Not an NIA or Emerging Neighbourhood,,17825681.0,Rosedale-Moore Park
3600000.0,3895000.0,3600000.0,HOUSE,HOUSE,Lawrence Park North,43.7330956,-79.3933178,4,1,4,2250.0,684.74,1940.9,473.9,1137.85,887.27,890.23,906.93,1050.81,16,34,19,54,2502313,26022828,,105,105,Lawrence Park North,Lawrence Park North (105),Not an NIA or Emerging Neighbourhood,,17825585.0,Lawrence Park North
3370000.0,3495000.0,3370000.0,HOUSE,HOUSE,Forest Hill South,43.6979295,-79.4227714,4,1,4,2250.0,307.58,2327.49,321.8,516.1,426.97,369.46,473.68,1082.04,23,46,32,57,2502310,26022825,,101,101,Forest Hill South,Forest Hill South (101),Not an NIA or Emerging Neighbourhood,,17825633.0,Forest Hill South
4000000.0,3995000.0,4000000.0,HOUSE,HOUSE,Rosedale Moore Park,43.687742,-79.3764533,5,0,5,3250.0,169.16,2562.09,105.66,1287.61,1090.79,185.48,164.62,1315.74,0,61,27,60,2502307,26022822,,98,98,Rosedale-Moore Park,Rosedale-Moore Park (98),Not an NIA or Emerging Neighbourhood,,17825681.0,Rosedale-Moore Park
3179000.0,3179000.0,3179000.0,HOUSE,HOUSE,The Beaches,43.6708781,-79.3045018,4,1,5,2750.0,304.0,2681.75,437.96,491.81,359.41,275.55,257.2,1846.88,27,48,27,93,2502274,26022789,,63,63,The Beaches,The Beaches (63),Not an NIA or Emerging Neighbourhood,,17826209.0,The Beaches
3125000.0,3269000.0,3125000.0,HOUSE,HOUSE,Forest Hill North,43.7062015,-79.4281329,4,1,4,2750.0,405.78,2697.51,302.74,734.47,598.38,596.73,604.29,1004.74,16,51,34,56,2502311,26022826,,102,102,Forest Hill North,Forest Hill North (102),Not an NIA or Emerging Neighbourhood,,17825617.0,Forest Hill North
3275000.0,3195000.0,3275000.0,HOUSE,HOUSE,Lawrence Park South,43.7187523,-79.4115474,4,1,4,2250.0,212.02,2282.74,271.71,1040.62,784.65,557.4,599.04,1115.8,10,47,44,55,2502312,26022827,,103,103,Lawrence Park South,Lawrence Park South (103),Not an NIA or Emerging Neighbourhood,,17825601.0,Lawrence Park South
3182000.0,3795000.0,3182000.0,HOUSE,HOUSE,Lawrence Park South,43.7160259,-79.417077,4,1,4,2750.0,552.18,2132.17,166.18,1318.58,951.92,721.18,808.63,1641.51,4,48,41,55,2502312,26022827,,103,103,Lawrence Park South,Lawrence Park South (103),Not an NIA or Emerging Neighbourhood,,17825601.0,Lawrence Park South
3495000.0,3495000.0,3495000.0,HOUSE,HOUSE,Annex,43.6718857,-79.4004431,5,3,5,3250.0,215.75,1372.84,256.48,576.72,449.42,477.84,425.32,404.29,95,91,69,63,2502304,26022819,,95,95,Annex,Annex (95),Not an NIA or Emerging Neighbourhood,,17825729.0,Annex
3500000.0,3749000.0,3500000.0,HOUSE,HOUSE,Lawrence Park South,43.7173557,-79.4069143,4,1,5,2750.0,190.26,2680.74,369.49,933.58,915.54,486.58,570.21,1061.68,19,49,46,55,2502312,26022827,,103,103,Lawrence Park South,Lawrence Park South (103),Not an NIA or Emerging Neighbourhood,,17825601.0,Lawrence Park South
3875000.0,3995000.0,3875000.0,HOUSE,HOUSE,Lawrence Park South,43.7221191,-79.3993817,4,1,5,3250.0,635.59,2055.32,137.4,361.63,606.57,408.76,437.81,531.89,19,44,36,55,2502312,26022827,,103,103,Lawrence Park South,Lawrence Park South (103),Not an NIA or Emerging Neighbourhood,,17825601.0,Lawrence Park South
3010000.0,2749000.0,3010000.0,HOUSE,HOUSE,Roncesvalles,43.6465548,-79.4469313,4,1,3,2250.0,85.43,728.79,310.24,222.34,184.02,364.66,169.43,1254.72,56,49,28,102,2502265,26022780,,86,86,Roncesvalles,Roncesvalles (86),Not an NIA or Emerging Neighbourhood,,17826353.0,Roncesvalles
3100000.0,3495000.0,3100000.0,HOUSE,HOUSE,The Beaches,43.6769971,-79.29856339999999,4,0,5,3250.0,290.09,2562.54,335.57,716.72,691.63,708.64,213.62,1362.23,37,52,30,93,2502274,26022789,,63,63,The Beaches,The Beaches (63),Not an NIA or Emerging Neighbourhood,,17826209.0,The Beaches
3205000.0,2999000.0,3205000.0,HOUSE,HOUSE,Rosedale Moore Park,43.6904915,-79.3771614,4,1,5,2750.0,383.51,2854.39,394.94,1244.2,842.81,495.36,468.39,1359.03,1,52,24,60,2502307,26022822,,98,98,Rosedale-Moore Park,Rosedale-Moore Park (98),Not an NIA or Emerging Neighbourhood,,17825681.0,Rosedale-Moore Park
3045000.0,3395000.0,3045000.0,HOUSE,HOUSE,Forest Hill North,43.7096372,-79.4200622,4,1,4,2750.0,431.24,2567.21,440.53,814.29,736.36,788.85,870.32,1661.28,11,49,43,56,2502311,26022826,,102,102,Forest Hill North,Forest Hill North (102),Not an NIA or Emerging Neighbourhood,,17825617.0,Forest Hill North
3295000.0,3388000.0,3295000.0,HOUSE,HOUSE,Lawrence Park North,43.7271512,-79.4120099,4,1,5,2250.0,191.01,1905.17,431.86,861.48,396.08,618.41,507.24,771.41,32,37,32,54,2502313,26022828,,105,105,Lawrence Park North,Lawrence Park North (105),Not an NIA or Emerging Neighbourhood,,17825585.0,Lawrence Park North
3391521.0,3299000.0,3391521.0,HOUSE,HOUSE,Forest Hill North,43.7081858,-79.4178404,4,1,5,3250.0,337.53,2795.68,446.57,691.32,641.4,566.9,631.32,1556.92,15,51,45,56,2502311,26022826,,102,102,Forest Hill North,Forest Hill North (102),Not an NIA or Emerging Neighbourhood,,17825617.0,Forest Hill North
3150000.0,2999999.0,3150000.0,HOUSE,HOUSE,High Park Swansea,43.6480165,-79.4536826,5,0,5,2750.0,291.0,905.31,697.7,502.96,359.39,515.06,484.15,964.55,38,46,34,101,2502266,26022781,,87,87,High Park-Swansea,High Park-Swansea (87),Not an NIA or Emerging Neighbourhood,,17826337.0,High Park-Swansea
3305000.0,3395000.0,3305000.0,HOUSE,HOUSE,Yonge St Clair,43.684732,-79.3997294,4,0,4,2750.0,128.86,1493.94,133.64,730.27,268.8,526.51,214.02,602.99,35,78,43,61,2502306,26022821,,97,97,Yonge-St.Clair,Yonge-St.Clair (97),Not an NIA or Emerging Neighbourhood,,17825697.0,Yonge-St.Clair
3825000.0,3999000.0,3825000.0,HOUSE,HOUSE,The Beaches,43.6711045,-79.2865027,4,1,5,4250.0,168.83,3733.09,179.85,969.66,795.15,588.35,246.19,2335.84,20,20,20,93,2502274,26022789,,63,63,The Beaches,The Beaches (63),Not an NIA or Emerging Neighbourhood,,17826209.0,The Beaches
3700000.0,3895000.0,3700000.0,HOUSE,HOUSE,Forest Hill North,43.7081648,-79.4204047,4,1,5,3250.0,266.79,2699.52,357.86,649.33,793.18,666.63,778.27,1605.42,17,47,45,56,2502311,26022826,,102,102,Forest Hill North,Forest Hill North (102),Not an NIA or Emerging Neighbourhood,,17825617.0,Forest Hill North
3175000.0,2899000.0,3175000.0,HOUSE,HOUSE,High Park Swansea,43.64724,-79.4816643,5,0,5,3250.0,336.03,1921.44,74.25,309.22,272.63,280.94,449.54,345.65,30,49,22,101,2502266,26022781,,87,87,High Park-Swansea,High Park-Swansea (87),Not an NIA or Emerging Neighbourhood,,17826337.0,High Park-Swansea
3900000.0,4150000.0,3900000.0,HOUSE,HOUSE,Lawrence Park South,43.7203722,-79.3961363,4,1,4,3250.0,535.1,1813.24,149.84,674.89,905.24,444.39,586.81,837.24,14,46,38,55,2502312,26022827,,103,103,Lawrence Park South,Lawrence Park South (103),Not an NIA or Emerging Neighbourhood,,17825601.0,Lawrence Park South
3150000.0,3295000.0,3150000.0,HOUSE,HOUSE,High Park Swansea,43.6525222,-79.4525449,4,1,5,2750.0,65.01,1369.81,321.99,873.54,160.53,215.47,171.9,492.52,39,46,36,101,2502266,26022781,,87,87,High Park-Swansea,High Park-Swansea (87),Not an NIA or Emerging Neighbourhood,,17826337.0,High Park-Swansea
3330021.0,3595000.0,3330021.0,HOUSE,HOUSE,Forest Hill South,43.7005231,-79.4186531,4,0,4,2750.0,355.27,2554.24,329.26,261.23,575.8,418.2,596.93,1410.37,28,47,37,57,2502310,26022825,,101,101,Forest Hill South,Forest Hill South (101),Not an NIA or Emerging Neighbourhood,,17825633.0,Forest Hill South
3250000.0,3479000.0,3250000.0,HOUSE,HOUSE,The Beaches,43.672558,-79.2923904,4,1,6,3250.0,161.75,3253.14,42.42,560.34,366.27,163.41,225.59,1977.74,40,36,22,93,2502274,26022789,,63,63,The Beaches,The Beaches (63),Not an NIA or Emerging Neighbourhood,,17826209.0,The Beaches
3805000.0,3999000.0,3805000.0,HOUSE,HOUSE,Casa Loma,43.6853295,-79.4019935,4,1,5,3250.0,71.74,1382.47,65.45,852.79,352.85,691.1,222.72,728.19,34,76,41,62,2502305,26022820,,96,96,Casa Loma,Casa Loma (96),Not an NIA or Emerging Neighbourhood,,17825713.0,Casa Loma
3310000.0,2999000.0,3310000.0,HOUSE,HOUSE,Cabbagetown South St James Town,43.6729383,-79.3687184,5,1,6,5000.0,244.18,1352.16,141.6,758.84,682.15,549.34,273.76,67.64,41,85,47,85,2502282,26022797,,71,71,Cabbagetown-South St.James Town,Cabbagetown-South St.James Town (71),Not an NIA or Emerging Neighbourhood,,17826081.0,Cabbagetown-South St.James Town
3788000.0,2995000.0,3788000.0,HOUSE,HOUSE,Yonge Eglinton,43.7017393,-79.3998143,4,0,5,2750.0,188.43,2823.39,311.36,722.85,323.76,409.03,233.58,469.05,84,50,43,58,2502309,26022824,,100,100,Yonge-Eglinton,Yonge-Eglinton (100),Not an NIA or Emerging Neighbourhood,,17825649.0,Yonge-Eglinton
3300000.0,3495000.0,3300000.0,HOUSE,HOUSE,Rosedale Moore Park,43.6762739,-79.3701792,5,0,5,2750.0,423.62,1579.81,220.99,1034.04,702.73,693.19,516.72,321.78,25,76,42,60,2502307,26022822,,98,98,Rosedale-Moore Park,Rosedale-Moore Park (98),Not an NIA or Emerging Neighbourhood,,17825681.0,Rosedale-Moore Park
3385000.0,3589000.0,3385000.0,HOUSE,HOUSE,Lawrence Park South,43.7163377,-79.4146423,5,1,4,3250.0,453.14,2248.44,180.33,1404.99,942.71,694.11,770.94,1481.63,4,47,42,55,2502312,26022827,,103,103,Lawrence Park South,Lawrence Park South (103),Not an NIA or Emerging Neighbourhood,,17825601.0,Lawrence Park South
3650000.0,3699000.0,3650000.0,HOUSE,HOUSE,Rosedale Moore Park,43.6906019,-79.376397,3,1,4,3250.0,415.11,2876.03,332.31,1306.84,800.67,503.31,465.49,1421.7,1,51,23,60,2502307,26022822,,98,98,Rosedale-Moore Park,Rosedale-Moore Park (98),Not an NIA or Emerging Neighbourhood,,17825681.0,Rosedale-Moore Park
3500000.0,3599000.0,3500000.0,HOUSE,HOUSE,Lawrence Park South,43.7172865,-79.409001,4,1,5,2750.0,116.11,2543.2,301.05,1025.45,1025.16,650.28,724.98,1135.96,16,52,46,55,2502312,26022827,,103,103,Lawrence Park South,Lawrence Park South (103),Not an NIA or Emerging Neighbourhood,,17825601.0,Lawrence Park South
3290000.0,3295000.0,3290000.0,HOUSE,HOUSE,Lawrence Park South,43.7116849,-79.4193279,5,1,6,4250.0,582.14,2401.31,539.18,1046.3,730.73,767.76,1018.81,1749.5,2,51,43,55,2502312,26022827,,103,103,Lawrence Park South,Lawrence Park South (103),Not an NIA or Emerging Neighbourhood,,17825601.0,Lawrence Park South
3200000.0,2699000.0,3200000.0,HOUSE,HOUSE,Lawrence Park North,43.7329019,-79.4103314,4,1,5,2250.0,389.66,2043.35,460.26,1126.94,442.98,471.04,570.74,964.16,43,38,22,54,2502313,26022828,,105,105,Lawrence Park North,Lawrence Park North (105),Not an NIA or Emerging Neighbourhood,,17825585.0,Lawrence Park North
4000000.0,3980000.0,4000000.0,HOUSE,HOUSE,Lawrence Park South,43.7130651,-79.4084575,4,1,5,2750.0,532.92,2861.95,280.62,879.31,742.89,695.87,695.26,1059.7,38,53,46,55,2502312,26022827,,103,103,Lawrence Park South,Lawrence Park South (103),Not an NIA or Emerging Neighbourhood,,17825601.0,Lawrence Park South
3550000.0,3695000.0,3550000.0,HOUSE,HOUSE,Mount Pleasant East,43.7157505,-79.3933793,4,1,5,2750.0,494.28,1626.61,374.28,981.29,677.86,623.08,28.27,1083.34,45,50,45,59,2502308,26022823,,99,99,Mount Pleasant East,Mount Pleasant East (99),Not an NIA or Emerging Neighbourhood,,17825665.0,Mount Pleasant East
3500000.0,3500000.0,3500000.0,HOUSE,HOUSE,High Park Swansea,43.6413574,-79.4828,3,0,3,2250.0,530.36,2578.95,129.89,798.37,913.84,621.93,1089.08,955.58,12,45,19,101,2502266,26022781,,87,87,High Park-Swansea,High Park-Swansea (87),Not an NIA or Emerging Neighbourhood,,17826337.0,High Park-Swansea
3850000.0,4250000.0,3850000.0,HOUSE,HOUSE,Yonge St Clair,43.6875105,-79.4004526,4,1,5,4250.0,296.99,1633.56,74.04,657.76,198.5,483.08,104.83,545.59,32,71,37,61,2502306,26022821,,97,97,Yonge-St.Clair,Yonge-St.Clair (97),Not an NIA or Emerging Neighbourhood,,17825697.0,Yonge-St.Clair
3300000.0,3499000.0,3300000.0,HOUSE,HOUSE,Lawrence Park South,43.7122938,-79.4142437,4,1,4,2750.0,338.67,2592.36,401.15,1224.47,934.08,981.33,948.26,1401.95,12,54,48,55,2502312,26022827,,103,103,Lawrence Park South,Lawrence Park South (103),Not an NIA or Emerging Neighbourhood,,17825601.0,Lawrence Park South
3050000.0,3199000.0,3050000.0,HOUSE,HOUSE,The Beaches,43.6690864,-79.2956129,6,0,2,4250.0,358.68,3306.9,241.57,257.16,210.41,305.33,233.42,2271.42,34,34,20,93,2502274,26022789,,63,63,The Beaches,The Beaches (63),Not an NIA or Emerging Neighbourhood,,17826209.0,The Beaches
3210000.0,3499900.0,3210000.0,HOUSE,HOUSE,The Beaches,43.67319,-79.281882,5,2,5,4250.0,291.34,3930.95,582.44,1378.18,844.79,836.19,321.03,2371.71,22,21,19,93,2502274,26022789,,63,63,The Beaches,The Beaches (63),Not an NIA or Emerging Neighbourhood,,17826209.0,The Beaches
3400011.0,2949000.0,3400011.0,HOUSE,HOUSE,The Beaches,43.6740355,-79.2940224,4,0,3,2250.0,282.25,3050.42,225.88,564.86,389.43,282.74,306.39,1777.27,42,42,24,93,2502274,26022789,,63,63,The Beaches,The Beaches (63),Not an NIA or Emerging Neighbourhood,,17826209.0,The Beaches
3190000.0,3495000.0,3190000.0,HOUSE,HOUSE,Forest Hill South,43.6952222,-79.4216724,4,1,5,2750.0,220.49,2013.95,103.7,793.97,731.77,682.18,760.09,1243.68,16,53,33,57,2502310,26022825,,101,101,Forest Hill South,Forest Hill South (101),Not an NIA or Emerging Neighbourhood,,17825633.0,Forest Hill South
3580000.0,3580000.0,3580000.0,HOUSE,HOUSE,Playter Estates Danforth,43.6784551,-79.3554477,8,1,5,4250.0,272.71,1345.84,273.6,873.36,347.73,158.73,206.36,237.25,57,59,33,89,2502278,26022793,,67,67,Playter Estates-Danforth,Playter Estates-Danforth (67),Not an NIA or Emerging Neighbourhood,,17826145.0,Playter Estates-Danforth
3750000.0,3995000.0,3750000.0,HOUSE,HOUSE,Yonge-Eglinton,43.7071566,-79.40736609999999,4,1,6,4250.0,196.71,3002.03,167.09,620.77,338.6,268.98,572.6,708.28,70,53,43,58,2502309,26022824,,100,100,Yonge-Eglinton,Yonge-Eglinton (100),Not an NIA or Emerging Neighbourhood,,17825649.0,Yonge-Eglinton
3590000.0,3699000.0,3590000.0,HOUSE,HOUSE,Palmerston Little Italy,43.6581607,-79.4113817,4,1,4,2750.0,222.74,704.56,192.34,784.67,293.88,245.82,506.45,864.23,248,65,70,79,2502288,26022803,,80,80,Palmerston-Little Italy,Palmerston-Little Italy (80),Not an NIA or Emerging Neighbourhood,,17825985.0,Palmerston-Little Italy
3179000.0,3079999.0,3179000.0,HOUSE,HOUSE,Lawrence Park North,43.7330972,-79.4074904,4,1,5,2250.0,162.39,2272.14,239.55,1023.17,221.99,242.8,372.88,851.83,30,36,20,54,2502313,26022828,,105,105,Lawrence Park North,Lawrence Park North (105),Not an NIA or Emerging Neighbourhood,,17825585.0,Lawrence Park North
3270000.0,3549000.0,3270000.0,HOUSE,HOUSE,Woodbine Corridor,43.6775504,-79.3168412,6,0,4,4250.0,215.28,1523.61,69.76,704.6,558.82,495.4,474.28,887.49,30,59,35,92,2502275,26022790,,64,64,Woodbine Corridor,Woodbine Corridor (64),Not an NIA or Emerging Neighbourhood,,17826193.0,Woodbine Corridor
3395000.0,3395000.0,3395000.0,HOUSE,HOUSE,Lawrence Park North,43.7327043,-79.3971604,4,1,5,2250.0,600.3,2175.31,520.41,945.27,577.93,578.87,636.68,825.72,17,31,23,54,2502313,26022828,,105,105,Lawrence Park North,Lawrence Park North (105),Not an NIA or Emerging Neighbourhood,,17825585.0,Lawrence Park North
3275000.0,3500000.0,3275000.0,HOUSE,HOUSE,Mount Pleasant East,43.7092477,-79.3793922,4,1,5,2750.0,511.84,1139.6,323.53,919.68,317.35,342.75,225.99,1566.27,39,44,37,59,2502308,26022823,,99,99,Mount Pleasant East,Mount Pleasant East (99),Not an NIA or Emerging Neighbourhood,,17825665.0,Mount Pleasant East
3100000.0,3295000.0,3100000.0,HOUSE,HOUSE,Rosedale Moore Park,43.6817121,-79.37479259999999,5,1,4,2750.0,333.2,1944.16,257.49,1449.65,1043.26,501.06,532.33,1023.58,0,71,34,60,2502307,26022822,,98,98,Rosedale-Moore Park,Rosedale-Moore Park (98),Not an NIA or Emerging Neighbourhood,,17825681.0,Rosedale-Moore Park
4000000.0,4500000.0,4000000.0,HOUSE,HOUSE,Casa Loma,43.6815983,-79.4018362,4,0,4,3250.0,303.22,1184.83,190.98,1088.41,656.13,839.8,582.84,871.15,41,81,49,62,2502305,26022820,,96,96,Casa Loma,Casa Loma (96),Not an NIA or Emerging Neighbourhood,,17825713.0,Casa Loma
3550500.0,2599000.0,3550500.0,HOUSE,HOUSE,North Riverdale,43.6744778,-79.3517803,3,2,4,2250.0,341.85,929.27,319.86,739.27,399.8,319.13,378.51,421.13,69,76,38,88,2502279,26022794,,68,68,North Riverdale,North Riverdale (68),Not an NIA or Emerging Neighbourhood,,17826129.0,North Riverdale
3725000.0,3995000.0,3725000.0,HOUSE,HOUSE,Rosedale Moore Park,43.6746762,-79.3692362,3,1,4,2750.0,271.6,1496.37,98.24,900.56,683.38,612.49,380.3,131.84,31,77,41,60,2502307,26022822,,98,98,Rosedale-Moore Park,Rosedale-Moore Park (98),Not an NIA or Emerging Neighbourhood,,17825681.0,Rosedale-Moore Park
3366000.0,2999000.0,3366000.0,HOUSE,HOUSE,Annex,43.6722295,-79.4088734,5,1,4,3250.0,300.89,807.21,87.16,611.62,320.15,311.42,378.41,314.42,82,88,61,63,2502304,26022819,,95,95,Annex,Annex (95),Not an NIA or Emerging Neighbourhood,,17825729.0,Annex
3010000.0,3298000.0,3010000.0,HOUSE,HOUSE,Lawrence Park South,43.7171493,-79.3990595,4,1,4,2750.0,176.45,2058.58,167.97,886.59,653.73,237.7,228.85,1059.05,33,46,37,55,2502312,26022827,,103,103,Lawrence Park South,Lawrence Park South (103),Not an NIA or Emerging Neighbourhood,,17825601.0,Lawrence Park South
3110000.0,3195000.0,3110000.0,HOUSE,HOUSE,Forest Hill North,43.7037842,-79.4164668,4,1,4,2250.0,383.7,2905.45,293.23,378.93,320.4,99.55,294.53,1476.03,20,51,47,56,2502311,26022826,,102,102,Forest Hill North,Forest Hill North (102),Not an NIA or Emerging Neighbourhood,,17825617.0,Forest Hill North
3050000.0,3295000.0,3050000.0,HOUSE,HOUSE,Lawrence Park South,43.7117289,-79.4145386,3,1,4,2250.0,291.25,2624.87,463.86,1157.55,879.48,922.36,889.36,1397.28,15,55,48,55,2502312,26022827,,103,103,Lawrence Park South,Lawrence Park South (103),Not an NIA or Emerging Neighbourhood,,17825601.0,Lawrence Park South
3336000.0,3295000.0,3336000.0,HOUSE,HOUSE,Forest Hill South,43.6980212,-79.4228179,4,2,4,2750.0,315.31,2338.3,332.31,507.67,416.45,358.61,464.05,1077.0,23,45,33,57,2502310,26022825,,101,101,Forest Hill South,Forest Hill South (101),Not an NIA or Emerging Neighbourhood,,17825633.0,Forest Hill South
3500000.0,3958000.0,3500000.0,HOUSE,HOUSE,Mount Pleasant East,43.7019154,-79.3838503,4,3,4,2750.0,118.61,2030.15,326.17,416.4,627.64,629.92,440.72,1167.58,50,54,37,59,2502308,26022823,,99,99,Mount Pleasant East,Mount Pleasant East (99),Not an NIA or Emerging Neighbourhood,,17825665.0,Mount Pleasant East
3595000.0,3595000.0,3595000.0,HOUSE,HOUSE,Casa Loma,43.6788189,-79.40021,3,1,5,2750.0,256.94,1238.58,172.09,1205.94,564.55,581.63,417.18,711.33,35,80,54,62,2502305,26022820,,96,96,Casa Loma,Casa Loma (96),Not an NIA or Emerging Neighbourhood,,17825713.0,Casa Loma
3110000.0,3295000.0,3110000.0,HOUSE,HOUSE,Forest Hill South,43.6952481,-79.4195758,4,1,4,3250.0,388.38,1982.2,79.93,792.92,819.28,753.52,865.85,1189.72,21,54,33,57,2502310,26022825,,101,101,Forest Hill South,Forest Hill South (101),Not an NIA or Emerging Neighbourhood,,17825633.0,Forest Hill South
3680000.0,3998000.0,3680000.0,HOUSE,HOUSE,Forest Hill North,43.7041713,-79.4177495,4,1,4,2750.0,275.62,2952.92,196.0,315.16,424.2,211.27,399.41,1568.21,24,50,47,56,2502311,26022826,,102,102,Forest Hill North,Forest Hill North (102),Not an NIA or Emerging Neighbourhood,,17825617.0,Forest Hill North
3925000.0,4199000.0,3925000.0,HOUSE,HOUSE,High Park Swansea,43.6425686,-79.478459,4,1,5,4250.0,168.05,2313.43,160.76,559.39,850.44,858.33,906.59,925.03,24,44,14,101,2502266,26022781,,87,87,High Park-Swansea,High Park-Swansea (87),Not an NIA or Emerging Neighbourhood,,17826337.0,High Park-Swansea
3100000.0,3398000.0,3100000.0,HOUSE,HOUSE,Forest Hill South,43.6948364,-79.4207418,4,0,5,2750.0,301.36,1954.99,83.49,833.25,805.16,749.93,838.97,1177.44,20,53,33,57,2502310,26022825,,101,101,Forest Hill South,Forest Hill South (101),Not an NIA or Emerging Neighbourhood,,17825633.0,Forest Hill South
3607500.0,3795000.0,3607500.0,HOUSE,HOUSE,Mount Pleasant East,43.7161175,-79.397457,4,1,4,2750.0,252.23,1943.01,285.57,895.78,554.91,409.98,251.8,1044.39,41,47,41,59,2502308,26022823,,99,99,Mount Pleasant East,Mount Pleasant East (99),Not an NIA or Emerging Neighbourhood,,17825665.0,Mount Pleasant East
3188000.0,2799000.0,3188000.0,HOUSE,HOUSE,Yonge Eglinton,43.703762,-79.4005474,4,1,6,3250.0,302.23,2726.23,312.16,501.64,287.23,395.57,272.99,369.23,81,56,39,58,2502309,26022824,,100,100,Yonge-Eglinton,Yonge-Eglinton (100),Not an NIA or Emerging Neighbourhood,,17825649.0,Yonge-Eglinton
3050000.0,3195000.0,3050000.0,HOUSE,HOUSE,High Park Swansea,43.6418,-79.44878,4,1,6,2750.0,158.12,183.07,340.9,370.35,330.94,190.25,181.01,1717.7,44,40,19,101,2502266,26022781,,87,87,High Park-Swansea,High Park-Swansea (87),Not an NIA or Emerging Neighbourhood,,17826337.0,High Park-Swansea
3085000.0,2795000.0,3085000.0,HOUSE,HOUSE,Roncesvalles,43.6491027,-79.4454897,4,1,4,1750.0,95.62,1034.56,201.32,518.76,467.89,378.07,414.12,1062.02,46,50,33,102,2502265,26022780,,86,86,Roncesvalles,Roncesvalles (86),Not an NIA or Emerging Neighbourhood,,17826353.0,Roncesvalles
3300000.0,3675000.0,3300000.0,HOUSE,HOUSE,High Park North,43.6584765,-79.4712896,5,2,4,2750.0,171.14,1027.98,193.09,675.53,821.72,669.2,679.53,624.08,58,54,33,100,2502267,26022782,,88,88,High Park North,High Park North (88),Not an NIA or Emerging Neighbourhood,,17826321.0,High Park North
3225000.0,3275000.0,3225000.0,HOUSE,HOUSE,The Beaches,43.671747,-79.2850272,6,1,3,4250.0,71.73,3793.29,302.72,1097.2,917.67,705.93,182.57,2340.6,23,18,19,93,2502274,26022789,,63,63,The Beaches,The Beaches (63),Not an NIA or Emerging Neighbourhood,,17826209.0,The Beaches
3400000.0,3399000.0,3400000.0,HOUSE,HOUSE,The Beaches,43.6670917,-79.3005254,4,0,6,2750.0,233.79,3210.46,120.18,373.77,425.91,315.73,431.18,2358.6,27,33,22,93,2502274,26022789,,63,63,The Beaches,The Beaches (63),Not an NIA or Emerging Neighbourhood,,17826209.0,The Beaches
3700000.0,3450000.0,3700000.0,HOUSE,HOUSE,Playter Estates Danforth,43.6814132,-79.3474353,4,1,5,2750.0,377.86,1768.64,237.9,385.77,319.2,227.07,131.08,262.56,72,53,32,89,2502278,26022793,,67,67,Playter Estates-Danforth,Playter Estates-Danforth (67),Not an NIA or Emerging Neighbourhood,,17826145.0,Playter Estates-Danforth
3900000.0,3995000.0,3900000.0,HOUSE,HOUSE,The Beaches,43.6767834,-79.2910334,4,2,4,2750.0,104.44,3093.5,190.12,953.58,396.99,369.48,569.95,1607.07,35,42,27,93,2502274,26022789,,63,63,The Beaches,The Beaches (63),Not an NIA or Emerging Neighbourhood,,17826209.0,The Beaches
4000000.0,4195000.0,4000000.0,HOUSE,HOUSE,Yonge St Clair,43.6940286,-79.3995675,5,1,6,2750.0,331.69,2226.75,361.77,831.03,650.2,424.35,533.78,471.46,38,61,42,61,2502306,26022821,,97,97,Yonge-St.Clair,Yonge-St.Clair (97),Not an NIA or Emerging Neighbourhood,,17825697.0,Yonge-St.Clair
3180000.0,2998000.0,3180000.0,HOUSE,HOUSE,Lawrence Park North,43.7316407,-79.4146181,4,1,5,2250.0,370.63,1682.57,594.34,1020.48,465.5,527.11,335.51,1139.49,46,38,26,54,2502313,26022828,,105,105,Lawrence Park North,Lawrence Park North (105),Not an NIA or Emerging Neighbourhood,,17825585.0,Lawrence Park North
3800000.0,4250000.0,3800000.0,HOUSE,HOUSE,Forest Hill North,43.7016158,-79.4301458,5,1,7,5000.0,208.7,2911.15,107.19,761.07,167.8,165.85,260.28,547.05,19,44,33,56,2502311,26022826,,102,102,Forest Hill North,Forest Hill North (102),Not an NIA or Emerging Neighbourhood,,17825617.0,Forest Hill North
3400000.0,3590000.0,3400000.0,HOUSE,HOUSE,Annex,43.673682,-79.4081764,5,0,4,2750.0,346.96,738.66,253.4,727.13,328.11,142.49,404.78,148.8,71,88,61,63,2502304,26022819,,95,95,Annex,Annex (95),Not an NIA or Emerging Neighbourhood,,17825729.0,Annex
3780000.0,4615666.0,3780000.0,HOUSE,HOUSE,Forest Hill South,43.6999126,-79.412036,4,2,4,4250.0,350.55,2489.85,141.55,748.81,445.93,406.87,439.91,1205.6,17,55,43,57,2502310,26022825,,101,101,Forest Hill South,Forest Hill South (101),Not an NIA or Emerging Neighbourhood,,17825633.0,Forest Hill South
3278000.0,3495000.0,3278000.0,HOUSE,HOUSE,Lawrence Park South,43.7217222,-79.4047554,6,1,5,2750.0,429.63,2488.64,138.56,425.72,622.43,446.87,432.55,546.08,20,42,39,55,2502312,26022827,,103,103,Lawrence Park South,Lawrence Park South (103),Not an NIA or Emerging Neighbourhood,,17825601.0,Lawrence Park South
3750000.0,3799900.0,3750000.0,HOUSE,HOUSE,Forest Hill North,43.7096126,-79.4179646,4,1,4,2750.0,416.57,2654.68,579.79,839.74,772.09,720.29,765.25,1590.74,14,53,45,56,2502311,26022826,,102,102,Forest Hill North,Forest Hill North (102),Not an NIA or Emerging Neighbourhood,,17825617.0,Forest Hill North
3275000.0,3495000.0,3275000.0,HOUSE,HOUSE,Yonge St Clair,43.6916141,-79.3977384,4,0,5,2750.0,229.3,2110.12,181.16,541.26,356.43,286.73,437.18,521.15,29,69,36,61,2502306,26022821,,97,97,Yonge-St.Clair,Yonge-St.Clair (97),Not an NIA or Emerging Neighbourhood,,17825697.0,Yonge-St.Clair
3500000.0,3695000.0,3500000.0,HOUSE,HOUSE,Lawrence Park South,43.7229677,-79.4072371,5,1,6,2750.0,270.32,2391.38,259.0,488.8,594.17,489.98,452.64,536.45,20,42,39,55,2502312,26022827,,103,103,Lawrence Park South,Lawrence Park South (103),Not an NIA or Emerging Neighbourhood,,17825601.0,Lawrence Park South
3750000.0,4100000.0,3750000.0,HOUSE,HOUSE,Forest Hill South,43.6996545,-79.4113648,4,2,4,2250.0,351.09,2468.08,92.16,809.51,469.04,445.8,478.45,1147.46,17,56,44,57,2502310,26022825,,101,101,Forest Hill South,Forest Hill South (101),Not an NIA or Emerging Neighbourhood,,17825633.0,Forest Hill South
3550000.0,3950000.0,3550000.0,HOUSE,HOUSE,Lawrence Park South,43.7162386,-79.414487,4,1,5,3250.0,462.18,2265.09,196.98,1403.34,955.97,707.25,783.34,1481.77,4,49,42,55,2502312,26022827,,103,103,Lawrence Park South,Lawrence Park South (103),Not an NIA or Emerging Neighbourhood,,17825601.0,Lawrence Park South
3195000.0,3195000.0,3195000.0,HOUSE,HOUSE,Yonge Eglinton,43.7004725,-79.4000092,5,0,4,3250.0,219.65,2826.57,200.51,863.89,254.16,316.4,339.36,356.8,65,51,43,58,2502309,26022824,,100,100,Yonge-Eglinton,Yonge-Eglinton (100),Not an NIA or Emerging Neighbourhood,,17825649.0,Yonge-Eglinton
3220000.0,3493000.0,3220000.0,HOUSE,HOUSE,Mount Pleasant East,43.7079041,-79.3792803,4,1,5,2250.0,366.89,1273.79,361.53,839.79,254.05,287.95,228.62,1555.86,47,45,36,59,2502308,26022823,,99,99,Mount Pleasant East,Mount Pleasant East (99),Not an NIA or Emerging Neighbourhood,,17825665.0,Mount Pleasant East
3450000.0,3580000.0,3450000.0,HOUSE,HOUSE,High Park Swansea,43.6489088,-79.4538531,4,1,5,2750.0,211.31,1003.52,669.97,580.79,298.23,446.38,554.73,872.19,40,49,34,101,2502266,26022781,,87,87,High Park-Swansea,High Park-Swansea (87),Not an NIA or Emerging Neighbourhood,,17826337.0,High Park-Swansea
3410000.0,3750000.0,3410000.0,HOUSE,HOUSE,Lawrence Park North,43.7325313,-79.4024257,6,1,5,3250.0,275.24,2540.82,260.25,852.47,197.72,156.08,349.16,687.53,18,33,23,54,2502313,26022828,,105,105,Lawrence Park North,Lawrence Park North (105),Not an NIA or Emerging Neighbourhood,,17825585.0,Lawrence Park North
3025000.0,3188000.0,3025000.0,HOUSE,HOUSE,Wychwood,43.6753535,-79.4274404,4,2,4,4250.0,236.97,991.83,244.66,115.02,660.33,681.58,537.62,1445.54,57,73,44,64,2502303,26022818,,94,94,Wychwood,Wychwood (94),Not an NIA or Emerging Neighbourhood,,17825745.0,Wychwood
3402090.0,3489000.0,3402090.0,HOUSE,HOUSE,High Park Swansea,43.6483678,-79.454221,5,1,5,2250.0,256.9,957.13,714.65,561.24,359.87,510.82,541.81,909.42,40,48,34,101,2502266,26022781,,87,87,High Park-Swansea,High Park-Swansea (87),Not an NIA or Emerging Neighbourhood,,17826337.0,High Park-Swansea
3350000.0,3595000.0,3350000.0,HOUSE,HOUSE,Yonge St Clair,43.6910852,-79.4003187,3,2,4,3250.0,201.47,1929.53,394.67,691.28,491.9,430.97,494.01,636.48,21,67,39,61,2502306,26022821,,97,97,Yonge-St.Clair,Yonge-St.Clair (97),Not an NIA or Emerging Neighbourhood,,17825697.0,Yonge-St.Clair
3725000.0,3798000.0,3725000.0,HOUSE,HOUSE,Forest Hill North,43.707599,-79.421233,4,1,5,4250.0,215.22,2727.46,269.2,587.28,786.49,663.82,796.75,1514.22,19,46,43,56,2502311,26022826,,102,102,Forest Hill North,Forest Hill North (102),Not an NIA or Emerging Neighbourhood,,17825617.0,Forest Hill North
3100000.0,3200000.0,3100000.0,HOUSE,HOUSE,South Parkdale,43.6391225,-79.4385021,8,2,6,5000.0,204.67,602.32,222.8,528.0,154.87,104.68,183.02,2249.24,55,45,22,103,2502264,26022779,,85,85,South Parkdale,South Parkdale (85),Neighbourhood Improvement Area,NIA,17826369.0,South Parkdale
3075000.0,2899000.0,3075000.0,HOUSE,HOUSE,Junction Area,43.6645043,-79.4719555,4,2,6,2250.0,349.77,725.03,300.25,465.77,308.76,201.78,271.57,1251.73,55,52,37,67,2502300,26022815,,90,90,Junction Area,Junction Area (90),Not an NIA or Emerging Neighbourhood,,17825793.0,Junction Area
3339000.0,3349000.0,3339000.0,HOUSE,HOUSE,Mount Pleasant East,43.7149401,-79.3988803,4,2,5,2750.0,182.11,2077.81,225.49,748.6,408.45,267.55,129.31,909.96,50,52,40,59,2502308,26022823,,99,99,Mount Pleasant East,Mount Pleasant East (99),Not an NIA or Emerging Neighbourhood,,17825665.0,Mount Pleasant East
3500000.0,3695000.0,3500000.0,HOUSE,HOUSE,High Park Swansea,43.6444168,-79.4838622,4,3,3,2750.0,417.56,2246.64,142.22,598.11,581.24,541.85,809.8,611.67,22,47,19,101,2502266,26022781,,87,87,High Park-Swansea,High Park-Swansea (87),Not an NIA or Emerging Neighbourhood,,17826337.0,High Park-Swansea
3700000.0,3750000.0,3700000.0,HOUSE,HOUSE,The Beaches,43.6762082,-79.2995475,4,1,5,3250.0,245.64,2549.04,255.02,683.5,631.72,674.59,326.18,1437.37,35,49,32,93,2502274,26022789,,63,63,The Beaches,The Beaches (63),Not an NIA or Emerging Neighbourhood,,17826209.0,The Beaches
4400000.0,4500000.0,4400000.0,HOUSE,HOUSE,Casa Loma,43.6843584,-79.407851,6,1,6,4250.0,207.56,967.12,183.22,815.36,606.06,590.9,580.63,603.89,11,74,43,62,2502305,26022820,,96,96,Casa Loma,Casa Loma (96),Not an NIA or Emerging Neighbourhood,,17825713.0,Casa Loma
4697500.0,4950000.0,4697500.0,HOUSE,HOUSE,Rosedale Moore Park,43.6835681,-79.3829203,5,0,5,4250.0,395.72,2055.14,90.63,948.84,713.06,597.58,687.26,645.02,27,77,36,60,2502307,26022822,,98,98,Rosedale-Moore Park,Rosedale-Moore Park (98),Not an NIA or Emerging Neighbourhood,,17825681.0,Rosedale-Moore Park
4390000.0,4580000.0,4390000.0,HOUSE,HOUSE,Bridle Path Sunnybrook York Mills,43.7248053,-79.3826802,4,1,5,4250.0,354.33,746.25,288.75,656.51,1198.47,600.75,1329.11,1599.8,1,29,25,112,2502255,26022770,,41,41,Bridle Path-Sunnybrook-York Mills,Bridle Path-Sunnybrook-York Mills (41),Not an NIA or Emerging Neighbourhood,,17826513.0,Bridle Path-Sunnybrook-York Mills
4220000.0,4488800.0,4220000.0,HOUSE,HOUSE,Rosedale Moore Park,43.6891144,-79.3926511,3,0,3,2250.0,106.4,2237.27,242.89,56.98,65.91,115.27,120.36,154.18,30,71,34,60,2502307,26022822,,98,98,Rosedale-Moore Park,Rosedale-Moore Park (98),Not an NIA or Emerging Neighbourhood,,17825681.0,Rosedale-Moore Park
4495000.0,4695000.0,4495000.0,HOUSE,HOUSE,Forest Hill South,43.7012103,-79.4125657,3,1,5,3250.0,276.1,2629.08,178.76,668.02,300.24,258.81,291.89,1280.8,17,53,43,57,2502310,26022825,,101,101,Forest Hill South,Forest Hill South (101),Not an NIA or Emerging Neighbourhood,,17825633.0,Forest Hill South
4160000.0,4389000.0,4160000.0,HOUSE,HOUSE,Lawrence Park South,43.7158882,-79.4039842,5,1,5,3250.0,272.97,2466.44,252.9,914.82,644.52,384.61,295.0,1104.34,31,51,40,55,2502312,26022827,,103,103,Lawrence Park South,Lawrence Park South (103),Not an NIA or Emerging Neighbourhood,,17825601.0,Lawrence Park South
4567075.0,4799000.0,4567075.0,HOUSE,HOUSE,Casa Loma,43.6830978,-79.4029555,6,1,6,4250.0,241.24,1177.87,243.38,1046.94,569.66,833.5,464.8,919.65,36,82,44,62,2502305,26022820,,96,96,Casa Loma,Casa Loma (96),Not an NIA or Emerging Neighbourhood,,17825713.0,Casa Loma
4305118.0,4249000.0,4305118.0,HOUSE,HOUSE,Lawrence Park South,43.7144241,-79.4155303,6,1,5,4250.0,596.89,2347.05,338.66,1408.25,1054.19,897.27,979.16,1607.57,3,53,44,55,2502312,26022827,,103,103,Lawrence Park South,Lawrence Park South (103),Not an NIA or Emerging Neighbourhood,,17825601.0,Lawrence Park South
4800000.0,4749000.0,4800000.0,HOUSE,HOUSE,Annex,43.6737093,-79.3987456,3,0,4,4250.0,456.98,1419.54,133.4,821.1,219.99,278.34,344.0,586.12,80,90,65,63,2502304,26022819,,95,95,Annex,Annex (95),Not an NIA or Emerging Neighbourhood,,17825729.0,Annex
4375000.0,4299000.0,4375000.0,HOUSE,HOUSE,Casa Loma,43.6802904,-79.4014097,4,2,5,2750.0,205.93,1172.37,146.5,1175.78,754.26,769.85,536.28,765.94,42,81,49,62,2502305,26022820,,96,96,Casa Loma,Casa Loma (96),Not an NIA or Emerging Neighbourhood,,17825713.0,Casa Loma
4900000.0,5395000.0,4900000.0,HOUSE,HOUSE,Yonge St Clair,43.684902,-79.399071,4,0,4,3250.0,180.23,1548.96,184.29,676.64,230.27,470.36,206.05,549.4,35,75,44,61,2502306,26022821,,97,97,Yonge-St.Clair,Yonge-St.Clair (97),Not an NIA or Emerging Neighbourhood,,17825697.0,Yonge-St.Clair
5000000.0,5198000.0,5000000.0,HOUSE,HOUSE,Casa Loma,43.6860413,-79.4094131,6,0,5,5000.0,297.14,1053.38,309.95,780.16,383.37,367.03,356.77,487.85,15,68,38,62,2502305,26022820,,96,96,Casa Loma,Casa Loma (96),Not an NIA or Emerging Neighbourhood,,17825713.0,Casa Loma
4050000.0,4495000.0,4050000.0,HOUSE,HOUSE,Forest Hill South,43.7030591,-79.4108226,4,1,7,3250.0,105.74,2849.07,352.68,800.54,91.54,165.04,180.81,1067.29,17,55,47,57,2502310,26022825,,101,101,Forest Hill South,Forest Hill South (101),Not an NIA or Emerging Neighbourhood,,17825633.0,Forest Hill South
4300000.0,4495000.0,4300000.0,HOUSE,HOUSE,Lawrence Park South,43.7166876,-79.4102181,4,1,5,5000.0,212.2,2500.64,202.36,1136.59,1035.9,762.21,803.71,1241.46,16,52,46,55,2502312,26022827,,103,103,Lawrence Park South,Lawrence Park South (103),Not an NIA or Emerging Neighbourhood,,17825601.0,Lawrence Park South
4300000.0,4495000.0,4300000.0,HOUSE,HOUSE,High Park Swansea,43.6460374,-79.4884141,5,1,5,4250.0,232.55,2139.88,258.43,867.14,605.35,523.5,931.3,566.78,17,46,23,101,2502266,26022781,,87,87,High Park-Swansea,High Park-Swansea (87),Not an NIA or Emerging Neighbourhood,,17826337.0,High Park-Swansea
4336000.0,4495000.0,4336000.0,HOUSE,HOUSE,Forest Hill North,43.7071261,-79.4235632,4,1,5,4250.0,297.6,2703.8,86.29,579.9,693.39,686.1,756.87,1336.06,25,48,38,56,2502311,26022826,,102,102,Forest Hill North,Forest Hill North (102),Not an NIA or Emerging Neighbourhood,,17825617.0,Forest Hill North
4300000.0,3980000.0,4300000.0,HOUSE,HOUSE,Yonge Eglinton,43.698405,-79.402704,4,0,5,3250.0,526.67,2526.35,236.48,1118.41,470.31,467.17,511.0,438.3,37,54,47,58,2502309,26022824,,100,100,Yonge-Eglinton,Yonge-Eglinton (100),Not an NIA or Emerging Neighbourhood,,17825649.0,Yonge-Eglinton
4950000.0,5249999.0,4950000.0,HOUSE,HOUSE,Lawrence Park South,43.7163656,-79.4017213,5,1,4,3250.0,98.85,2279.68,63.44,916.76,604.52,260.41,156.76,1097.72,32,49,40,55,2502312,26022827,,103,103,Lawrence Park South,Lawrence Park South (103),Not an NIA or Emerging Neighbourhood,,17825601.0,Lawrence Park South
4435000.0,4250000.0,4435000.0,HOUSE,HOUSE,Cabbagetown South St James Town,43.6647289,-79.3658817,4,0,4,4250.0,167.24,927.8,317.38,365.74,161.66,166.15,189.68,1007.81,58,100,56,85,2502282,26022797,,71,71,Cabbagetown-South St.James Town,Cabbagetown-South St.James Town (71),Not an NIA or Emerging Neighbourhood,,17826081.0,Cabbagetown-South St.James Town
4700000.0,5180000.0,4700000.0,HOUSE,HOUSE,Yonge-Eglinton,43.7021865,-79.4046116,6,1,6,5000.0,410.74,2864.6,430.75,776.73,421.63,330.75,589.44,703.07,66,52,43,58,2502309,26022824,,100,100,Yonge-Eglinton,Yonge-Eglinton (100),Not an NIA or Emerging Neighbourhood,,17825649.0,Yonge-Eglinton
4125000.0,3995000.0,4125000.0,HOUSE,HOUSE,Rosedale Moore Park,43.6783016,-79.3868684,3,0,4,2250.0,422.91,1514.27,292.68,706.34,365.81,226.0,719.06,243.94,77,85,57,60,2502307,26022822,,98,98,Rosedale-Moore Park,Rosedale-Moore Park (98),Not an NIA or Emerging Neighbourhood,,17825681.0,Rosedale-Moore Park
4830000.0,5195000.0,4830000.0,HOUSE,HOUSE,Lawrence Park South,43.7219649,-79.4001291,3,1,5,4250.0,648.75,2116.02,96.27,349.64,600.4,375.32,420.12,522.58,20,45,36,55,2502312,26022827,,103,103,Lawrence Park South,Lawrence Park South (103),Not an NIA or Emerging Neighbourhood,,17825601.0,Lawrence Park South
4275000.0,4550000.0,4275000.0,HOUSE,HOUSE,Trinity Bellwoods,43.6519881,-79.4168756,4,1,5,3250.0,223.51,930.95,260.81,439.5,320.36,304.81,317.35,1353.06,162,74,50,106,2502261,26022776,,81,81,Trinity-Bellwoods,Trinity-Bellwoods (81),Not an NIA or Emerging Neighbourhood,,17826417.0,Trinity-Bellwoods
4550000.0,4588888.0,4550000.0,HOUSE,HOUSE,Forest Hill South,43.69714,-79.4150955,5,2,5,4250.0,217.06,2165.95,176.52,733.63,781.48,698.57,766.34,1349.64,18,54,35,57,2502310,26022825,,101,101,Forest Hill South,Forest Hill South (101),Not an NIA or Emerging Neighbourhood,,17825633.0,Forest Hill South
4275000.0,4498000.0,4275000.0,HOUSE,HOUSE,Rosedale Moore Park,43.6754288,-79.3700685,4,0,5,2750.0,365.55,1512.73,199.51,949.01,658.54,623.96,428.68,229.85,27,79,40,60,2502307,26022822,,98,98,Rosedale-Moore Park,Rosedale-Moore Park (98),Not an NIA or Emerging Neighbourhood,,17825681.0,Rosedale-Moore Park
5000000.0,5495000.0,5000000.0,HOUSE,HOUSE,Rosedale Moore Park,43.6750507,-79.3698531,5,0,4,3250.0,332.38,1492.6,161.45,916.81,654.28,604.44,395.1,184.39,27,77,41,60,2502307,26022822,,98,98,Rosedale-Moore Park,Rosedale-Moore Park (98),Not an NIA or Emerging Neighbourhood,,17825681.0,Rosedale-Moore Park
4350000.0,5450000.0,4350000.0,HOUSE,HOUSE,Forest Hill South,43.6985646,-79.42106,5,1,6,2750.0,440.3,2366.25,337.3,419.53,472.03,389.06,546.54,1212.06,26,43,31,57,2502310,26022825,,101,101,Forest Hill South,Forest Hill South (101),Not an NIA or Emerging Neighbourhood,,17825633.0,Forest Hill South
4500000.0,4595000.0,4500000.0,HOUSE,HOUSE,Lawrence Park South,43.7231731,-79.3990288,5,1,4,4250.0,524.0,2026.04,154.25,290.16,517.13,423.91,371.86,448.68,17,43,36,55,2502312,26022827,,103,103,Lawrence Park South,Lawrence Park South (103),Not an NIA or Emerging Neighbourhood,,17825601.0,Lawrence Park South
4800000.0,4595000.0,4800000.0,HOUSE,HOUSE,Rosedale Moore Park,43.6891146,-79.3811656,5,1,4,4250.0,290.0,2672.81,238.87,906.52,943.53,514.08,549.61,1015.68,4,61,30,60,2502307,26022822,,98,98,Rosedale-Moore Park,Rosedale-Moore Park (98),Not an NIA or Emerging Neighbourhood,,17825681.0,Rosedale-Moore Park
4500000.0,4595000.0,4500000.0,HOUSE,HOUSE,Lawrence Park South,43.721655,-79.394966,4,1,5,4250.0,478.83,1703.81,303.39,653.2,855.73,596.92,693.74,797.74,10,45,37,55,2502312,26022827,,103,103,Lawrence Park South,Lawrence Park South (103),Not an NIA or Emerging Neighbourhood,,17825601.0,Lawrence Park South
4100000.0,3980000.0,4100000.0,HOUSE,HOUSE,Lawrence Park South,43.7226202,-79.4067004,4,1,4,2750.0,303.67,2444.75,216.41,469.84,599.19,487.11,442.87,535.89,19,42,39,55,2502312,26022827,,103,103,Lawrence Park South,Lawrence Park South (103),Not an NIA or Emerging Neighbourhood,,17825601.0,Lawrence Park South
4810000.0,4995000.0,4810000.0,HOUSE,HOUSE,Rosedale Moore Park,43.6892406,-79.3745239,4,1,5,3250.0,387.95,2757.05,269.43,1440.54,883.16,381.24,314.57,1535.67,1,55,26,60,2502307,26022822,,98,98,Rosedale-Moore Park,Rosedale-Moore Park (98),Not an NIA or Emerging Neighbourhood,,17825681.0,Rosedale-Moore Park
4609018.0,4645000.0,4609018.0,HOUSE,HOUSE,Forest Hill South,43.6941585,-79.4191117,4,1,5,4250.0,437.39,1856.63,190.44,917.9,703.57,788.77,836.21,1062.95,9,56,34,57,2502310,26022825,,101,101,Forest Hill South,Forest Hill South (101),Not an NIA or Emerging Neighbourhood,,17825633.0,Forest Hill South
4350000.0,4575000.0,4350000.0,HOUSE,HOUSE,Cabbagetown South St James Town,43.6731086,-79.3670681,5,0,5,4250.0,125.28,1253.76,158.98,859.11,765.81,610.85,402.11,164.86,39,81,43,85,2502282,26022797,,71,71,Cabbagetown-South St.James Town,Cabbagetown-South St.James Town (71),Not an NIA or Emerging Neighbourhood,,17826081.0,Cabbagetown-South St.James Town
4850000.0,5395000.0,4850000.0,HOUSE,HOUSE,Forest Hill South,43.6926119,-79.4151013,4,1,5,4250.0,321.28,1662.52,127.34,1171.52,378.71,463.84,514.92,846.19,5,62,39,57,2502310,26022825,,101,101,Forest Hill South,Forest Hill South (101),Not an NIA or Emerging Neighbourhood,,17825633.0,Forest Hill South
4422800.0,5190000.0,4422800.0,HOUSE,HOUSE,Forest Hill North,43.70593,-79.4294393,4,1,5,4250.0,453.15,2706.4,346.34,806.46,599.67,607.42,598.64,916.57,16,49,35,56,2502311,26022826,,102,102,Forest Hill North,Forest Hill North (102),Not an NIA or Emerging Neighbourhood,,17825617.0,Forest Hill North
4087500.0,4229000.0,4087500.0,HOUSE,HOUSE,Yonge St Clair,43.6942029,-79.4005117,4,1,6,2750.0,298.42,2200.05,339.06,898.48,659.66,465.21,558.74,489.25,34,62,45,61,2502306,26022821,,97,97,Yonge-St.Clair,Yonge-St.Clair (97),Not an NIA or Emerging Neighbourhood,,17825697.0,Yonge-St.Clair
4750000.0,4595000.0,4750000.0,HOUSE,HOUSE,Rosedale Moore Park,43.6815412,-79.3771745,2,1,4,2750.0,483.17,1874.94,197.24,1314.98,1006.48,508.58,567.83,1031.4,0,73,35,60,2502307,26022822,,98,98,Rosedale-Moore Park,Rosedale-Moore Park (98),Not an NIA or Emerging Neighbourhood,,17825681.0,Rosedale-Moore Park
5000000.0,5495000.0,5000000.0,HOUSE,HOUSE,Rosedale Moore Park,43.6917666,-79.3805412,5,1,6,4250.0,540.42,2969.51,237.17,1016.79,921.52,717.04,719.44,1139.51,5,56,30,60,2502307,26022822,,98,98,Rosedale-Moore Park,Rosedale-Moore Park (98),Not an NIA or Emerging Neighbourhood,,17825681.0,Rosedale-Moore Park
4600000.0,5000000.0,4600000.0,HOUSE,HOUSE,Bridle Path Sunnybrook York Mills,43.7251172,-79.3835842,4,2,6,4250.0,317.66,826.03,215.13,736.04,1255.8,680.23,1312.27,1524.09,1,30,26,112,2502255,26022770,,41,41,Bridle Path-Sunnybrook-York Mills,Bridle Path-Sunnybrook-York Mills (41),Not an NIA or Emerging Neighbourhood,,17826513.0,Bridle Path-Sunnybrook-York Mills
4950000.0,5498000.0,4950000.0,HOUSE,HOUSE,High Park Swansea,43.6438059,-79.4712083,4,1,4,2750.0,469.68,1759.18,159.37,679.49,888.22,878.49,868.39,958.92,17,43,21,101,2502266,26022781,,87,87,High Park-Swansea,High Park-Swansea (87),Not an NIA or Emerging Neighbourhood,,17826337.0,High Park-Swansea
4900000.0,5450000.0,4900000.0,HOUSE,HOUSE,Lawrence Park South,43.7250815,-79.3963816,4,1,5,3250.0,435.09,1830.65,424.62,432.77,540.87,516.0,501.11,509.45,13,41,33,55,2502312,26022827,,103,103,Lawrence Park South,Lawrence Park South (103),Not an NIA or Emerging Neighbourhood,,17825601.0,Lawrence Park South
4250000.0,4299000.0,4250000.0,HOUSE,HOUSE,Corso Italia Davenport,43.6742411,-79.43940909999999,5,0,5,3250.0,73.84,1957.89,409.94,391.2,518.63,351.65,753.31,1587.55,52,61,36,65,2502302,26022817,,92,92,Corso Italia-Davenport,Corso Italia-Davenport (92),Not an NIA or Emerging Neighbourhood,,17825761.0,Corso Italia-Davenport
4825000.0,4895000.0,4825000.0,HOUSE,HOUSE,Annex,43.6715476,-79.4107257,4,1,5,4250.0,192.9,782.11,155.59,653.51,273.89,438.27,261.36,462.43,91,87,59,63,2502304,26022819,,95,95,Annex,Annex (95),Not an NIA or Emerging Neighbourhood,,17825729.0,Annex
4265000.0,4495000.0,4265000.0,HOUSE,HOUSE,The Beaches,43.6712157,-79.303313,4,1,5,3250.0,285.7,2712.42,451.07,407.7,441.82,216.5,343.5,1848.44,28,48,27,93,2502274,26022789,,63,63,The Beaches,The Beaches (63),Not an NIA or Emerging Neighbourhood,,17826209.0,The Beaches
4200000.0,4250000.0,4200000.0,HOUSE,HOUSE,Lawrence Park South,43.7136212,-79.4079573,4,1,5,2750.0,507.96,2821.93,271.94,888.24,727.21,663.18,636.83,1072.94,36,53,46,55,2502312,26022827,,103,103,Lawrence Park South,Lawrence Park South (103),Not an NIA or Emerging Neighbourhood,,17825601.0,Lawrence Park South
4200000.0,4550000.0,4200000.0,HOUSE,HOUSE,Forest Hill South,43.7008686,-79.420767,5,2,4,4250.0,247.84,2614.42,378.93,162.53,403.11,303.61,509.27,1246.4,28,44,32,57,2502310,26022825,,101,101,Forest Hill South,Forest Hill South (101),Not an NIA or Emerging Neighbourhood,,17825633.0,Forest Hill South
4700000.0,5125000.0,4700000.0,HOUSE,HOUSE,Rosedale Moore Park,43.6763045,-79.3816214,3,1,4,2750.0,150.34,1248.03,237.18,635.54,554.69,564.03,544.67,555.54,82,83,50,60,2502307,26022822,,98,98,Rosedale-Moore Park,Rosedale-Moore Park (98),Not an NIA or Emerging Neighbourhood,,17825681.0,Rosedale-Moore Park
4800000.0,4999000.0,4800000.0,HOUSE,HOUSE,Annex,43.6712135,-79.4046653,5,2,8,5000.0,193.9,1130.35,308.92,394.04,490.59,494.67,507.35,297.25,108,95,65,63,2502304,26022819,,95,95,Annex,Annex (95),Not an NIA or Emerging Neighbourhood,,17825729.0,Annex
4900000.0,5750000.0,4900000.0,HOUSE,HOUSE,Rosedale Moore Park,43.6891192,-79.3871696,5,0,6,5000.0,357.66,2612.05,33.42,425.65,463.08,525.79,296.5,540.49,29,70,31,60,2502307,26022822,,98,98,Rosedale-Moore Park,Rosedale-Moore Park (98),Not an NIA or Emerging Neighbourhood,,17825681.0,Rosedale-Moore Park
4650000.0,4995000.0,4650000.0,HOUSE,HOUSE,Annex,43.6721337,-79.3975171,3,1,5,2250.0,328.33,1407.53,138.66,714.36,291.15,331.46,190.09,424.5,107,90,71,63,2502304,26022819,,95,95,Annex,Annex (95),Not an NIA or Emerging Neighbourhood,,17825729.0,Annex
5000000.0,4995000.0,5000000.0,HOUSE,HOUSE,Lawrence Park South,43.7126665,-79.40846,5,1,5,4250.0,500.06,2883.91,314.53,853.16,730.63,694.41,712.71,1031.06,40,53,47,55,2502312,26022827,,103,103,Lawrence Park South,Lawrence Park South (103),Not an NIA or Emerging Neighbourhood,,17825601.0,Lawrence Park South
4075000.0,4095000.0,4075000.0,HOUSE,HOUSE,Lawrence Park South,43.7129069,-79.4067624,3,2,4,3250.0,400.7,2744.97,395.84,763.78,608.39,558.8,578.42,949.02,42,56,45,55,2502312,26022827,,103,103,Lawrence Park South,Lawrence Park South (103),Not an NIA or Emerging Neighbourhood,,17825601.0,Lawrence Park South
4700000.0,4750000.0,4700000.0,HOUSE,HOUSE,Casa Loma,43.681847,-79.4120081,5,0,5,4250.0,385.7,544.53,131.03,447.57,570.45,518.99,378.04,439.99,26,76,50,62,2502305,26022820,,96,96,Casa Loma,Casa Loma (96),Not an NIA or Emerging Neighbourhood,,17825713.0,Casa Loma
4800000.0,5195000.0,4800000.0,HOUSE,HOUSE,Casa Loma,43.6856671,-79.4098539,3,1,4,4250.0,326.78,1000.11,316.45,727.94,391.51,377.87,367.66,444.72,15,68,40,62,2502305,26022820,,96,96,Casa Loma,Casa Loma (96),Not an NIA or Emerging Neighbourhood,,17825713.0,Casa Loma
4180000.0,2499000.0,4180000.0,HOUSE,HOUSE,The Beaches,43.6693636,-79.2896581,3,0,3,2250.0,279.1,3644.28,186.82,714.39,570.29,408.87,453.02,2390.45,29,25,20,93,2502274,26022789,,63,63,The Beaches,The Beaches (63),Not an NIA or Emerging Neighbourhood,,17826209.0,The Beaches
4395000.0,4495000.0,4395000.0,HOUSE,HOUSE,Wychwood,43.677551,-79.4247632,4,1,4,3250.0,494.0,742.77,175.26,440.7,590.01,444.57,483.93,1124.65,51,73,46,64,2502303,26022818,,94,94,Wychwood,Wychwood (94),Not an NIA or Emerging Neighbourhood,,17825745.0,Wychwood
6400000.0,7288888.0,6400000.0,HOUSE,HOUSE,Forest Hill South,43.6978825,-79.4083205,5,1,8,5000.0,530.72,2321.73,117.35,1113.45,700.52,722.94,753.11,886.73,31,56,44,57,2502310,26022825,,101,101,Forest Hill South,Forest Hill South (101),Not an NIA or Emerging Neighbourhood,,17825633.0,Forest Hill South
5150000.0,5999000.0,5150000.0,HOUSE,HOUSE,Forest Hill South,43.6952856,-79.4097087,6,0,5,4250.0,340.22,2014.57,97.65,1182.62,701.85,752.06,794.34,1040.93,15,57,43,57,2502310,26022825,,101,101,Forest Hill South,Forest Hill South (101),Not an NIA or Emerging Neighbourhood,,17825633.0,Forest Hill South
5300018.0,5895000.0,5300018.0,HOUSE,HOUSE,Forest Hill South,43.6961065,-79.407585,5,0,4,2750.0,517.22,2147.91,119.43,1263.17,862.1,901.68,933.36,852.23,24,55,47,57,2502310,26022825,,101,101,Forest Hill South,Forest Hill South (101),Not an NIA or Emerging Neighbourhood,,17825633.0,Forest Hill South
5600000.0,5695000.0,5600000.0,HOUSE,HOUSE,Rosedale Moore Park,43.6886516,-79.3811387,5,1,5,4250.0,254.07,2621.44,280.22,907.08,943.64,480.07,522.07,1012.58,4,61,29,60,2502307,26022822,,98,98,Rosedale-Moore Park,Rosedale-Moore Park (98),Not an NIA or Emerging Neighbourhood,,17825681.0,Rosedale-Moore Park
5450000.0,5495000.0,5450000.0,HOUSE,HOUSE,Forest Hill South,43.6867404,-79.4189038,4,1,7,4250.0,216.47,1045.14,169.57,514.3,391.97,292.18,399.03,347.72,28,64,34,57,2502310,26022825,,101,101,Forest Hill South,Forest Hill South (101),Not an NIA or Emerging Neighbourhood,,17825633.0,Forest Hill South
5890000.0,5995000.0,5890000.0,HOUSE,HOUSE,Rosedale Moore Park,43.6771667,-79.3817924,3,0,3,3250.0,55.05,1343.33,145.41,703.43,628.04,627.08,625.02,547.11,68,83,48,60,2502307,26022822,,98,98,Rosedale-Moore Park,Rosedale-Moore Park (98),Not an NIA or Emerging Neighbourhood,,17825681.0,Rosedale-Moore Park
6000000.0,6445000.0,6000000.0,HOUSE,HOUSE,Lawrence Park South,43.7213401,-79.3965673,4,1,6,4250.0,588.71,1834.91,188.75,573.64,797.58,472.41,654.82,731.74,15,45,37,55,2502312,26022827,,103,103,Lawrence Park South,Lawrence Park South (103),Not an NIA or Emerging Neighbourhood,,17825601.0,Lawrence Park South
5900000.0,5999999.0,5900000.0,HOUSE,HOUSE,The Beaches,43.6721374,-79.2814462,4,1,5,3250.0,312.24,4018.23,552.46,1388.44,966.1,956.35,377.61,2482.73,16,17,18,93,2502274,26022789,,63,63,The Beaches,The Beaches (63),Not an NIA or Emerging Neighbourhood,,17826209.0,The Beaches
6300500.0,6495000.0,6300500.0,HOUSE,HOUSE,Annex,43.6757496,-79.3950499,3,1,5,4250.0,386.6,1567.47,179.63,668.65,162.75,117.18,414.32,530.67,87,89,68,63,2502304,26022819,,95,95,Annex,Annex (95),Not an NIA or Emerging Neighbourhood,,17825729.0,Annex
5180000.0,5250000.0,5180000.0,HOUSE,HOUSE,Rosedale Moore Park,43.6900996,-79.3760633,5,1,5,3250.0,376.88,2825.6,325.02,1325.27,837.78,448.02,406.14,1437.64,1,52,25,60,2502307,26022822,,98,98,Rosedale-Moore Park,Rosedale-Moore Park (98),Not an NIA or Emerging Neighbourhood,,17825681.0,Rosedale-Moore Park
5800000.0,6095000.0,5800000.0,HOUSE,HOUSE,Lawrence Park South,43.7210999,-79.3925482,4,1,5,4250.0,276.88,1516.53,359.92,851.27,1041.21,741.4,618.49,988.34,10,44,37,55,2502312,26022827,,103,103,Lawrence Park South,Lawrence Park South (103),Not an NIA or Emerging Neighbourhood,,17825601.0,Lawrence Park South
5450000.0,5495000.0,5450000.0,HOUSE,HOUSE,Lawrence Park South,43.726755,-79.3909128,4,1,6,4250.0,448.42,1442.37,258.97,896.22,933.19,951.76,954.02,930.12,1,33,29,55,2502312,26022827,,103,103,Lawrence Park South,Lawrence Park South (103),Not an NIA or Emerging Neighbourhood,,17825601.0,Lawrence Park South
5990000.0,6500000.0,5990000.0,HOUSE,HOUSE,Bridle Path Sunnybrook York Mills,43.7252539,-79.3828767,5,1,6,4250.0,302.94,777.46,243.06,686.88,1250.78,643.19,1358.42,1579.47,1,29,24,112,2502255,26022770,,41,41,Bridle Path-Sunnybrook-York Mills,Bridle Path-Sunnybrook-York Mills (41),Not an NIA or Emerging Neighbourhood,,17826513.0,Bridle Path-Sunnybrook-York Mills
5500000.0,5850000.0,5500000.0,HOUSE,HOUSE,Annex,43.6710591,-79.4071586,5,1,6,4250.0,191.06,996.22,138.61,428.61,507.38,438.48,537.35,342.66,104,93,61,63,2502304,26022819,,95,95,Annex,Annex (95),Not an NIA or Emerging Neighbourhood,,17825729.0,Annex
5350000.0,5495000.0,5350000.0,HOUSE,HOUSE,Casa Loma,43.68054,-79.41136999999999,4,1,7,3250.0,396.51,462.73,137.71,530.92,670.7,612.07,514.71,588.72,26,78,52,62,2502305,26022820,,96,96,Casa Loma,Casa Loma (96),Not an NIA or Emerging Neighbourhood,,17825713.0,Casa Loma
6100000.0,6380000.0,6100000.0,HOUSE,HOUSE,Casa Loma,43.6865946,-79.408772,4,1,5,4250.0,247.54,1131.98,317.03,857.23,384.77,364.97,355.05,554.53,8,63,36,62,2502305,26022820,,96,96,Casa Loma,Casa Loma (96),Not an NIA or Emerging Neighbourhood,,17825713.0,Casa Loma
5600000.0,5795000.0,5600000.0,HOUSE,HOUSE,Forest Hill South,43.694695,-79.4200245,5,2,7,4250.0,361.08,1927.99,102.79,850.87,797.26,789.12,887.31,1142.44,19,56,32,57,2502310,26022825,,101,101,Forest Hill South,Forest Hill South (101),Not an NIA or Emerging Neighbourhood,,17825633.0,Forest Hill South
5500000.0,6195000.0,5500000.0,HOUSE,HOUSE,Forest Hill South,43.6915836,-79.4153328,4,1,5,3250.0,368.78,1547.9,179.6,1056.34,288.75,374.8,424.1,731.69,5,62,39,57,2502310,26022825,,101,101,Forest Hill South,Forest Hill South (101),Not an NIA or Emerging Neighbourhood,,17825633.0,Forest Hill South
6275000.0,6995000.0,6275000.0,HOUSE,HOUSE,Forest Hill North,43.7055628,-79.4319041,5,2,6,4250.0,338.14,2718.95,187.62,967.49,620.37,616.87,653.72,779.67,18,49,39,56,2502311,26022826,,102,102,Forest Hill North,Forest Hill North (102),Not an NIA or Emerging Neighbourhood,,17825617.0,Forest Hill North
6000000.0,6880000.0,6000000.0,HOUSE,HOUSE,Forest Hill South,43.69128000000001,-79.41919,6,0,7,4250.0,593.68,1542.43,191.8,1016.02,521.32,559.03,632.09,764.55,10,60,36,57,2502310,26022825,,101,101,Forest Hill South,Forest Hill South (101),Not an NIA or Emerging Neighbourhood,,17825633.0,Forest Hill South
5650000.0,6395000.0,5650000.0,HOUSE,HOUSE,Bridle Path Sunnybrook York Mills,43.7245345,-79.3841374,5,1,7,4250.0,387.85,851.3,251.85,763.16,1213.19,685.28,1233.72,1487.22,1,31,30,112,2502255,26022770,,41,41,Bridle Path-Sunnybrook-York Mills,Bridle Path-Sunnybrook-York Mills (41),Not an NIA or Emerging Neighbourhood,,17826513.0,Bridle Path-Sunnybrook-York Mills
5118000.0,5895000.0,5118000.0,HOUSE,HOUSE,Forest Hill North,43.7068891,-79.4330316,4,1,5,4250.0,475.18,2563.95,319.75,1111.23,723.2,781.91,724.29,645.6,20,49,39,56,2502311,26022826,,102,102,Forest Hill North,Forest Hill North (102),Not an NIA or Emerging Neighbourhood,,17825617.0,Forest Hill North
6550000.0,6795000.0,6550000.0,HOUSE,HOUSE,Yonge-St. Clair,43.68403139999999,-79.393507,2,1,4,3250.0,72.61,1907.18,400.98,518.76,432.28,227.51,523.86,356.13,38,77,43,61,2502306,26022821,,97,97,Yonge-St.Clair,Yonge-St.Clair (97),Not an NIA or Emerging Neighbourhood,,17825697.0,Yonge-St.Clair
5750000.0,5999000.0,5750000.0,HOUSE,HOUSE,Rosedale Moore Park,43.6825055,-79.3754587,5,1,4,4250.0,308.49,2012.92,229.42,1483.48,1122.25,403.37,442.04,1126.51,0,72,30,60,2502307,26022822,,98,98,Rosedale-Moore Park,Rosedale-Moore Park (98),Not an NIA or Emerging Neighbourhood,,17825681.0,Rosedale-Moore Park
6948013.0,7699999.0,6948013.0,HOUSE,HOUSE,Forest Hill South,43.6964007,-79.4136501,4,1,7,5000.0,116.25,2088.93,73.54,870.99,768.4,792.18,828.87,1274.31,18,56,38,57,2502310,26022825,,101,101,Forest Hill South,Forest Hill South (101),Not an NIA or Emerging Neighbourhood,,17825633.0,Forest Hill South
6200000.0,6200000.0,6200000.0,HOUSE,HOUSE,Rosedale Moore Park,43.6833126,-79.3696041,5,1,5,4250.0,239.18,2238.63,285.7,1801.17,1166.62,623.22,583.03,1092.19,0,58,28,60,2502307,26022822,,98,98,Rosedale-Moore Park,Rosedale-Moore Park (98),Not an NIA or Emerging Neighbourhood,,17825681.0,Rosedale-Moore Park
6650000.0,7133000.0,6650000.0,HOUSE,HOUSE,Forest Hill South,43.6954528,-79.4081984,4,2,5,4250.0,461.57,2064.0,94.92,1264.8,774.37,814.7,852.69,919.36,13,58,47,57,2502310,26022825,,101,101,Forest Hill South,Forest Hill South (101),Not an NIA or Emerging Neighbourhood,,17825633.0,Forest Hill South
6410000.0,6799000.0,6410000.0,HOUSE,HOUSE,Rosedale Moore Park,43.6835473,-79.3712438,5,1,5,5000.0,110.52,2236.42,151.6,1793.32,1284.72,497.44,465.93,1131.26,0,62,29,60,2502307,26022822,,98,98,Rosedale-Moore Park,Rosedale-Moore Park (98),Not an NIA or Emerging Neighbourhood,,17825681.0,Rosedale-Moore Park
6000000.0,4489999.0,6000000.0,HOUSE,HOUSE,The Beaches,43.6706481,-79.2838869,4,1,4,2750.0,222.12,3936.43,302.26,1175.25,1006.09,802.69,332.49,2493.28,15,15,19,93,2502274,26022789,,63,63,The Beaches,The Beaches (63),Not an NIA or Emerging Neighbourhood,,17826209.0,The Beaches
5593555.0,5895000.0,5593555.0,HOUSE,HOUSE,Casa Loma,43.6829791,-79.4028596,5,0,6,4250.0,248.43,1177.82,250.9,1048.56,574.32,831.9,472.16,921.28,37,83,44,62,2502305,26022820,,96,96,Casa Loma,Casa Loma (96),Not an NIA or Emerging Neighbourhood,,17825713.0,Casa Loma
5300000.0,5895000.0,5300000.0,HOUSE,HOUSE,Casa Loma,43.6840428,-79.4060034,5,0,5,3250.0,161.7,1043.95,263.58,950.36,704.95,717.88,569.2,755.77,17,78,44,62,2502305,26022820,,96,96,Casa Loma,Casa Loma (96),Not an NIA or Emerging Neighbourhood,,17825713.0,Casa Loma
5338000.0,5499999.0,5338000.0,HOUSE,HOUSE,Rosedale Moore Park,43.6892202,-79.3860254,4,2,6,4250.0,312.59,2698.08,125.56,518.33,555.75,618.4,388.74,632.59,29,68,33,60,2502307,26022822,,98,98,Rosedale-Moore Park,Rosedale-Moore Park (98),Not an NIA or Emerging Neighbourhood,,17825681.0,Rosedale-Moore Park
5500000.0,5980000.0,5500000.0,HOUSE,HOUSE,Casa Loma,43.6812991,-79.4021902,6,5,7,5000.0,261.81,1146.27,147.38,1132.12,698.75,845.56,622.75,828.4,41,80,48,62,2502305,26022820,,96,96,Casa Loma,Casa Loma (96),Not an NIA or Emerging Neighbourhood,,17825713.0,Casa Loma
6280000.0,6950000.0,6280000.0,HOUSE,HOUSE,Forest Hill South,43.6964392,-79.4069428,5,1,7,5000.0,574.72,2198.92,156.9,1287.46,866.34,845.55,874.34,793.61,31,52,45,57,2502310,26022825,,101,101,Forest Hill South,Forest Hill South (101),Not an NIA or Emerging Neighbourhood,,17825633.0,Forest Hill South
5100000.0,4999999.0,5100000.0,HOUSE,HOUSE,The Beaches,43.6764375,-79.2914947,4,1,5,4250.0,134.12,3079.44,188.78,900.36,445.79,410.79,560.63,1620.92,36,41,27,93,2502274,26022789,,63,63,The Beaches,The Beaches (63),Not an NIA or Emerging Neighbourhood,,17826209.0,The Beaches
7000000.0,7499000.0,7000000.0,HOUSE,HOUSE,Rosedale Moore Park,43.6808266,-79.3856917,6,2,4,4250.0,477.58,1770.88,257.06,990.63,393.26,465.9,945.56,398.36,38,79,46,60,2502307,26022822,,98,98,Rosedale-Moore Park,Rosedale-Moore Park (98),Not an NIA or Emerging Neighbourhood,,17825681.0,Rosedale-Moore Park
5500000.0,5995000.0,5500000.0,HOUSE,HOUSE,Lawrence Park South,43.7144215,-79.4191438,4,1,6,4250.0,670.33,2160.05,403.05,1257.59,772.44,770.48,888.94,1846.52,3,51,40,55,2502312,26022827,,103,103,Lawrence Park South,Lawrence Park South (103),Not an NIA or Emerging Neighbourhood,,17825601.0,Lawrence Park South
6800000.0,6250000.0,6800000.0,HOUSE,HOUSE,Annex,43.6773395,-79.3954692,4,1,5,3250.0,338.21,1613.57,143.81,815.36,311.86,284.99,591.54,566.82,80,87,60,63,2502304,26022819,,95,95,Annex,Annex (95),Not an NIA or Emerging Neighbourhood,,17825729.0,Annex
5150000.0,5295000.0,5150000.0,HOUSE,HOUSE,Wychwood,43.6789715,-79.4206266,5,0,5,5000.0,384.63,435.02,251.64,437.82,408.06,385.84,529.85,795.48,50,81,50,64,2502303,26022818,,94,94,Wychwood,Wychwood (94),Not an NIA or Emerging Neighbourhood,,17825745.0,Wychwood
7050000.0,6850000.0,7050000.0,HOUSE,HOUSE,Cabbagetown South St James Town,43.664779,-79.3657661,4,0,7,5000.0,159.11,917.6,326.22,375.09,171.42,176.99,199.93,1004.82,56,101,55,85,2502282,26022797,,71,71,Cabbagetown-South St.James Town,Cabbagetown-South St.James Town (71),Not an NIA or Emerging Neighbourhood,,17826081.0,Cabbagetown-South St.James Town
11900000.0,12988000.0,11900000.0,HOUSE,HOUSE,Forest Hill South,43.6983107,-79.4122541,5,1,9,5000.0,353.28,2310.89,174.64,814.87,622.87,582.18,615.27,1203.66,16,54,44,57,2502310,26022825,,101,101,Forest Hill South,Forest Hill South (101),Not an NIA or Emerging Neighbourhood,,17825633.0,Forest Hill South
7750148.0,8495000.0,7750148.0,HOUSE,HOUSE,Forest Hill South,43.6950831,-79.4071718,5,0,6,4250.0,511.18,2050.19,185.27,1355.5,786.59,818.73,852.65,855.38,8,61,46,57,2502310,26022825,,101,101,Forest Hill South,Forest Hill South (101),Not an NIA or Emerging Neighbourhood,,17825633.0,Forest Hill South
7475678.64,8998000.0,7475678.64,HOUSE,HOUSE,Forest Hill South,43.6963649,-79.4071392,4,1,7,5000.0,557.59,2186.15,159.36,1278.16,884.12,863.1,891.61,810.8,30,53,47,57,2502310,26022825,,101,101,Forest Hill South,Forest Hill South (101),Not an NIA or Emerging Neighbourhood,,17825633.0,Forest Hill South
8350000.0,8995000.0,8350000.0,HOUSE,HOUSE,Rosedale-Moore Park,43.6915011,-79.3764481,5,0,4,3250.0,507.48,2974.04,327.9,1323.29,717.42,603.33,564.81,1441.78,1,50,23,60,2502307,26022822,,98,98,Rosedale-Moore Park,Rosedale-Moore Park (98),Not an NIA or Emerging Neighbourhood,,17825681.0,Rosedale-Moore Park
7100000.0,7250000.0,7100000.0,HOUSE,HOUSE,Rosedale-Moore Park,43.6802134,-79.3840836,7,0,5,4250.0,343.6,1687.64,211.81,943.36,517.6,520.98,915.3,541.34,33,79,47,60,2502307,26022822,,98,98,Rosedale-Moore Park,Rosedale-Moore Park (98),Not an NIA or Emerging Neighbourhood,,17825681.0,Rosedale-Moore Park
7500000.0,10289000.0,7500000.0,HOUSE,HOUSE,Forest Hill South,43.700049,-79.4137849,4,2,7,5000.0,432.28,2493.08,174.75,613.22,441.84,395.02,427.74,1346.64,18,53,43,57,2502310,26022825,,101,101,Forest Hill South,Forest Hill South (101),Not an NIA or Emerging Neighbourhood,,17825633.0,Forest Hill South
13550001.0,13250000.0,13550001.0,HOUSE,HOUSE,Casa Loma,43.6811116,-79.4008566,6,0,5,5000.0,246.41,1240.6,215.61,1076.63,675.53,814.12,620.73,834.91,44,80,50,62,2502305,26022820,,96,96,Casa Loma,Casa Loma (96),Not an NIA or Emerging Neighbourhood,,17825713.0,Casa Loma
8420000.0,8980000.0,8420000.0,HOUSE,HOUSE,Rosedale Moore Park,43.6766299,-79.3848937,5,1,7,5000.0,282.06,1299.94,172.45,541.15,377.9,393.38,514.73,292.67,106,86,56,60,2502307,26022822,,98,98,Rosedale-Moore Park,Rosedale-Moore Park (98),Not an NIA or Emerging Neighbourhood,,17825681.0,Rosedale-Moore Park
7400000.0,7825000.0,7400000.0,HOUSE,HOUSE,Rosedale Moore Park,43.6832367,-79.372515,4,1,5,4250.0,100.64,2165.57,69.73,1698.17,1252.45,441.15,428.07,1118.19,0,64,31,60,2502307,26022822,,98,98,Rosedale-Moore Park,Rosedale-Moore Park (98),Not an NIA or Emerging Neighbourhood,,17825681.0,Rosedale-Moore Park
7720000.0,8495000.0,7720000.0,HOUSE,HOUSE,Casa Loma,43.6850885,-79.4050926,5,1,8,5000.0,66.29,1177.23,300.36,1051.28,591.96,704.09,451.29,821.47,22,74,41,62,2502305,26022820,,96,96,Casa Loma,Casa Loma (96),Not an NIA or Emerging Neighbourhood,,17825713.0,Casa Loma
7150000.0,7999998.0,7150000.0,HOUSE,HOUSE,Casa Loma,43.6804346,-79.4090009,4,1,7,4250.0,388.52,608.67,163.94,715.57,788.19,614.56,663.83,657.49,26,82,54,62,2502305,26022820,,96,96,Casa Loma,Casa Loma (96),Not an NIA or Emerging Neighbourhood,,17825713.0,Casa Loma
7750000.0,7895000.0,7750000.0,HOUSE,HOUSE,Lawrence Park South,43.7222444,-79.3922016,5,1,5,4250.0,336.27,1478.22,469.61,822.11,988.14,820.9,747.76,943.23,5,43,35,55,2502312,26022827,,103,103,Lawrence Park South,Lawrence Park South (103),Not an NIA or Emerging Neighbourhood,,17825601.0,Lawrence Park South
13200000.0,13950000.0,13200000.0,HOUSE,HOUSE,Rosedale Moore Park,43.6752306,-79.3786037,5,1,9,5000.0,99.23,1165.88,475.34,749.18,325.65,377.81,404.46,372.86,62,77,50,60,2502307,26022822,,98,98,Rosedale-Moore Park,Rosedale-Moore Park (98),Not an NIA or Emerging Neighbourhood,,17825681.0,Rosedale-Moore Park
8600000.0,8900000.0,8600000.0,HOUSE,HOUSE,Forest Hill South,43.6965095,-79.4121692,4,1,6,5000.0,190.04,2112.89,71.34,944.73,783.95,782.48,815.56,1206.61,18,57,44,57,2502310,26022825,,101,101,Forest Hill South,Forest Hill South (101),Not an NIA or Emerging Neighbourhood,,17825633.0,Forest Hill South
9500000.0,10798000.0,9500000.0,HOUSE,HOUSE,Lawrence Park South,43.7253355,-79.3954851,5,2,9,5000.0,472.59,1763.64,455.47,506.77,597.5,583.24,572.63,572.8,12,40,33,55,2502312,26022827,,103,103,Lawrence Park South,Lawrence Park South (103),Not an NIA or Emerging Neighbourhood,,17825601.0,Lawrence Park South
7200000.0,7695000.0,7200000.0,HOUSE,HOUSE,Rosedale Moore Park,43.68319229999999,-79.3698838,6,1,6,4250.0,224.48,2239.67,265.91,1783.39,1174.97,610.67,573.7,1079.99,0,59,29,60,2502307,26022822,,98,98,Rosedale-Moore Park,Rosedale-Moore Park (98),Not an NIA or Emerging Neighbourhood,,17825681.0,Rosedale-Moore Park
7700000.0,7988000.0,7700000.0,HOUSE,HOUSE,Lawrence Park South,43.7171062,-79.402868,5,1,7,5000.0,219.61,2364.19,165.93,868.98,716.16,222.53,280.05,1028.16,28,49,40,55,2502312,26022827,,103,103,Lawrence Park South,Lawrence Park South (103),Not an NIA or Emerging Neighbourhood,,17825601.0,Lawrence Park South
9622500.0,9995000.0,9622500.0,HOUSE,HOUSE,Rosedale Moore Park,43.6782768,-79.3813436,7,0,6,5000.0,74.35,1468.16,113.48,826.61,716.88,663.38,752.85,611.75,46,82,45,60,2502307,26022822,,98,98,Rosedale-Moore Park,Rosedale-Moore Park (98),Not an NIA or Emerging Neighbourhood,,17825681.0,Rosedale-Moore Park
12200000.0,13995000.0,12200000.0,HOUSE,HOUSE,Rosedale Moore Park,43.6792982,-79.3885887,5,1,7,5000.0,577.21,1658.85,243.73,820.43,188.78,193.54,865.18,306.13,61,82,52,60,2502307,26022822,,98,98,Rosedale-Moore Park,Rosedale-Moore Park (98),Not an NIA or Emerging Neighbourhood,,17825681.0,Rosedale-Moore Park
9850000.0,10995000.0,9850000.0,HOUSE,HOUSE,Casa Loma,43.6811751,-79.4028454,6,1,9,5000.0,233.9,1092.12,112.01,1178.95,736.54,805.81,622.52,792.7,36,81,48,62,2502305,26022820,,96,96,Casa Loma,Casa Loma (96),Not an NIA or Emerging Neighbourhood,,17825713.0,Casa Loma
8000000.0,8998000.0,8000000.0,HOUSE,HOUSE,Annex,43.6742889,-79.3947295,3,1,5,4250.0,253.96,1430.45,186.85,556.1,131.25,89.74,254.15,554.47,107,93,68,63,2502304,26022819,,95,95,Annex,Annex (95),Not an NIA or Emerging Neighbourhood,,17825729.0,Annex
685000.0,699900.0,685000.0,HOUSE,HOUSE,Corso Italia Davenport,43.6793476,-79.4575914,2,0,2,900.0,451.57,2501.26,441.7,612.54,693.51,581.42,519.78,2518.69,31,54,35,65,2502302,26022817,,92,92,Corso Italia-Davenport,Corso Italia-Davenport (92),Not an NIA or Emerging Neighbourhood,,17825761.0,Corso Italia-Davenport
800000.0,749900.0,800000.0,HOUSE,HOUSE,Woodbine Corridor,43.6817057,-79.3200141,3,0,1,900.0,107.78,997.42,117.07,247.3,276.21,292.69,637.24,365.16,37,60,41,92,2502275,26022790,,64,64,Woodbine Corridor,Woodbine Corridor (64),Not an NIA or Emerging Neighbourhood,,17826193.0,Woodbine Corridor
800000.0,688800.0,800000.0,HOUSE,HOUSE,South Riverdale,43.6667589,-79.330747,3,0,1,1300.0,140.14,1916.85,253.47,314.83,593.45,436.46,456.55,1684.49,51,63,31,86,2502281,26022796,,70,70,South Riverdale,South Riverdale (70),Not an NIA or Emerging Neighbourhood,,17826097.0,South Riverdale
735000.0,747000.0,735000.0,HOUSE,HOUSE,Wychwood,43.680057,-79.4901076,3,0,2,1300.0,230.61,1733.28,182.2,741.15,817.57,480.12,482.43,3350.92,15,52,25,77,2502290,26022805,,111,111,Rockcliffe-Smythe,Rockcliffe-Smythe (111),Neighbourhood Improvement Area,NIA,17825953.0,Rockcliffe-Smythe
850000.0,699000.0,850000.0,HOUSE,HOUSE,Palmerston Little Italy,43.6595161,-79.4202079,1,0,2,700.0,143.71,1361.51,150.36,487.71,524.8,376.27,572.04,530.82,139,69,61,79,2502288,26022803,,80,80,Palmerston-Little Italy,Palmerston-Little Italy (80),Not an NIA or Emerging Neighbourhood,,17825985.0,Palmerston-Little Italy
850000.0,859000.0,850000.0,HOUSE,HOUSE,Weston Pellam Park,43.6765638,-79.4607541,3,2,3,1300.0,370.36,2106.93,156.87,253.1,852.46,251.23,403.49,2268.89,31,55,34,66,2502301,26022816,,91,91,Weston-Pelham Park,Weston-Pelham Park (91),Neighbourhood Improvement Area,NIA,17825777.0,Weston-Pelham Park
900000.0,919000.0,900000.0,HOUSE,HOUSE,Junction Area,43.6775577,-79.4736474,2,1,1,900.0,412.46,1565.52,303.33,978.96,494.56,325.37,398.23,2690.21,20,56,31,67,2502300,26022815,,90,90,Junction Area,Junction Area (90),Not an NIA or Emerging Neighbourhood,,17825793.0,Junction Area
875000.0,799995.0,875000.0,HOUSE,HOUSE,Weston Pellam Park,43.6782852,-79.461152,2,1,2,900.0,241.78,2210.36,307.82,446.38,914.02,444.6,551.92,2461.85,31,55,33,66,2502301,26022816,,91,91,Weston-Pelham Park,Weston-Pelham Park (91),Neighbourhood Improvement Area,NIA,17825777.0,Weston-Pelham Park
960000.0,999000.0,960000.0,HOUSE,HOUSE,Dovercourt Wallace Emerson Junction,43.6689319,-79.4450772,4,1,3,900.0,523.13,2567.18,253.98,516.78,217.28,315.53,279.58,1107.43,39,56,40,4,2502363,26022878,,171,171,Junction-Wallace Emerson,Junction-Wallace Emerson (171),Not an NIA or Emerging Neighbourhood,,17824785.0,Junction-Wallace Emerson
980000.0,999000.0,980000.0,HOUSE,HOUSE,Morningside,43.642711,-79.4333181,3,1,3,1300.0,285.03,819.9,229.94,169.01,425.53,324.9,291.6,1958.83,78,56,27,102,2502265,26022780,,86,86,Roncesvalles,Roncesvalles (86),Not an NIA or Emerging Neighbourhood,,17826353.0,Roncesvalles
922500.0,999900.0,922500.0,HOUSE,HOUSE,Corso Italia Davenport,43.6830071,-79.4496652,3,0,2,900.0,537.1,2808.73,176.61,886.05,683.14,463.17,288.69,2108.99,36,52,32,65,2502302,26022817,,92,92,Corso Italia-Davenport,Corso Italia-Davenport (92),Not an NIA or Emerging Neighbourhood,,17825761.0,Corso Italia-Davenport
965000.0,879000.0,965000.0,HOUSE,HOUSE,Greenwood Coxwell,43.6698928,-79.3195141,2,0,1,900.0,235.7,2271.45,204.52,349.46,324.09,301.93,303.42,1610.79,27,52,31,91,2502276,26022791,,65,65,Greenwood-Coxwell,Greenwood-Coxwell (65),Not an NIA or Emerging Neighbourhood,,17826177.0,Greenwood-Coxwell
990000.0,1049000.0,990000.0,HOUSE,HOUSE,The Beaches,43.6797908,-79.2838876,3,0,2,1300.0,96.5,3487.83,169.66,1315.33,102.42,116.07,742.33,1723.63,21,38,26,93,2502274,26022789,,63,63,The Beaches,The Beaches (63),Not an NIA or Emerging Neighbourhood,,17826209.0,The Beaches
985000.0,1099000.0,985000.0,HOUSE,HOUSE,High Park North,43.660104,-79.4789891,5,0,3,2250.0,356.77,515.44,281.48,1002.59,1002.96,712.73,754.93,964.69,35,52,29,100,2502267,26022782,,88,88,High Park North,High Park North (88),Not an NIA or Emerging Neighbourhood,,17826321.0,High Park North
980000.0,850000.0,980000.0,HOUSE,HOUSE,East End Danforth,43.6842687,-79.3071236,2,0,2,900.0,404.03,1564.48,278.36,623.6,458.51,275.73,390.03,502.55,27,61,40,94,2502273,26022788,,62,62,East End-Danforth,East End-Danforth (62),Not an NIA or Emerging Neighbourhood,,17826225.0,East End-Danforth
975000.0,975000.0,975000.0,HOUSE,HOUSE,Corso Italia Davenport,43.6817388,-79.4443352,4,0,2,1300.0,228.15,2360.47,425.29,548.14,415.45,421.91,580.59,2055.81,47,56,34,65,2502302,26022817,,92,92,Corso Italia-Davenport,Corso Italia-Davenport (92),Not an NIA or Emerging Neighbourhood,,17825761.0,Corso Italia-Davenport
1000000.0,999000.0,1000000.0,HOUSE,HOUSE,High Park Swansea,43.6458877,-79.4759214,1,0,1,700.0,261.62,2110.43,232.39,243.91,558.89,540.63,585.37,646.62,32,46,20,101,2502266,26022781,,87,87,High Park-Swansea,High Park-Swansea (87),Not an NIA or Emerging Neighbourhood,,17826337.0,High Park-Swansea
998800.0,1059900.0,998800.0,HOUSE,HOUSE,Forest Hill North,43.6987865,-79.43936,3,0,2,1300.0,492.55,3031.25,335.32,700.7,547.66,100.35,183.46,266.36,50,44,29,56,2502311,26022826,,102,102,Forest Hill North,Forest Hill North (102),Not an NIA or Emerging Neighbourhood,,17825617.0,Forest Hill North
1000000.0,1070000.0,1000000.0,HOUSE,HOUSE,Weston Pellam Park,43.6772593,-79.4616729,3,0,2,1300.0,265.06,2101.8,186.81,341.06,844.95,349.46,507.89,2364.01,32,54,32,66,2502301,26022816,,91,91,Weston-Pelham Park,Weston-Pelham Park (91),Neighbourhood Improvement Area,NIA,17825777.0,Weston-Pelham Park
950000.0,1250000.0,950000.0,HOUSE,HOUSE,Junction Area,43.6646276,-79.4820299,5,0,2,700.0,423.28,86.29,254.85,763.63,476.12,385.8,277.34,1516.91,42,55,33,67,2502300,26022815,,90,90,Junction Area,Junction Area (90),Not an NIA or Emerging Neighbourhood,,17825793.0,Junction Area
975000.0,999000.0,975000.0,HOUSE,HOUSE,Rockcliffe-Smythe,43.67057639999999,-79.4965102,3,2,3,2250.0,349.65,1420.29,114.74,697.71,804.83,275.64,450.36,2313.97,11,52,21,77,2502290,26022805,,111,111,Rockcliffe-Smythe,Rockcliffe-Smythe (111),Neighbourhood Improvement Area,NIA,17825953.0,Rockcliffe-Smythe
1025000.0,1049000.0,1025000.0,HOUSE,HOUSE,South Riverdale,43.6653533,-79.3381995,2,0,2,900.0,509.98,1321.76,74.65,304.84,367.51,357.45,397.08,1707.28,51,69,29,86,2502281,26022796,,70,70,South Riverdale,South Riverdale (70),Not an NIA or Emerging Neighbourhood,,17826097.0,South Riverdale
1050000.0,949900.0,1050000.0,HOUSE,HOUSE,Mount Pleasant East,43.7015838,-79.3790608,2,0,1,1300.0,376.0,1941.25,235.26,779.98,475.57,612.5,789.36,1520.62,48,50,34,59,2502308,26022823,,99,99,Mount Pleasant East,Mount Pleasant East (99),Not an NIA or Emerging Neighbourhood,,17825665.0,Mount Pleasant East
1065000.0,949000.0,1065000.0,HOUSE,HOUSE,Wychwood,43.6780146,-79.4272861,2,0,3,1750.0,303.73,946.36,301.28,392.09,408.68,388.41,437.93,1237.63,57,72,44,64,2502303,26022818,,94,94,Wychwood,Wychwood (94),Not an NIA or Emerging Neighbourhood,,17825745.0,Wychwood
1055000.0,999999.0,1055000.0,HOUSE,HOUSE,Moss Park,43.6102418,-79.4947646,2,1,2,1300.0,181.62,4926.37,100.29,520.76,506.36,621.08,333.8,4401.7,16,36,18,46,2502321,26022836,,160,160,Mimico-Queensway,Mimico-Queensway (160),Not an NIA or Emerging Neighbourhood,,17825457.0,Mimico-Queensway
1100000.0,998888.0,1100000.0,HOUSE,HOUSE,Corso Italia Davenport,43.6782966,-79.4571747,3,0,3,1300.0,478.91,2451.86,330.15,524.22,610.94,486.26,411.18,2398.25,33,51,34,65,2502302,26022817,,92,92,Corso Italia-Davenport,Corso Italia-Davenport (92),Not an NIA or Emerging Neighbourhood,,17825761.0,Corso Italia-Davenport
1050000.0,999000.0,1050000.0,HOUSE,HOUSE,Weston Pellam Park,43.6771768,-79.4589428,3,0,2,1300.0,363.76,2263.05,227.83,347.88,714.45,319.06,344.24,2300.1,31,53,33,66,2502301,26022816,,91,91,Weston-Pelham Park,Weston-Pelham Park (91),Neighbourhood Improvement Area,NIA,17825777.0,Weston-Pelham Park
1075000.0,749900.0,1075000.0,HOUSE,HOUSE,East End Danforth,43.6798652,-79.309478,3,0,2,1300.0,468.46,1673.01,209.0,896.86,679.64,687.14,741.71,770.89,21,60,35,94,2502273,26022788,,62,62,East End-Danforth,East End-Danforth (62),Not an NIA or Emerging Neighbourhood,,17826225.0,East End-Danforth
1040000.0,1079000.0,1040000.0,HOUSE,HOUSE,Church Yonge Corridor,43.70609,-79.51901,4,1,3,2250.0,344.73,779.77,222.25,505.84,600.45,521.51,1198.2,6106.0,12,43,18,75,2502292,26022807,,113,113,Weston,Weston (113),Neighbourhood Improvement Area,NIA,17825921.0,Weston
1011000.0,849999.0,1011000.0,HOUSE,HOUSE,East End Danforth,43.6801729,-79.3061971,2,1,2,900.0,422.54,1857.04,57.25,650.44,786.86,737.15,703.88,865.29,17,56,36,94,2502273,26022788,,62,62,East End-Danforth,East End-Danforth (62),Not an NIA or Emerging Neighbourhood,,17826225.0,East End-Danforth
1085000.0,1125000.0,1085000.0,HOUSE,HOUSE,High Park Swansea,43.6389001,-79.4770977,3,0,2,1300.0,531.44,2196.81,101.0,967.06,1020.41,941.25,953.56,1340.06,1,42,13,101,2502266,26022781,,87,87,High Park-Swansea,High Park-Swansea (87),Not an NIA or Emerging Neighbourhood,,17826337.0,High Park-Swansea
1100000.0,1160000.0,1100000.0,HOUSE,HOUSE,Corso Italia Davenport,43.6792127,-79.4490393,3,0,3,1300.0,336.41,2700.42,474.21,586.7,297.83,324.52,256.31,2291.04,47,56,36,65,2502302,26022817,,92,92,Corso Italia-Davenport,Corso Italia-Davenport (92),Not an NIA or Emerging Neighbourhood,,17825761.0,Corso Italia-Davenport
1050000.0,1148900.0,1050000.0,HOUSE,HOUSE,Danforth,43.6882439,-79.3167977,3,1,2,1300.0,158.74,680.49,440.88,629.51,385.27,412.41,391.61,392.43,24,58,35,90,2502277,26022792,,66,66,Danforth,Danforth (66),Not an NIA or Emerging Neighbourhood,,17826161.0,Danforth
1033000.0,938000.0,1033000.0,HOUSE,HOUSE,Corso Italia Davenport,43.6781349,-79.449477,2,1,2,1300.0,404.04,2730.65,350.85,581.93,198.34,269.58,329.54,2182.69,47,55,39,65,2502302,26022817,,92,92,Corso Italia-Davenport,Corso Italia-Davenport (92),Not an NIA or Emerging Neighbourhood,,17825761.0,Corso Italia-Davenport
1000088.0,1089000.0,1000088.0,HOUSE,HOUSE,South Riverdale,43.660465,-79.3354506,2,0,2,900.0,181.56,1672.32,336.07,617.89,237.04,162.45,355.48,2293.17,45,56,18,86,2502281,26022796,,70,70,South Riverdale,South Riverdale (70),Not an NIA or Emerging Neighbourhood,,17826097.0,South Riverdale
1025000.0,1100000.0,1025000.0,HOUSE,HOUSE,Woodbine Corridor,43.6767605,-79.3189589,2,1,3,1300.0,133.69,1542.29,189.96,539.57,441.66,375.34,349.32,885.13,36,60,35,92,2502275,26022790,,64,64,Woodbine Corridor,Woodbine Corridor (64),Not an NIA or Emerging Neighbourhood,,17826193.0,Woodbine Corridor
1100000.0,1375000.0,1100000.0,HOUSE,HOUSE,Roncesvalles,43.6460221,-79.4447759,3,0,3,1300.0,142.6,751.77,189.54,344.04,309.73,381.51,309.12,1383.88,72,48,30,102,2502265,26022780,,86,86,Roncesvalles,Roncesvalles (86),Not an NIA or Emerging Neighbourhood,,17826353.0,Roncesvalles
1050000.0,929000.0,1050000.0,HOUSE,HOUSE,South Riverdale,43.6707462,-79.3351686,2,0,1,900.0,81.54,1634.81,425.49,532.62,308.37,277.59,258.97,1162.35,36,63,34,86,2502281,26022796,,70,70,South Riverdale,South Riverdale (70),Not an NIA or Emerging Neighbourhood,,17826097.0,South Riverdale
1100000.0,1195000.0,1100000.0,HOUSE,HOUSE,Moss Park,43.6582114,-79.3684665,6,0,4,2750.0,314.98,907.58,94.95,403.9,345.85,272.18,277.11,1027.1,109,98,64,83,2502284,26022799,,73,73,Moss Park,Moss Park (73),Not an NIA or Emerging Neighbourhood,,17826049.0,Moss Park
1150888.0,999000.0,1150888.0,HOUSE,HOUSE,Greenwood Coxwell,43.671555,-79.3229549,4,0,2,1300.0,100.45,2050.65,432.94,123.77,341.6,261.23,145.22,1357.59,28,55,31,91,2502276,26022791,,65,65,Greenwood-Coxwell,Greenwood-Coxwell (65),Not an NIA or Emerging Neighbourhood,,17826177.0,Greenwood-Coxwell
1200000.0,999000.0,1200000.0,HOUSE,HOUSE,High Park Swansea,43.6446018,-79.4807278,2,0,2,900.0,313.76,2214.06,91.99,404.09,575.26,573.66,697.25,642.15,27,46,19,101,2502266,26022781,,87,87,High Park-Swansea,High Park-Swansea (87),Not an NIA or Emerging Neighbourhood,,17826337.0,High Park-Swansea
1160000.0,899000.0,1160000.0,HOUSE,HOUSE,Blake Jones,43.6747588,-79.3339987,3,1,3,1750.0,323.75,1839.06,263.42,953.86,674.47,700.51,663.24,760.62,53,68,40,87,2502280,26022795,,69,69,Blake-Jones,Blake-Jones (69),Not an NIA or Emerging Neighbourhood,,17826113.0,Blake-Jones
1105000.0,1095000.0,1105000.0,HOUSE,HOUSE,The Beaches,43.6800832,-79.2840207,3,2,2,1300.0,125.45,3467.28,203.88,1295.49,75.49,84.36,771.98,1689.54,21,39,29,93,2502274,26022789,,63,63,The Beaches,The Beaches (63),Not an NIA or Emerging Neighbourhood,,17826209.0,The Beaches
1180000.0,949000.0,1180000.0,HOUSE,HOUSE,Weston Pellam Park,43.6784001,-79.461702,3,1,2,1300.0,195.75,2187.68,311.29,465.38,930.78,468.82,591.74,2486.2,30,53,33,66,2502301,26022816,,91,91,Weston-Pelham Park,Weston-Pelham Park (91),Neighbourhood Improvement Area,NIA,17825777.0,Weston-Pelham Park
1140000.0,1188000.0,1140000.0,HOUSE,HOUSE,Wychwood,43.6729048,-79.4338305,4,1,3,1300.0,343.93,1564.15,291.4,475.55,740.88,673.04,820.79,1316.82,47,65,41,64,2502303,26022818,,94,94,Wychwood,Wychwood (94),Not an NIA or Emerging Neighbourhood,,17825745.0,Wychwood
1135000.0,899900.0,1135000.0,HOUSE,HOUSE,Corso Italia Davenport,43.6737488,-79.4485537,3,1,2,1300.0,480.64,2691.43,237.67,612.89,299.25,382.39,647.24,1692.42,44,58,34,65,2502302,26022817,,92,92,Corso Italia-Davenport,Corso Italia-Davenport (92),Not an NIA or Emerging Neighbourhood,,17825761.0,Corso Italia-Davenport
1300000.0,1469000.0,1300000.0,HOUSE,HOUSE,Playter Estates Danforth,43.6788914,-79.3483055,4,1,4,2400.0,190.29,1480.9,82.22,300.32,60.59,294.98,207.58,296.5,76,54,33,89,2502278,26022793,,67,67,Playter Estates-Danforth,Playter Estates-Danforth (67),Not an NIA or Emerging Neighbourhood,,17826145.0,Playter Estates-Danforth
1268800.0,999999.0,1268800.0,HOUSE,HOUSE,Dovercourt Wallace Emerson Junction,43.6640919,-79.4332863,3,0,2,900.0,142.2,2077.82,126.48,467.34,418.05,364.53,719.58,458.01,68,68,52,3,2502364,26022879,,172,172,Dovercourt Village,Dovercourt Village (172),Not an NIA or Emerging Neighbourhood,,17824769.0,Dovercourt Village
1275000.0,1289000.0,1275000.0,HOUSE,HOUSE,Junction Area,43.6671492,-79.474687,3,0,2,1300.0,653.97,584.19,216.94,788.26,407.33,168.86,299.32,1605.41,62,56,39,67,2502300,26022815,,90,90,Junction Area,Junction Area (90),Not an NIA or Emerging Neighbourhood,,17825793.0,Junction Area
1260000.0,1099999.0,1260000.0,HOUSE,HOUSE,East End Danforth,43.6851643,-79.311574,3,1,2,1300.0,322.66,1198.03,181.84,809.54,89.26,109.47,135.22,162.61,23,57,38,94,2502273,26022788,,62,62,East End-Danforth,East End-Danforth (62),Not an NIA or Emerging Neighbourhood,,17826225.0,East End-Danforth
1265000.0,1199000.0,1265000.0,HOUSE,HOUSE,Mount Pleasant East,43.7057233,-79.38265,3,0,2,1300.0,412.17,1606.55,207.73,486.58,543.71,530.82,516.9,1284.99,53,53,37,59,2502308,26022823,,99,99,Mount Pleasant East,Mount Pleasant East (99),Not an NIA or Emerging Neighbourhood,,17825665.0,Mount Pleasant East
1220000.0,1099000.0,1220000.0,HOUSE,HOUSE,High Park North,43.6592078,-79.4562301,3,0,2,1750.0,241.43,2075.61,207.43,892.05,402.18,259.09,328.42,360.01,40,53,39,100,2502267,26022782,,88,88,High Park North,High Park North (88),Not an NIA or Emerging Neighbourhood,,17826321.0,High Park North
1285000.0,999000.0,1285000.0,HOUSE,HOUSE,South Riverdale,43.6730594,-79.3325947,2,1,2,900.0,336.83,1917.85,466.3,802.13,628.36,607.67,588.57,979.38,39,64,38,86,2502281,26022796,,70,70,South Riverdale,South Riverdale (70),Not an NIA or Emerging Neighbourhood,,17826097.0,South Riverdale
1260000.0,1299000.0,1260000.0,HOUSE,HOUSE,Mount Pleasant East,43.7051063,-79.3814013,1,1,1,900.0,300.97,1626.23,301.26,560.39,507.09,517.78,539.16,1392.39,49,52,37,59,2502308,26022823,,99,99,Mount Pleasant East,Mount Pleasant East (99),Not an NIA or Emerging Neighbourhood,,17825665.0,Mount Pleasant East
1300000.0,1339000.0,1300000.0,HOUSE,HOUSE,Woodbine Corridor,43.6708406,-79.3149567,3,1,3,1300.0,555.28,2270.28,104.23,597.14,395.17,306.09,448.52,1616.76,24,53,29,92,2502275,26022790,,64,64,Woodbine Corridor,Woodbine Corridor (64),Not an NIA or Emerging Neighbourhood,,17826193.0,Woodbine Corridor
1300000.0,1319000.0,1300000.0,HOUSE,HOUSE,Corso Italia Davenport,43.6769453,-79.4446402,4,0,2,2250.0,174.97,2342.55,334.84,179.5,92.02,50.51,689.81,1988.64,45,59,37,65,2502302,26022817,,92,92,Corso Italia-Davenport,Corso Italia-Davenport (92),Not an NIA or Emerging Neighbourhood,,17825761.0,Corso Italia-Davenport
1275018.0,1365000.0,1275018.0,HOUSE,HOUSE,Annex,43.6679462,-79.4198912,2,1,3,1300.0,201.6,1136.08,371.48,559.87,602.09,488.59,105.86,443.54,101,79,60,63,2502304,26022819,,95,95,Annex,Annex (95),Not an NIA or Emerging Neighbourhood,,17825729.0,Annex
1225000.0,1299000.0,1225000.0,HOUSE,HOUSE,Mount Pleasant West,43.6998326,-79.3911607,2,2,2,900.0,307.03,2520.77,194.61,517.36,477.39,458.77,413.32,536.04,65,51,45,1,2502366,26022881,,174,174,South Eglinton-Davisville,South Eglinton-Davisville (174),Not an NIA or Emerging Neighbourhood,,17824737.0,South Eglinton-Davisville
1275000.0,1299000.0,1275000.0,HOUSE,HOUSE,Forest Hill North,43.6998671,-79.4397985,3,0,2,900.0,614.98,3147.0,400.0,729.76,574.99,224.93,257.28,304.7,50,42,34,56,2502311,26022826,,102,102,Forest Hill North,Forest Hill North (102),Not an NIA or Emerging Neighbourhood,,17825617.0,Forest Hill North
1255000.0,1250000.0,1255000.0,HOUSE,HOUSE,Dovercourt Wallace Emerson Junction,43.6636904,-79.4387487,3,0,2,1750.0,137.3,2429.42,371.63,567.72,523.41,463.32,460.96,467.26,52,63,48,4,2502363,26022878,,171,171,Junction-Wallace Emerson,Junction-Wallace Emerson (171),Not an NIA or Emerging Neighbourhood,,17824785.0,Junction-Wallace Emerson
1298000.0,1298000.0,1298000.0,HOUSE,HOUSE,Annex,43.6649251,-79.416601,3,0,2,1300.0,345.93,1419.09,144.69,199.02,195.73,181.45,92.82,170.74,120,77,60,63,2502304,26022819,,95,95,Annex,Annex (95),Not an NIA or Emerging Neighbourhood,,17825729.0,Annex
1400000.0,1439999.0,1400000.0,HOUSE,HOUSE,Dovercourt Wallace Emerson Junction,43.6597177,-79.4413681,3,0,2,1300.0,356.35,2259.05,145.48,593.95,503.81,116.81,211.05,132.54,45,57,45,4,2502363,26022878,,171,171,Junction-Wallace Emerson,Junction-Wallace Emerson (171),Not an NIA or Emerging Neighbourhood,,17824785.0,Junction-Wallace Emerson
1365000.0,1199000.0,1365000.0,HOUSE,HOUSE,Runnymede Bloor West Village,43.657611,-79.4822791,3,0,4,1300.0,407.9,774.63,260.24,928.81,815.08,488.13,424.68,828.85,42,52,27,99,2502268,26022783,,89,89,Runnymede-Bloor West Village,Runnymede-Bloor West Village (89),Not an NIA or Emerging Neighbourhood,,17826305.0,Runnymede-Bloor West Village
1310000.0,1199000.0,1310000.0,HOUSE,HOUSE,East End Danforth,43.6835991,-79.3041662,3,0,2,1300.0,419.52,1812.33,133.42,379.02,583.07,450.87,412.5,640.05,25,62,37,94,2502273,26022788,,62,62,East End-Danforth,East End-Danforth (62),Not an NIA or Emerging Neighbourhood,,17826225.0,East End-Danforth
1385000.0,1395000.0,1385000.0,HOUSE,HOUSE,East End Danforth,43.6892058,-79.2943822,4,0,3,1750.0,402.5,2457.44,300.79,762.92,181.66,49.75,105.24,580.95,23,58,29,94,2502273,26022788,,62,62,East End-Danforth,East End-Danforth (62),Not an NIA or Emerging Neighbourhood,,17826225.0,East End-Danforth
1400000.0,999000.0,1400000.0,HOUSE,HOUSE,Blake Jones,43.6756077,-79.3369039,3,0,2,1300.0,281.3,1753.51,268.13,703.04,653.0,592.62,542.79,606.71,55,65,41,87,2502280,26022795,,69,69,Blake-Jones,Blake-Jones (69),Not an NIA or Emerging Neighbourhood,,17826113.0,Blake-Jones
1313000.0,1595000.0,1313000.0,HOUSE,HOUSE,Forest Hill North,43.7016022,-79.4384977,3,0,3,1750.0,460.46,3154.38,427.6,930.72,517.73,416.32,296.63,325.1,36,45,34,56,2502311,26022826,,102,102,Forest Hill North,Forest Hill North (102),Not an NIA or Emerging Neighbourhood,,17825617.0,Forest Hill North
1389000.0,1289000.0,1389000.0,HOUSE,HOUSE,Woodbine Corridor,43.6737275,-79.3127384,3,1,1,1750.0,295.57,2052.19,315.71,761.46,519.45,384.22,514.76,1410.69,28,54,32,92,2502275,26022790,,64,64,Woodbine Corridor,Woodbine Corridor (64),Not an NIA or Emerging Neighbourhood,,17826193.0,Woodbine Corridor
1390000.0,1395000.0,1390000.0,HOUSE,HOUSE,East End Danforth,43.682245,-79.2849461,3,1,3,1750.0,292.92,3326.93,313.03,1174.28,159.79,180.73,615.78,1438.64,15,41,28,94,2502273,26022788,,62,62,East End-Danforth,East End-Danforth (62),Not an NIA or Emerging Neighbourhood,,17826225.0,East End-Danforth
1400000.0,1499000.0,1400000.0,HOUSE,HOUSE,Dovercourt Wallace Emerson Junction,43.6617892,-79.4394795,3,1,2,1300.0,82.38,2525.71,246.36,488.06,416.16,321.56,438.29,370.36,52,62,46,4,2502363,26022878,,171,171,Junction-Wallace Emerson,Junction-Wallace Emerson (171),Not an NIA or Emerging Neighbourhood,,17824785.0,Junction-Wallace Emerson
1335000.0,1250000.0,1335000.0,HOUSE,HOUSE,High Park Swansea,43.6487108,-79.4840112,3,0,2,1300.0,236.47,1774.04,254.41,511.43,142.98,68.71,473.88,134.86,32,45,22,101,2502266,26022781,,87,87,High Park-Swansea,High Park-Swansea (87),Not an NIA or Emerging Neighbourhood,,17826337.0,High Park-Swansea
1400000.0,1499000.0,1400000.0,HOUSE,HOUSE,High Park Swansea,43.6475068,-79.4796668,6,0,3,1750.0,279.34,1893.86,121.01,146.41,294.94,353.75,363.55,430.06,29,48,22,101,2502266,26022781,,87,87,High Park-Swansea,High Park-Swansea (87),Not an NIA or Emerging Neighbourhood,,17826337.0,High Park-Swansea
1470000.0,1489900.0,1470000.0,HOUSE,HOUSE,Woodbine Corridor,43.6766853,-79.313632,3,0,2,1300.0,97.77,1731.47,103.85,824.04,615.33,568.31,558.64,1084.8,21,57,37,92,2502275,26022790,,64,64,Woodbine Corridor,Woodbine Corridor (64),Not an NIA or Emerging Neighbourhood,,17826193.0,Woodbine Corridor
1430000.0,1349999.0,1430000.0,HOUSE,HOUSE,Dovercourt Wallace Emerson Junction,43.6609769,-79.4518782,3,0,2,1300.0,170.54,2298.62,179.2,550.98,450.2,220.74,217.46,458.84,45,54,40,4,2502363,26022878,,171,171,Junction-Wallace Emerson,Junction-Wallace Emerson (171),Not an NIA or Emerging Neighbourhood,,17824785.0,Junction-Wallace Emerson
1460000.0,1298000.0,1460000.0,HOUSE,HOUSE,High Park Swansea,43.6407944,-79.4774669,4,0,2,1750.0,322.6,2221.05,156.37,755.15,1061.34,964.7,1108.74,1136.94,0,41,15,101,2502266,26022781,,87,87,High Park-Swansea,High Park-Swansea (87),Not an NIA or Emerging Neighbourhood,,17826337.0,High Park-Swansea
1500000.0,1589900.0,1500000.0,HOUSE,HOUSE,South Riverdale,43.6707863,-79.3294689,3,0,3,1750.0,441.3,2078.0,221.84,625.48,700.49,664.54,641.09,1310.73,43,64,34,86,2502281,26022796,,70,70,South Riverdale,South Riverdale (70),Not an NIA or Emerging Neighbourhood,,17826097.0,South Riverdale
1409000.0,1479000.0,1409000.0,HOUSE,HOUSE,Dovercourt Wallace Emerson Junction,43.668405,-79.4337525,3,0,2,1750.0,235.26,1791.14,300.5,810.85,655.23,233.94,578.82,897.52,37,62,48,3,2502364,26022879,,172,172,Dovercourt Village,Dovercourt Village (172),Not an NIA or Emerging Neighbourhood,,17824769.0,Dovercourt Village
1452000.0,1298000.0,1452000.0,HOUSE,HOUSE,Corso Italia Davenport,43.674746,-79.4465006,3,0,4,1750.0,283.91,2511.89,361.92,414.25,248.25,238.04,775.49,1763.97,50,60,37,65,2502302,26022817,,92,92,Corso Italia-Davenport,Corso Italia-Davenport (92),Not an NIA or Emerging Neighbourhood,,17825761.0,Corso Italia-Davenport
1450000.0,1299900.0,1450000.0,HOUSE,HOUSE,Danforth,43.6842306,-79.3246541,3,0,2,1300.0,335.47,635.42,151.9,266.39,123.72,156.99,340.86,129.84,32,57,36,90,2502277,26022792,,66,66,Danforth,Danforth (66),Not an NIA or Emerging Neighbourhood,,17826161.0,Danforth
1403000.0,999999.0,1403000.0,HOUSE,HOUSE,South Riverdale,43.6716459,-79.3319159,3,1,2,1750.0,296.05,1914.43,405.72,663.67,570.2,535.69,513.66,1144.97,38,65,34,86,2502281,26022796,,70,70,South Riverdale,South Riverdale (70),Not an NIA or Emerging Neighbourhood,,17826097.0,South Riverdale
1420000.0,1349000.0,1420000.0,HOUSE,HOUSE,The Beaches,43.6734634,-79.3020933,1,0,1,900.0,303.37,2594.1,272.81,472.75,460.98,396.94,450.37,1670.61,29,50,30,93,2502274,26022789,,63,63,The Beaches,The Beaches (63),Not an NIA or Emerging Neighbourhood,,17826209.0,The Beaches
1465000.0,1525000.0,1465000.0,HOUSE,HOUSE,Dovercourt Wallace Emerson Junction,43.6705945,-79.4441431,3,1,2,900.0,353.04,2431.88,54.92,704.66,335.52,382.33,430.07,1281.52,42,57,36,4,2502363,26022878,,171,171,Junction-Wallace Emerson,Junction-Wallace Emerson (171),Not an NIA or Emerging Neighbourhood,,17824785.0,Junction-Wallace Emerson
1500000.0,1579000.0,1500000.0,HOUSE,HOUSE,High Park Swansea,43.6459623,-79.4790153,3,1,3,1750.0,299.39,2068.68,112.73,202.85,473.35,523.18,529.02,586.97,29,48,20,101,2502266,26022781,,87,87,High Park-Swansea,High Park-Swansea (87),Not an NIA or Emerging Neighbourhood,,17826337.0,High Park-Swansea
1500000.0,1399999.0,1500000.0,HOUSE,HOUSE,High Park Swansea,43.6454546,-79.4824612,3,0,2,1300.0,408.07,2122.55,29.91,439.9,458.6,437.96,654.64,508.63,27,48,19,101,2502266,26022781,,87,87,High Park-Swansea,High Park-Swansea (87),Not an NIA or Emerging Neighbourhood,,17826337.0,High Park-Swansea
1460000.0,1499000.0,1460000.0,HOUSE,HOUSE,Wychwood,43.6777719,-79.4272766,3,0,3,1300.0,300.53,944.87,297.4,366.04,430.42,414.57,463.9,1254.16,58,73,43,64,2502303,26022818,,94,94,Wychwood,Wychwood (94),Not an NIA or Emerging Neighbourhood,,17825745.0,Wychwood
1402918.0,1299000.0,1402918.0,HOUSE,HOUSE,Greenwood Coxwell,43.6706756,-79.321465,3,0,3,1750.0,56.3,2160.31,314.0,202.65,304.11,241.22,174.7,1499.06,28,56,32,91,2502276,26022791,,65,65,Greenwood-Coxwell,Greenwood-Coxwell (65),Not an NIA or Emerging Neighbourhood,,17826177.0,Greenwood-Coxwell
1500000.0,1499000.0,1500000.0,HOUSE,HOUSE,East End Danforth,43.6847941,-79.2864496,3,1,2,1300.0,210.62,3098.98,217.04,1057.45,449.75,473.39,356.09,1137.25,28,44,29,94,2502273,26022788,,62,62,East End-Danforth,East End-Danforth (62),Not an NIA or Emerging Neighbourhood,,17826225.0,East End-Danforth
1486000.0,1398000.0,1486000.0,HOUSE,HOUSE,Dovercourt Wallace Emerson Junction,43.66941,-79.4276753,3,1,2,1750.0,327.62,1340.4,125.91,577.74,828.07,399.43,401.07,789.34,46,69,49,3,2502364,26022879,,172,172,Dovercourt Village,Dovercourt Village (172),Not an NIA or Emerging Neighbourhood,,17824769.0,Dovercourt Village
1450000.0,1299000.0,1450000.0,HOUSE,HOUSE,Dufferin Grove,43.6571893,-79.4421857,5,1,2,700.0,515.89,1971.32,338.54,725.87,587.42,162.48,301.83,219.13,61,60,43,105,2502262,26022777,,83,83,Dufferin Grove,Dufferin Grove (83),Not an NIA or Emerging Neighbourhood,,17826401.0,Dufferin Grove
1410000.0,1298000.0,1410000.0,HOUSE,HOUSE,High Park Swansea,43.6385169,-79.4691999,3,1,2,1300.0,853.12,1568.68,408.79,1224.78,1373.59,1080.47,1255.47,1564.89,1,33,12,101,2502266,26022781,,87,87,High Park-Swansea,High Park-Swansea (87),Not an NIA or Emerging Neighbourhood,,17826337.0,High Park-Swansea
1436000.0,1579000.0,1436000.0,HOUSE,HOUSE,Annex,43.6728305,-79.4164818,3,0,1,700.0,531.04,542.87,208.71,878.9,354.93,722.71,275.49,791.86,62,81,60,63,2502304,26022819,,95,95,Annex,Annex (95),Not an NIA or Emerging Neighbourhood,,17825729.0,Annex
1500000.0,1500000.0,1500000.0,HOUSE,HOUSE,South Riverdale,43.6653583,-79.3300724,3,0,2,1750.0,154.56,1973.84,199.8,363.58,710.39,312.88,340.67,1849.41,50,59,30,86,2502281,26022796,,70,70,South Riverdale,South Riverdale (70),Not an NIA or Emerging Neighbourhood,,17826097.0,South Riverdale
1447000.0,1499000.0,1447000.0,HOUSE,HOUSE,High Park Swansea,43.6453226,-79.4814766,2,2,3,1300.0,400.84,2134.22,79.78,384.91,482.96,476.14,636.98,545.37,28,47,19,101,2502266,26022781,,87,87,High Park-Swansea,High Park-Swansea (87),Not an NIA or Emerging Neighbourhood,,17826337.0,High Park-Swansea
1420000.0,1450000.0,1420000.0,HOUSE,HOUSE,Dovercourt Wallace Emerson Junction,43.6636961,-79.4493811,3,1,3,1300.0,191.21,2542.5,87.6,219.37,278.57,365.97,244.38,735.73,37,56,38,4,2502363,26022878,,171,171,Junction-Wallace Emerson,Junction-Wallace Emerson (171),Not an NIA or Emerging Neighbourhood,,17824785.0,Junction-Wallace Emerson
1487000.0,1299999.0,1487000.0,HOUSE,HOUSE,South Riverdale,43.666355,-79.3319102,3,0,3,1300.0,60.84,1822.8,173.82,213.23,527.0,378.02,391.84,1698.49,47,64,31,86,2502281,26022796,,70,70,South Riverdale,South Riverdale (70),Not an NIA or Emerging Neighbourhood,,17826097.0,South Riverdale
1475000.0,1595000.0,1475000.0,HOUSE,HOUSE,Yonge St Clair,43.6923781,-79.3980904,2,0,1,1300.0,266.53,2154.81,221.31,617.7,439.83,369.9,520.09,605.99,31,67,40,61,2502306,26022821,,97,97,Yonge-St.Clair,Yonge-St.Clair (97),Not an NIA or Emerging Neighbourhood,,17825697.0,Yonge-St.Clair
1405000.0,979900.0,1405000.0,HOUSE,HOUSE,East End Danforth,43.678103,-79.3053393,3,0,2,1300.0,205.0,2052.86,177.07,756.15,1011.5,970.03,623.06,1094.18,20,58,36,94,2502273,26022788,,62,62,East End-Danforth,East End-Danforth (62),Not an NIA or Emerging Neighbourhood,,17826225.0,East End-Danforth
1445000.0,1398000.0,1445000.0,HOUSE,HOUSE,Woodbine Corridor,43.6763159,-79.3105435,3,0,2,900.0,318.76,1906.22,354.62,1019.64,789.63,653.29,753.28,1135.25,15,56,31,92,2502275,26022790,,64,64,Woodbine Corridor,Woodbine Corridor (64),Not an NIA or Emerging Neighbourhood,,17826193.0,Woodbine Corridor
1500000.0,1500000.0,1500000.0,HOUSE,HOUSE,Corso Italia Davenport,43.676164,-79.446308,3,0,3,1750.0,250.72,2480.94,424.03,327.29,119.37,83.68,654.56,1917.2,49,59,37,65,2502302,26022817,,92,92,Corso Italia-Davenport,Corso Italia-Davenport (92),Not an NIA or Emerging Neighbourhood,,17825761.0,Corso Italia-Davenport
1450000.0,1199999.0,1450000.0,HOUSE,HOUSE,Dovercourt Wallace Emerson Junction,43.6630438,-79.437692,3,1,2,1750.0,132.06,2412.57,412.45,457.53,417.35,485.27,561.5,360.5,54,62,48,4,2502363,26022878,,171,171,Junction-Wallace Emerson,Junction-Wallace Emerson (171),Not an NIA or Emerging Neighbourhood,,17824785.0,Junction-Wallace Emerson
1426000.0,1174000.0,1426000.0,HOUSE,HOUSE,Corso Italia Davenport,43.6771476,-79.4502861,3,0,3,2000.0,513.71,2795.82,223.67,633.59,108.72,297.53,410.13,2094.28,46,55,38,65,2502302,26022817,,92,92,Corso Italia-Davenport,Corso Italia-Davenport (92),Not an NIA or Emerging Neighbourhood,,17825761.0,Corso Italia-Davenport
1500000.0,1795000.0,1500000.0,HOUSE,HOUSE,Bayview Woods-Steeles,43.7926073,-79.3815024,5,1,3,6548.0,479.45,1914.54,465.05,1116.59,517.25,1019.13,864.34,2640.26,2,35,21,135,2502232,26022747,,49,49,Bayview Woods-Steeles,Bayview Woods-Steeles (49),Not an NIA or Emerging Neighbourhood,,17826881.0,Bayview Woods-Steeles
1460000.0,1470000.0,1460000.0,HOUSE,HOUSE,Greenwood Coxwell,43.6711575,-79.3234566,3,0,2,1300.0,113.47,2092.05,470.48,183.4,397.05,317.61,203.49,1381.07,28,54,30,91,2502276,26022791,,65,65,Greenwood-Coxwell,Greenwood-Coxwell (65),Not an NIA or Emerging Neighbourhood,,17826177.0,Greenwood-Coxwell
1548000.0,1590000.0,1548000.0,HOUSE,HOUSE,The Beaches,43.6748037,-79.2875099,3,1,4,1300.0,260.12,3447.82,504.68,1025.1,617.51,625.17,215.4,1947.72,32,30,22,93,2502274,26022789,,63,63,The Beaches,The Beaches (63),Not an NIA or Emerging Neighbourhood,,17826209.0,The Beaches
1600000.0,1499900.0,1600000.0,HOUSE,HOUSE,South Riverdale,43.6629052,-79.3360435,4,0,2,1750.0,301.07,1539.33,201.88,363.47,203.2,113.12,283.32,2019.87,51,62,23,86,2502281,26022796,,70,70,South Riverdale,South Riverdale (70),Not an NIA or Emerging Neighbourhood,,17826097.0,South Riverdale
1551000.0,1389000.0,1551000.0,HOUSE,HOUSE,East End Danforth,43.681482,-79.2872845,3,1,2,1300.0,105.24,3169.75,209.37,1002.27,131.58,99.29,727.25,1426.12,25,44,29,94,2502273,26022788,,62,62,East End-Danforth,East End-Danforth (62),Not an NIA or Emerging Neighbourhood,,17826225.0,East End-Danforth
1685000.0,1699000.0,1685000.0,HOUSE,HOUSE,Mount Pleasant East,43.7118235,-79.379587,4,0,2,1300.0,559.14,895.28,104.29,1114.78,177.3,169.12,106.66,1626.52,30,43,39,59,2502308,26022823,,99,99,Mount Pleasant East,Mount Pleasant East (99),Not an NIA or Emerging Neighbourhood,,17825665.0,Mount Pleasant East
1550000.0,1450000.0,1550000.0,HOUSE,HOUSE,Junction Area,43.661952,-79.4768229,5,1,2,2250.0,216.55,438.52,135.58,856.11,787.15,449.78,710.2,1141.61,48,57,33,67,2502300,26022815,,90,90,Junction Area,Junction Area (90),Not an NIA or Emerging Neighbourhood,,17825793.0,Junction Area
1650000.0,1699999.0,1650000.0,HOUSE,HOUSE,High Park Swansea,43.6421148,-79.4787398,2,1,2,1300.0,221.16,2331.13,110.26,611.91,888.56,892.25,956.62,960.01,20,43,14,101,2502266,26022781,,87,87,High Park-Swansea,High Park-Swansea (87),Not an NIA or Emerging Neighbourhood,,17826337.0,High Park-Swansea
1685000.0,1699999.0,1685000.0,HOUSE,HOUSE,Wychwood,43.6808469,-79.4219151,3,0,3,1300.0,527.78,623.76,67.33,382.79,246.74,196.43,338.7,704.2,39,73,49,64,2502303,26022818,,94,94,Wychwood,Wychwood (94),Not an NIA or Emerging Neighbourhood,,17825745.0,Wychwood
1630000.0,1599000.0,1630000.0,HOUSE,HOUSE,The Beaches,43.6728905,-79.2810718,3,0,2,1300.0,346.51,4004.11,623.56,1433.85,890.19,877.75,388.37,2440.18,21,18,18,93,2502274,26022789,,63,63,The Beaches,The Beaches (63),Not an NIA or Emerging Neighbourhood,,17826209.0,The Beaches
1680000.0,1680000.0,1680000.0,HOUSE,HOUSE,The Beaches,43.6760671,-79.2873508,2,0,1,1750.0,203.32,3392.82,412.68,1113.53,487.41,506.61,332.88,1843.22,32,32,22,93,2502274,26022789,,63,63,The Beaches,The Beaches (63),Not an NIA or Emerging Neighbourhood,,17826209.0,The Beaches
1661000.0,1399000.0,1661000.0,HOUSE,HOUSE,High Park North,43.6571076,-79.4562218,4,0,2,2250.0,381.33,1931.49,48.4,1075.17,215.34,164.73,324.45,256.65,34,46,38,100,2502267,26022782,,88,88,High Park North,High Park North (88),Not an NIA or Emerging Neighbourhood,,17826321.0,High Park North
1616000.0,1498000.0,1616000.0,HOUSE,HOUSE,High Park-Swansea,43.6415345,-79.47576140000001,5,1,2,1600.0,259.82,2087.37,79.8,692.92,1018.32,1024.49,1050.27,1130.8,1,40,14,101,2502266,26022781,,87,87,High Park-Swansea,High Park-Swansea (87),Not an NIA or Emerging Neighbourhood,,17826337.0,High Park-Swansea
1680000.0,1499000.0,1680000.0,HOUSE,HOUSE,East End Danforth,43.6776106,-79.3087957,3,1,4,1750.0,248.7,1887.59,313.25,989.68,934.04,818.14,905.9,1026.16,15,57,34,94,2502273,26022788,,62,62,East End-Danforth,East End-Danforth (62),Not an NIA or Emerging Neighbourhood,,17826225.0,East End-Danforth
1652000.0,1299000.0,1652000.0,HOUSE,HOUSE,East End-Danforth,43.6809181,-79.30668650000001,3,0,2,1750.0,506.79,1777.2,95.84,643.79,698.65,649.21,744.45,775.53,18,57,37,94,2502273,26022788,,62,62,East End-Danforth,East End-Danforth (62),Not an NIA or Emerging Neighbourhood,,17826225.0,East End-Danforth
1645000.0,1599000.0,1645000.0,HOUSE,HOUSE,South Riverdale,43.6675549,-79.3362365,3,1,4,1750.0,298.49,1480.69,214.22,223.5,165.61,154.98,151.01,1503.16,50,68,31,86,2502281,26022796,,70,70,South Riverdale,South Riverdale (70),Not an NIA or Emerging Neighbourhood,,17826097.0,South Riverdale
1507000.0,1558000.0,1507000.0,HOUSE,HOUSE,Lawrence Park North,43.7348741,-79.407967,3,1,2,1300.0,244.39,2274.28,265.71,1210.39,253.84,348.96,313.42,1030.23,36,31,20,54,2502313,26022828,,105,105,Lawrence Park North,Lawrence Park North (105),Not an NIA or Emerging Neighbourhood,,17825585.0,Lawrence Park North
1575000.0,1299900.0,1575000.0,HOUSE,HOUSE,Danforth,43.6853175,-79.3235647,3,1,2,1750.0,197.01,525.74,197.23,250.24,197.98,184.0,487.0,136.18,33,63,35,90,2502277,26022792,,66,66,Danforth,Danforth (66),Not an NIA or Emerging Neighbourhood,,17826161.0,Danforth
1698220.0,1778000.0,1698220.0,HOUSE,HOUSE,Runnymede Bloor West Village,43.6523156,-79.4845468,4,0,2,1300.0,116.24,1386.45,404.46,753.39,339.14,311.84,494.18,272.53,41,52,23,99,2502268,26022783,,89,89,Runnymede-Bloor West Village,Runnymede-Bloor West Village (89),Not an NIA or Emerging Neighbourhood,,17826305.0,Runnymede-Bloor West Village
1529000.0,1199000.0,1529000.0,HOUSE,HOUSE,High Park Swansea,43.6403596,-79.4767665,3,0,2,1750.0,369.8,2164.16,113.19,807.59,1121.3,1002.46,1117.0,1205.86,0,40,15,101,2502266,26022781,,87,87,High Park-Swansea,High Park-Swansea (87),Not an NIA or Emerging Neighbourhood,,17826337.0,High Park-Swansea
1505000.0,1499000.0,1505000.0,HOUSE,HOUSE,Lawrence Park North,43.7283735,-79.4039433,3,0,3,1750.0,99.27,2498.76,200.95,426.24,84.46,291.47,184.69,254.25,17,42,24,54,2502313,26022828,,105,105,Lawrence Park North,Lawrence Park North (105),Not an NIA or Emerging Neighbourhood,,17825585.0,Lawrence Park North
1550000.0,1569000.0,1550000.0,HOUSE,HOUSE,Lawrence Park South,43.707823,-79.4131645,3,1,3,1300.0,181.86,3035.61,631.16,861.92,431.83,478.07,444.98,1178.92,17,55,47,55,2502312,26022827,,103,103,Lawrence Park South,Lawrence Park South (103),Not an NIA or Emerging Neighbourhood,,17825601.0,Lawrence Park South
1680000.0,1698000.0,1680000.0,HOUSE,HOUSE,High Park North,43.658775,-79.4761248,5,0,2,2250.0,224.63,747.58,271.81,787.67,834.5,773.82,853.07,786.48,57,56,34,100,2502267,26022782,,88,88,High Park North,High Park North (88),Not an NIA or Emerging Neighbourhood,,17826321.0,High Park North
1524500.0,1489000.0,1524500.0,HOUSE,HOUSE,Lawrence Park North,43.7255437,-79.4063674,3,0,2,1300.0,287.57,2383.57,211.48,377.52,344.78,297.56,295.72,325.37,23,42,32,54,2502313,26022828,,105,105,Lawrence Park North,Lawrence Park North (105),Not an NIA or Emerging Neighbourhood,,17825585.0,Lawrence Park North
1602000.0,1379000.0,1602000.0,HOUSE,HOUSE,Woodbine Corridor,43.6681666,-79.3154543,4,1,3,1750.0,482.78,2538.32,122.73,712.34,590.4,362.43,643.53,1879.39,29,48,23,92,2502275,26022790,,64,64,Woodbine Corridor,Woodbine Corridor (64),Not an NIA or Emerging Neighbourhood,,17826193.0,Woodbine Corridor
1505000.0,1569000.0,1505000.0,HOUSE,HOUSE,Annex,43.6710277,-79.4203302,3,1,2,1300.0,350.97,832.84,354.8,759.09,716.46,829.47,133.51,785.14,66,78,56,63,2502304,26022819,,95,95,Annex,Annex (95),Not an NIA or Emerging Neighbourhood,,17825729.0,Annex
1678000.0,1695000.0,1678000.0,HOUSE,HOUSE,Forest Hill North,43.7088305,-79.4172113,3,1,3,1750.0,361.87,2760.51,534.29,776.19,666.13,620.23,659.36,1515.84,15,54,44,56,2502311,26022826,,102,102,Forest Hill North,Forest Hill North (102),Not an NIA or Emerging Neighbourhood,,17825617.0,Forest Hill North
1525000.0,1575000.0,1525000.0,HOUSE,HOUSE,Lawrence Park North,43.7304443,-79.4049582,4,1,2,900.0,338.36,2448.16,346.63,669.97,110.92,213.66,428.95,497.27,17,37,24,54,2502313,26022828,,105,105,Lawrence Park North,Lawrence Park North (105),Not an NIA or Emerging Neighbourhood,,17825585.0,Lawrence Park North
1690000.0,1329000.0,1690000.0,HOUSE,HOUSE,North Riverdale,43.6778795,-79.3457224,3,0,1,2250.0,138.88,1464.56,187.5,122.77,91.67,176.06,82.06,236.36,71,55,35,88,2502279,26022794,,68,68,North Riverdale,North Riverdale (68),Not an NIA or Emerging Neighbourhood,,17826129.0,North Riverdale
1650000.0,1579000.0,1650000.0,HOUSE,HOUSE,Mount Pleasant East,43.7070404,-79.3884845,3,1,4,1750.0,175.94,1758.37,262.84,343.34,149.16,89.92,113.58,811.42,85,52,39,59,2502308,26022823,,99,99,Mount Pleasant East,Mount Pleasant East (99),Not an NIA or Emerging Neighbourhood,,17825665.0,Mount Pleasant East
1610000.0,1588000.0,1610000.0,HOUSE,HOUSE,Junction Area,43.6644029,-79.4778925,5,1,4,2250.0,478.21,247.77,204.82,933.54,671.4,304.43,581.72,1420.41,51,56,38,67,2502300,26022815,,90,90,Junction Area,Junction Area (90),Not an NIA or Emerging Neighbourhood,,17825793.0,Junction Area
1595000.0,1595000.0,1595000.0,HOUSE,HOUSE,South Riverdale,43.6644376,-79.3296642,4,1,3,2250.0,235.14,2014.96,214.59,425.85,685.12,256.0,289.23,1956.87,45,58,27,86,2502281,26022796,,70,70,South Riverdale,South Riverdale (70),Not an NIA or Emerging Neighbourhood,,17826097.0,South Riverdale
1700000.0,1795000.0,1700000.0,HOUSE,HOUSE,North Riverdale,43.6676552,-79.3477125,3,1,3,1300.0,211.82,569.99,374.51,483.61,445.74,141.35,301.96,1237.42,49,73,33,88,2502279,26022794,,68,68,North Riverdale,North Riverdale (68),Not an NIA or Emerging Neighbourhood,,17826129.0,North Riverdale
1700000.0,1749000.0,1700000.0,HOUSE,HOUSE,Lawrence Park South,43.713035,-79.4039291,3,1,3,900.0,177.98,2520.37,287.11,628.46,410.4,333.26,381.95,819.95,50,56,41,55,2502312,26022827,,103,103,Lawrence Park South,Lawrence Park South (103),Not an NIA or Emerging Neighbourhood,,17825601.0,Lawrence Park South
1935000.0,1879000.0,1935000.0,HOUSE,HOUSE,Corso Italia Davenport,43.6757103,-79.44127,3,2,4,1750.0,159.02,2081.54,327.24,171.15,302.0,130.15,847.69,1781.6,50,60,36,65,2502302,26022817,,92,92,Corso Italia-Davenport,Corso Italia-Davenport (92),Not an NIA or Emerging Neighbourhood,,17825761.0,Corso Italia-Davenport
1780000.0,1799000.0,1780000.0,HOUSE,HOUSE,Greenwood Coxwell,43.6743663,-79.3207877,3,1,4,1750.0,192.06,1763.62,99.21,235.69,223.46,178.67,156.45,1103.18,21,57,34,91,2502276,26022791,,65,65,Greenwood-Coxwell,Greenwood-Coxwell (65),Not an NIA or Emerging Neighbourhood,,17826177.0,Greenwood-Coxwell
1910000.0,1849000.0,1910000.0,HOUSE,HOUSE,Corso Italia Davenport,43.6774717,-79.4414421,4,1,4,1750.0,215.87,2084.1,132.66,93.24,142.16,119.61,735.29,1974.47,54,59,39,65,2502302,26022817,,92,92,Corso Italia-Davenport,Corso Italia-Davenport (92),Not an NIA or Emerging Neighbourhood,,17825761.0,Corso Italia-Davenport
1780000.0,1399000.0,1780000.0,HOUSE,HOUSE,Playter Estates Danforth,43.6823765,-79.3472087,3,1,3,1300.0,285.7,1875.95,342.68,467.79,403.38,291.34,77.04,329.95,71,51,31,89,2502278,26022793,,67,67,Playter Estates-Danforth,Playter Estates-Danforth (67),Not an NIA or Emerging Neighbourhood,,17826145.0,Playter Estates-Danforth
1775000.0,1299000.0,1775000.0,HOUSE,HOUSE,The Beaches,43.6769975,-79.2999297,3,1,2,1300.0,338.59,2472.39,347.72,714.04,724.11,760.54,271.65,1346.8,31,51,33,93,2502274,26022789,,63,63,The Beaches,The Beaches (63),Not an NIA or Emerging Neighbourhood,,17826209.0,The Beaches
1810000.0,1950000.0,1810000.0,HOUSE,HOUSE,Wychwood,43.6765679,-79.4339118,4,1,3,2250.0,250.23,1483.42,112.94,496.05,343.16,420.42,500.03,1691.56,64,66,35,64,2502303,26022818,,94,94,Wychwood,Wychwood (94),Not an NIA or Emerging Neighbourhood,,17825745.0,Wychwood
1880000.0,1899000.0,1880000.0,HOUSE,HOUSE,Mount Pleasant East,43.6993876,-79.3853504,3,0,3,1750.0,86.97,2335.97,111.06,557.32,792.08,794.75,567.07,973.39,38,57,40,59,2502308,26022823,,99,99,Mount Pleasant East,Mount Pleasant East (99),Not an NIA or Emerging Neighbourhood,,17825665.0,Mount Pleasant East
1850000.0,1698000.0,1850000.0,HOUSE,HOUSE,Mount Pleasant East,43.7108236,-79.3828162,3,0,4,1750.0,494.97,1140.74,200.51,876.95,458.76,451.44,342.57,1344.61,44,44,39,59,2502308,26022823,,99,99,Mount Pleasant East,Mount Pleasant East (99),Not an NIA or Emerging Neighbourhood,,17825665.0,Mount Pleasant East
1845000.0,1849000.0,1845000.0,HOUSE,HOUSE,High Park Swansea,43.64919,-79.4757404,3,1,3,1300.0,197.49,1754.95,281.05,246.7,202.58,181.09,230.59,280.15,32,48,24,101,2502266,26022781,,87,87,High Park-Swansea,High Park-Swansea (87),Not an NIA or Emerging Neighbourhood,,17826337.0,High Park-Swansea
1975000.0,1649000.0,1975000.0,HOUSE,HOUSE,Playter Estates Danforth,43.6786976,-79.3590539,3,0,4,1750.0,428.73,1417.55,170.03,1163.2,257.79,114.78,351.36,202.07,50,62,33,89,2502278,26022793,,67,67,Playter Estates-Danforth,Playter Estates-Danforth (67),Not an NIA or Emerging Neighbourhood,,17826145.0,Playter Estates-Danforth
1880000.0,1880000.0,1880000.0,HOUSE,HOUSE,The Beaches,43.6695871,-79.2906012,2,1,2,1300.0,210.36,3569.76,260.66,636.36,490.47,333.53,374.8,2337.97,30,27,20,93,2502274,26022789,,63,63,The Beaches,The Beaches (63),Not an NIA or Emerging Neighbourhood,,17826209.0,The Beaches
1982000.0,1798000.0,1982000.0,HOUSE,HOUSE,Yonge Eglinton,43.7033257,-79.4017509,4,0,2,1750.0,349.72,2832.69,380.4,568.72,392.81,419.48,359.27,459.47,77,55,40,58,2502309,26022824,,100,100,Yonge-Eglinton,Yonge-Eglinton (100),Not an NIA or Emerging Neighbourhood,,17825649.0,Yonge-Eglinton
1701100.0,1886200.0,1701100.0,HOUSE,HOUSE,Yonge Eglinton,43.7026757,-79.404052,4,0,2,1750.0,453.63,2930.28,378.87,707.24,433.69,310.85,540.34,632.68,73,52,43,58,2502309,26022824,,100,100,Yonge-Eglinton,Yonge-Eglinton (100),Not an NIA or Emerging Neighbourhood,,17825649.0,Yonge-Eglinton
1950000.0,2150000.0,1950000.0,HOUSE,HOUSE,Lawrence Park North,43.7332307,-79.3946203,3,0,2,1750.0,756.02,2034.84,520.45,1091.48,790.22,787.95,802.48,991.93,16,33,19,54,2502313,26022828,,105,105,Lawrence Park North,Lawrence Park North (105),Not an NIA or Emerging Neighbourhood,,17825585.0,Lawrence Park North
1725000.0,1799000.0,1725000.0,HOUSE,HOUSE,Junction Area,43.6612395,-79.4657377,4,0,2,2250.0,363.84,1278.12,282.9,245.56,475.11,478.96,407.75,801.87,55,49,32,67,2502300,26022815,,90,90,Junction Area,Junction Area (90),Not an NIA or Emerging Neighbourhood,,17825793.0,Junction Area
2000000.0,1599900.0,2000000.0,HOUSE,HOUSE,South Riverdale,43.6635857,-79.3348227,3,1,3,1750.0,307.72,1618.42,112.18,267.42,326.83,201.32,201.95,1953.93,49,61,25,86,2502281,26022796,,70,70,South Riverdale,South Riverdale (70),Not an NIA or Emerging Neighbourhood,,17826097.0,South Riverdale
1960000.0,1698999.0,1960000.0,HOUSE,HOUSE,High Park Swansea,43.6485046,-79.4821803,3,0,4,2750.0,242.98,1782.67,117.17,363.27,126.09,150.7,365.87,206.54,32,50,22,101,2502266,26022781,,87,87,High Park-Swansea,High Park-Swansea (87),Not an NIA or Emerging Neighbourhood,,17826337.0,High Park-Swansea
1725000.0,1759000.0,1725000.0,HOUSE,HOUSE,Lawrence Park South,43.7077233,-79.4136666,3,2,3,1750.0,203.09,3021.05,650.91,825.85,434.55,471.48,438.47,1218.06,17,56,47,55,2502312,26022827,,103,103,Lawrence Park South,Lawrence Park South (103),Not an NIA or Emerging Neighbourhood,,17825601.0,Lawrence Park South
1875000.0,1875000.0,1875000.0,HOUSE,HOUSE,Lawrence Park South,43.7183801,-79.4099636,3,0,3,1300.0,88.55,2412.37,367.27,978.26,892.89,676.6,709.08,1071.1,15,50,44,55,2502312,26022827,,103,103,Lawrence Park South,Lawrence Park South (103),Not an NIA or Emerging Neighbourhood,,17825601.0,Lawrence Park South
1800000.0,1869900.0,1800000.0,HOUSE,HOUSE,Greenwood Coxwell,43.6732942,-79.3280561,4,1,4,1750.0,405.63,1868.11,345.09,492.88,725.26,650.06,546.05,1045.5,37,63,33,91,2502276,26022791,,65,65,Greenwood-Coxwell,Greenwood-Coxwell (65),Not an NIA or Emerging Neighbourhood,,17826177.0,Greenwood-Coxwell
1915000.0,1678000.0,1915000.0,HOUSE,HOUSE,Runnymede Bloor West Village,43.6578948,-79.4847469,3,0,2,1300.0,253.05,796.15,450.98,1001.06,899.01,288.67,236.92,889.97,32,51,26,99,2502268,26022783,,89,89,Runnymede-Bloor West Village,Runnymede-Bloor West Village (89),Not an NIA or Emerging Neighbourhood,,17826305.0,Runnymede-Bloor West Village
2000000.0,2099000.0,2000000.0,HOUSE,HOUSE,Lambton Baby Point,43.65179,-79.4856802,4,1,4,2250.0,96.45,1464.58,381.22,784.89,343.93,320.22,565.04,255.17,37,50,24,74,2502293,26022808,,114,114,Lambton Baby Point,Lambton Baby Point (114),Not an NIA or Emerging Neighbourhood,,17825905.0,Lambton Baby Point
1770000.0,1599000.0,1770000.0,HOUSE,HOUSE,Dufferin Grove,43.6560553,-79.4377459,5,1,4,1750.0,334.3,1999.86,417.95,525.33,213.0,385.74,183.58,504.95,72,65,49,105,2502262,26022777,,83,83,Dufferin Grove,Dufferin Grove (83),Not an NIA or Emerging Neighbourhood,,17826401.0,Dufferin Grove
1830000.0,1799000.0,1830000.0,HOUSE,HOUSE,Annex,43.6674457,-79.4130779,4,1,3,1750.0,58.16,1153.16,97.56,273.41,276.31,165.29,278.22,224.22,126,82,63,63,2502304,26022819,,95,95,Annex,Annex (95),Not an NIA or Emerging Neighbourhood,,17825729.0,Annex
1786900.0,1499000.0,1786900.0,HOUSE,HOUSE,Lawrence Park North,43.7289556,-79.4021745,3,1,2,1300.0,199.43,2379.17,176.22,454.41,98.07,341.14,249.96,290.92,17,42,26,54,2502313,26022828,,105,105,Lawrence Park North,Lawrence Park North (105),Not an NIA or Emerging Neighbourhood,,17825585.0,Lawrence Park North
1780000.0,1499900.0,1780000.0,HOUSE,HOUSE,South Riverdale,43.6633928,-79.3347516,4,1,2,1750.0,285.75,1628.26,99.41,288.34,317.72,184.08,188.92,1975.92,49,61,24,86,2502281,26022796,,70,70,South Riverdale,South Riverdale (70),Not an NIA or Emerging Neighbourhood,,17826097.0,South Riverdale
1808000.0,1199000.0,1808000.0,HOUSE,HOUSE,Mount Pleasant East,43.701651,-79.3837427,2,1,3,900.0,104.67,2053.54,311.74,440.15,654.61,656.93,463.54,1164.85,50,54,37,59,2502308,26022823,,99,99,Mount Pleasant East,Mount Pleasant East (99),Not an NIA or Emerging Neighbourhood,,17825665.0,Mount Pleasant East
1725000.0,1198000.0,1725000.0,HOUSE,HOUSE,South Riverdale,43.6622583,-79.3470879,3,0,2,1750.0,130.14,755.82,92.57,333.72,306.65,291.29,444.92,1828.57,52,70,30,86,2502281,26022796,,70,70,South Riverdale,South Riverdale (70),Not an NIA or Emerging Neighbourhood,,17826097.0,South Riverdale
1930000.0,1999999.0,1930000.0,HOUSE,HOUSE,Mount Pleasant West,43.7050653,-79.3904249,3,1,2,1750.0,224.42,2025.6,131.34,217.67,121.71,123.34,195.43,681.42,86,51,39,1,2502366,26022881,,174,174,South Eglinton-Davisville,South Eglinton-Davisville (174),Not an NIA or Emerging Neighbourhood,,17824737.0,South Eglinton-Davisville
1910000.0,1975000.0,1910000.0,HOUSE,HOUSE,Corso Italia Davenport,43.6757447,-79.4473844,4,0,3,2250.0,332.75,2570.78,330.34,424.07,116.46,141.51,643.73,1886.15,47,58,37,65,2502302,26022817,,92,92,Corso Italia-Davenport,Corso Italia-Davenport (92),Not an NIA or Emerging Neighbourhood,,17825761.0,Corso Italia-Davenport
1710000.0,1249000.0,1710000.0,HOUSE,HOUSE,Roncesvalles,43.6420612,-79.4457053,3,1,2,1300.0,302.82,385.24,288.75,425.78,363.03,213.42,203.36,1756.24,52,46,19,102,2502265,26022780,,86,86,Roncesvalles,Roncesvalles (86),Not an NIA or Emerging Neighbourhood,,17826353.0,Roncesvalles
1711000.0,1399000.0,1711000.0,HOUSE,HOUSE,East End Danforth,43.6848225,-79.3075667,3,0,4,1750.0,333.15,1507.62,308.74,670.53,408.1,209.82,348.69,443.53,25,61,41,94,2502273,26022788,,62,62,East End-Danforth,East End-Danforth (62),Not an NIA or Emerging Neighbourhood,,17826225.0,East End-Danforth
1900000.0,1798000.0,1900000.0,HOUSE,HOUSE,Dovercourt Wallace Emerson Junction,43.663603,-79.4546846,3,1,3,1300.0,201.38,2116.69,182.04,465.8,388.39,511.18,494.14,752.94,43,58,40,4,2502363,26022878,,171,171,Junction-Wallace Emerson,Junction-Wallace Emerson (171),Not an NIA or Emerging Neighbourhood,,17824785.0,Junction-Wallace Emerson
1825000.0,1799000.0,1825000.0,HOUSE,HOUSE,High Park North,43.6597069,-79.464282,3,1,3,1300.0,326.31,1444.77,148.18,443.68,674.66,655.72,614.53,595.67,57,47,31,100,2502267,26022782,,88,88,High Park North,High Park North (88),Not an NIA or Emerging Neighbourhood,,17826321.0,High Park North
1772000.0,1898000.0,1772000.0,HOUSE,HOUSE,Lawrence Park South,43.7057365,-79.414748,3,1,2,1300.0,440.47,3122.18,467.26,612.13,272.68,261.88,263.42,1305.25,17,54,47,55,2502312,26022827,,103,103,Lawrence Park South,Lawrence Park South (103),Not an NIA or Emerging Neighbourhood,,17825601.0,Lawrence Park South
1750000.0,1789000.0,1750000.0,HOUSE,HOUSE,Yonge Eglinton,43.7057254,-79.4084001,3,1,2,1300.0,234.47,3146.57,308.17,746.44,160.92,180.3,411.96,798.35,62,54,45,58,2502309,26022824,,100,100,Yonge-Eglinton,Yonge-Eglinton (100),Not an NIA or Emerging Neighbourhood,,17825649.0,Yonge-Eglinton
1998000.0,2050000.0,1998000.0,HOUSE,HOUSE,High Park Swansea,43.6458656,-79.4789664,3,1,4,2750.0,288.2,2079.7,112.25,210.74,484.68,534.36,539.67,597.65,29,48,20,101,2502266,26022781,,87,87,High Park-Swansea,High Park-Swansea (87),Not an NIA or Emerging Neighbourhood,,17826337.0,High Park-Swansea
1750000.0,1798000.0,1750000.0,HOUSE,HOUSE,Trinity Bellwoods,43.6504391,-79.4214253,6,2,3,2750.0,136.6,856.63,151.43,530.99,111.92,114.63,204.58,1384.97,139,77,43,106,2502261,26022776,,81,81,Trinity-Bellwoods,Trinity-Bellwoods (81),Not an NIA or Emerging Neighbourhood,,17826417.0,Trinity-Bellwoods
1960000.0,1778000.0,1960000.0,HOUSE,HOUSE,Woodbine Corridor,43.6692284,-79.3162282,3,1,3,1750.0,506.94,2407.13,37.71,588.92,457.01,417.75,510.27,1747.63,29,50,26,92,2502275,26022790,,64,64,Woodbine Corridor,Woodbine Corridor (64),Not an NIA or Emerging Neighbourhood,,17826193.0,Woodbine Corridor
1960000.0,1949000.0,1960000.0,HOUSE,HOUSE,High Park Swansea,43.6501023,-79.4770886,3,1,3,1300.0,194.46,1632.48,155.4,287.08,119.16,86.81,154.86,198.41,32,48,23,101,2502266,26022781,,87,87,High Park-Swansea,High Park-Swansea (87),Not an NIA or Emerging Neighbourhood,,17826337.0,High Park-Swansea
1925000.0,1988000.0,1925000.0,HOUSE,HOUSE,High Park North,43.6579746,-79.4718709,3,0,4,1750.0,209.34,1031.58,211.91,696.7,831.05,651.03,747.81,608.98,56,56,33,100,2502267,26022782,,88,88,High Park North,High Park North (88),Not an NIA or Emerging Neighbourhood,,17826321.0,High Park North
1800000.0,1499000.0,1800000.0,HOUSE,HOUSE,The Beaches,43.6704368,-79.3086701,4,1,2,1750.0,299.44,2532.46,101.57,820.4,229.55,202.51,270.13,1804.81,29,49,29,93,2502274,26022789,,63,63,The Beaches,The Beaches (63),Not an NIA or Emerging Neighbourhood,,17826209.0,The Beaches
1705000.0,1779000.0,1705000.0,HOUSE,HOUSE,Mount Pleasant East,43.7021919,-79.3785843,3,0,2,1300.0,300.54,1866.78,298.55,796.8,405.67,534.8,714.44,1576.52,48,49,34,59,2502308,26022823,,99,99,Mount Pleasant East,Mount Pleasant East (99),Not an NIA or Emerging Neighbourhood,,17825665.0,Mount Pleasant East
1785000.0,1599000.0,1785000.0,HOUSE,HOUSE,The Beaches,43.6707509,-79.3044145,3,1,2,1750.0,288.21,2697.23,432.89,482.6,354.28,263.55,248.8,1862.59,28,48,27,93,2502274,26022789,,63,63,The Beaches,The Beaches (63),Not an NIA or Emerging Neighbourhood,,17826209.0,The Beaches
1800000.0,1799000.0,1800000.0,HOUSE,HOUSE,Mount Pleasant East,43.6996897,-79.3802441,3,2,2,1750.0,215.43,2168.52,141.91,795.91,686.87,842.6,818.74,1384.22,46,51,37,59,2502308,26022823,,99,99,Mount Pleasant East,Mount Pleasant East (99),Not an NIA or Emerging Neighbourhood,,17825665.0,Mount Pleasant East
1800000.0,1899000.0,1800000.0,HOUSE,HOUSE,East End Danforth,43.6843272,-79.3080606,4,0,4,1750.0,371.49,1493.11,287.58,699.07,385.32,265.24,414.24,434.19,24,62,41,94,2502273,26022788,,62,62,East End-Danforth,East End-Danforth (62),Not an NIA or Emerging Neighbourhood,,17826225.0,East End-Danforth
1850000.0,1499000.0,1850000.0,HOUSE,HOUSE,East End Danforth,43.682634,-79.293951,3,0,3,2250.0,87.34,2620.07,427.99,451.32,452.07,374.88,519.79,942.08,35,50,31,94,2502273,26022788,,62,62,East End-Danforth,East End-Danforth (62),Not an NIA or Emerging Neighbourhood,,17826225.0,East End-Danforth
1963000.0,1599900.0,1963000.0,HOUSE,HOUSE,Dovercourt Wallace Emerson Junction,43.6661969,-79.42456,3,1,3,1750.0,127.17,1467.45,347.3,846.82,471.15,411.04,412.94,447.84,84,70,54,3,2502364,26022879,,172,172,Dovercourt Village,Dovercourt Village (172),Not an NIA or Emerging Neighbourhood,,17824769.0,Dovercourt Village
1740000.0,1850000.0,1740000.0,HOUSE,HOUSE,Lawrence Park North,43.7331225,-79.4154549,4,1,2,1750.0,546.16,1643.87,583.06,847.31,586.84,377.38,369.01,1286.56,35,37,26,54,2502313,26022828,,105,105,Lawrence Park North,Lawrence Park North (105),Not an NIA or Emerging Neighbourhood,,17825585.0,Lawrence Park North
2000000.0,1879999.0,2000000.0,HOUSE,HOUSE,The Beaches,43.6703163,-79.2949595,3,1,2,1750.0,243.15,3251.22,281.51,284.08,136.49,161.24,114.38,2150.42,36,38,21,93,2502274,26022789,,63,63,The Beaches,The Beaches (63),Not an NIA or Emerging Neighbourhood,,17826209.0,The Beaches
1750000.0,1599000.0,1750000.0,HOUSE,HOUSE,Junction Area,43.6629644,-79.4708245,3,0,2,1300.0,235.43,833.97,316.49,361.58,348.53,300.39,230.62,1060.58,52,52,36,67,2502300,26022815,,90,90,Junction Area,Junction Area (90),Not an NIA or Emerging Neighbourhood,,17825793.0,Junction Area
1701000.0,1799000.0,1701000.0,HOUSE,HOUSE,Lawrence Park South,43.710142,-79.4132392,3,0,2,1750.0,86.52,2827.52,565.78,1056.94,682.85,735.84,702.77,1237.49,17,56,47,55,2502312,26022827,,103,103,Lawrence Park South,Lawrence Park South (103),Not an NIA or Emerging Neighbourhood,,17825601.0,Lawrence Park South
1892000.0,1599000.0,1892000.0,HOUSE,HOUSE,Danforth,43.6831746,-79.3323164,4,0,3,1750.0,147.4,958.67,481.73,877.2,714.21,178.33,336.25,178.55,41,52,39,90,2502277,26022792,,66,66,Danforth,Danforth (66),Not an NIA or Emerging Neighbourhood,,17826161.0,Danforth
1900000.0,1845500.0,1900000.0,HOUSE,HOUSE,Palmerston Little Italy,43.6602855,-79.4226057,3,1,3,1750.0,261.14,1571.64,298.14,605.31,331.81,238.49,641.11,379.35,129,70,55,79,2502288,26022803,,80,80,Palmerston-Little Italy,Palmerston-Little Italy (80),Not an NIA or Emerging Neighbourhood,,17825985.0,Palmerston-Little Italy
2000000.0,1998900.0,2000000.0,HOUSE,HOUSE,Roncesvalles,43.6440488,-79.4390839,3,1,3,2250.0,207.35,960.36,176.11,602.91,445.26,415.22,441.08,1701.17,75,52,26,102,2502265,26022780,,86,86,Roncesvalles,Roncesvalles (86),Not an NIA or Emerging Neighbourhood,,17826353.0,Roncesvalles
1880000.0,1900000.0,1880000.0,HOUSE,HOUSE,East End Danforth,43.6811794,-79.3021173,4,0,3,2250.0,288.87,2076.97,181.98,327.38,791.58,750.45,445.92,876.02,20,56,36,94,2502273,26022788,,62,62,East End-Danforth,East End-Danforth (62),Not an NIA or Emerging Neighbourhood,,17826225.0,East End-Danforth
1950000.0,1879000.0,1950000.0,HOUSE,HOUSE,The Beaches,43.6699345,-79.3035396,3,1,3,1300.0,176.06,2812.09,320.94,407.41,360.07,174.2,237.21,1972.71,27,45,25,93,2502274,26022789,,63,63,The Beaches,The Beaches (63),Not an NIA or Emerging Neighbourhood,,17826209.0,The Beaches
1850013.0,1499999.0,1850013.0,HOUSE,HOUSE,Mount Pleasant East,43.70507689999999,-79.3847504,3,1,3,1750.0,442.78,1751.53,39.44,303.1,385.05,386.05,333.4,1126.64,62,53,37,59,2502308,26022823,,99,99,Mount Pleasant East,Mount Pleasant East (99),Not an NIA or Emerging Neighbourhood,,17825665.0,Mount Pleasant East
1795000.0,1795000.0,1795000.0,HOUSE,HOUSE,Rosedale Moore Park,43.6938408,-79.3807924,3,1,2,1750.0,566.51,2811.89,123.22,1099.88,818.39,934.49,861.36,1226.8,6,53,32,60,2502307,26022822,,98,98,Rosedale-Moore Park,Rosedale-Moore Park (98),Not an NIA or Emerging Neighbourhood,,17825681.0,Rosedale-Moore Park
1706000.0,1689000.0,1706000.0,HOUSE,HOUSE,Runnymede Bloor West Village,43.6566654,-79.4822533,3,0,2,1300.0,386.08,878.66,218.41,858.45,711.16,526.35,428.14,746.86,41,52,26,99,2502268,26022783,,89,89,Runnymede-Bloor West Village,Runnymede-Bloor West Village (89),Not an NIA or Emerging Neighbourhood,,17826305.0,Runnymede-Bloor West Village
1750000.0,1499000.0,1750000.0,HOUSE,HOUSE,Rosedale Moore Park,43.6924326,-79.3843491,3,2,4,1750.0,596.65,2997.11,206.42,774.52,810.4,872.81,675.68,901.63,17,55,36,60,2502307,26022822,,98,98,Rosedale-Moore Park,Rosedale-Moore Park (98),Not an NIA or Emerging Neighbourhood,,17825681.0,Rosedale-Moore Park
2300000.0,2299000.0,2300000.0,HOUSE,HOUSE,The Beaches,43.6737532,-79.2996372,4,1,5,2250.0,105.7,2716.0,73.67,415.66,372.3,402.17,372.67,1708.14,35,48,30,93,2502274,26022789,,63,63,The Beaches,The Beaches (63),Not an NIA or Emerging Neighbourhood,,17826209.0,The Beaches
2111202.0,1890000.0,2111202.0,HOUSE,HOUSE,Lawrence Park South,43.7176883,-79.4111766,3,0,3,1750.0,198.9,2373.4,308.78,1100.97,900.86,667.73,715.11,1190.09,12,51,45,55,2502312,26022827,,103,103,Lawrence Park South,Lawrence Park South (103),Not an NIA or Emerging Neighbourhood,,17825601.0,Lawrence Park South
2110000.0,1699000.0,2110000.0,HOUSE,HOUSE,The Beaches,43.672735,-79.2955148,3,0,2,1750.0,252.44,3042.28,233.32,376.93,207.44,194.92,174.31,1878.96,37,41,23,93,2502274,26022789,,63,63,The Beaches,The Beaches (63),Not an NIA or Emerging Neighbourhood,,17826209.0,The Beaches
2380018.0,2469000.0,2380018.0,HOUSE,HOUSE,Forest Hill North,43.7093338,-79.4192843,3,1,4,1750.0,406.34,2627.13,505.66,787.41,807.3,730.18,803.72,1689.29,13,49,43,56,2502311,26022826,,102,102,Forest Hill North,Forest Hill North (102),Not an NIA or Emerging Neighbourhood,,17825617.0,Forest Hill North
2300000.0,1699000.0,2300000.0,HOUSE,HOUSE,North Riverdale,43.6718604,-79.3446697,4,0,2,1750.0,279.27,1003.63,108.59,751.66,493.37,454.33,480.08,896.52,86,65,37,88,2502279,26022794,,68,68,North Riverdale,North Riverdale (68),Not an NIA or Emerging Neighbourhood,,17826129.0,North Riverdale
2365000.0,2389000.0,2365000.0,HOUSE,HOUSE,The Beaches,43.671474,-79.3059652,3,0,3,1750.0,424.06,2557.82,335.34,620.84,351.92,410.25,289.3,1745.43,26,52,29,93,2502274,26022789,,63,63,The Beaches,The Beaches (63),Not an NIA or Emerging Neighbourhood,,17826209.0,The Beaches
2200000.0,2250000.0,2200000.0,HOUSE,HOUSE,High Park North,43.6565177,-79.4685649,4,2,3,2250.0,415.91,1336.4,318.58,669.91,856.71,373.84,781.08,324.97,33,53,32,100,2502267,26022782,,88,88,High Park North,High Park North (88),Not an NIA or Emerging Neighbourhood,,17826321.0,High Park North
2365000.0,2250000.0,2365000.0,HOUSE,HOUSE,Lawrence Park North,43.728065,-79.3933166,4,0,2,1750.0,557.52,1672.7,139.77,765.34,747.37,791.08,801.21,760.21,15,36,27,54,2502313,26022828,,105,105,Lawrence Park North,Lawrence Park North (105),Not an NIA or Emerging Neighbourhood,,17825585.0,Lawrence Park North
2050000.0,2198800.0,2050000.0,HOUSE,HOUSE,Lawrence Park North,43.7272427,-79.3973093,3,0,4,1750.0,246.44,1951.2,216.48,443.76,418.88,457.73,470.67,426.78,17,42,29,54,2502313,26022828,,105,105,Lawrence Park North,Lawrence Park North (105),Not an NIA or Emerging Neighbourhood,,17825585.0,Lawrence Park North
2445000.0,2498800.0,2445000.0,HOUSE,HOUSE,Lawrence Park North,43.7289389,-79.4094109,3,1,4,1750.0,212.74,2092.25,315.65,762.66,478.05,553.66,556.55,627.42,32,37,30,54,2502313,26022828,,105,105,Lawrence Park North,Lawrence Park North (105),Not an NIA or Emerging Neighbourhood,,17825585.0,Lawrence Park North
2256000.0,1998800.0,2256000.0,HOUSE,HOUSE,Lawrence Park South,43.7228682,-79.4097207,3,1,3,1750.0,92.11,2207.23,300.18,677.69,609.58,521.31,481.69,699.16,16,42,35,55,2502312,26022827,,103,103,Lawrence Park South,Lawrence Park South (103),Not an NIA or Emerging Neighbourhood,,17825601.0,Lawrence Park South
2375000.0,2499000.0,2375000.0,HOUSE,HOUSE,Forest Hill North,43.7078525,-79.4194749,3,1,4,2250.0,243.07,2764.45,352.26,622.31,712.68,594.67,698.35,1644.37,15,51,44,56,2502311,26022826,,102,102,Forest Hill North,Forest Hill North (102),Not an NIA or Emerging Neighbourhood,,17825617.0,Forest Hill North
2250000.0,2349000.0,2250000.0,HOUSE,HOUSE,High Park Swansea,43.6473715,-79.4715637,4,0,3,2250.0,472.41,1911.79,534.92,506.33,538.87,534.01,497.0,599.34,26,42,24,101,2502266,26022781,,87,87,High Park-Swansea,High Park-Swansea (87),Not an NIA or Emerging Neighbourhood,,17826337.0,High Park-Swansea
2400000.0,2199000.0,2400000.0,HOUSE,HOUSE,Blake Jones,43.6787042,-79.3407951,4,0,4,1750.0,189.43,1763.31,203.8,305.33,337.21,133.67,221.84,353.83,75,57,39,87,2502280,26022795,,69,69,Blake-Jones,Blake-Jones (69),Not an NIA or Emerging Neighbourhood,,17826113.0,Blake-Jones
2300000.0,1849000.0,2300000.0,HOUSE,HOUSE,North Riverdale,43.6724279,-79.3522079,3,1,4,1750.0,218.86,700.11,388.11,750.36,625.97,532.89,546.53,645.38,71,75,35,88,2502279,26022794,,68,68,North Riverdale,North Riverdale (68),Not an NIA or Emerging Neighbourhood,,17826129.0,North Riverdale
2200000.0,1879000.0,2200000.0,HOUSE,HOUSE,Trinity Bellwoods,43.6483801,-79.4222185,3,1,4,1300.0,374.24,663.72,146.67,768.09,125.75,106.46,136.24,1591.29,129,74,40,106,2502261,26022776,,81,81,Trinity-Bellwoods,Trinity-Bellwoods (81),Not an NIA or Emerging Neighbourhood,,17826417.0,Trinity-Bellwoods
2425000.0,2399000.0,2425000.0,HOUSE,HOUSE,Junction Area,43.6649282,-79.4751945,4,1,4,1750.0,433.63,466.78,52.81,729.88,550.41,95.88,535.89,1400.67,59,58,39,67,2502300,26022815,,90,90,Junction Area,Junction Area (90),Not an NIA or Emerging Neighbourhood,,17825793.0,Junction Area
2262000.0,1795000.0,2262000.0,HOUSE,HOUSE,Yonge Eglinton,43.711586,-79.4086679,3,1,3,1750.0,408.44,2929.77,409.31,804.75,726.47,720.56,756.24,972.91,48,52,47,58,2502309,26022824,,100,100,Yonge-Eglinton,Yonge-Eglinton (100),Not an NIA or Emerging Neighbourhood,,17825649.0,Yonge-Eglinton
2375000.0,2479000.0,2375000.0,HOUSE,HOUSE,Dufferin Grove,43.6573247,-79.4413508,4,1,4,2200.0,449.34,2007.56,288.27,658.72,534.28,157.09,327.56,229.81,55,60,43,105,2502262,26022777,,83,83,Dufferin Grove,Dufferin Grove (83),Not an NIA or Emerging Neighbourhood,,17826401.0,Dufferin Grove
2299000.0,2299000.0,2299000.0,HOUSE,HOUSE,High Park Swansea,43.6419207,-79.4747349,3,1,4,2750.0,269.68,2008.2,87.99,677.37,1002.33,989.75,1027.33,1092.43,1,40,14,101,2502266,26022781,,87,87,High Park-Swansea,High Park-Swansea (87),Not an NIA or Emerging Neighbourhood,,17826337.0,High Park-Swansea
2342000.0,2495000.0,2342000.0,HOUSE,HOUSE,Lawrence Park South,43.7206842,-79.4021189,4,1,3,2250.0,533.7,2285.98,107.71,467.44,712.02,237.47,513.69,630.47,18,45,35,55,2502312,26022827,,103,103,Lawrence Park South,Lawrence Park South (103),Not an NIA or Emerging Neighbourhood,,17825601.0,Lawrence Park South
2242000.0,1799000.0,2242000.0,HOUSE,HOUSE,Annex,43.6653829,-79.4180996,4,0,2,2750.0,356.76,1381.13,230.75,319.94,326.43,183.05,186.72,143.92,120,78,58,63,2502304,26022819,,95,95,Annex,Annex (95),Not an NIA or Emerging Neighbourhood,,17825729.0,Annex
2025000.0,1949999.0,2025000.0,HOUSE,HOUSE,Rosedale Moore Park,43.6928678,-79.3860699,3,1,2,2250.0,567.85,2910.19,314.97,694.79,728.3,775.99,614.64,821.41,25,55,38,60,2502307,26022822,,98,98,Rosedale-Moore Park,Rosedale-Moore Park (98),Not an NIA or Emerging Neighbourhood,,17825681.0,Rosedale-Moore Park
2450000.0,2099000.0,2450000.0,HOUSE,HOUSE,High Park North,43.6576771,-79.4771079,4,0,4,2250.0,196.66,821.09,249.67,694.95,714.0,739.86,747.3,670.31,50,52,28,100,2502267,26022782,,88,88,High Park North,High Park North (88),Not an NIA or Emerging Neighbourhood,,17826321.0,High Park North
2050000.0,1995000.0,2050000.0,HOUSE,HOUSE,High Park Swansea,43.6447627,-79.4535067,5,0,3,4250.0,393.16,570.64,784.12,375.32,376.72,493.62,404.79,1297.15,36,43,23,101,2502266,26022781,,87,87,High Park-Swansea,High Park-Swansea (87),Not an NIA or Emerging Neighbourhood,,17826337.0,High Park-Swansea
2410000.0,2490000.0,2410000.0,HOUSE,HOUSE,East End Danforth,43.6819705,-79.3014254,4,0,4,3250.0,198.37,2087.41,191.03,224.94,698.15,664.75,465.01,787.21,24,56,35,94,2502273,26022788,,62,62,East End-Danforth,East End-Danforth (62),Not an NIA or Emerging Neighbourhood,,17826225.0,East End-Danforth
2225000.0,2099000.0,2225000.0,HOUSE,HOUSE,Lawrence Park North,43.7243319,-79.4145293,3,0,4,1750.0,296.57,1788.3,73.46,1027.91,193.18,245.23,154.27,994.3,12,40,36,54,2502313,26022828,,105,105,Lawrence Park North,Lawrence Park North (105),Not an NIA or Emerging Neighbourhood,,17825585.0,Lawrence Park North
2316000.0,1999000.0,2316000.0,HOUSE,HOUSE,Corso Italia Davenport,43.6759141,-79.4401597,6,0,3,2750.0,237.96,1990.41,316.06,218.18,334.02,189.69,769.61,1782.11,54,61,36,65,2502302,26022817,,92,92,Corso Italia-Davenport,Corso Italia-Davenport (92),Not an NIA or Emerging Neighbourhood,,17825761.0,Corso Italia-Davenport
2700000.0,2699000.0,2700000.0,HOUSE,HOUSE,Casa Loma,43.6770784,-79.402601,4,0,3,2750.0,234.15,1041.66,83.82,1058.69,576.55,493.46,167.91,440.3,25,84,54,62,2502305,26022820,,96,96,Casa Loma,Casa Loma (96),Not an NIA or Emerging Neighbourhood,,17825713.0,Casa Loma
2965000.0,2695000.0,2965000.0,HOUSE,HOUSE,The Beaches,43.6797836,-79.2848694,3,2,4,2250.0,167.4,3413.49,206.01,1240.66,122.13,94.08,728.64,1694.77,22,40,28,93,2502274,26022789,,63,63,The Beaches,The Beaches (63),Not an NIA or Emerging Neighbourhood,,17826209.0,The Beaches
2860000.0,2999000.0,2860000.0,HOUSE,HOUSE,The Beaches,43.6713083,-79.3005894,4,1,3,2250.0,188.19,2850.24,331.2,215.73,230.06,131.0,211.12,1938.56,30,45,27,93,2502274,26022789,,63,63,The Beaches,The Beaches (63),Not an NIA or Emerging Neighbourhood,,17826209.0,The Beaches
2750000.0,2699000.0,2750000.0,HOUSE,HOUSE,The Beaches,43.6751643,-79.2902057,4,0,4,1750.0,144.64,3239.82,364.11,871.04,559.87,499.65,407.18,1795.49,37,34,23,93,2502274,26022789,,63,63,The Beaches,The Beaches (63),Not an NIA or Emerging Neighbourhood,,17826209.0,The Beaches
2695000.0,2299000.0,2695000.0,HOUSE,HOUSE,Mount Pleasant East,43.7086357,-79.383433,3,0,4,2250.0,379.52,1362.53,398.71,645.39,502.34,459.59,482.48,1234.6,54,48,35,59,2502308,26022823,,99,99,Mount Pleasant East,Mount Pleasant East (99),Not an NIA or Emerging Neighbourhood,,17825665.0,Mount Pleasant East
2935000.0,2799000.0,2935000.0,HOUSE,HOUSE,The Beaches,43.6657527,-79.3072971,3,1,4,4000.0,287.76,3040.55,411.46,858.89,309.71,609.76,360.22,2337.03,25,37,20,93,2502274,26022789,,63,63,The Beaches,The Beaches (63),Not an NIA or Emerging Neighbourhood,,17826209.0,The Beaches
2555000.0,2499000.0,2555000.0,HOUSE,HOUSE,The Beaches,43.6742531,-79.2892652,4,1,5,3000.0,148.78,3356.76,354.75,872.64,658.34,476.16,293.94,1921.27,37,30,22,93,2502274,26022789,,63,63,The Beaches,The Beaches (63),Not an NIA or Emerging Neighbourhood,,17826209.0,The Beaches
2650000.0,2799000.0,2650000.0,HOUSE,HOUSE,Dovercourt Wallace Emerson Junction,43.6630527,-79.4328794,4,0,4,2250.0,175.31,2141.75,230.29,359.61,310.37,280.99,784.4,369.97,69,67,52,3,2502364,26022879,,172,172,Dovercourt Village,Dovercourt Village (172),Not an NIA or Emerging Neighbourhood,,17824769.0,Dovercourt Village
2588000.0,2398000.0,2588000.0,HOUSE,HOUSE,High Park Swansea,43.6489893,-79.4752546,4,0,5,2250.0,210.03,1786.28,318.46,261.08,231.71,216.75,243.57,307.57,32,47,24,101,2502266,26022781,,87,87,High Park-Swansea,High Park-Swansea (87),Not an NIA or Emerging Neighbourhood,,17826337.0,High Park-Swansea
2520250.0,2489000.0,2520250.0,HOUSE,HOUSE,Mount Pleasant East,43.7113703,-79.3814407,3,2,4,2250.0,621.11,1023.34,79.34,986.55,332.79,325.96,230.35,1469.3,34,45,39,59,2502308,26022823,,99,99,Mount Pleasant East,Mount Pleasant East (99),Not an NIA or Emerging Neighbourhood,,17825665.0,Mount Pleasant East
2999000.0,3240000.0,2999000.0,HOUSE,HOUSE,North Riverdale,43.6754481,-79.3511113,4,1,5,2250.0,221.56,1047.29,200.95,632.02,279.64,252.17,299.95,329.03,62,68,36,88,2502279,26022794,,68,68,North Riverdale,North Riverdale (68),Not an NIA or Emerging Neighbourhood,,17826129.0,North Riverdale
2750000.0,2899900.0,2750000.0,HOUSE,HOUSE,High Park Swansea,43.6543545,-79.4529081,5,1,4,2750.0,189.16,1575.62,319.97,1075.94,193.51,93.51,173.45,287.36,41,48,38,101,2502266,26022781,,87,87,High Park-Swansea,High Park-Swansea (87),Not an NIA or Emerging Neighbourhood,,17826337.0,High Park-Swansea
2650000.0,2248000.0,2650000.0,HOUSE,HOUSE,High Park Swansea,43.6434978,-79.4718036,3,0,4,2250.0,422.06,1798.99,107.48,665.39,900.16,887.44,886.33,972.75,17,43,21,101,2502266,26022781,,87,87,High Park-Swansea,High Park-Swansea (87),Not an NIA or Emerging Neighbourhood,,17826337.0,High Park-Swansea
2550000.0,2390000.0,2550000.0,HOUSE,HOUSE,Rosedale Moore Park,43.6903563,-79.3870602,3,0,5,1750.0,369.9,2689.28,141.02,471.77,509.02,572.76,361.8,596.73,29,66,34,60,2502307,26022822,,98,98,Rosedale-Moore Park,Rosedale-Moore Park (98),Not an NIA or Emerging Neighbourhood,,17825681.0,Rosedale-Moore Park
2520000.0,1950000.0,2520000.0,HOUSE,HOUSE,Wychwood,43.6768504,-79.4226389,4,0,3,2250.0,536.44,578.94,179.74,526.93,673.92,582.09,541.4,1081.4,53,79,50,64,2502303,26022818,,94,94,Wychwood,Wychwood (94),Not an NIA or Emerging Neighbourhood,,17825745.0,Wychwood
2655000.0,2399000.0,2655000.0,HOUSE,HOUSE,High Park North,43.6550475,-79.473317,4,1,3,2250.0,220.68,1219.27,135.98,355.11,489.34,374.42,449.42,429.95,30,52,29,100,2502267,26022782,,88,88,High Park North,High Park North (88),Not an NIA or Emerging Neighbourhood,,17826321.0,High Park North
2550000.0,2600000.0,2550000.0,HOUSE,HOUSE,High Park Swansea,43.6468018,-79.4526976,5,1,3,2750.0,384.18,751.93,708.46,359.73,372.72,557.75,351.4,1121.13,36,48,27,101,2502266,26022781,,87,87,High Park-Swansea,High Park-Swansea (87),Not an NIA or Emerging Neighbourhood,,17826337.0,High Park-Swansea
2735000.0,2379999.0,2735000.0,HOUSE,HOUSE,The Beaches,43.6745991,-79.2933647,3,1,3,2250.0,330.13,3058.25,267.18,646.86,470.21,346.58,378.82,1738.0,45,43,24,93,2502274,26022789,,63,63,The Beaches,The Beaches (63),Not an NIA or Emerging Neighbourhood,,17826209.0,The Beaches
2695000.0,2795000.0,2695000.0,HOUSE,HOUSE,Lawrence Park North,43.7240279,-79.4140212,4,0,4,2250.0,349.57,1838.37,50.08,989.82,241.0,244.73,161.13,963.07,13,40,36,54,2502313,26022828,,105,105,Lawrence Park North,Lawrence Park North (105),Not an NIA or Emerging Neighbourhood,,17825585.0,Lawrence Park North
2695000.0,2695000.0,2695000.0,HOUSE,HOUSE,Yonge St Clair,43.6857132,-79.399805,5,0,3,2750.0,150.36,1549.14,150.7,676.61,184.45,511.53,104.76,550.75,32,75,41,61,2502306,26022821,,97,97,Yonge-St.Clair,Yonge-St.Clair (97),Not an NIA or Emerging Neighbourhood,,17825697.0,Yonge-St.Clair
2685000.0,2699000.0,2685000.0,HOUSE,HOUSE,Yonge Eglinton,43.7025865,-79.4022832,4,1,4,1750.0,406.21,2916.46,428.62,659.81,461.33,422.73,398.81,551.67,77,52,44,58,2502309,26022824,,100,100,Yonge-Eglinton,Yonge-Eglinton (100),Not an NIA or Emerging Neighbourhood,,17825649.0,Yonge-Eglinton
2900000.0,2990000.0,2900000.0,HOUSE,HOUSE,Rosedale Moore Park,43.685602,-79.3774393,3,1,4,1750.0,189.63,2313.88,207.12,1250.73,1207.77,102.39,192.13,1137.56,0,61,27,60,2502307,26022822,,98,98,Rosedale-Moore Park,Rosedale-Moore Park (98),Not an NIA or Emerging Neighbourhood,,17825681.0,Rosedale-Moore Park
2680000.0,2289000.0,2680000.0,HOUSE,HOUSE,Runnymede Bloor West Village,43.6573958,-79.4840411,4,1,4,1750.0,268.1,829.04,378.24,1021.97,827.14,361.71,281.28,831.67,40,52,24,99,2502268,26022783,,89,89,Runnymede-Bloor West Village,Runnymede-Bloor West Village (89),Not an NIA or Emerging Neighbourhood,,17826305.0,Runnymede-Bloor West Village
2660000.0,2775000.0,2660000.0,HOUSE,HOUSE,Yonge Eglinton,43.6990328,-79.4047227,3,1,3,2750.0,560.8,2530.0,216.55,1097.9,616.78,629.12,678.82,609.79,44,53,46,58,2502309,26022824,,100,100,Yonge-Eglinton,Yonge-Eglinton (100),Not an NIA or Emerging Neighbourhood,,17825649.0,Yonge-Eglinton
2500000.0,2588000.0,2500000.0,HOUSE,HOUSE,Lawrence Park North,43.7283848,-79.4004609,3,1,4,1750.0,66.85,2229.14,35.22,403.45,219.83,328.65,276.77,278.3,17,41,25,54,2502313,26022828,,105,105,Lawrence Park North,Lawrence Park North (105),Not an NIA or Emerging Neighbourhood,,17825585.0,Lawrence Park North
2580000.0,2299000.0,2580000.0,HOUSE,HOUSE,High Park North,43.6532796,-79.473488,3,0,4,1750.0,292.23,1386.47,107.01,158.79,324.0,240.28,259.73,267.44,33,47,27,100,2502267,26022782,,88,88,High Park North,High Park North (88),Not an NIA or Emerging Neighbourhood,,17826321.0,High Park North
2750000.0,2750000.0,2750000.0,HOUSE,HOUSE,Roncesvalles,43.6428651,-79.4466651,4,0,4,1750.0,201.31,380.08,380.59,308.06,245.97,97.86,89.47,1646.65,57,46,21,102,2502265,26022780,,86,86,Roncesvalles,Roncesvalles (86),Not an NIA or Emerging Neighbourhood,,17826353.0,Roncesvalles
2505000.0,2269000.0,2505000.0,HOUSE,HOUSE,The Beaches,43.6756347,-79.2977739,4,1,4,2250.0,127.31,2701.67,200.61,616.94,529.51,560.22,352.28,1523.06,41,50,28,93,2502274,26022789,,63,63,The Beaches,The Beaches (63),Not an NIA or Emerging Neighbourhood,,17826209.0,The Beaches
2625000.0,2499000.0,2625000.0,HOUSE,HOUSE,Little Portugal,43.6456787,-79.4280435,3,1,3,1750.0,75.06,813.67,257.68,614.58,338.01,381.09,266.43,1726.02,119,68,32,104,2502263,26022778,,84,84,Little Portugal,Little Portugal (84),Not an NIA or Emerging Neighbourhood,,17826385.0,Little Portugal
2652000.0,2499999.0,2652000.0,HOUSE,HOUSE,High Park North,43.659645,-79.4591775,5,2,4,1750.0,307.19,1834.59,303.83,713.51,583.18,497.9,568.29,454.38,46,54,34,100,2502267,26022782,,88,88,High Park North,High Park North (88),Not an NIA or Emerging Neighbourhood,,17826321.0,High Park North
2625000.0,2385000.0,2625000.0,HOUSE,HOUSE,Junction Area,43.6632618,-79.4760935,4,0,5,1750.0,297.66,416.11,190.51,782.3,669.15,292.98,613.46,1281.63,53,57,38,67,2502300,26022815,,90,90,Junction Area,Junction Area (90),Not an NIA or Emerging Neighbourhood,,17825793.0,Junction Area
2625000.0,2748000.0,2625000.0,HOUSE,HOUSE,Junction Area,43.6616888,-79.4784252,4,0,4,1750.0,318.94,374.78,100.01,988.22,891.21,540.04,712.44,1127.46,47,55,31,67,2502300,26022815,,90,90,Junction Area,Junction Area (90),Not an NIA or Emerging Neighbourhood,,17825793.0,Junction Area
2980000.0,2999000.0,2980000.0,HOUSE,HOUSE,Palmerston Little Italy,43.6603366,-79.4135735,5,0,3,2750.0,119.73,1002.71,121.41,532.73,449.23,472.55,440.97,571.21,196,65,67,79,2502288,26022803,,80,80,Palmerston-Little Italy,Palmerston-Little Italy (80),Not an NIA or Emerging Neighbourhood,,17825985.0,Palmerston-Little Italy
3000000.0,2999999.0,3000000.0,HOUSE,HOUSE,The Beaches,43.6751427,-79.2883564,5,0,4,2750.0,186.19,3370.0,471.73,987.98,566.42,587.54,288.51,1877.75,34,31,22,93,2502274,26022789,,63,63,The Beaches,The Beaches (63),Not an NIA or Emerging Neighbourhood,,17826209.0,The Beaches
2620000.0,2199000.0,2620000.0,HOUSE,HOUSE,High Park Swansea,43.6465671,-79.4518346,3,1,3,2250.0,316.08,708.47,675.97,287.12,298.87,490.5,277.23,1157.15,35,46,26,101,2502266,26022781,,87,87,High Park-Swansea,High Park-Swansea (87),Not an NIA or Emerging Neighbourhood,,17826337.0,High Park-Swansea
2550000.0,1999000.0,2550000.0,HOUSE,HOUSE,North Riverdale,43.6744755,-79.3494488,3,1,4,1750.0,298.05,991.19,202.39,604.21,371.04,422.42,465.31,484.62,78,70,36,88,2502279,26022794,,68,68,North Riverdale,North Riverdale (68),Not an NIA or Emerging Neighbourhood,,17826129.0,North Riverdale
2951000.0,2895000.0,2951000.0,HOUSE,HOUSE,The Beaches,43.6719974,-79.2952979,5,0,5,2250.0,271.94,3107.88,211.27,330.98,143.15,132.83,94.41,1962.69,36,41,22,93,2502274,26022789,,63,63,The Beaches,The Beaches (63),Not an NIA or Emerging Neighbourhood,,17826209.0,The Beaches
2751600.0,2349000.0,2751600.0,HOUSE,HOUSE,Playter Estates Danforth,43.6786041,-79.3537983,4,1,3,2250.0,227.78,1361.98,260.37,740.52,323.28,167.62,112.23,111.42,64,55,32,89,2502278,26022793,,67,67,Playter Estates-Danforth,Playter Estates-Danforth (67),Not an NIA or Emerging Neighbourhood,,17826145.0,Playter Estates-Danforth
3000000.0,3199000.0,3000000.0,HOUSE,HOUSE,Lawrence Park South,43.7121285,-79.410721,4,1,3,2250.0,342.42,2799.3,310.63,979.23,878.8,877.92,903.1,1144.55,34,53,48,55,2502312,26022827,,103,103,Lawrence Park South,Lawrence Park South (103),Not an NIA or Emerging Neighbourhood,,17825601.0,Lawrence Park South
2500000.0,2399000.0,2500000.0,HOUSE,HOUSE,Mount Pleasant East,43.7145545,-79.3896056,5,0,4,3250.0,351.12,1367.88,340.33,1078.45,695.82,684.7,306.15,1127.21,42,48,47,59,2502308,26022823,,99,99,Mount Pleasant East,Mount Pleasant East (99),Not an NIA or Emerging Neighbourhood,,17825665.0,Mount Pleasant East
2550000.0,2590000.0,2550000.0,HOUSE,HOUSE,Lawrence Park South,43.7222023,-79.395378,4,0,3,2750.0,535.22,1733.46,321.35,593.02,789.59,607.18,675.08,733.29,12,42,37,55,2502312,26022827,,103,103,Lawrence Park South,Lawrence Park South (103),Not an NIA or Emerging Neighbourhood,,17825601.0,Lawrence Park South
2650000.0,2349000.0,2650000.0,HOUSE,HOUSE,High Park North,43.6574803,-79.4567801,4,1,3,2250.0,383.23,1983.6,83.89,1014.1,276.45,207.29,356.46,306.87,35,49,38,100,2502267,26022782,,88,88,High Park North,High Park North (88),Not an NIA or Emerging Neighbourhood,,17826321.0,High Park North
2625000.0,1999000.0,2625000.0,HOUSE,HOUSE,Roncesvalles,43.6508728,-79.4494323,5,0,3,2250.0,233.81,1169.96,274.58,640.17,126.02,117.07,329.39,734.13,47,47,35,102,2502265,26022780,,86,86,Roncesvalles,Roncesvalles (86),Not an NIA or Emerging Neighbourhood,,17826353.0,Roncesvalles
2950000.0,2995000.0,2950000.0,HOUSE,HOUSE,Yonge Eglinton,43.7035412,-79.4030048,4,1,4,1750.0,354.76,2900.16,307.88,582.89,451.1,317.88,462.61,505.04,80,54,40,58,2502309,26022824,,100,100,Yonge-Eglinton,Yonge-Eglinton (100),Not an NIA or Emerging Neighbourhood,,17825649.0,Yonge-Eglinton
2850000.0,2888000.0,2850000.0,HOUSE,HOUSE,Lawrence Park South,43.7233831,-79.4073948,4,1,4,2250.0,276.58,2364.85,306.72,482.42,568.06,470.51,439.03,514.83,18,42,37,55,2502312,26022827,,103,103,Lawrence Park South,Lawrence Park South (103),Not an NIA or Emerging Neighbourhood,,17825601.0,Lawrence Park South
2778000.0,2888000.0,2778000.0,HOUSE,HOUSE,High Park Swansea,43.6446528,-79.4787834,4,1,5,2750.0,177.02,2215.3,91.74,334.04,619.8,650.17,674.39,713.21,29,46,19,101,2502266,26022781,,87,87,High Park-Swansea,High Park-Swansea (87),Not an NIA or Emerging Neighbourhood,,17826337.0,High Park-Swansea
2725000.0,2795000.0,2725000.0,HOUSE,HOUSE,Forest Hill South,43.7021875,-79.4121864,4,1,3,2250.0,204.91,2740.13,222.77,686.98,193.01,156.77,189.22,1206.73,17,53,46,57,2502310,26022825,,101,101,Forest Hill South,Forest Hill South (101),Not an NIA or Emerging Neighbourhood,,17825633.0,Forest Hill South
2950000.0,3075000.0,2950000.0,HOUSE,HOUSE,Lawrence Park North,43.7328591,-79.41259140000001,4,1,4,2250.0,445.79,1863.62,637.35,1022.38,620.36,599.57,538.28,1088.56,42,37,24,54,2502313,26022828,,105,105,Lawrence Park North,Lawrence Park North (105),Not an NIA or Emerging Neighbourhood,,17825585.0,Lawrence Park North
2650000.0,2495000.0,2650000.0,HOUSE,HOUSE,Mount Pleasant East,43.7028431,-79.3851155,3,1,4,3250.0,196.1,1982.2,270.32,276.6,482.8,485.07,303.11,1120.59,70,54,42,59,2502308,26022823,,99,99,Mount Pleasant East,Mount Pleasant East (99),Not an NIA or Emerging Neighbourhood,,17825665.0,Mount Pleasant East
2600000.0,1999000.0,2600000.0,HOUSE,HOUSE,Yonge St Clair,43.6929564,-79.4005471,3,0,3,2250.0,194.48,2083.93,429.01,811.43,622.35,553.7,676.32,612.48,32,64,41,61,2502306,26022821,,97,97,Yonge-St.Clair,Yonge-St.Clair (97),Not an NIA or Emerging Neighbourhood,,17825697.0,Yonge-St.Clair
2600000.0,2450000.0,2600000.0,HOUSE,HOUSE,Lawrence Park South,43.7145716,-79.4126589,5,0,3,2250.0,516.99,2498.65,152.56,1251.21,1117.13,923.86,989.25,1427.09,5,51,47,55,2502312,26022827,,103,103,Lawrence Park South,Lawrence Park South (103),Not an NIA or Emerging Neighbourhood,,17825601.0,Lawrence Park South
2735000.0,2999999.0,2735000.0,HOUSE,HOUSE,Yonge Eglinton,43.7012713,-79.400338,4,1,3,4250.0,224.8,2889.43,286.23,776.14,320.82,395.6,297.47,444.47,67,49,42,58,2502309,26022824,,100,100,Yonge-Eglinton,Yonge-Eglinton (100),Not an NIA or Emerging Neighbourhood,,17825649.0,Yonge-Eglinton
2850000.0,2899000.0,2850000.0,HOUSE,HOUSE,Forest Hill South,43.6968334,-79.4165408,5,0,3,3250.0,264.61,2133.13,289.13,697.84,851.74,738.78,833.96,1319.17,18,53,36,57,2502310,26022825,,101,101,Forest Hill South,Forest Hill South (101),Not an NIA or Emerging Neighbourhood,,17825633.0,Forest Hill South
2740000.0,2895000.0,2740000.0,HOUSE,HOUSE,High Park Swansea,43.6464215,-79.475106,4,1,5,2250.0,342.43,2066.2,315.38,255.62,514.39,491.69,527.26,591.6,32,45,21,101,2502266,26022781,,87,87,High Park-Swansea,High Park-Swansea (87),Not an NIA or Emerging Neighbourhood,,17826337.0,High Park-Swansea
2850000.0,2999900.0,2850000.0,HOUSE,HOUSE,Lawrence Park North,43.7346417,-79.4104175,4,1,5,2250.0,409.37,2077.17,452.04,1045.23,437.71,510.99,511.75,1101.53,43,35,21,54,2502313,26022828,,105,105,Lawrence Park North,Lawrence Park North (105),Not an NIA or Emerging Neighbourhood,,17825585.0,Lawrence Park North
2650000.0,2785000.0,2650000.0,HOUSE,HOUSE,Yonge St Clair,43.6928723,-79.4008912,4,0,4,2750.0,166.7,2060.38,452.59,828.51,637.34,569.31,696.11,633.1,28,65,42,61,2502306,26022821,,97,97,Yonge-St.Clair,Yonge-St.Clair (97),Not an NIA or Emerging Neighbourhood,,17825697.0,Yonge-St.Clair
2888000.0,2888000.0,2888000.0,HOUSE,HOUSE,Lawrence Park North,43.7261786,-79.4006163,4,1,5,2250.0,182.13,2185.82,138.76,171.16,182.78,170.02,188.28,150.49,17,44,29,54,2502313,26022828,,105,105,Lawrence Park North,Lawrence Park North (105),Not an NIA or Emerging Neighbourhood,,17825585.0,Lawrence Park North
2675000.0,2795000.0,2675000.0,HOUSE,HOUSE,The Beaches,43.6767644,-79.2950604,3,1,4,1750.0,316.75,2813.46,199.79,789.39,587.46,501.48,307.82,1463.83,41,51,27,93,2502274,26022789,,63,63,The Beaches,The Beaches (63),Not an NIA or Emerging Neighbourhood,,17826209.0,The Beaches
2600196.0,2499000.0,2600196.0,HOUSE,HOUSE,Rosedale Moore Park,43.6917676,-79.382804,4,1,4,2250.0,521.16,2966.55,122.82,848.23,885.44,818.59,735.39,973.07,7,53,33,60,2502307,26022822,,98,98,Rosedale-Moore Park,Rosedale-Moore Park (98),Not an NIA or Emerging Neighbourhood,,17825681.0,Rosedale-Moore Park
2700000.0,2650000.0,2700000.0,HOUSE,HOUSE,Annex,43.6750941,-79.4031068,6,1,5,3250.0,397.47,1039.03,296.33,834.45,549.89,393.02,58.4,314.73,42,91,62,63,2502304,26022819,,95,95,Annex,Annex (95),Not an NIA or Emerging Neighbourhood,,17825729.0,Annex
3000000.0,2999888.0,3000000.0,HOUSE,HOUSE,Corso Italia Davenport,43.6770702,-79.4400282,5,0,4,3250.0,287.72,1971.39,200.05,191.66,263.31,191.35,671.45,1905.74,57,59,38,65,2502302,26022817,,92,92,Corso Italia-Davenport,Corso Italia-Davenport (92),Not an NIA or Emerging Neighbourhood,,17825761.0,Corso Italia-Davenport
2650000.0,2299000.0,2650000.0,HOUSE,HOUSE,High Park Swansea,43.6449154,-79.4811805,4,1,4,2750.0,360.2,2179.18,99.37,399.5,532.32,527.09,672.67,596.15,28,47,19,101,2502266,26022781,,87,87,High Park-Swansea,High Park-Swansea (87),Not an NIA or Emerging Neighbourhood,,17826337.0,High Park-Swansea
2950000.0,2999000.0,2950000.0,HOUSE,HOUSE,Wychwood,43.6756101,-79.4258884,5,1,5,3250.0,279.97,863.89,117.2,231.51,691.87,645.93,502.05,1347.18,55,72,47,64,2502303,26022818,,94,94,Wychwood,Wychwood (94),Not an NIA or Emerging Neighbourhood,,17825745.0,Wychwood
2660000.0,2775000.0,2660000.0,HOUSE,HOUSE,Forest Hill North,43.7030199,-79.4242317,3,1,4,2250.0,193.62,2905.02,96.72,291.76,246.95,226.36,336.38,1042.94,26,45,33,56,2502311,26022826,,102,102,Forest Hill North,Forest Hill North (102),Not an NIA or Emerging Neighbourhood,,17825617.0,Forest Hill North
2561205.0,2595000.0,2561205.0,HOUSE,HOUSE,Palmerston Little Italy,43.6585607,-79.4272699,6,1,3,2750.0,402.08,1841.36,414.03,561.33,345.39,341.51,573.34,431.18,95,68,48,79,2502288,26022803,,80,80,Palmerston-Little Italy,Palmerston-Little Italy (80),Not an NIA or Emerging Neighbourhood,,17825985.0,Palmerston-Little Italy
3000000.0,3200000.0,3000000.0,HOUSE,HOUSE,Lawrence Park South,43.7221832,-79.3973593,4,0,3,2250.0,666.97,1892.65,212.74,463.66,684.41,494.9,545.4,619.23,16,44,36,55,2502312,26022827,,103,103,Lawrence Park South,Lawrence Park South (103),Not an NIA or Emerging Neighbourhood,,17825601.0,Lawrence Park South
2529000.0,2549000.0,2529000.0,HOUSE,HOUSE,Yonge Eglinton,43.7109901,-79.4023716,3,1,4,2250.0,186.11,2467.43,168.16,369.55,217.53,274.55,267.39,560.86,66,55,37,58,2502309,26022824,,100,100,Yonge-Eglinton,Yonge-Eglinton (100),Not an NIA or Emerging Neighbourhood,,17825649.0,Yonge-Eglinton
2654500.0,2749000.0,2654500.0,HOUSE,HOUSE,Forest Hill North,43.7058713,-79.4307773,4,1,3,2250.0,401.68,2695.86,264.57,898.53,623.26,639.23,634.81,852.46,17,46,39,56,2502311,26022826,,102,102,Forest Hill North,Forest Hill North (102),Not an NIA or Emerging Neighbourhood,,17825617.0,Forest Hill North
2599000.0,2599000.0,2599000.0,HOUSE,HOUSE,Annex,43.6746841,-79.4041755,9,3,4,2750.0,366.58,971.28,349.38,780.75,633.17,308.26,147.4,225.8,49,90,60,63,2502304,26022819,,95,95,Annex,Annex (95),Not an NIA or Emerging Neighbourhood,,17825729.0,Annex
3000000.0,3799000.0,3000000.0,HOUSE,HOUSE,Annex,43.7313872,-79.5562351,5,2,4,2750.0,644.41,3392.6,368.2,1484.99,1033.26,441.78,399.21,6307.67,17,30,20,152,2502215,26022730,,3,3,Thistletown-Beaumond Heights,Thistletown-Beaumond Heights (3),Neighbourhood Improvement Area,NIA,17827153.0,Thistletown-Beaumond Heights
2520000.0,2900000.0,2520000.0,HOUSE,HOUSE,Kensington Chinatown,43.6584076,-79.3946993,7,2,4,2750.0,114.57,242.9,193.78,300.69,336.99,315.14,524.47,389.35,287,93,85,81,2502286,26022801,,78,78,Kensington-Chinatown,Kensington-Chinatown (78),Not an NIA or Emerging Neighbourhood,,17826017.0,Kensington-Chinatown
3000000.0,3149000.0,3000000.0,HOUSE,HOUSE,Forest Hill South,43.6896562,-79.4111619,3,1,5,2750.0,136.36,1378.96,212.9,973.43,137.27,146.05,170.5,615.47,6,61,36,57,2502310,26022825,,101,101,Forest Hill South,Forest Hill South (101),Not an NIA or Emerging Neighbourhood,,17825633.0,Forest Hill South
2560000.0,1999000.0,2560000.0,HOUSE,HOUSE,Yonge St Clair,43.684733,-79.3978189,5,0,4,2750.0,281.62,1626.66,285.97,613.37,238.39,382.21,271.85,487.88,36,74,45,61,2502306,26022821,,97,97,Yonge-St.Clair,Yonge-St.Clair (97),Not an NIA or Emerging Neighbourhood,,17825697.0,Yonge-St.Clair
2599000.0,2599000.0,2599000.0,HOUSE,HOUSE,Yonge St Clair,43.6935537,-79.3993456,3,1,5,2250.0,311.71,2194.34,370.72,780.9,604.97,454.78,568.48,514.53,38,62,40,61,2502306,26022821,,97,97,Yonge-St.Clair,Yonge-St.Clair (97),Not an NIA or Emerging Neighbourhood,,17825697.0,Yonge-St.Clair
3399000.0,3399000.0,3399000.0,HOUSE,HOUSE,Lawrence Park South,43.7140168,-79.4174156,5,0,3,3250.0,630.75,2281.47,388.14,1326.54,896.64,902.92,1033.66,1716.16,0,51,41,55,2502312,26022827,,103,103,Lawrence Park South,Lawrence Park South (103),Not an NIA or Emerging Neighbourhood,,17825601.0,Lawrence Park South
3800000.0,3989000.0,3800000.0,HOUSE,HOUSE,Lawrence Park North,43.7321717,-79.3998119,4,1,4,3250.0,485.92,2334.4,406.42,825.77,356.92,364.55,501.09,681.96,17,33,24,54,2502313,26022828,,105,105,Lawrence Park North,Lawrence Park North (105),Not an NIA or Emerging Neighbourhood,,17825585.0,Lawrence Park North
3900000.0,3995000.0,3900000.0,HOUSE,HOUSE,Casa Loma,43.6780226,-79.4127812,3,1,4,3250.0,263.54,224.51,145.39,604.07,477.15,514.52,497.87,594.61,31,75,56,62,2502305,26022820,,96,96,Casa Loma,Casa Loma (96),Not an NIA or Emerging Neighbourhood,,17825713.0,Casa Loma
3200033.0,2899000.0,3200033.0,HOUSE,HOUSE,North Riverdale,43.6736179,-79.3492133,4,1,6,2250.0,394.62,914.1,204.52,669.04,467.85,506.3,553.64,577.25,81,66,36,88,2502279,26022794,,68,68,North Riverdale,North Riverdale (68),Not an NIA or Emerging Neighbourhood,,17826129.0,North Riverdale
3102000.0,2799000.0,3102000.0,HOUSE,HOUSE,Playter Estates Danforth,43.6806553,-79.3601211,4,1,4,1750.0,497.43,1650.14,382.07,1269.31,487.5,348.05,569.58,436.02,43,54,30,89,2502278,26022793,,67,67,Playter Estates-Danforth,Playter Estates-Danforth (67),Not an NIA or Emerging Neighbourhood,,17826145.0,Playter Estates-Danforth
3500000.0,3600000.0,3500000.0,HOUSE,HOUSE,Forest Hill South,43.6969434,-79.4197365,5,0,5,2750.0,411.13,2170.34,164.64,604.26,669.93,593.47,732.29,1340.75,24,51,33,57,2502310,26022825,,101,101,Forest Hill South,Forest Hill South (101),Not an NIA or Emerging Neighbourhood,,17825633.0,Forest Hill South
3300000.0,3300000.0,3300000.0,HOUSE,HOUSE,Dufferin Grove,43.654842,-79.437757,4,1,5,3250.0,199.42,1882.79,396.75,640.83,178.3,503.97,241.23,623.77,67,67,46,105,2502262,26022777,,83,83,Dufferin Grove,Dufferin Grove (83),Not an NIA or Emerging Neighbourhood,,17826401.0,Dufferin Grove
3300000.0,2999000.0,3300000.0,HOUSE,HOUSE,East End Danforth,43.6807471,-79.2981273,5,1,5,4250.0,223.26,2385.32,431.39,314.9,698.51,587.99,219.68,964.53,21,58,35,94,2502273,26022788,,62,62,East End-Danforth,East End-Danforth (62),Not an NIA or Emerging Neighbourhood,,17826225.0,East End-Danforth
3205000.0,3350000.0,3205000.0,HOUSE,HOUSE,Yonge-Eglinton,43.6987889,-79.4031978,4,1,5,2750.0,534.81,2549.68,293.37,1086.03,499.13,505.62,553.83,484.26,41,53,46,58,2502309,26022824,,100,100,Yonge-Eglinton,Yonge-Eglinton (100),Not an NIA or Emerging Neighbourhood,,17825649.0,Yonge-Eglinton
3127000.0,3195000.0,3127000.0,HOUSE,HOUSE,Roncesvalles,43.6447293,-79.4416931,4,1,4,2750.0,359.15,818.35,310.87,579.2,528.39,508.27,509.33,1601.63,77,51,28,102,2502265,26022780,,86,86,Roncesvalles,Roncesvalles (86),Not an NIA or Emerging Neighbourhood,,17826353.0,Roncesvalles
3030000.0,2985000.0,3030000.0,HOUSE,HOUSE,High Park Swansea,43.6499426,-79.472389,3,1,4,3500.0,227.23,1761.02,275.56,246.58,313.51,272.01,239.33,350.15,30,47,26,101,2502266,26022781,,87,87,High Park-Swansea,High Park-Swansea (87),Not an NIA or Emerging Neighbourhood,,17826337.0,High Park-Swansea
3400000.0,3599999.0,3400000.0,HOUSE,HOUSE,Lawrence Park North,43.7283084,-79.398605,5,1,6,4000.0,145.94,2083.83,101.44,457.82,342.72,423.44,400.11,379.7,17,41,26,54,2502313,26022828,,105,105,Lawrence Park North,Lawrence Park North (105),Not an NIA or Emerging Neighbourhood,,17825585.0,Lawrence Park North
3400000.0,3498000.0,3400000.0,HOUSE,HOUSE,The Beaches,43.6756487,-79.2976302,4,2,5,2750.0,127.16,2710.1,206.93,619.66,528.72,555.0,350.59,1523.92,41,50,27,93,2502274,26022789,,63,63,The Beaches,The Beaches (63),Not an NIA or Emerging Neighbourhood,,17826209.0,The Beaches
3300132.0,3199999.0,3300132.0,HOUSE,HOUSE,Wychwood,43.6783151,-79.4229975,4,1,4,2750.0,580.87,605.01,164.25,600.47,533.4,429.43,454.85,967.19,50,78,47,64,2502303,26022818,,94,94,Wychwood,Wychwood (94),Not an NIA or Emerging Neighbourhood,,17825745.0,Wychwood
3175000.0,3288000.0,3175000.0,HOUSE,HOUSE,Runnymede Bloor West Village,43.6551618,-79.4824356,4,1,6,2250.0,391.74,1046.43,263.34,779.07,551.35,582.95,467.45,594.06,40,51,24,99,2502268,26022783,,89,89,Runnymede-Bloor West Village,Runnymede-Bloor West Village (89),Not an NIA or Emerging Neighbourhood,,17826305.0,Runnymede-Bloor West Village
4000000.0,4189000.0,4000000.0,HOUSE,HOUSE,Rosedale Moore Park,43.6922518,-79.3851268,4,1,5,2750.0,587.69,2933.83,233.5,711.37,746.97,809.08,615.51,838.6,21,56,37,60,2502307,26022822,,98,98,Rosedale-Moore Park,Rosedale-Moore Park (98),Not an NIA or Emerging Neighbourhood,,17825681.0,Rosedale-Moore Park
3480000.0,3529000.0,3480000.0,HOUSE,HOUSE,Lawrence Park South,43.7144406,-79.4189708,4,1,3,2250.0,680.35,2166.81,393.6,1268.0,786.38,784.55,900.64,1848.71,4,52,40,55,2502312,26022827,,103,103,Lawrence Park South,Lawrence Park South (103),Not an NIA or Emerging Neighbourhood,,17825601.0,Lawrence Park South
3290000.0,3195000.0,3290000.0,HOUSE,HOUSE,The Beaches,43.6737042,-79.2883683,4,1,5,3250.0,146.58,3450.14,383.81,906.16,712.58,500.85,206.46,2011.02,36,27,20,93,2502274,26022789,,63,63,The Beaches,The Beaches (63),Not an NIA or Emerging Neighbourhood,,17826209.0,The Beaches
3175000.0,3395000.0,3175000.0,HOUSE,HOUSE,Mount Pleasant East,43.7149709,-79.3914501,4,1,4,3250.0,375.08,1495.67,374.07,1004.73,739.75,721.25,151.6,1077.63,51,49,47,59,2502308,26022823,,99,99,Mount Pleasant East,Mount Pleasant East (99),Not an NIA or Emerging Neighbourhood,,17825665.0,Mount Pleasant East
3410000.0,3499000.0,3410000.0,HOUSE,HOUSE,Lawrence Park South,43.7192544,-79.4083357,4,2,4,2250.0,111.63,2476.38,206.68,818.86,913.08,582.01,738.25,918.74,17,48,43,55,2502312,26022827,,103,103,Lawrence Park South,Lawrence Park South (103),Not an NIA or Emerging Neighbourhood,,17825601.0,Lawrence Park South
3525000.0,3679000.0,3525000.0,HOUSE,HOUSE,Lawrence Park South,43.7161364,-79.418651,4,1,5,2750.0,614.43,2037.55,235.37,1198.14,824.84,732.62,823.69,1726.08,7,51,40,55,2502312,26022827,,103,103,Lawrence Park South,Lawrence Park South (103),Not an NIA or Emerging Neighbourhood,,17825601.0,Lawrence Park South
3150000.0,3398000.0,3150000.0,HOUSE,HOUSE,Lawrence Park North,43.7306325,-79.4109945,4,1,5,2250.0,213.9,1964.11,531.44,979.67,562.12,566.06,595.11,834.05,47,36,28,54,2502313,26022828,,105,105,Lawrence Park North,Lawrence Park North (105),Not an NIA or Emerging Neighbourhood,,17825585.0,Lawrence Park North
3750000.0,4195000.0,3750000.0,HOUSE,HOUSE,Rosedale Moore Park,43.6929119,-79.3800192,4,2,5,2750.0,652.71,2901.18,191.24,1104.91,813.31,815.47,806.51,1230.16,3,54,30,60,2502307,26022822,,98,98,Rosedale-Moore Park,Rosedale-Moore Park (98),Not an NIA or Emerging Neighbourhood,,17825681.0,Rosedale-Moore Park
3950000.0,4299000.0,3950000.0,HOUSE,HOUSE,Forest Hill North,43.7051496,-79.416774,4,1,6,2750.0,297.44,3057.93,291.87,446.57,371.32,224.41,351.31,1474.06,20,52,48,56,2502311,26022826,,102,102,Forest Hill North,Forest Hill North (102),Not an NIA or Emerging Neighbourhood,,17825617.0,Forest Hill North
3995060.0,3995000.0,3995060.0,HOUSE,HOUSE,Rosedale Moore Park,43.6873536,-79.3806274,7,0,5,2750.0,180.6,2479.09,399.35,958.76,993.54,372.34,432.82,1014.41,4,65,30,60,2502307,26022822,,98,98,Rosedale-Moore Park,Rosedale-Moore Park (98),Not an NIA or Emerging Neighbourhood,,17825681.0,Rosedale-Moore Park
3025000.0,3195000.0,3025000.0,HOUSE,HOUSE,Lawrence Park South,43.7047408,-79.4155964,4,1,4,2250.0,400.66,3010.84,371.76,492.09,266.65,148.36,246.32,1386.78,19,52,48,55,2502312,26022827,,103,103,Lawrence Park South,Lawrence Park South (103),Not an NIA or Emerging Neighbourhood,,17825601.0,Lawrence Park South
3185000.0,3279000.0,3185000.0,HOUSE,HOUSE,Wychwood,43.6801654,-79.4207926,4,0,5,2250.0,417.02,506.56,163.77,346.68,278.97,252.7,450.54,695.65,46,78,50,64,2502303,26022818,,94,94,Wychwood,Wychwood (94),Not an NIA or Emerging Neighbourhood,,17825745.0,Wychwood
3023000.0,2750000.0,3023000.0,HOUSE,HOUSE,Roncesvalles,43.6426136,-79.4432026,4,1,3,2250.0,369.18,592.54,311.63,535.03,471.33,370.67,365.37,1778.52,62,48,22,102,2502265,26022780,,86,86,Roncesvalles,Roncesvalles (86),Not an NIA or Emerging Neighbourhood,,17826353.0,Roncesvalles
3205000.0,3195000.0,3205000.0,HOUSE,HOUSE,Mount Pleasant East,43.7001073,-79.3839959,4,1,4,2250.0,127.17,2219.56,209.25,545.16,775.38,777.91,561.81,1095.73,44,54,39,59,2502308,26022823,,99,99,Mount Pleasant East,Mount Pleasant East (99),Not an NIA or Emerging Neighbourhood,,17825665.0,Mount Pleasant East
3900000.0,4000000.0,3900000.0,HOUSE,HOUSE,Rosedale Moore Park,43.68898,-79.3772346,4,0,5,2750.0,222.89,2687.3,255.83,1221.61,991.34,330.73,315.34,1328.42,0,58,25,60,2502307,26022822,,98,98,Rosedale-Moore Park,Rosedale-Moore Park (98),Not an NIA or Emerging Neighbourhood,,17825681.0,Rosedale-Moore Park
3075000.0,2795000.0,3075000.0,HOUSE,HOUSE,Casa Loma,43.6790587,-79.4038842,3,0,4,2750.0,40.91,949.18,72.42,1153.8,785.75,563.12,396.52,544.53,18,82,54,62,2502305,26022820,,96,96,Casa Loma,Casa Loma (96),Not an NIA or Emerging Neighbourhood,,17825713.0,Casa Loma
3225000.0,3395000.0,3225000.0,HOUSE,HOUSE,Lawrence Park North,43.7325752,-79.4102396,4,1,4,2750.0,390.68,2045.0,465.08,1093.8,447.6,466.04,583.18,932.06,44,37,23,54,2502313,26022828,,105,105,Lawrence Park North,Lawrence Park North (105),Not an NIA or Emerging Neighbourhood,,17825585.0,Lawrence Park North
3150000.0,3175000.0,3150000.0,HOUSE,HOUSE,Rosedale Moore Park,43.6912895,-79.3830123,5,0,4,2250.0,466.71,2913.68,67.26,812.17,849.64,789.49,695.61,935.69,12,54,33,60,2502307,26022822,,98,98,Rosedale-Moore Park,Rosedale-Moore Park (98),Not an NIA or Emerging Neighbourhood,,17825681.0,Rosedale-Moore Park
3525000.0,2799880.0,3525000.0,HOUSE,HOUSE,Mount Pleasant East,43.7147472,-79.3885179,4,2,6,2750.0,409.05,1278.28,268.73,1159.47,723.13,706.89,383.32,1200.77,35,50,45,59,2502308,26022823,,99,99,Mount Pleasant East,Mount Pleasant East (99),Not an NIA or Emerging Neighbourhood,,17825665.0,Mount Pleasant East
3700000.0,3695000.0,3700000.0,HOUSE,HOUSE,Lawrence Park South,43.7121907,-79.4103412,4,1,4,2750.0,364.03,2816.19,306.07,955.09,868.15,847.02,872.34,1122.33,38,55,47,55,2502312,26022827,,103,103,Lawrence Park South,Lawrence Park South (103),Not an NIA or Emerging Neighbourhood,,17825601.0,Lawrence Park South
3350000.0,3545000.0,3350000.0,HOUSE,HOUSE,Rosedale Moore Park,43.6896263,-79.373713,4,0,2,2250.0,465.88,2814.12,215.04,1508.21,825.67,448.04,374.65,1613.71,1,53,26,60,2502307,26022822,,98,98,Rosedale-Moore Park,Rosedale-Moore Park (98),Not an NIA or Emerging Neighbourhood,,17825681.0,Rosedale-Moore Park
3100000.0,3350000.0,3100000.0,HOUSE,HOUSE,Rosedale Moore Park,43.688257,-79.3723322,5,1,5,2250.0,458.44,2697.65,295.39,1615.71,961.12,403.81,314.88,1634.1,1,55,26,60,2502307,26022822,,98,98,Rosedale-Moore Park,Rosedale-Moore Park (98),Not an NIA or Emerging Neighbourhood,,17825681.0,Rosedale-Moore Park
4201000.0,3800000.0,4201000.0,HOUSE,HOUSE,Dufferin Grove,43.6568144,-79.4292546,4,1,5,4250.0,257.43,1757.39,266.4,514.17,410.67,393.32,440.67,624.86,102,71,49,105,2502262,26022777,,83,83,Dufferin Grove,Dufferin Grove (83),Not an NIA or Emerging Neighbourhood,,17826401.0,Dufferin Grove
4900000.0,4995000.0,4900000.0,HOUSE,HOUSE,Rosedale Moore Park,43.6808478,-79.3866733,5,1,5,4250.0,535.57,1787.08,181.88,980.99,316.06,419.39,912.15,321.55,42,79,47,60,2502307,26022822,,98,98,Rosedale-Moore Park,Rosedale-Moore Park (98),Not an NIA or Emerging Neighbourhood,,17825681.0,Rosedale-Moore Park
4250000.0,4195000.0,4250000.0,HOUSE,HOUSE,Casa Loma,43.6789426,-79.4130123,4,1,5,4250.0,228.05,247.32,179.68,515.72,580.77,599.68,591.61,676.15,27,79,52,62,2502305,26022820,,96,96,Casa Loma,Casa Loma (96),Not an NIA or Emerging Neighbourhood,,17825713.0,Casa Loma
4100000.0,4595000.0,4100000.0,HOUSE,HOUSE,Mount Pleasant East,43.7179852,-79.3918925,3,2,4,3250.0,289.19,1477.92,349.15,1102.98,944.96,746.99,288.63,1260.11,17,47,44,59,2502308,26022823,,99,99,Mount Pleasant East,Mount Pleasant East (99),Not an NIA or Emerging Neighbourhood,,17825665.0,Mount Pleasant East
4050000.0,4325000.0,4050000.0,HOUSE,HOUSE,Rosedale Moore Park,43.6893297,-79.3745647,4,0,5,4250.0,391.35,2765.96,277.66,1437.76,874.55,389.18,323.56,1538.38,1,55,26,60,2502307,26022822,,98,98,Rosedale-Moore Park,Rosedale-Moore Park (98),Not an NIA or Emerging Neighbourhood,,17825681.0,Rosedale-Moore Park
4875000.0,4895000.0,4875000.0,HOUSE,HOUSE,Rosedale Moore Park,43.6896707,-79.3783607,5,0,4,3500.0,279.16,2751.36,369.32,1136.34,972.15,431.28,428.03,1247.67,1,60,26,60,2502307,26022822,,98,98,Rosedale-Moore Park,Rosedale-Moore Park (98),Not an NIA or Emerging Neighbourhood,,17825681.0,Rosedale-Moore Park
4300000.0,4595000.0,4300000.0,HOUSE,HOUSE,Rosedale Moore Park,43.6902267,-79.3736069,5,0,4,3250.0,514.41,2880.94,155.1,1523.04,758.64,511.47,440.33,1634.86,1,54,25,60,2502307,26022822,,98,98,Rosedale-Moore Park,Rosedale-Moore Park (98),Not an NIA or Emerging Neighbourhood,,17825681.0,Rosedale-Moore Park
4125000.0,4250000.0,4125000.0,HOUSE,HOUSE,Rosedale Moore Park,43.6889926,-79.3770889,5,1,5,3250.0,229.3,2690.48,251.6,1233.36,984.72,329.78,311.24,1340.21,1,58,25,60,2502307,26022822,,98,98,Rosedale-Moore Park,Rosedale-Moore Park (98),Not an NIA or Emerging Neighbourhood,,17825681.0,Rosedale-Moore Park
4467500.0,4500000.0,4467500.0,HOUSE,HOUSE,Mount Pleasant East,43.7150515,-79.3913266,4,1,4,3250.0,383.56,1483.72,387.3,1018.03,752.99,733.76,157.21,1090.51,48,49,48,59,2502308,26022823,,99,99,Mount Pleasant East,Mount Pleasant East (99),Not an NIA or Emerging Neighbourhood,,17825665.0,Mount Pleasant East
4500000.0,4995000.0,4500000.0,HOUSE,HOUSE,Rosedale Moore Park,43.6902322,-79.3757354,5,0,5,3250.0,403.09,2844.88,294.93,1353.29,813.2,464.79,418.14,1466.12,1,52,24,60,2502307,26022822,,98,98,Rosedale-Moore Park,Rosedale-Moore Park (98),Not an NIA or Emerging Neighbourhood,,17825681.0,Rosedale-Moore Park
4347500.0,4395000.0,4347500.0,HOUSE,HOUSE,Forest Hill South,43.6877662,-79.417921,6,0,5,4250.0,315.88,1139.7,109.62,617.43,404.0,414.01,446.8,372.19,22,65,34,57,2502310,26022825,,101,101,Forest Hill South,Forest Hill South (101),Not an NIA or Emerging Neighbourhood,,17825633.0,Forest Hill South
4200000.0,4295000.0,4200000.0,HOUSE,HOUSE,Rosedale Moore Park,43.6866469,-79.3819361,5,1,5,3250.0,133.05,2397.05,280.68,871.34,904.4,453.85,527.34,883.15,18,66,33,60,2502307,26022822,,98,98,Rosedale-Moore Park,Rosedale-Moore Park (98),Not an NIA or Emerging Neighbourhood,,17825681.0,Rosedale-Moore Park
4100000.0,4595000.0,4100000.0,HOUSE,HOUSE,Rosedale Moore Park,43.6771024,-79.3766691,3,1,3,2250.0,339.83,1410.15,396.81,992.09,514.53,561.6,621.6,536.37,23,77,43,60,2502307,26022822,,98,98,Rosedale-Moore Park,Rosedale-Moore Park (98),Not an NIA or Emerging Neighbourhood,,17825681.0,Rosedale-Moore Park
4400000.0,4495000.0,4400000.0,HOUSE,HOUSE,Yonge St Clair,43.6847136,-79.3979101,4,1,5,2750.0,274.47,1619.2,278.87,620.1,239.83,389.79,269.09,494.46,36,74,45,61,2502306,26022821,,97,97,Yonge-St.Clair,Yonge-St.Clair (97),Not an NIA or Emerging Neighbourhood,,17825697.0,Yonge-St.Clair
4150000.0,4250000.0,4150000.0,HOUSE,HOUSE,Yonge St Clair,43.6844766,-79.3946195,4,1,5,2250.0,125.75,1844.18,444.19,494.54,380.13,204.57,474.77,393.45,38,76,43,61,2502306,26022821,,97,97,Yonge-St.Clair,Yonge-St.Clair (97),Not an NIA or Emerging Neighbourhood,,17825697.0,Yonge-St.Clair
4950000.0,5259000.0,4950000.0,HOUSE,HOUSE,Rosedale Moore Park,43.6784902,-79.387977,5,1,5,4250.0,494.63,1558.4,281.6,732.52,284.08,154.07,763.99,229.56,71,83,57,60,2502307,26022822,,98,98,Rosedale-Moore Park,Rosedale-Moore Park (98),Not an NIA or Emerging Neighbourhood,,17825681.0,Rosedale-Moore Park
4650000.0,3988000.0,4650000.0,HOUSE,HOUSE,North Riverdale,43.6736331,-79.3537139,5,0,2,4250.0,307.65,810.75,430.44,882.44,504.92,366.5,370.39,518.75,69,75,36,88,2502279,26022794,,68,68,North Riverdale,North Riverdale (68),Not an NIA or Emerging Neighbourhood,,17826129.0,North Riverdale
4395000.0,4395000.0,4395000.0,HOUSE,HOUSE,Forest Hill South,43.6973201,-79.4231253,4,2,4,3250.0,234.18,2269.44,289.47,589.42,470.88,424.3,503.49,1065.38,20,47,30,57,2502310,26022825,,101,101,Forest Hill South,Forest Hill South (101),Not an NIA or Emerging Neighbourhood,,17825633.0,Forest Hill South
4200000.0,4395000.0,4200000.0,HOUSE,HOUSE,Lawrence Park South,43.7150982,-79.4097046,5,0,5,4250.0,365.21,2640.46,92.04,1102.98,926.44,794.72,748.64,1288.56,18,51,47,55,2502312,26022827,,103,103,Lawrence Park South,Lawrence Park South (103),Not an NIA or Emerging Neighbourhood,,17825601.0,Lawrence Park South
4068000.0,4298000.0,4068000.0,HOUSE,HOUSE,Rosedale Moore Park,43.6883501,-79.3857951,5,0,5,4250.0,232.98,2601.53,168.85,533.59,569.57,629.34,399.29,636.72,28,67,31,60,2502307,26022822,,98,98,Rosedale-Moore Park,Rosedale-Moore Park (98),Not an NIA or Emerging Neighbourhood,,17825681.0,Rosedale-Moore Park
4100000.0,4185000.0,4100000.0,HOUSE,HOUSE,High Park Swansea,43.6456425,-79.4509823,6,0,5,4250.0,279.3,594.59,651.53,179.26,197.72,368.93,189.37,1266.76,39,46,24,101,2502266,26022781,,87,87,High Park-Swansea,High Park-Swansea (87),Not an NIA or Emerging Neighbourhood,,17826337.0,High Park-Swansea
4800000.0,5495000.0,4800000.0,HOUSE,HOUSE,Forest Hill South,43.6991657,-79.4232573,7,1,8,5000.0,377.3,2470.36,459.16,406.3,294.99,228.18,359.56,1033.09,24,44,31,57,2502310,26022825,,101,101,Forest Hill South,Forest Hill South (101),Not an NIA or Emerging Neighbourhood,,17825633.0,Forest Hill South
4300000.0,4350000.0,4300000.0,HOUSE,HOUSE,Forest Hill South,43.6969058,-79.4177789,6,0,5,4250.0,352.49,2147.26,263.03,648.12,793.82,708.72,866.6,1338.32,24,53,36,57,2502310,26022825,,101,101,Forest Hill South,Forest Hill South (101),Not an NIA or Emerging Neighbourhood,,17825633.0,Forest Hill South
4300000.0,4550000.0,4300000.0,HOUSE,HOUSE,Lawrence Park South,43.714084,-79.4150188,4,1,6,3250.0,547.1,2402.74,349.81,1385.26,1087.47,938.23,1018.34,1552.69,1,53,44,55,2502312,26022827,,103,103,Lawrence Park South,Lawrence Park South (103),Not an NIA or Emerging Neighbourhood,,17825601.0,Lawrence Park South
4999999.0,5545000.0,4999999.0,HOUSE,HOUSE,Forest Hill North,43.7095171,-79.420541,4,1,8,4000.0,417.36,2560.74,403.09,799.31,707.75,774.15,887.01,1622.03,10,49,43,56,2502311,26022826,,102,102,Forest Hill North,Forest Hill North (102),Not an NIA or Emerging Neighbourhood,,17825617.0,Forest Hill North
4200000.0,4695000.0,4200000.0,HOUSE,HOUSE,Niagara,43.6456525,-79.4068561,4,0,5,4250.0,179.98,876.64,369.17,729.46,309.25,293.27,336.96,1731.93,161,78,44,44,2502323,26022838,,162,162,West Queen West,West Queen West (162),Not an NIA or Emerging Neighbourhood,,17825425.0,West Queen West
4795000.0,4795000.0,4795000.0,HOUSE,HOUSE,Casa Loma,43.6798704,-79.4041296,4,1,5,3250.0,104.08,948.95,81.58,1110.38,859.93,628.46,488.91,618.55,19,83,51,62,2502305,26022820,,96,96,Casa Loma,Casa Loma (96),Not an NIA or Emerging Neighbourhood,,17825713.0,Casa Loma
4075018.0,4198000.0,4075018.0,HOUSE,HOUSE,Forest Hill South,43.6912573,-79.416733,3,1,5,2250.0,423.27,1514.64,182.34,1007.05,345.38,426.52,470.45,704.78,5,60,35,57,2502310,26022825,,101,101,Forest Hill South,Forest Hill South (101),Not an NIA or Emerging Neighbourhood,,17825633.0,Forest Hill South
5200000.0,5995000.0,5200000.0,HOUSE,HOUSE,Casa Loma,43.6818627,-79.4113813,7,1,6,4250.0,408.23,573.78,90.16,497.64,618.75,568.22,415.17,470.81,22,76,49,62,2502305,26022820,,96,96,Casa Loma,Casa Loma (96),Not an NIA or Emerging Neighbourhood,,17825713.0,Casa Loma
5968000.0,5999000.0,5968000.0,HOUSE,HOUSE,Rosedale Moore Park,43.6777673,-79.3775365,5,0,5,4250.0,333.94,1460.55,405.46,983.0,587.55,637.0,686.16,616.73,28,78,41,60,2502307,26022822,,98,98,Rosedale-Moore Park,Rosedale-Moore Park (98),Not an NIA or Emerging Neighbourhood,,17825681.0,Rosedale-Moore Park
5814000.0,5695000.0,5814000.0,HOUSE,HOUSE,Lawrence Park South,43.7227533,-79.3903801,5,1,5,4250.0,321.54,1330.59,597.96,944.55,1087.58,976.61,830.89,1050.86,0,39,36,55,2502312,26022827,,103,103,Lawrence Park South,Lawrence Park South (103),Not an NIA or Emerging Neighbourhood,,17825601.0,Lawrence Park South
5300000.0,5495000.0,5300000.0,HOUSE,HOUSE,Rosedale Moore Park,43.6874577,-79.3800635,5,3,5,4250.0,138.0,2493.5,355.89,1002.06,1037.08,336.01,391.81,1057.29,2,63,30,60,2502307,26022822,,98,98,Rosedale-Moore Park,Rosedale-Moore Park (98),Not an NIA or Emerging Neighbourhood,,17825681.0,Rosedale-Moore Park
5200000.0,5495900.0,5200000.0,HOUSE,HOUSE,Rosedale Moore Park,43.6769587,-79.3782923,5,1,5,4250.0,243.86,1358.3,387.52,878.51,504.96,556.1,594.86,541.89,40,77,43,60,2502307,26022822,,98,98,Rosedale-Moore Park,Rosedale-Moore Park (98),Not an NIA or Emerging Neighbourhood,,17825681.0,Rosedale-Moore Park
6000000.0,6500000.0,6000000.0,HOUSE,HOUSE,Rosedale Moore Park,43.6746606,-79.3783722,5,2,6,5000.0,124.37,1109.85,491.8,737.4,259.82,312.0,339.79,308.58,67,78,51,60,2502307,26022822,,98,98,Rosedale-Moore Park,Rosedale-Moore Park (98),Not an NIA or Emerging Neighbourhood,,17825681.0,Rosedale-Moore Park
5125000.0,5285000.0,5125000.0,HOUSE,HOUSE,Yonge St Clair,43.6883305,-79.4007709,4,1,5,4250.0,382.5,1677.82,148.61,672.29,266.39,467.36,198.96,570.53,32,69,36,61,2502306,26022821,,97,97,Yonge-St.Clair,Yonge-St.Clair (97),Not an NIA or Emerging Neighbourhood,,17825697.0,Yonge-St.Clair
6025000.0,6100000.0,6025000.0,HOUSE,HOUSE,Rosedale Moore Park,43.6892313,-79.3758826,7,0,6,4250.0,306.45,2733.34,252.06,1331.37,920.0,352.87,308.51,1439.25,1,58,25,60,2502307,26022822,,98,98,Rosedale-Moore Park,Rosedale-Moore Park (98),Not an NIA or Emerging Neighbourhood,,17825681.0,Rosedale-Moore Park
5575000.0,5350000.0,5575000.0,HOUSE,HOUSE,Lawrence Park South,43.7167335,-79.4078023,5,1,5,3250.0,196.57,2657.47,315.54,1027.79,912.98,577.15,615.36,1151.67,19,50,46,55,2502312,26022827,,103,103,Lawrence Park South,Lawrence Park South (103),Not an NIA or Emerging Neighbourhood,,17825601.0,Lawrence Park South
6690000.0,6849999.0,6690000.0,HOUSE,HOUSE,The Beaches,43.6718027,-79.283126,4,1,5,4250.0,186.66,3920.27,418.81,1249.17,988.51,858.97,274.65,2426.03,15,17,19,93,2502274,26022789,,63,63,The Beaches,The Beaches (63),Not an NIA or Emerging Neighbourhood,,17826209.0,The Beaches
5800000.0,6498000.0,5800000.0,HOUSE,HOUSE,Forest Hill South,43.6913978,-79.4115324,5,1,6,4250.0,212.61,1560.6,280.83,1129.42,249.87,295.67,339.24,773.12,6,63,37,57,2502310,26022825,,101,101,Forest Hill South,Forest Hill South (101),Not an NIA or Emerging Neighbourhood,,17825633.0,Forest Hill South
6450000.0,6895000.0,6450000.0,HOUSE,HOUSE,Rosedale Moore Park,43.6903699,-79.3800804,6,1,6,5000.0,381.68,2816.49,251.52,1010.84,998.81,564.0,574.26,1127.21,2,57,28,60,2502307,26022822,,98,98,Rosedale-Moore Park,Rosedale-Moore Park (98),Not an NIA or Emerging Neighbourhood,,17825681.0,Rosedale-Moore Park
10425000.0,11995000.0,10425000.0,HOUSE,HOUSE,Forest Hill South,43.6966275,-79.4123235,4,1,7,5000.0,190.31,2124.37,54.39,926.71,795.82,768.71,801.78,1217.26,19,57,44,57,2502310,26022825,,101,101,Forest Hill South,Forest Hill South (101),Not an NIA or Emerging Neighbourhood,,17825633.0,Forest Hill South
16180339.89,18888000.0,16180339.89,HOUSE,HOUSE,Rosedale Moore Park,43.6819345,-79.385032,4,1,8,5000.0,546.59,1885.77,260.25,952.47,478.81,594.61,863.15,440.93,35,75,39,60,2502307,26022822,,98,98,Rosedale-Moore Park,Rosedale-Moore Park (98),Not an NIA or Emerging Neighbourhood,,17825681.0,Rosedale-Moore Park
9000000.0,9995000.0,9000000.0,HOUSE,HOUSE,Lawrence Park South,43.7208456,-79.3919686,4,1,7,4250.0,222.5,1474.21,381.12,905.73,1095.14,775.68,595.96,1042.64,9,44,38,55,2502312,26022827,,103,103,Lawrence Park South,Lawrence Park South (103),Not an NIA or Emerging Neighbourhood,,17825601.0,Lawrence Park South
7200000.0,7800000.0,7200000.0,HOUSE,HOUSE,Annex,43.67572440000001,-79.39502879999999,4,0,5,4250.0,383.34,1564.24,179.27,665.56,161.63,115.29,411.55,529.42,87,89,68,63,2502304,26022819,,95,95,Annex,Annex (95),Not an NIA or Emerging Neighbourhood,,17825729.0,Annex
