{
  "type": "FeatureCollection",
  "generator": "overpass-turbo",
  "copyright": "The data included in this document is from www.openstreetmap.org. The data is made available under ODbL.",
  "timestamp": "2026-07-11T09:17:01Z",
  "features": [
    {
      "type": "Feature",
      "properties": {
        "@id": "way/33542250",
        "addr:city": "Toronto",
        "amenity": "bank",
        "brand": "Scotiabank",
        "brand:wikidata": "Q451476",
        "brand:wikipedia": "en:Scotiabank",
        "building": "retail",
        "building:colour": "orange",
        "building:levels": "1",
        "building:material": "brick",
        "name": "Scotiabank",
        "website": "http://www.scotiabank.com/",
        "@geometry": "center"
      },
      "geometry": {
        "type": "Point",
        "coordinates": [
          -79.2310865,
          43.7759213
        ]
      },
      "id": "way/33542250"
    },
    {
      "type": "Feature",
      "properties": {
        "@id": "way/33635437",
        "addr:city": "Toronto",
        "amenity": "bank",
        "brand": "Scotiabank",
        "brand:wikidata": "Q451476",
        "brand:wikipedia": "en:Scotiabank",
        "building": "retail",
        "building:levels": "1",
        "name": "Scotiabank",
        "@geometry": "center"
      },
      "geometry": {
        "type": "Point",
        "coordinates": [
          -79.2300225,
          43.7585325
        ]
      },
      "id": "way/33635437"
    },
    {
      "type": "Feature",
      "properties": {
        "@id": "way/40770172",
        "addr:city": "North York",
        "addr:housenumber": "877",
        "addr:street": "Lawrence Avenue East",
        "amenity": "bank",
        "atm": "yes",
        "brand": "BMO",
        "brand:wikidata": "Q806693",
        "brand:wikipedia": "en:Bank of Montreal",
        "building": "retail",
        "building:colour": "grey",
        "building:levels": "1",
        "drive_through": "yes",
        "name": "BMO",
        "official_name": "Bank of Montreal",
        "website": "BMO.ca",
        "@geometry": "center"
      },
      "geometry": {
        "type": "Point",
        "coordinates": [
          -79.3488004,
          43.7357081
        ]
      },
      "id": "way/40770172"
    },
    {
      "type": "Feature",
      "properties": {
        "@id": "node/42606800",
        "addr:city": "Toronto",
        "addr:floor": "G",
        "addr:housenumber": "443",
        "addr:postcode": "M5G 2H6",
        "addr:street": "University Avenue",
        "amenity": "bank",
        "atm": "yes",
        "branch": "University & Dundas",
        "brand": "RBC",
        "brand:en": "RBC Royal Bank",
        "brand:fr": "RBC Banque Royale",
        "brand:wikidata": "Q735261",
        "brand:wikipedia": "en:Royal Bank of Canada",
        "check_date": "2026-06-07",
        "internet_access": "yes",
        "internet_access:ssid": "RBCGuest",
        "level": "0",
        "name": "RBC Royal Bank",
        "name:en": "RBC Royal Bank",
        "name:fr": "RBC Banque Royale",
        "official_name": "Royal Bank of Canada",
        "opening_hours": "Mo-Th 09:30-17:00; Fr 09:30-18:00; PH off",
        "website": "https://www.rbcroyalbank.com/",
        "wheelchair": "yes"
      },
      "geometry": {
        "type": "Point",
        "coordinates": [
          -79.3877875,
          43.6546864
        ]
      },
      "id": "node/42606800"
    },
    {
      "type": "Feature",
      "properties": {
        "@id": "node/48553584",
        "amenity": "bank",
        "brand": "RBC",
        "brand:en": "RBC Royal Bank",
        "brand:fr": "RBC Banque Royale",
        "brand:wikidata": "Q735261",
        "brand:wikipedia": "en:Royal Bank of Canada",
        "check_date": "2026-01-10",
        "name": "RBC Royal Bank",
        "name:en": "RBC Royal Bank",
        "name:fr": "RBC Banque Royale",
        "official_name": "Royal Bank of Canada",
        "wheelchair": "yes"
      },
      "geometry": {
        "type": "Point",
        "coordinates": [
          -79.3451373,
          43.6790726
        ]
      },
      "id": "node/48553584"
    },
    {
      "type": "Feature",
      "properties": {
        "@id": "node/48553736",
        "amenity": "bank",
        "brand": "National Bank",
        "brand:en": "National Bank",
        "brand:fr": "Banque Nationale",
        "brand:wikidata": "Q634298",
        "brand:wikipedia": "en:National Bank of Canada",
        "check_date": "2026-01-10",
        "name": "National Bank",
        "name:en": "National Bank",
        "name:fr": "Banque Nationale",
        "official_name": "National Bank of Canada",
        "official_name:en": "National Bank of Canada",
        "official_name:fr": "Banque Nationale du Canada"
      },
      "geometry": {
        "type": "Point",
        "coordinates": [
          -79.3454414,
          43.6786785
        ]
      },
      "id": "node/48553736"
    },
    {
      "type": "Feature",
      "properties": {
        "@id": "node/53542712",
        "alt_name": "TD Canada Trust",
        "amenity": "bank",
        "brand": "TD",
        "brand:wikidata": "Q1080670",
        "brand:wikipedia": "en:TD Canada Trust",
        "name": "TD",
        "website": "https://www.tdcanadatrust.com/"
      },
      "geometry": {
        "type": "Point",
        "coordinates": [
          -79.3818522,
          43.65166
        ]
      },
      "id": "node/53542712"
    },
    {
      "type": "Feature",
      "properties": {
        "@id": "way/56201904",
        "amenity": "bank",
        "brand": "Scotiabank",
        "brand:wikidata": "Q451476",
        "brand:wikipedia": "en:Scotiabank",
        "building": "retail",
        "building:colour": "red",
        "building:levels": "1",
        "building:material": "brick",
        "name": "Scotiabank",
        "@geometry": "center"
      },
      "geometry": {
        "type": "Point",
        "coordinates": [
          -79.2853891,
          43.7478412
        ]
      },
      "id": "way/56201904"
    },
    {
      "type": "Feature",
      "properties": {
        "@id": "way/56525381",
        "addr:housenumber": "2346",
        "addr:street": "Yonge Street",
        "amenity": "bank",
        "brand": "RBC",
        "brand:en": "RBC Royal Bank",
        "brand:fr": "RBC Banque Royale",
        "brand:wikidata": "Q735261",
        "brand:wikipedia": "en:Royal Bank of Canada",
        "building": "retail",
        "building:levels": "2",
        "check_date": "2026-07-06",
        "name": "RBC",
        "name:en": "RBC Royal Bank",
        "name:fr": "RBC Banque Royale",
        "official_name": "Royal Bank of Canada",
        "opening_hours": "Mo-We 08:00-18:00; Th 08:00-20:00; Fr 08:00-18:00; Sa 09:00-16:00; Su off",
        "operator": "RBC",
        "source": "yahoo",
        "wheelchair": "yes",
        "@geometry": "center"
      },
      "geometry": {
        "type": "Point",
        "coordinates": [
          -79.3991124,
          43.7083303
        ]
      },
      "id": "way/56525381"
    },
    {
      "type": "Feature",
      "properties": {
        "@id": "way/58559261",
        "addr:city": "Etobicoke",
        "addr:housenumber": "1580",
        "addr:street": "The Queensway",
        "amenity": "bank",
        "brand": "CIBC",
        "brand:wikidata": "Q666694",
        "brand:wikipedia": "en:Canadian Imperial Bank of Commerce",
        "building": "retail",
        "building:colour": "beige",
        "building:levels": "2",
        "building:material": "brick",
        "check_date": "2026-06-23",
        "drive_through": "yes",
        "name": "CIBC",
        "operator": "CIBC",
        "@geometry": "center"
      },
      "geometry": {
        "type": "Point",
        "coordinates": [
          -79.5413999,
          43.6180626
        ]
      },
      "id": "way/58559261"
    },
    {
      "type": "Feature",
      "properties": {
        "@id": "way/58646442",
        "addr:housenumber": "1315",
        "addr:street": "The Queensway",
        "alt_name": "TD Canada Trust",
        "amenity": "bank",
        "brand": "TD",
        "brand:wikidata": "Q1080670",
        "brand:wikipedia": "en:TD Canada Trust",
        "building": "retail",
        "building:colour": "grey",
        "building:levels": "1",
        "check_date": "2026-06-28",
        "name": "TD",
        "opening_hours": "Mo-We 09:00-18:00; Th-Fr 09:00-20:00; Sa-Su off",
        "@geometry": "center"
      },
      "geometry": {
        "type": "Point",
        "coordinates": [
          -79.5269727,
          43.6204743
        ]
      },
      "id": "way/58646442"
    },
    {
      "type": "Feature",
      "properties": {
        "@id": "way/58849187",
        "addr:housenumber": "2038",
        "addr:street": "Kipling Avenue",
        "alt_name": "TD Canada Trust",
        "amenity": "bank",
        "brand": "TD",
        "brand:wikidata": "Q1080670",
        "brand:wikipedia": "en:TD Canada Trust",
        "building": "commercial",
        "building:levels": "1",
        "name": "TD",
        "@geometry": "center"
      },
      "geometry": {
        "type": "Point",
        "coordinates": [
          -79.5678734,
          43.712546
        ]
      },
      "id": "way/58849187"
    },
    {
      "type": "Feature",
      "properties": {
        "@id": "way/59252730",
        "addr:housenumber": "1048",
        "addr:street": "Islington Avenue",
        "alt_name": "TD Canada Trust",
        "amenity": "bank",
        "atm": "yes",
        "brand": "TD",
        "brand:wikidata": "Q1080670",
        "brand:wikipedia": "en:TD Canada Trust",
        "building": "retail",
        "building:colour": "red",
        "building:levels": "1",
        "building:material": "brick",
        "check_date": "2026-06-21",
        "name": "TD",
        "opening_hours": "Mo-Fr 09:00-18:00; Sa 09:00-16:00; Su off",
        "source": "yahoo",
        "@geometry": "center"
      },
      "geometry": {
        "type": "Point",
        "coordinates": [
          -79.5196359,
          43.6337772
        ]
      },
      "id": "way/59252730"
    },
    {
      "type": "Feature",
      "properties": {
        "@id": "node/60930914",
        "addr:city": "Toronto",
        "addr:housenumber": "165",
        "addr:street": "Avenue Road",
        "alt_name": "TD Canada Trust",
        "amenity": "bank",
        "brand": "TD",
        "brand:wikidata": "Q1080670",
        "brand:wikipedia": "en:TD Canada Trust",
        "name": "TD",
        "opendata:type": "104008",
        "opening_hours": "Mo-We 08:00-18:00; Th-Fr 08:00-20:00; Sa 08:00-16:00; Su off",
        "website": "https://www.tdcanadatrust.com/",
        "wheelchair": "yes"
      },
      "geometry": {
        "type": "Point",
        "coordinates": [
          -79.3963035,
          43.6746006
        ]
      },
      "id": "node/60930914"
    },
    {
      "type": "Feature",
      "properties": {
        "@id": "way/62358790",
        "amenity": "bank",
        "brand": "Scotiabank",
        "brand:wikidata": "Q451476",
        "brand:wikipedia": "en:Scotiabank",
        "building": "yes",
        "check_date": "2025-12-11",
        "name": "Scotiabank",
        "@geometry": "center"
      },
      "geometry": {
        "type": "Point",
        "coordinates": [
          -79.5432207,
          43.753777
        ]
      },
      "id": "way/62358790"
    },
    {
      "type": "Feature",
      "properties": {
        "@id": "way/62360018",
        "addr:housenumber": "1104",
        "addr:street": "Albion Road",
        "amenity": "bank",
        "brand": "RBC",
        "brand:en": "RBC Royal Bank",
        "brand:fr": "RBC Banque Royale",
        "brand:wikidata": "Q735261",
        "brand:wikipedia": "en:Royal Bank of Canada",
        "building": "retail",
        "building:colour": "beige",
        "building:levels": "2",
        "check_date": "2026-06-16",
        "name": "RBC",
        "name:en": "RBC Royal Bank",
        "name:fr": "RBC Banque Royale",
        "official_name": "Royal Bank of Canada",
        "@geometry": "center"
      },
      "geometry": {
        "type": "Point",
        "coordinates": [
          -79.5659265,
          43.737689
        ]
      },
      "id": "way/62360018"
    },
    {
      "type": "Feature",
      "properties": {
        "@id": "node/62574880",
        "addr:city": "Toronto",
        "addr:housenumber": "532",
        "addr:street": "Bloor Street West",
        "amenity": "bank",
        "brand": "CIBC",
        "brand:wikidata": "Q666694",
        "brand:wikipedia": "en:Canadian Imperial Bank of Commerce",
        "check_date": "2026-06-06",
        "name": "CIBC",
        "operator": "CIBC",
        "wheelchair": "yes"
      },
      "geometry": {
        "type": "Point",
        "coordinates": [
          -79.4110785,
          43.6652895
        ]
      },
      "id": "node/62574880"
    },
    {
      "type": "Feature",
      "properties": {
        "@id": "node/62574888",
        "addr:city": "Toronto",
        "addr:housenumber": "574",
        "addr:street": "Bloor Street West",
        "alt_name": "TD Canada Trust",
        "amenity": "bank",
        "brand": "TD",
        "brand:wikidata": "Q1080670",
        "brand:wikipedia": "en:TD Canada Trust",
        "check_date": "2026-06-06",
        "name": "TD",
        "opening_hours": "Mo-Fr 09:00-18:00; Sa 09:00-16:00",
        "operator": "TD Canada Trust",
        "operator:wikidata": "Q1080670",
        "website": "https://www.tdcanadatrust.com/",
        "wheelchair": "no"
      },
      "geometry": {
        "type": "Point",
        "coordinates": [
          -79.412109,
          43.6650617
        ]
      },
      "id": "node/62574888"
    },
    {
      "type": "Feature",
      "properties": {
        "@id": "way/66979967",
        "addr:city": "North York",
        "addr:housenumber": "3940",
        "addr:street": "Keele Street",
        "amenity": "bank",
        "brand": "CIBC",
        "brand:wikidata": "Q666694",
        "brand:wikipedia": "en:Canadian Imperial Bank of Commerce",
        "building": "retail",
        "building:colour": "red",
        "building:material": "brick",
        "name": "CIBC",
        "source": "yahoo",
        "@geometry": "center"
      },
      "geometry": {
        "type": "Point",
        "coordinates": [
          -79.4916224,
          43.7636686
        ]
      },
      "id": "way/66979967"
    },
    {
      "type": "Feature",
      "properties": {
        "@id": "way/73799493",
        "amenity": "bank",
        "atm": "yes",
        "brand": "RBC",
        "brand:en": "RBC Royal Bank",
        "brand:fr": "RBC Banque Royale",
        "brand:wikidata": "Q735261",
        "brand:wikipedia": "en:Royal Bank of Canada",
        "building": "retail",
        "check_date": "2025-12-11",
        "name": "RBC",
        "name:en": "RBC Royal Bank",
        "name:fr": "RBC Banque Royale",
        "official_name": "Royal Bank of Canada",
        "@geometry": "center"
      },
      "geometry": {
        "type": "Point",
        "coordinates": [
          -79.3537255,
          43.7935115
        ]
      },
      "id": "way/73799493"
    },
    {
      "type": "Feature",
      "properties": {
        "@id": "way/77754920",
        "addr:city": "Toronto",
        "addr:housenumber": "5080",
        "addr:street": "Sheppard Avenue East",
        "amenity": "bank",
        "brand": "CIBC",
        "brand:wikidata": "Q666694",
        "brand:wikipedia": "en:Canadian Imperial Bank of Commerce",
        "building": "yes",
        "name": "CIBC",
        "@geometry": "center"
      },
      "geometry": {
        "type": "Point",
        "coordinates": [
          -79.240577,
          43.7939145
        ]
      },
      "id": "way/77754920"
    },
    {
      "type": "Feature",
      "properties": {
        "@id": "way/90307995",
        "amenity": "bank",
        "atm": "yes",
        "brand": "CIBC",
        "brand:wikidata": "Q666694",
        "brand:wikipedia": "en:Canadian Imperial Bank of Commerce",
        "building": "retail",
        "building:levels": "1",
        "check_date": "2026-03-21",
        "drive_through": "yes",
        "name": "CIBC",
        "operator": "CIBC",
        "@geometry": "center"
      },
      "geometry": {
        "type": "Point",
        "coordinates": [
          -79.291698,
          43.7264745
        ]
      },
      "id": "way/90307995"
    },
    {
      "type": "Feature",
      "properties": {
        "@id": "way/105776077",
        "addr:city": "Toronto",
        "addr:housenumber": "2454",
        "addr:street": "Yonge Street",
        "amenity": "bank",
        "atm": "yes",
        "brand": "BMO",
        "brand:wikidata": "Q806693",
        "brand:wikipedia": "en:Bank of Montreal",
        "building": "retail",
        "check_date": "2026-04-30",
        "name": "BMO",
        "official_name": "Bank of Montreal",
        "opening_hours": "Mo-We 09:30-17:00; Th-Fr 09:30-19:00; Sa 09:30-16:00; Su off",
        "source": "Bing",
        "@geometry": "center"
      },
      "geometry": {
        "type": "Point",
        "coordinates": [
          -79.3996653,
          43.7110043
        ]
      },
      "id": "way/105776077"
    },
    {
      "type": "Feature",
      "properties": {
        "@id": "way/110166031",
        "addr:city": "Toronto",
        "addr:housenumber": "55",
        "addr:street": "King Street West",
        "alt_name": "TD Canada Trust",
        "amenity": "bank",
        "brand": "TD",
        "brand:wikidata": "Q1080670",
        "brand:wikipedia": "en:TD Canada Trust",
        "building": "office",
        "building:colour": "black",
        "building:levels": "1",
        "building:material": "glass",
        "name": "TD",
        "note": "This is the main branch of TD Canada Trust (this one building is a tall 1 story banking hall)",
        "roof:colour": "black",
        "roof:shape": "flat",
        "source": "survey",
        "wheelchair": "yes",
        "@geometry": "center"
      },
      "geometry": {
        "type": "Point",
        "coordinates": [
          -79.3807241,
          43.6481738
        ]
      },
      "id": "way/110166031"
    },
    {
      "type": "Feature",
      "properties": {
        "@id": "way/112757859",
        "addr:housenumber": "1435",
        "addr:street": "Queen Street West",
        "alt_name": "TD Canada Trust",
        "amenity": "bank",
        "atm": "yes",
        "brand": "TD",
        "brand:wikidata": "Q1080670",
        "brand:wikipedia": "en:TD Canada Trust",
        "building": "yes",
        "building:colour": "beige",
        "building:levels": "1",
        "check_date": "2026-06-21",
        "name": "TD",
        "opening_hours": "Mo-Fr 09:00-18:00; Sa 09:00-16:00; Su off",
        "source": "Bing",
        "website": "https://www.tdcanadatrust.com/",
        "@geometry": "center"
      },
      "geometry": {
        "type": "Point",
        "coordinates": [
          -79.4373604,
          43.6402437
        ]
      },
      "id": "way/112757859"
    },
    {
      "type": "Feature",
      "properties": {
        "@id": "way/112763181",
        "addr:city": "York",
        "addr:housenumber": "1151",
        "addr:street": "Weston Road",
        "amenity": "bank",
        "brand": "Scotiabank",
        "brand:wikidata": "Q451476",
        "brand:wikipedia": "en:Scotiabank",
        "building": "retail",
        "check_date": "2026-07-06",
        "name": "Scotiabank",
        "source": "Bing",
        "website": "http://www.scotiabank.com/",
        "@geometry": "center"
      },
      "geometry": {
        "type": "Point",
        "coordinates": [
          -79.489303,
          43.6873865
        ]
      },
      "id": "way/112763181"
    },
    {
      "type": "Feature",
      "properties": {
        "@id": "way/114364931",
        "addr:city": "Toronto",
        "amenity": "bank",
        "brand": "Scotiabank",
        "brand:wikidata": "Q451476",
        "brand:wikipedia": "en:Scotiabank",
        "building": "yes",
        "check_date": "2024-03-13",
        "name": "Scotiabank",
        "source": "Bing",
        "@geometry": "center"
      },
      "geometry": {
        "type": "Point",
        "coordinates": [
          -79.1860945,
          43.770763
        ]
      },
      "id": "way/114364931"
    },
    {
      "type": "Feature",
      "properties": {
        "@id": "way/115174719",
        "addr:city": "East York",
        "addr:housename": "Branch # 0255",
        "addr:housenumber": "1511",
        "addr:postcode": "M4G 2H5",
        "addr:street": "Bayview Avenue",
        "alt_name": "TD Canada Trust",
        "amenity": "bank",
        "atm": "yes",
        "brand": "TD",
        "brand:wikidata": "Q1080670",
        "brand:wikipedia": "en:TD Canada Trust",
        "building": "retail",
        "check_date": "2026-03-19",
        "designation": "Branch # 0255",
        "name": "TD",
        "source": "Bing",
        "website": "https://www.tdcanadatrust.com/",
        "wheelchair": "no",
        "@geometry": "center"
      },
      "geometry": {
        "type": "Point",
        "coordinates": [
          -79.3743161,
          43.7041384
        ]
      },
      "id": "way/115174719"
    },
    {
      "type": "Feature",
      "properties": {
        "@id": "node/118422310",
        "addr:housenumber": "180",
        "addr:street": "Dundas Street West",
        "alt_name": "TD Canada Trust",
        "amenity": "bank",
        "atm": "yes",
        "brand": "TD",
        "brand:wikidata": "Q1080670",
        "brand:wikipedia": "en:TD Canada Trust",
        "check_date": "2026-06-27",
        "drive_through": "no",
        "name": "TD"
      },
      "geometry": {
        "type": "Point",
        "coordinates": [
          -79.3862549,
          43.6553511
        ]
      },
      "id": "node/118422310"
    },
    {
      "type": "Feature",
      "properties": {
        "@id": "node/118422987",
        "addr:city": "Toronto",
        "addr:housenumber": "438",
        "addr:street": "University Avenue",
        "amenity": "bank",
        "atm": "yes",
        "brand": "BMO",
        "brand:wikidata": "Q806693",
        "brand:wikipedia": "en:Bank of Montreal",
        "check_date": "2026-06-07",
        "check_date:opening_hours": "2025-07-30",
        "drive_through": "no",
        "level": "0",
        "name": "BMO",
        "name:it": "BMO",
        "official_name": "Bank of Montreal",
        "opening_hours": "Mo-We 09:30-17:00; Th,Fr 09:30-18:00; Sa,Su off",
        "operator": "Bank of Montreal",
        "wheelchair": "yes"
      },
      "geometry": {
        "type": "Point",
        "coordinates": [
          -79.3886431,
          43.6546209
        ]
      },
      "id": "node/118422987"
    },
    {
      "type": "Feature",
      "properties": {
        "@id": "node/118423294",
        "addr:city": "Toronto",
        "addr:housenumber": "460",
        "addr:postcode": "M5G1V1",
        "addr:street": "University Avenue",
        "amenity": "bank",
        "atm": "yes",
        "brand": "CIBC",
        "brand:wikidata": "Q666694",
        "brand:wikipedia": "en:Canadian Imperial Bank of Commerce",
        "check_date": "2026-06-07",
        "drive_through": "no",
        "internet_access": "wlan",
        "internet_access:fee": "customers",
        "level": "0",
        "name": "CIBC",
        "opening_hours": "Mo-Fr 09:30-17:00",
        "opening_hours:drive_through": "Mo-Fr 09:30-16:00; Sa-Su off",
        "operator": "CIBC",
        "payment:cash": "yes",
        "payment:credit_cards": "yes",
        "payment:debit_cards": "yes",
        "phone": "+1 4169802260",
        "website": "https://www.cibc.com/en/personal-banking.html"
      },
      "geometry": {
        "type": "Point",
        "coordinates": [
          -79.3888261,
          43.6548789
        ]
      },
      "id": "node/118423294"
    },
    {
      "type": "Feature",
      "properties": {
        "@id": "way/130344006",
        "addr:city": "Toronto",
        "addr:housenumber": "4860",
        "addr:street": "Dundas Street West",
        "amenity": "bank",
        "branch": "Dundas & Burnhamthorpe",
        "brand": "RBC",
        "brand:en": "RBC Royal Bank",
        "brand:fr": "RBC Banque Royale",
        "brand:wikidata": "Q735261",
        "brand:wikipedia": "en:Royal Bank of Canada",
        "building": "retail",
        "building:levels": "1",
        "check_date": "2026-06-28",
        "name": "RBC",
        "name:en": "RBC Royal Bank",
        "name:fr": "RBC Banque Royale",
        "official_name": "Royal Bank of Canada",
        "opening_hours": "Mo-Th 09:30-17:00; Fr 09:30-18:00; Sa 09:00-16:00; Su off",
        "source": "Bing",
        "@geometry": "center"
      },
      "geometry": {
        "type": "Point",
        "coordinates": [
          -79.5278795,
          43.6501925
        ]
      },
      "id": "way/130344006"
    },
    {
      "type": "Feature",
      "properties": {
        "@id": "way/130506403",
        "addr:city": "Scarborough",
        "addr:housenumber": "4220",
        "addr:street": "Sheppard Avenue East",
        "amenity": "bank",
        "atm": "yes",
        "brand": "Scotiabank",
        "brand:wikidata": "Q451476",
        "brand:wikipedia": "en:Scotiabank",
        "building": "retail",
        "building:colour": "grey",
        "building:levels": "1",
        "check_date": "2026-03-21",
        "name": "Scotiabank",
        "website": "http://www.scotiabank.com/",
        "@geometry": "center"
      },
      "geometry": {
        "type": "Point",
        "coordinates": [
          -79.277715,
          43.7859905
        ]
      },
      "id": "way/130506403"
    },
    {
      "type": "Feature",
      "properties": {
        "@id": "way/135229350",
        "alt_name": "TD Canada Trust",
        "amenity": "bank",
        "brand": "TD",
        "brand:wikidata": "Q1080670",
        "brand:wikipedia": "en:TD Canada Trust",
        "building": "retail",
        "name": "TD",
        "website": "https://www.tdcanadatrust.com/",
        "wheelchair": "no",
        "@geometry": "center"
      },
      "geometry": {
        "type": "Point",
        "coordinates": [
          -79.3122435,
          43.705738
        ]
      },
      "id": "way/135229350"
    },
    {
      "type": "Feature",
      "properties": {
        "@id": "way/153301810",
        "addr:housenumber": "382",
        "addr:street": "Roncesvalles Avenue",
        "alt_name": "TD Canada Trust",
        "amenity": "bank",
        "atm": "yes",
        "brand": "TD",
        "brand:wikidata": "Q1080670",
        "brand:wikipedia": "en:TD Canada Trust",
        "building": "yes",
        "building:colour": "red",
        "building:levels": "2",
        "building:material": "brick",
        "check_date": "2025-05-12",
        "name": "TD",
        "opening_hours": "Mo-We 09:00-18:00; Th-Fr 09:00-20:00; Sa 09:00-16:00; Su off",
        "operator": "TD Canada Trust",
        "@geometry": "center"
      },
      "geometry": {
        "type": "Point",
        "coordinates": [
          -79.450941,
          43.6505682
        ]
      },
      "id": "way/153301810"
    },
    {
      "type": "Feature",
      "properties": {
        "@id": "node/158694452",
        "alt_name": "TD Canada Trust",
        "amenity": "bank",
        "atm": "yes",
        "brand": "TD",
        "brand:wikidata": "Q1080670",
        "brand:wikipedia": "en:TD Canada Trust",
        "check_date": "2026-06-27",
        "name": "TD",
        "opening_hours": "Mo-We 09:00-18:00, Th-Fr 09:00-20:00, Sa 09:00-16:00",
        "website": "https://www.tdcanadatrust.com/",
        "wheelchair": "yes"
      },
      "geometry": {
        "type": "Point",
        "coordinates": [
          -79.4206095,
          43.6494869
        ]
      },
      "id": "node/158694452"
    },
    {
      "type": "Feature",
      "properties": {
        "@id": "node/158694453",
        "addr:city": "Toronto",
        "addr:housenumber": "235",
        "addr:street": "Ossington Avenue",
        "amenity": "bank",
        "atm": "yes",
        "brand": "CIBC",
        "brand:wikidata": "Q666694",
        "brand:wikipedia": "en:Canadian Imperial Bank of Commerce",
        "check_date": "2026-06-27",
        "name": "CIBC",
        "opening_hours": "Mo-We 09:00-17:00, Th-Fr 09:00-19:00, Sa 09:00-16:00",
        "wheelchair": "yes"
      },
      "geometry": {
        "type": "Point",
        "coordinates": [
          -79.4205494,
          43.6492225
        ]
      },
      "id": "node/158694453"
    },
    {
      "type": "Feature",
      "properties": {
        "@id": "node/158713932",
        "amenity": "bank",
        "atm": "yes",
        "brand": "CIBC",
        "brand:wikidata": "Q666694",
        "brand:wikipedia": "en:Canadian Imperial Bank of Commerce",
        "check_date": "2024-08-26",
        "name": "CIBC"
      },
      "geometry": {
        "type": "Point",
        "coordinates": [
          -79.4200684,
          43.682619
        ]
      },
      "id": "node/158713932"
    },
    {
      "type": "Feature",
      "properties": {
        "@id": "way/161835414",
        "addr:housenumber": "396",
        "addr:postcode": "M5T 1G7",
        "addr:street": "Dundas Street West",
        "amenity": "bank",
        "atm": "yes",
        "branch": "Toronto Downtown Branch",
        "branch:zh": "多伦多中区分行",
        "brand": "BOC",
        "brand:wikidata": "Q790068",
        "brand:wikipedia": "en:Bank of China",
        "building": "yes",
        "check_date": "2026-06-27",
        "email": "tdb@bankofchina.ca",
        "fax": "+1-416-971-6551",
        "level": "0",
        "name": "BOC",
        "name:zh": "中国银行（加拿大）",
        "official_name": "Bank of China",
        "opening_hours": "Mo-Fr 10:00-16:30; Sa-Su,PH off",
        "phone": "+1-416-971-8806",
        "source:addr": "City of Toronto Open Data",
        "source:geometry": "Bing",
        "website": "https://www.bankofchina.com/ca/en/aboutus/ab5/201111/t20111128_3123911.html",
        "@geometry": "center"
      },
      "geometry": {
        "type": "Point",
        "coordinates": [
          -79.3948829,
          43.6538455
        ]
      },
      "id": "way/161835414"
    },
    {
      "type": "Feature",
      "properties": {
        "@id": "way/163637937",
        "addr:city": "Toronto",
        "addr:housename": "CIBC",
        "addr:housenumber": "2161",
        "addr:street": "St. Clair Avenue West",
        "amenity": "bank",
        "brand": "CIBC",
        "brand:wikidata": "Q666694",
        "brand:wikipedia": "en:Canadian Imperial Bank of Commerce",
        "building": "retail",
        "building:levels": "1",
        "check_date": "2025-07-12",
        "name": "CIBC",
        "phone": "+1-416-762-7522",
        "source": "Bing",
        "@geometry": "center"
      },
      "geometry": {
        "type": "Point",
        "coordinates": [
          -79.4741503,
          43.6707918
        ]
      },
      "id": "way/163637937"
    },
    {
      "type": "Feature",
      "properties": {
        "@id": "way/168798726",
        "addr:city": "Etobicoke",
        "addr:housenumber": "689",
        "addr:street": "Evans Avenue",
        "alt_name": "TD Canada Trust",
        "amenity": "bank",
        "atm": "yes",
        "brand": "TD",
        "brand:wikidata": "Q1080670",
        "brand:wikipedia": "en:TD Canada Trust",
        "building": "retail",
        "building:levels": "1",
        "check_date": "2026-06-14",
        "drive_through": "yes",
        "name": "TD",
        "opendata:type": "114001",
        "opening_hours": "Mo-Fr 08:00-20:00; Sa 08:00-16:00; Su off",
        "source": "Bing",
        "@geometry": "center"
      },
      "geometry": {
        "type": "Point",
        "coordinates": [
          -79.5566667,
          43.6085351
        ]
      },
      "id": "way/168798726"
    },
    {
      "type": "Feature",
      "properties": {
        "@id": "way/174765745",
        "addr:city": "Etobicoke",
        "addr:housenumber": "2194",
        "addr:street": "Lake Shore Boulevard West",
        "amenity": "bank",
        "atm": "yes",
        "brand": "BMO",
        "brand:wikidata": "Q806693",
        "brand:wikipedia": "en:Bank of Montreal",
        "building": "yes",
        "check_date": "2025-07-21",
        "name": "BMO",
        "official_name": "Bank of Montreal",
        "opendata:type": "104008",
        "@geometry": "center"
      },
      "geometry": {
        "type": "Point",
        "coordinates": [
          -79.4814569,
          43.6233899
        ]
      },
      "id": "way/174765745"
    },
    {
      "type": "Feature",
      "properties": {
        "@id": "way/177052273",
        "addr:city": "Etobicoke",
        "addr:housenumber": "2251",
        "addr:street": "Islington Avenue",
        "amenity": "bank",
        "brand": "Scotiabank",
        "brand:wikidata": "Q451476",
        "brand:wikipedia": "en:Scotiabank",
        "building": "retail",
        "building:colour": "beige",
        "building:levels": "1",
        "check_date": "2026-03-22",
        "name": "Scotiabank",
        "opendata:type": "104008",
        "source": "Bing",
        "website": "http://www.scotiabank.com/",
        "@geometry": "center"
      },
      "geometry": {
        "type": "Point",
        "coordinates": [
          -79.5548025,
          43.7153674
        ]
      },
      "id": "way/177052273"
    },
    {
      "type": "Feature",
      "properties": {
        "@id": "way/179179462",
        "addr:city": "Toronto",
        "amenity": "bank",
        "brand": "HSBC",
        "brand:wikidata": "Q190464",
        "brand:wikipedia": "en:HSBC",
        "building": "retail",
        "building:colour": "grey",
        "building:levels": "1",
        "name": "HSBC",
        "source": "Bing",
        "website": "https://www.hsbc.ca/",
        "@geometry": "center"
      },
      "geometry": {
        "type": "Point",
        "coordinates": [
          -79.2516995,
          43.8358945
        ]
      },
      "id": "way/179179462"
    },
    {
      "type": "Feature",
      "properties": {
        "@id": "way/179179675",
        "addr:city": "Toronto",
        "amenity": "bank",
        "brand": "Scotiabank",
        "brand:wikidata": "Q451476",
        "brand:wikipedia": "en:Scotiabank",
        "building": "retail",
        "name": "Scotiabank",
        "source": "Bing",
        "website": "http://www.scotiabank.com/",
        "@geometry": "center"
      },
      "geometry": {
        "type": "Point",
        "coordinates": [
          -79.253242,
          43.835831
        ]
      },
      "id": "way/179179675"
    },
    {
      "type": "Feature",
      "properties": {
        "@id": "way/179179677",
        "addr:city": "Toronto",
        "addr:housenumber": "6023",
        "addr:street": "Steeles Avenue East",
        "amenity": "bank",
        "brand": "BMO",
        "brand:wikidata": "Q806693",
        "brand:wikipedia": "en:Bank of Montreal",
        "building": "retail",
        "building:colour": "beige",
        "building:levels": "1",
        "name": "BMO",
        "official_name": "Bank of Montreal",
        "source": "Bing",
        "website": "http://www.bmo.com/",
        "@geometry": "center"
      },
      "geometry": {
        "type": "Point",
        "coordinates": [
          -79.252192,
          43.836076
        ]
      },
      "id": "way/179179677"
    },
    {
      "type": "Feature",
      "properties": {
        "@id": "way/180683125",
        "addr:city": "Etobicoke",
        "addr:housenumber": "2472",
        "addr:postcode": "M8V 1C9",
        "addr:province": "ON",
        "addr:street": "Lake Shore Boulevard West",
        "alt_name": "TD Canada Trust",
        "amenity": "bank",
        "atm": "yes",
        "brand": "TD",
        "brand:wikidata": "Q1080670",
        "brand:wikipedia": "en:TD Canada Trust",
        "building": "retail",
        "building:colour": "red",
        "building:levels": "1",
        "building:material": "brick",
        "drive_through": "no",
        "name": "TD",
        "opening_hours": "Mo-Fr 09:00-18:00; Sa 09:00-16:00",
        "wheelchair": "no",
        "@geometry": "center"
      },
      "geometry": {
        "type": "Point",
        "coordinates": [
          -79.4899917,
          43.6132075
        ]
      },
      "id": "way/180683125"
    },
    {
      "type": "Feature",
      "properties": {
        "@id": "way/184486986",
        "addr:housenumber": "501",
        "addr:postcode": "M5T 1H1",
        "addr:street": "Dundas Street West",
        "amenity": "bank",
        "brand": "National Bank",
        "brand:en": "National Bank",
        "brand:fr": "Banque Nationale",
        "brand:wikidata": "Q634298",
        "brand:wikipedia": "en:National Bank of Canada",
        "building": "yes",
        "building:levels": "1",
        "check_date": "2026-06-21",
        "fax": "+1-416-977-5705",
        "name": "National Bank",
        "name:en": "National Bank",
        "name:fr": "Banque Nationale",
        "official_name": "National Bank of Canada",
        "official_name:en": "National Bank of Canada",
        "official_name:fr": "Banque Nationale du Canada",
        "phone": "+1-416-977-6812",
        "website": "https://locator.nbc.ca/banking-solutions/on/toronto/501-dundas-st-west",
        "@geometry": "center"
      },
      "geometry": {
        "type": "Point",
        "coordinates": [
          -79.3976592,
          43.6528615
        ]
      },
      "id": "way/184486986"
    },
    {
      "type": "Feature",
      "properties": {
        "@id": "way/184488589",
        "addr:housenumber": "468",
        "addr:street": "Dundas Street West",
        "amenity": "bank",
        "atm": "yes",
        "branch": "Chinatown",
        "brand": "RBC",
        "brand:en": "RBC Royal Bank",
        "brand:fr": "RBC Banque Royale",
        "brand:wikidata": "Q735261",
        "building": "retail",
        "check_date": "2026-06-21",
        "level": "0",
        "name": "RBC Royal Bank",
        "name:en": "RBC Royal Bank",
        "name:fr": "RBC Banque Royale",
        "official_name": "Royal Bank of Canada",
        "opening_hours": "Mo-We 09:30-17:00; Th 09:30-20:00; Fr 09:30-18:00; Sa 09:00-16:00; Su off",
        "phone": "+1-416-974-5580",
        "source": "Bing",
        "website": "https://maps.rbcroyalbank.com/ON-TORONTO-branch-6752",
        "@geometry": "center"
      },
      "geometry": {
        "type": "Point",
        "coordinates": [
          -79.3967301,
          43.6533639
        ]
      },
      "id": "way/184488589"
    },
    {
      "type": "Feature",
      "properties": {
        "@id": "way/185127238",
        "addr:city": "Toronto",
        "amenity": "bank",
        "atm": "yes",
        "brand": "TD Canada Trust",
        "brand:wikidata": "Q1080670",
        "brand:wikipedia": "en:TD Canada Trust",
        "building": "retail",
        "check_date": "2025-06-08",
        "drive_through": "yes",
        "name": "TD Canada Trust",
        "@geometry": "center"
      },
      "geometry": {
        "type": "Point",
        "coordinates": [
          -79.2693933,
          43.7884747
        ]
      },
      "id": "way/185127238"
    },
    {
      "type": "Feature",
      "properties": {
        "@id": "way/188692246",
        "addr:city": "Toronto",
        "addr:housenumber": "3446",
        "addr:postcode": "M4N 2N2",
        "addr:street": "Yonge Street",
        "amenity": "bank",
        "atm": "yes",
        "brand": "Scotiabank",
        "brand:wikidata": "Q451476",
        "brand:wikipedia": "en:Scotiabank",
        "building": "yes",
        "check_date": "2026-05-21",
        "drive_through": "no",
        "name": "Scotiabank",
        "operator": "The Bank of Nova Scotia",
        "phone": "+1-416-485-7617",
        "source": "Bing",
        "website": "http://www.scotiabank.com/",
        "@geometry": "center"
      },
      "geometry": {
        "type": "Point",
        "coordinates": [
          -79.4050385,
          43.7340175
        ]
      },
      "id": "way/188692246"
    },
    {
      "type": "Feature",
      "properties": {
        "@id": "way/201704457",
        "amenity": "bank",
        "brand": "CIBC",
        "brand:wikidata": "Q666694",
        "brand:wikipedia": "en:Canadian Imperial Bank of Commerce",
        "building": "retail",
        "building:levels": "1",
        "name": "CIBC",
        "source": "Bing",
        "@geometry": "center"
      },
      "geometry": {
        "type": "Point",
        "coordinates": [
          -79.4654757,
          43.7589725
        ]
      },
      "id": "way/201704457"
    },
    {
      "type": "Feature",
      "properties": {
        "@id": "way/203172000",
        "addr:city": "East York",
        "addr:housenumber": "97",
        "addr:street": "Laird Drive",
        "amenity": "bank",
        "atm": "yes",
        "brand": "CIBC",
        "brand:wikidata": "Q666694",
        "brand:wikipedia": "en:Canadian Imperial Bank of Commerce",
        "building": "yes",
        "check_date": "2026-04-26",
        "name": "CIBC",
        "@geometry": "center"
      },
      "geometry": {
        "type": "Point",
        "coordinates": [
          -79.3614672,
          43.7063848
        ]
      },
      "id": "way/203172000"
    },
    {
      "type": "Feature",
      "properties": {
        "@id": "way/207635867",
        "addr:city": "Etobicoke",
        "addr:housenumber": "5322",
        "addr:street": "Dundas Street West",
        "amenity": "bank",
        "brand": "RBC",
        "brand:en": "RBC Royal Bank",
        "brand:fr": "RBC Banque Royale",
        "brand:wikidata": "Q735261",
        "brand:wikipedia": "en:Royal Bank of Canada",
        "building": "retail",
        "building:colour": "beige",
        "building:levels": "1",
        "check_date": "2026-06-23",
        "drive_through": "yes",
        "name": "RBC",
        "name:en": "RBC Royal Bank",
        "name:fr": "RBC Banque Royale",
        "official_name": "Royal Bank of Canada",
        "opendata:type": "115001",
        "opening_hours": "Mo-We 09:30-17:00; Th 09:30-20:00; Fr 09:30-18:00; Sa-Su off",
        "@geometry": "center"
      },
      "geometry": {
        "type": "Point",
        "coordinates": [
          -79.5414134,
          43.635459
        ]
      },
      "id": "way/207635867"
    },
    {
      "type": "Feature",
      "properties": {
        "@id": "node/207715089",
        "addr:housenumber": "268",
        "addr:street": "College Street",
        "amenity": "bank",
        "atm": "yes",
        "brand": "CIBC",
        "brand:wikidata": "Q666694",
        "brand:wikipedia": "en:Canadian Imperial Bank of Commerce",
        "check_date": "2025-05-25",
        "check_date:opening_hours": "2025-04-17",
        "name": "CIBC",
        "opening_hours": "Mo-Fr 09:30-17:00",
        "operator": "CIBC"
      },
      "geometry": {
        "type": "Point",
        "coordinates": [
          -79.4004508,
          43.6581003
        ]
      },
      "id": "node/207715089"
    },
    {
      "type": "Feature",
      "properties": {
        "@id": "node/209248235",
        "addr:city": "Toronto",
        "addr:housenumber": "10",
        "addr:street": "St. Clair Avenue West",
        "amenity": "bank",
        "atm": "yes",
        "brand": "RBC",
        "brand:en": "RBC Royal Bank",
        "brand:fr": "RBC Banque Royale",
        "brand:wikidata": "Q735261",
        "brand:wikipedia": "en:Royal Bank of Canada",
        "check_date": "2024-09-10",
        "name": "RBC",
        "name:en": "RBC Royal Bank",
        "name:fr": "RBC Banque Royale",
        "official_name": "Royal Bank of Canada",
        "phone": "+1-416-974-7840",
        "store_name": "St. Clair & Yonge"
      },
      "geometry": {
        "type": "Point",
        "coordinates": [
          -79.3952113,
          43.688064
        ]
      },
      "id": "node/209248235"
    },
    {
      "type": "Feature",
      "properties": {
        "@id": "node/209248239",
        "amenity": "bank",
        "atm": "yes",
        "brand": "Scotiabank",
        "brand:wikidata": "Q451476",
        "brand:wikipedia": "en:Scotiabank",
        "check_date": "2026-05-26",
        "name": "Scotiabank",
        "website": "http://www.scotiabank.com/"
      },
      "geometry": {
        "type": "Point",
        "coordinates": [
          -79.3938392,
          43.6879606
        ]
      },
      "id": "node/209248239"
    },
    {
      "type": "Feature",
      "properties": {
        "@id": "way/210834421",
        "addr:city": "Toronto",
        "addr:housenumber": "2219",
        "addr:street": "Bloor Street West",
        "amenity": "bank",
        "atm": "yes",
        "brand": "CIBC",
        "brand:wikidata": "Q666694",
        "brand:wikipedia": "en:Canadian Imperial Bank of Commerce",
        "building": "retail",
        "building:levels": "2",
        "check_date": "2026-05-30",
        "name": "CIBC",
        "@geometry": "center"
      },
      "geometry": {
        "type": "Point",
        "coordinates": [
          -79.476,
          43.6510021
        ]
      },
      "id": "way/210834421"
    },
    {
      "type": "Feature",
      "properties": {
        "@id": "way/214981755",
        "addr:housenumber": "475",
        "addr:street": "Renforth Drive",
        "amenity": "bank",
        "atm": "yes",
        "brand": "Scotiabank",
        "brand:wikidata": "Q451476",
        "brand:wikipedia": "en:Scotiabank",
        "building": "retail",
        "building:levels": "1",
        "name": "Scotiabank",
        "opening_hours": "Mo-Fr 09:30-17:00",
        "@geometry": "center"
      },
      "geometry": {
        "type": "Point",
        "coordinates": [
          -79.5790967,
          43.65123
        ]
      },
      "id": "way/214981755"
    },
    {
      "type": "Feature",
      "properties": {
        "@id": "way/215515072",
        "addr:city": "York",
        "addr:housenumber": "2555",
        "addr:street": "St. Clair Avenue West",
        "alt_name": "TD Canada Trust",
        "amenity": "bank",
        "atm": "yes",
        "brand": "TD",
        "brand:wikidata": "Q1080670",
        "brand:wikipedia": "en:TD Canada Trust",
        "building": "retail",
        "building:colour": "beige",
        "building:levels": "1",
        "check_date": "2025-07-12",
        "drive_through": "yes",
        "name": "TD",
        "opening_hours": "Mo-We 09:00-18:00; Th-Fr 09:00-20:00; Sa 09:00-16:00; Su off",
        "website": "https://www.tdcanadatrust.com/",
        "wheelchair": "no",
        "@geometry": "center"
      },
      "geometry": {
        "type": "Point",
        "coordinates": [
          -79.4872065,
          43.667912
        ]
      },
      "id": "way/215515072"
    },
    {
      "type": "Feature",
      "properties": {
        "@id": "way/226176261",
        "addr:city": "Scarborough",
        "addr:housenumber": "673",
        "addr:street": "Warden Avenue",
        "alt_name": "TD Canada Trust",
        "amenity": "bank",
        "atm": "yes",
        "brand": "TD",
        "brand:wikidata": "Q1080670",
        "brand:wikipedia": "en:TD Canada Trust",
        "building": "retail",
        "building:levels": "1",
        "drive_through": "yes",
        "name": "TD",
        "opening_hours": "Mo-We 08:00-20:00; Th-Fr 08:00-20:00; Sa 08:00-16:00; Su off",
        "website": "https://www.tdcanadatrust.com/",
        "@geometry": "center"
      },
      "geometry": {
        "type": "Point",
        "coordinates": [
          -79.2779735,
          43.705493
        ]
      },
      "id": "way/226176261"
    },
    {
      "type": "Feature",
      "properties": {
        "@id": "way/226326868",
        "addr:housenumber": "5290",
        "addr:postcode": "M2N 5P9",
        "addr:street": "Yonge Street",
        "alt_name": "DUCA Financial Services Credit Union - Willowdale",
        "amenity": "bank",
        "atm": "yes",
        "building": "office",
        "building:levels": "2",
        "check_date": "2025-12-13",
        "drive_through": "no",
        "name": "DUCA",
        "opening_hours": "Mo-Fr 09:30-17:00",
        "website": "https://www.duca.com/",
        "@geometry": "center"
      },
      "geometry": {
        "type": "Point",
        "coordinates": [
          -79.4140882,
          43.7722404
        ]
      },
      "id": "way/226326868"
    },
    {
      "type": "Feature",
      "properties": {
        "@id": "way/229233839",
        "addr:city": "North York",
        "addr:housenumber": "1635",
        "addr:street": "Avenue Road",
        "amenity": "bank",
        "brand": "RBC",
        "brand:en": "RBC Royal Bank",
        "brand:fr": "RBC Banque Royale",
        "brand:wikidata": "Q735261",
        "brand:wikipedia": "en:Royal Bank of Canada",
        "building": "retail",
        "building:colour": "grey",
        "building:levels": "1",
        "name": "RBC Royal Bank",
        "name:en": "RBC Royal Bank",
        "name:fr": "RBC Banque Royale",
        "official_name": "Royal Bank of Canada",
        "opendata:type": "104008",
        "roof:shape": "flat",
        "@geometry": "center"
      },
      "geometry": {
        "type": "Point",
        "coordinates": [
          -79.4167116,
          43.7260815
        ]
      },
      "id": "way/229233839"
    },
    {
      "type": "Feature",
      "properties": {
        "@id": "way/229233843",
        "addr:housenumber": "1590",
        "addr:street": "Avenue Road",
        "amenity": "bank",
        "brand": "National Bank",
        "brand:en": "National Bank",
        "brand:fr": "Banque Nationale",
        "brand:wikidata": "Q634298",
        "brand:wikipedia": "en:National Bank of Canada",
        "building": "retail",
        "name": "National Bank",
        "name:en": "National Bank",
        "name:fr": "Banque Nationale",
        "official_name": "National Bank of Canada",
        "official_name:en": "National Bank of Canada",
        "official_name:fr": "Banque Nationale du Canada",
        "@geometry": "center"
      },
      "geometry": {
        "type": "Point",
        "coordinates": [
          -79.4168905,
          43.7246585
        ]
      },
      "id": "way/229233843"
    },
    {
      "type": "Feature",
      "properties": {
        "@id": "way/229233844",
        "addr:city": "North York",
        "addr:housenumber": "1623",
        "addr:street": "Avenue Road",
        "amenity": "bank",
        "brand": "CIBC",
        "brand:wikidata": "Q666694",
        "brand:wikipedia": "en:Canadian Imperial Bank of Commerce",
        "building": "retail",
        "building:colour": "white",
        "building:levels": "1",
        "name": "CIBC",
        "opendata:type": "112001",
        "@geometry": "center"
      },
      "geometry": {
        "type": "Point",
        "coordinates": [
          -79.416657,
          43.7257152
        ]
      },
      "id": "way/229233844"
    },
    {
      "type": "Feature",
      "properties": {
        "@id": "way/230168360",
        "addr:city": "North York",
        "addr:housenumber": "1859",
        "addr:street": "Leslie Street",
        "amenity": "bank",
        "brand": "BMO",
        "brand:wikidata": "Q806693",
        "brand:wikipedia": "en:Bank of Montreal",
        "building": "retail",
        "building:colour": "beige",
        "building:levels": "1",
        "building:material": "brick",
        "name": "BMO",
        "official_name": "Bank of Montreal",
        "opening_hours": "Mo-We 09:30-17:00; Th,Fr 09:30-19:00; Sa 09:30-16:00; Su off",
        "@geometry": "center"
      },
      "geometry": {
        "type": "Point",
        "coordinates": [
          -79.3591589,
          43.7545395
        ]
      },
      "id": "way/230168360"
    },
    {
      "type": "Feature",
      "properties": {
        "@id": "way/234058579",
        "amenity": "bank",
        "brand": "RBC",
        "brand:en": "RBC Royal Bank",
        "brand:fr": "RBC Banque Royale",
        "brand:wikidata": "Q735261",
        "brand:wikipedia": "en:Royal Bank of Canada",
        "building": "retail",
        "building:colour": "beige",
        "building:levels": "1",
        "check_date": "2026-02-28",
        "name": "RBC Royal Bank",
        "name:en": "RBC Royal Bank",
        "name:fr": "RBC Banque Royale",
        "official_name": "Royal Bank of Canada",
        "@geometry": "center"
      },
      "geometry": {
        "type": "Point",
        "coordinates": [
          -79.5988704,
          43.7230694
        ]
      },
      "id": "way/234058579"
    },
    {
      "type": "Feature",
      "properties": {
        "@id": "way/240406951",
        "alt_name": "TD Canada Trust",
        "amenity": "bank",
        "brand": "TD",
        "brand:wikidata": "Q1080670",
        "brand:wikipedia": "en:TD Canada Trust",
        "building": "yes",
        "building:colour": "red",
        "building:levels": "2",
        "building:material": "brick",
        "name": "TD",
        "old_name": "The Dominion Bank",
        "opening_hours": "Mo-Fr 09:00-18:00; Sa 09:00-16:00",
        "website": "https://www.tdcanadatrust.com/",
        "wheelchair": "yes",
        "@geometry": "center"
      },
      "geometry": {
        "type": "Point",
        "coordinates": [
          -79.3771773,
          43.6724897
        ]
      },
      "id": "way/240406951"
    },
    {
      "type": "Feature",
      "properties": {
        "@id": "node/240433358",
        "alt_name": "TD Canada Trust",
        "amenity": "bank",
        "brand": "TD",
        "brand:wikidata": "Q1080670",
        "brand:wikipedia": "en:TD Canada Trust",
        "name": "TD",
        "website": "https://www.tdcanadatrust.com/",
        "wheelchair": "no"
      },
      "geometry": {
        "type": "Point",
        "coordinates": [
          -79.390951,
          43.6799847
        ]
      },
      "id": "node/240433358"
    },
    {
      "type": "Feature",
      "properties": {
        "@id": "node/244885465",
        "addr:city": "Toronto",
        "addr:housenumber": "747",
        "addr:postcode": "M6G 1C5",
        "addr:street": "College Street",
        "amenity": "bank",
        "brand": "National Bank",
        "brand:en": "National Bank",
        "brand:fr": "Banque Nationale",
        "brand:wikidata": "Q634298",
        "brand:wikipedia": "en:National Bank of Canada",
        "name": "National Bank",
        "name:en": "National Bank",
        "name:fr": "Banque Nationale",
        "official_name": "National Bank of Canada",
        "official_name:en": "National Bank of Canada",
        "official_name:fr": "Banque Nationale du Canada",
        "opening_hours": "Mo-We 10:00-17:00; Sa 10:00-15:00; Th 10:00-18:00; Fr 10:00-16:00",
        "phone": "+1-416-537-3182",
        "wheelchair": "yes"
      },
      "geometry": {
        "type": "Point",
        "coordinates": [
          -79.4198243,
          43.6548046
        ]
      },
      "id": "node/244885465"
    },
    {
      "type": "Feature",
      "properties": {
        "@id": "node/245020010",
        "addr:city": "Toronto",
        "addr:housenumber": "568",
        "addr:postcode": "M6G 1B3",
        "addr:street": "College Street",
        "amenity": "bank",
        "brand": "BMO",
        "brand:wikidata": "Q806693",
        "brand:wikipedia": "en:Bank of Montreal",
        "name": "BMO",
        "official_name": "Bank of Montreal",
        "phone": "+1-416-534-8441",
        "wheelchair": "yes"
      },
      "geometry": {
        "type": "Point",
        "coordinates": [
          -79.4128022,
          43.6555594
        ]
      },
      "id": "node/245020010"
    },
    {
      "type": "Feature",
      "properties": {
        "@id": "node/245022492",
        "addr:city": "Toronto",
        "addr:housenumber": "1102",
        "addr:street": "Dundas Street West",
        "amenity": "bank",
        "brand": "BMO",
        "brand:wikidata": "Q806693",
        "brand:wikipedia": "en:Bank of Montreal",
        "check_date": "2026-06-27",
        "name": "BMO",
        "official_name": "Bank of Montreal",
        "opening_hours": "Mo-We 09:00-17:00, Th-Fr 09:00-19:00, Sa 09:00-16:00",
        "wheelchair": "limited"
      },
      "geometry": {
        "type": "Point",
        "coordinates": [
          -79.4197417,
          43.649652
        ]
      },
      "id": "node/245022492"
    },
    {
      "type": "Feature",
      "properties": {
        "@id": "way/246690895",
        "addr:city": "Toronto",
        "addr:housenumber": "3115",
        "addr:street": "Kingston Road",
        "alt_name": "TD Canada Trust",
        "amenity": "bank",
        "brand": "TD",
        "brand:wikidata": "Q1080670",
        "brand:wikipedia": "en:TD Canada Trust",
        "building": "retail",
        "building:levels": "1",
        "drive_through": "yes",
        "name": "TD",
        "opendata:type": "112001",
        "roof:colour": "brown",
        "wheelchair": "yes",
        "@geometry": "center"
      },
      "geometry": {
        "type": "Point",
        "coordinates": [
          -79.2292555,
          43.727458
        ]
      },
      "id": "way/246690895"
    },
    {
      "type": "Feature",
      "properties": {
        "@id": "node/246694245",
        "alt_name": "TD Canada Trust",
        "amenity": "bank",
        "atm": "yes",
        "atm:capacity": "4",
        "brand": "TD",
        "brand:wikidata": "Q1080670",
        "brand:wikipedia": "en:TD Canada Trust",
        "level": "0",
        "name": "TD",
        "website": "https://www.tdcanadatrust.com/",
        "wheelchair": "yes"
      },
      "geometry": {
        "type": "Point",
        "coordinates": [
          -79.3849397,
          43.6608087
        ]
      },
      "id": "node/246694245"
    },
    {
      "type": "Feature",
      "properties": {
        "@id": "node/246694246",
        "amenity": "bank",
        "brand": "CIBC",
        "brand:wikidata": "Q666694",
        "brand:wikipedia": "en:Canadian Imperial Bank of Commerce",
        "check_date": "2023-07-19",
        "name": "CIBC",
        "operator": "CIBC"
      },
      "geometry": {
        "type": "Point",
        "coordinates": [
          -79.3859841,
          43.6605979
        ]
      },
      "id": "node/246694246"
    },
    {
      "type": "Feature",
      "properties": {
        "@id": "node/246694247",
        "addr:city": "Toronto",
        "addr:housenumber": "800",
        "addr:postcode": "M5S 3A9",
        "addr:province": "Ontario",
        "addr:street": "Bay Street",
        "amenity": "bank",
        "atm": "yes",
        "atm:network": "The Exchange",
        "brand": "Alterna Savings",
        "brand:wikidata": "Q4736322",
        "brand:wikipedia": "en:Alterna Savings",
        "check_date": "2023-07-19",
        "drive_through": "no",
        "name": "Alterna Savings",
        "opening_hours": "Mo-Fr 10:00-17:00; Sa-Su closed",
        "website": "https://www.alterna.ca/",
        "wheelchair": "yes"
      },
      "geometry": {
        "type": "Point",
        "coordinates": [
          -79.3861145,
          43.6609387
        ]
      },
      "id": "node/246694247"
    },
    {
      "type": "Feature",
      "properties": {
        "@id": "node/247134310",
        "addr:city": "Etobicoke",
        "addr:housenumber": "3609",
        "addr:street": "Lake Shore Boulevard West",
        "amenity": "bank",
        "atm": "yes",
        "brand": "RBC",
        "brand:en": "RBC Royal Bank",
        "brand:fr": "RBC Banque Royale",
        "brand:wikidata": "Q735261",
        "brand:wikipedia": "en:Royal Bank of Canada",
        "check_date": "2025-05-19",
        "internet_access": "wlan",
        "name": "RBC",
        "name:en": "RBC Royal Bank",
        "name:fr": "RBC Banque Royale",
        "official_name": "Royal Bank of Canada"
      },
      "geometry": {
        "type": "Point",
        "coordinates": [
          -79.5353071,
          43.5938589
        ]
      },
      "id": "node/247134310"
    },
    {
      "type": "Feature",
      "properties": {
        "@id": "node/249298648",
        "addr:city": "Toronto",
        "addr:housenumber": "434",
        "addr:street": "King Street West",
        "amenity": "bank",
        "atm": "yes",
        "brand": "RBC",
        "brand:en": "RBC Royal Bank",
        "brand:fr": "RBC Banque Royale",
        "brand:wikidata": "Q735261",
        "brand:wikipedia": "en:Royal Bank of Canada",
        "check_date": "2026-01-10",
        "drive_through": "no",
        "name": "RBC Royal Bank",
        "name:en": "RBC Royal Bank",
        "name:fr": "RBC Banque Royale",
        "official_name": "Royal Bank of Canada",
        "operator": "RBC",
        "website": "http://www.rbcroyalbank.com/"
      },
      "geometry": {
        "type": "Point",
        "coordinates": [
          -79.3942953,
          43.6457393
        ]
      },
      "id": "node/249298648"
    },
    {
      "type": "Feature",
      "properties": {
        "@id": "way/250908600",
        "addr:housenumber": "220",
        "addr:street": "Roncesvalles Avenue",
        "amenity": "bank",
        "building": "commercial",
        "building:colour": "white",
        "building:levels": "2",
        "check_date": "2026-07-06",
        "name": "St. Stanislaus - St. Casimir's Polish Parishes Credit Union",
        "opening_hours": "Mo-We,Fr 10:00-17:00; Th 12:00-19:00; Sa-Su off",
        "@geometry": "center"
      },
      "geometry": {
        "type": "Point",
        "coordinates": [
          -79.448825,
          43.6447911
        ]
      },
      "id": "way/250908600"
    },
    {
      "type": "Feature",
      "properties": {
        "@id": "node/251246409",
        "alt_name": "Meridian",
        "amenity": "bank",
        "atm": "yes",
        "brand": "Meridian Credit Union",
        "brand:wikidata": "Q6819303",
        "brand:wikipedia": "en:Meridian Credit Union",
        "check_date": "2026-07-04",
        "name": "Meridian Credit Union"
      },
      "geometry": {
        "type": "Point",
        "coordinates": [
          -79.4509372,
          43.6516671
        ]
      },
      "id": "node/251246409"
    },
    {
      "type": "Feature",
      "properties": {
        "@id": "node/252170710",
        "addr:housename": "The Crossway",
        "addr:postcode": "M6P 4A9",
        "addr:street": "Dundas Street West",
        "amenity": "bank",
        "atm": "yes",
        "brand": "CIBC",
        "brand:wikidata": "Q666694",
        "brand:wikipedia": "en:Canadian Imperial Bank of Commerce",
        "check_date": "2026-05-30",
        "name": "CIBC",
        "name:it": "CIBC",
        "operator": "CIBC"
      },
      "geometry": {
        "type": "Point",
        "coordinates": [
          -79.4523337,
          43.6569416
        ]
      },
      "id": "node/252170710"
    },
    {
      "type": "Feature",
      "properties": {
        "@id": "way/253709682",
        "addr:city": "Toronto",
        "amenity": "bank",
        "atm": "yes",
        "brand": "RBC",
        "brand:en": "RBC Royal Bank",
        "brand:fr": "RBC Banque Royale",
        "brand:wikidata": "Q735261",
        "brand:wikipedia": "en:Royal Bank of Canada",
        "building": "yes",
        "building:colour": "beige",
        "building:levels": "1",
        "drive_through": "yes",
        "name": "RBC",
        "name:en": "RBC Royal Bank",
        "name:fr": "RBC Banque Royale",
        "official_name": "Royal Bank of Canada",
        "@geometry": "center"
      },
      "geometry": {
        "type": "Point",
        "coordinates": [
          -79.2394203,
          43.7934393
        ]
      },
      "id": "way/253709682"
    },
    {
      "type": "Feature",
      "properties": {
        "@id": "way/259856044",
        "alt_name": "TD Canada Trust",
        "amenity": "bank",
        "atm": "yes",
        "brand": "TD",
        "brand:wikidata": "Q1080670",
        "brand:wikipedia": "en:TD Canada Trust",
        "building": "retail",
        "building:levels": "1",
        "check_date": "2026-03-07",
        "drive_through": "yes",
        "name": "TD",
        "website": "https://www.tdcanadatrust.com/",
        "@geometry": "center"
      },
      "geometry": {
        "type": "Point",
        "coordinates": [
          -79.282799,
          43.729276
        ]
      },
      "id": "way/259856044"
    },
    {
      "type": "Feature",
      "properties": {
        "@id": "node/264107462",
        "addr:city": "East York",
        "addr:housenumber": "3003",
        "addr:postcode": "M4C 1M9",
        "addr:province": "Ontario",
        "addr:street": "Danforth Avenue",
        "amenity": "bank",
        "atm": "yes",
        "brand": "CIBC",
        "brand:wikidata": "Q666694",
        "brand:wikipedia": "en:Canadian Imperial Bank of Commerce",
        "fax": "+1-416-698-7144",
        "name": "CIBC",
        "opening_hours": "Mo-Fr 09:30-17:00",
        "operator": "CIBC",
        "phone": "+1-416-698-7583",
        "wheelchair": "yes"
      },
      "geometry": {
        "type": "Point",
        "coordinates": [
          -79.2907173,
          43.6902007
        ]
      },
      "id": "node/264107462"
    },
    {
      "type": "Feature",
      "properties": {
        "@id": "node/264414083",
        "amenity": "bank",
        "brand": "BMO",
        "brand:wikidata": "Q806693",
        "brand:wikipedia": "en:Bank of Montreal",
        "check_date": "2026-01-10",
        "name": "BMO",
        "official_name": "Bank of Montreal",
        "old_name": "CIBC"
      },
      "geometry": {
        "type": "Point",
        "coordinates": [
          -79.3125376,
          43.6855628
        ]
      },
      "id": "node/264414083"
    },
    {
      "type": "Feature",
      "properties": {
        "@id": "node/264826252",
        "amenity": "bank",
        "atm": "yes",
        "brand": "RBC",
        "brand:en": "RBC Royal Bank",
        "brand:fr": "RBC Banque Royale",
        "brand:wikidata": "Q735261",
        "brand:wikipedia": "en:Royal Bank of Canada",
        "name": "RBC Royal Bank",
        "name:en": "RBC Royal Bank",
        "name:fr": "RBC Banque Royale",
        "official_name": "Royal Bank of Canada"
      },
      "geometry": {
        "type": "Point",
        "coordinates": [
          -79.313543,
          43.6857011
        ]
      },
      "id": "node/264826252"
    },
    {
      "type": "Feature",
      "properties": {
        "@id": "node/264826384",
        "addr:housenumber": "2072",
        "addr:street": "Danforth Avenue",
        "amenity": "bank",
        "brand": "Scotiabank",
        "brand:wikidata": "Q451476",
        "brand:wikipedia": "en:Scotiabank",
        "check_date": "2026-02-06",
        "name": "Scotiabank",
        "opening_hours": "Mo-Fr 09:30-17:00; Sa 09:30-16:00",
        "website": "https://locator.scotiabank.com/branch/01222",
        "wheelchair": "yes"
      },
      "geometry": {
        "type": "Point",
        "coordinates": [
          -79.3131857,
          43.6857586
        ]
      },
      "id": "node/264826384"
    },
    {
      "type": "Feature",
      "properties": {
        "@id": "node/266540292",
        "amenity": "bank",
        "brand": "Scotiabank",
        "brand:wikidata": "Q451476",
        "brand:wikipedia": "en:Scotiabank",
        "name": "Scotiabank",
        "website": "http://www.scotiabank.com/"
      },
      "geometry": {
        "type": "Point",
        "coordinates": [
          -79.312951,
          43.7055361
        ]
      },
      "id": "node/266540292"
    },
    {
      "type": "Feature",
      "properties": {
        "@id": "node/266540327",
        "amenity": "bank",
        "brand": "RBC",
        "brand:en": "RBC Royal Bank",
        "brand:fr": "RBC Banque Royale",
        "brand:wikidata": "Q735261",
        "brand:wikipedia": "en:Royal Bank of Canada",
        "name": "RBC",
        "name:en": "RBC Royal Bank",
        "name:fr": "RBC Banque Royale",
        "official_name": "Royal Bank of Canada"
      },
      "geometry": {
        "type": "Point",
        "coordinates": [
          -79.3120812,
          43.7060127
        ]
      },
      "id": "node/266540327"
    },
    {
      "type": "Feature",
      "properties": {
        "@id": "node/267131374",
        "alt_name": "TD Canada Trust",
        "amenity": "bank",
        "atm": "yes",
        "brand": "TD",
        "brand:wikidata": "Q1080670",
        "brand:wikipedia": "en:TD Canada Trust",
        "check_date": "2026-01-10",
        "name": "TD",
        "opening_hours": "Mo-Fr 08:00-20:00; Sa 08:00-16:00; Su off",
        "website": "https://www.tdcanadatrust.com/"
      },
      "geometry": {
        "type": "Point",
        "coordinates": [
          -79.2887998,
          43.6915139
        ]
      },
      "id": "node/267131374"
    },
    {
      "type": "Feature",
      "properties": {
        "@id": "node/273325242",
        "addr:housenumber": "375",
        "addr:postcode": "M5H 2V5",
        "addr:street": "Bay Street",
        "alt_name": "Meridian",
        "amenity": "bank",
        "atm": "yes",
        "brand": "Meridian Credit Union",
        "brand:wikidata": "Q6819303",
        "brand:wikipedia": "en:Meridian Credit Union",
        "name": "Meridian Credit Union"
      },
      "geometry": {
        "type": "Point",
        "coordinates": [
          -79.3810285,
          43.6511039
        ]
      },
      "id": "node/273325242"
    },
    {
      "type": "Feature",
      "properties": {
        "@id": "node/273325246",
        "addr:city": "Toronto",
        "addr:housenumber": "110",
        "addr:street": "Yonge Street",
        "alt_name": "TD Canada Trust",
        "amenity": "bank",
        "brand": "TD",
        "brand:wikidata": "Q1080670",
        "brand:wikipedia": "en:TD Canada Trust",
        "check_date": "2026-03-21",
        "name": "TD",
        "opening_hours": "Mo-Fr 09:00-18:00; Sa-Su off",
        "operator": "TD Canada Trust",
        "phone": "+1-416-869-6262",
        "website": "https://www.tdcanadatrust.com/",
        "wheelchair": "yes"
      },
      "geometry": {
        "type": "Point",
        "coordinates": [
          -79.3785002,
          43.6502261
        ]
      },
      "id": "node/273325246"
    },
    {
      "type": "Feature",
      "properties": {
        "@id": "node/277040111",
        "addr:housenumber": "1586",
        "addr:street": "Danforth Avenue",
        "amenity": "bank",
        "atm": "yes",
        "brand": "CIBC",
        "brand:wikidata": "Q666694",
        "brand:wikipedia": "en:Canadian Imperial Bank of Commerce",
        "check_date": "2026-05-16",
        "level": "0",
        "name": "CIBC",
        "wheelchair": "yes"
      },
      "geometry": {
        "type": "Point",
        "coordinates": [
          -79.3234489,
          43.683539
        ]
      },
      "id": "node/277040111"
    },
    {
      "type": "Feature",
      "properties": {
        "@id": "node/277040119",
        "addr:unit": "4",
        "alt_name": "TD Canada Trust",
        "amenity": "bank",
        "atm": "yes",
        "brand": "TD",
        "brand:wikidata": "Q1080670",
        "brand:wikipedia": "en:TD Canada Trust",
        "name": "TD",
        "opening_hours": "Mo-Fr 08:00-20:00; Sa 08:00-16:00",
        "website": "https://www.tdcanadatrust.com/",
        "wheelchair": "yes"
      },
      "geometry": {
        "type": "Point",
        "coordinates": [
          -79.3211211,
          43.6840572
        ]
      },
      "id": "node/277040119"
    },
    {
      "type": "Feature",
      "properties": {
        "@id": "node/277120905",
        "amenity": "bank",
        "brand": "CIBC",
        "brand:wikidata": "Q666694",
        "brand:wikipedia": "en:Canadian Imperial Bank of Commerce",
        "check_date": "2026-01-10",
        "name": "CIBC",
        "wheelchair": "yes"
      },
      "geometry": {
        "type": "Point",
        "coordinates": [
          -79.3586989,
          43.6763935
        ]
      },
      "id": "node/277120905"
    },
    {
      "type": "Feature",
      "properties": {
        "@id": "way/278027013",
        "addr:city": "Toronto",
        "alt_name": "TD Canada Trust",
        "amenity": "bank",
        "brand": "TD",
        "brand:wikidata": "Q1080670",
        "brand:wikipedia": "en:TD Canada Trust",
        "building": "retail",
        "name": "TD",
        "opening_hours": "Mo-We 08:00-18:00; Th-Fr 08:00-20:00; Sa 08:00-16:00; Su off",
        "@geometry": "center"
      },
      "geometry": {
        "type": "Point",
        "coordinates": [
          -79.226443,
          43.7615215
        ]
      },
      "id": "way/278027013"
    },
    {
      "type": "Feature",
      "properties": {
        "@id": "way/278027014",
        "addr:city": "Toronto",
        "amenity": "bank",
        "atm": "yes",
        "brand": "RBC",
        "brand:en": "RBC Royal Bank",
        "brand:fr": "RBC Banque Royale",
        "brand:wikidata": "Q735261",
        "brand:wikipedia": "en:Royal Bank of Canada",
        "building": "retail",
        "building:colour": "beige",
        "building:levels": "1",
        "drive_through": "yes",
        "name": "RBC",
        "name:en": "RBC Royal Bank",
        "name:fr": "RBC Banque Royale",
        "official_name": "Royal Bank of Canada",
        "@geometry": "center"
      },
      "geometry": {
        "type": "Point",
        "coordinates": [
          -79.2250365,
          43.7602677
        ]
      },
      "id": "way/278027014"
    },
    {
      "type": "Feature",
      "properties": {
        "@id": "way/278046478",
        "addr:city": "Toronto",
        "amenity": "bank",
        "brand": "CIBC",
        "brand:wikidata": "Q666694",
        "brand:wikipedia": "en:Canadian Imperial Bank of Commerce",
        "building": "yes",
        "check_date": "2024-03-30",
        "name": "CIBC",
        "@geometry": "center"
      },
      "geometry": {
        "type": "Point",
        "coordinates": [
          -79.1861555,
          43.7698355
        ]
      },
      "id": "way/278046478"
    },
    {
      "type": "Feature",
      "properties": {
        "@id": "node/278103209",
        "amenity": "bank",
        "brand": "RBC",
        "brand:en": "RBC Royal Bank",
        "brand:fr": "RBC Banque Royale",
        "brand:wikidata": "Q735261",
        "brand:wikipedia": "en:Royal Bank of Canada",
        "name": "RBC Royal Bank",
        "name:en": "RBC Royal Bank",
        "name:fr": "RBC Banque Royale",
        "official_name": "Royal Bank of Canada"
      },
      "geometry": {
        "type": "Point",
        "coordinates": [
          -79.2966028,
          43.689507
        ]
      },
      "id": "node/278103209"
    },
    {
      "type": "Feature",
      "properties": {
        "@id": "node/280493846",
        "amenity": "bank",
        "brand": "Scotiabank",
        "brand:wikidata": "Q451476",
        "brand:wikipedia": "en:Scotiabank",
        "check_date": "2026-05-26",
        "name": "Scotiabank",
        "opening_hours": "Mo-Fr 09:30-16:00",
        "website": "http://www.scotiabank.com/",
        "wheelchair": "yes"
      },
      "geometry": {
        "type": "Point",
        "coordinates": [
          -79.3842539,
          43.6647874
        ]
      },
      "id": "node/280493846"
    },
    {
      "type": "Feature",
      "properties": {
        "@id": "node/280901587",
        "amenity": "bank",
        "brand": "RBC",
        "brand:en": "RBC Royal Bank",
        "brand:fr": "RBC Banque Royale",
        "brand:wikidata": "Q735261",
        "brand:wikipedia": "en:Royal Bank of Canada",
        "name": "RBC Royal Bank",
        "name:en": "RBC Royal Bank",
        "name:fr": "RBC Banque Royale",
        "official_name": "Royal Bank of Canada"
      },
      "geometry": {
        "type": "Point",
        "coordinates": [
          -79.3190655,
          43.6727893
        ]
      },
      "id": "node/280901587"
    },
    {
      "type": "Feature",
      "properties": {
        "@id": "node/281658965",
        "addr:city": "Toronto",
        "addr:housenumber": "214",
        "addr:postcode": "M5V 1Z3",
        "addr:street": "Queen Street West",
        "amenity": "bank",
        "atm": "yes",
        "brand": "Scotiabank",
        "brand:wikidata": "Q451476",
        "brand:wikipedia": "en:Scotiabank",
        "check_date": "2026-03-21",
        "name": "Scotiabank",
        "phone": "+1-416-866-6591",
        "toilets:wheelchair": "yes",
        "website": "http://www.scotiabank.com/",
        "wheelchair": "yes"
      },
      "geometry": {
        "type": "Point",
        "coordinates": [
          -79.3895418,
          43.6503456
        ]
      },
      "id": "node/281658965"
    },
    {
      "type": "Feature",
      "properties": {
        "@id": "node/281664445",
        "addr:city": "Toronto",
        "addr:housenumber": "70",
        "addr:street": "King Street East",
        "amenity": "bank",
        "brand": "CIBC",
        "brand:wikidata": "Q666694",
        "brand:wikipedia": "en:Canadian Imperial Bank of Commerce",
        "check_date": "2025-05-24",
        "name": "CIBC",
        "operator": "CIBC"
      },
      "geometry": {
        "type": "Point",
        "coordinates": [
          -79.3757635,
          43.6497308
        ]
      },
      "id": "node/281664445"
    },
    {
      "type": "Feature",
      "properties": {
        "@id": "node/281669607",
        "amenity": "bank",
        "atm": "yes",
        "brand": "BMO",
        "brand:wikidata": "Q806693",
        "brand:wikipedia": "en:Bank of Montreal",
        "name": "BMO",
        "official_name": "Bank of Montreal",
        "operator": "Bank of Montreal",
        "wheelchair": "yes"
      },
      "geometry": {
        "type": "Point",
        "coordinates": [
          -79.3790982,
          43.6526831
        ]
      },
      "id": "node/281669607"
    },
    {
      "type": "Feature",
      "properties": {
        "@id": "way/285346662",
        "amenity": "bank",
        "atm": "yes",
        "brand": "CIBC",
        "brand:wikidata": "Q666694",
        "brand:wikipedia": "en:Canadian Imperial Bank of Commerce",
        "building": "retail",
        "building:colour": "red",
        "building:levels": "1",
        "building:material": "brick",
        "name": "CIBC",
        "@geometry": "center"
      },
      "geometry": {
        "type": "Point",
        "coordinates": [
          -79.4535836,
          43.7072307
        ]
      },
      "id": "way/285346662"
    },
    {
      "type": "Feature",
      "properties": {
        "@id": "node/288058313",
        "alt_name": "TD Canada Trust",
        "amenity": "bank",
        "brand": "TD",
        "brand:wikidata": "Q1080670",
        "brand:wikipedia": "en:TD Canada Trust",
        "check_date": "2026-04-03",
        "name": "TD",
        "opening_hours": "Mo-We 08:00-18:00; Th-Fr 08:00-20:00; Sa 08:00-16:00",
        "website": "https://www.tdcanadatrust.com/",
        "wheelchair": "no"
      },
      "geometry": {
        "type": "Point",
        "coordinates": [
          -79.4124848,
          43.7039098
        ]
      },
      "id": "node/288058313"
    },
    {
      "type": "Feature",
      "properties": {
        "@id": "way/292086306",
        "addr:city": "Toronto",
        "addr:housenumber": "429",
        "addr:street": "College Street",
        "amenity": "bank",
        "atm": "yes",
        "branch": "College and Bathurst",
        "brand": "RBC",
        "brand:en": "RBC Royal Bank",
        "brand:fr": "RBC Banque Royale",
        "brand:wikidata": "Q735261",
        "brand:wikipedia": "en:Royal Bank of Canada",
        "building": "yes",
        "check_date": "2025-12-10",
        "level": "1",
        "name": "RBC Royal Bank",
        "name:en": "RBC Royal Bank",
        "name:fr": "RBC Banque Royale",
        "official_name": "Royal Bank of Canada",
        "website": "http://www.rbcroyalbank.com/",
        "wheelchair": "yes",
        "@geometry": "center"
      },
      "geometry": {
        "type": "Point",
        "coordinates": [
          -79.4072731,
          43.6562815
        ]
      },
      "id": "way/292086306"
    },
    {
      "type": "Feature",
      "properties": {
        "@id": "node/292781390",
        "amenity": "bank",
        "brand": "Scotiabank",
        "brand:wikidata": "Q451476",
        "brand:wikipedia": "en:Scotiabank",
        "built_date": "1911",
        "name": "Scotiabank",
        "website": "http://www.scotiabank.com/"
      },
      "geometry": {
        "type": "Point",
        "coordinates": [
          -79.3524652,
          43.6655938
        ]
      },
      "id": "node/292781390"
    },
    {
      "type": "Feature",
      "properties": {
        "@id": "node/296784683",
        "addr:city": "Toronto",
        "addr:housenumber": "2",
        "addr:province": "Ontario",
        "addr:street": "Bloor Street East",
        "amenity": "bank",
        "brand": "RBC",
        "brand:en": "RBC Royal Bank",
        "brand:fr": "RBC Banque Royale",
        "brand:wikidata": "Q735261",
        "brand:wikipedia": "en:Royal Bank of Canada",
        "image": "https://commons.wikimedia.org/wiki/File:IMG_RBC_Royal_Bank.jpg",
        "name": "RBC Royal Bank",
        "name:en": "RBC Royal Bank",
        "name:fr": "RBC Banque Royale",
        "official_name": "Royal Bank of Canada",
        "operator": "RBC"
      },
      "geometry": {
        "type": "Point",
        "coordinates": [
          -79.3864652,
          43.6704886
        ]
      },
      "id": "node/296784683"
    },
    {
      "type": "Feature",
      "properties": {
        "@id": "node/302045075",
        "alt_name": "TD Canada Trust",
        "amenity": "bank",
        "atm": "yes",
        "brand": "TD",
        "brand:wikidata": "Q1080670",
        "brand:wikipedia": "en:TD Canada Trust",
        "name": "TD"
      },
      "geometry": {
        "type": "Point",
        "coordinates": [
          -79.3532308,
          43.7942493
        ]
      },
      "id": "node/302045075"
    },
    {
      "type": "Feature",
      "properties": {
        "@id": "node/302171978",
        "alt_name": "TD Canada Trust",
        "amenity": "bank",
        "atm": "yes",
        "brand": "TD",
        "brand:wikidata": "Q1080670",
        "brand:wikipedia": "en:TD Canada Trust",
        "name": "TD",
        "website": "https://www.tdcanadatrust.com/"
      },
      "geometry": {
        "type": "Point",
        "coordinates": [
          -79.3589819,
          43.7542456
        ]
      },
      "id": "node/302171978"
    },
    {
      "type": "Feature",
      "properties": {
        "@id": "node/302417010",
        "addr:city": "North York",
        "addr:country": "CA",
        "addr:housenumber": "1545",
        "addr:postcode": "M2M 3Y7",
        "addr:province": "ON",
        "addr:street": "Steeles Avenue East",
        "amenity": "bank",
        "atm": "yes",
        "branch": "Steeles & Laureleaf",
        "brand": "RBC",
        "brand:en": "RBC Royal Bank",
        "brand:fr": "RBC Banque Royale",
        "brand:wikidata": "Q735261",
        "brand:wikipedia": "en:Royal Bank of Canada",
        "check_date": "2023-11-02",
        "drive_through": "no",
        "level": "0",
        "name": "RBC",
        "name:en": "RBC Royal Bank",
        "name:fr": "RBC Banque Royale",
        "name:zh": "加拿大皇家银行",
        "official_name": "Royal Bank of Canada",
        "opening_hours": "Mo-We 09:30-17:00; Th 09:30-20:00; Fr 09:30-18:00; Sa 09:00-16:00",
        "phone": "+1-416-512-4680",
        "ref": "6512",
        "website": "https://www.rbcroyalbank.com"
      },
      "geometry": {
        "type": "Point",
        "coordinates": [
          -79.3841812,
          43.8050589
        ]
      },
      "id": "node/302417010"
    },
    {
      "type": "Feature",
      "properties": {
        "@id": "node/302473943",
        "alt_name": "TD Canada Trust",
        "amenity": "bank",
        "atm": "yes",
        "brand": "TD",
        "brand:wikidata": "Q1080670",
        "brand:wikipedia": "en:TD Canada Trust",
        "name": "TD",
        "website": "https://www.tdcanadatrust.com/"
      },
      "geometry": {
        "type": "Point",
        "coordinates": [
          -79.3851001,
          43.7467178
        ]
      },
      "id": "node/302473943"
    },
    {
      "type": "Feature",
      "properties": {
        "@id": "node/307900372",
        "alt_name": "TD Canada Trust",
        "amenity": "bank",
        "atm": "yes",
        "brand": "TD",
        "brand:wikidata": "Q1080670",
        "brand:wikipedia": "en:TD Canada Trust",
        "check_date": "2026-06-08",
        "name": "TD",
        "website": "https://www.tdcanadatrust.com/"
      },
      "geometry": {
        "type": "Point",
        "coordinates": [
          -79.4793307,
          43.7283869
        ]
      },
      "id": "node/307900372"
    },
    {
      "type": "Feature",
      "properties": {
        "@id": "node/308696704",
        "addr:city": "Toronto",
        "addr:housenumber": "77",
        "addr:postcode": "M4Y 2T1",
        "addr:province": "ON",
        "addr:street": "Bloor Street West",
        "alt_name": "TD Canada Trust",
        "amenity": "bank",
        "atm": "yes",
        "brand": "TD",
        "brand:wikidata": "Q1080670",
        "brand:wikipedia": "en:TD Canada Trust",
        "check_date": "2026-01-16",
        "check_date:opening_hours": "2025-09-08",
        "image": "https://commons.wikimedia.org/wiki/File:IMGtdbank.jpg",
        "name": "TD",
        "opening_hours": "Mo-We 08:00-18:00; Th,Fr 08:00-20:00; Sa 08:00-16:00",
        "website": "https://www.tdcanadatrust.com/",
        "wheelchair": "yes"
      },
      "geometry": {
        "type": "Point",
        "coordinates": [
          -79.3895821,
          43.6694974
        ]
      },
      "id": "node/308696704"
    },
    {
      "type": "Feature",
      "properties": {
        "@id": "node/308696746",
        "amenity": "bank",
        "brand": "BMO",
        "brand:wikidata": "Q806693",
        "brand:wikipedia": "en:Bank of Montreal",
        "name": "BMO",
        "official_name": "Bank of Montreal",
        "opening_hours": "Mo-We 09:30-17:00; Th,Fr 09:30-18:00; Sa 09:30-16:00",
        "operator": "Bank of Montreal"
      },
      "geometry": {
        "type": "Point",
        "coordinates": [
          -79.3884078,
          43.6697574
        ]
      },
      "id": "node/308696746"
    },
    {
      "type": "Feature",
      "properties": {
        "@id": "node/314142737",
        "addr:city": "East York",
        "addr:housename": "Branch # 1595",
        "addr:housenumber": "1213",
        "addr:postcode": "M4G 2Z8",
        "addr:province": "Ontario",
        "addr:street": "Moore Avenue",
        "alt_name": "TD Canada Trust",
        "amenity": "bank",
        "atm": "yes",
        "brand": "TD",
        "brand:wikidata": "Q1080670",
        "brand:wikipedia": "en:TD Canada Trust",
        "check_date": "2026-01-16",
        "drive_through": "no",
        "name": "TD",
        "website": "https://www.tdcanadatrust.com/"
      },
      "geometry": {
        "type": "Point",
        "coordinates": [
          -79.3715218,
          43.6968807
        ]
      },
      "id": "node/314142737"
    },
    {
      "type": "Feature",
      "properties": {
        "@id": "node/317428331",
        "alt_name": "TD Canada Trust",
        "amenity": "bank",
        "brand": "TD",
        "brand:wikidata": "Q1080670",
        "brand:wikipedia": "en:TD Canada Trust",
        "name": "TD",
        "website": "https://www.tdcanadatrust.com/"
      },
      "geometry": {
        "type": "Point",
        "coordinates": [
          -79.2978742,
          43.6706574
        ]
      },
      "id": "node/317428331"
    },
    {
      "type": "Feature",
      "properties": {
        "@id": "node/317428340",
        "amenity": "bank",
        "brand": "RBC",
        "brand:en": "RBC Royal Bank",
        "brand:fr": "RBC Banque Royale",
        "brand:wikidata": "Q735261",
        "brand:wikipedia": "en:Royal Bank of Canada",
        "name": "RBC",
        "name:en": "RBC Royal Bank",
        "name:fr": "RBC Banque Royale",
        "official_name": "Royal Bank of Canada"
      },
      "geometry": {
        "type": "Point",
        "coordinates": [
          -79.2976937,
          43.6703283
        ]
      },
      "id": "node/317428340"
    },
    {
      "type": "Feature",
      "properties": {
        "@id": "way/323556507",
        "addr:city": "Toronto",
        "addr:housenumber": "299",
        "addr:postcode": "M1C 2L3",
        "addr:province": "Ontario",
        "addr:street": "Port Union Road",
        "alt_name": "TD Canada Trust",
        "amenity": "bank",
        "atm": "yes",
        "brand": "TD",
        "brand:wikidata": "Q1080670",
        "brand:wikipedia": "en:TD Canada Trust",
        "building": "retail",
        "drive_through": "yes",
        "name": "TD",
        "@geometry": "center"
      },
      "geometry": {
        "type": "Point",
        "coordinates": [
          -79.1404251,
          43.7895466
        ]
      },
      "id": "way/323556507"
    },
    {
      "type": "Feature",
      "properties": {
        "@id": "way/325313218",
        "addr:city": "Toronto",
        "amenity": "bank",
        "brand": "RBC",
        "brand:en": "RBC Royal Bank",
        "brand:fr": "RBC Banque Royale",
        "brand:wikidata": "Q735261",
        "brand:wikipedia": "en:Royal Bank of Canada",
        "building": "retail",
        "name": "RBC",
        "name:en": "RBC Royal Bank",
        "name:fr": "RBC Banque Royale",
        "official_name": "Royal Bank of Canada",
        "source": "Bing",
        "website": "http://www.rbcroyalbank.com/",
        "@geometry": "center"
      },
      "geometry": {
        "type": "Point",
        "coordinates": [
          -79.2528425,
          43.835921
        ]
      },
      "id": "way/325313218"
    },
    {
      "type": "Feature",
      "properties": {
        "@id": "node/339550209",
        "amenity": "bank",
        "brand": "BMO",
        "brand:wikidata": "Q806693",
        "brand:wikipedia": "en:Bank of Montreal",
        "name": "BMO",
        "official_name": "Bank of Montreal"
      },
      "geometry": {
        "type": "Point",
        "coordinates": [
          -79.4550771,
          43.7175222
        ]
      },
      "id": "node/339550209"
    },
    {
      "type": "Feature",
      "properties": {
        "@id": "node/339550231",
        "addr:city": "North York",
        "addr:housenumber": "3140",
        "addr:street": "Dufferin Street",
        "alt_name": "TD Canada Trust",
        "amenity": "bank",
        "atm": "yes",
        "brand": "TD",
        "brand:wikidata": "Q1080670",
        "brand:wikipedia": "en:TD Canada Trust",
        "drive_through": "no",
        "name": "TD",
        "phone": "+1-416-785-7230",
        "website": "https://www.tdcanadatrust.com/"
      },
      "geometry": {
        "type": "Point",
        "coordinates": [
          -79.4563575,
          43.7166351
        ]
      },
      "id": "node/339550231"
    },
    {
      "type": "Feature",
      "properties": {
        "@id": "node/343270931",
        "addr:city": "Toronto",
        "addr:housenumber": "112",
        "addr:street": "Spadina Avenue",
        "amenity": "bank",
        "atm": "yes",
        "brand": "BMO",
        "brand:wikidata": "Q806693",
        "brand:wikipedia": "en:Bank of Montreal",
        "name": "BMO",
        "official_name": "Bank of Montreal",
        "operator": "Bank of Montreal",
        "wheelchair": "yes"
      },
      "geometry": {
        "type": "Point",
        "coordinates": [
          -79.3959514,
          43.6469768
        ]
      },
      "id": "node/343270931"
    },
    {
      "type": "Feature",
      "properties": {
        "@id": "way/344008298",
        "addr:city": "Toronto",
        "addr:housenumber": "4256",
        "addr:street": "Sheppard Avenue East",
        "amenity": "bank",
        "atm": "yes",
        "brand": "CIBC",
        "brand:wikidata": "Q666694",
        "brand:wikipedia": "en:Canadian Imperial Bank of Commerce",
        "building": "retail",
        "building:colour": "beige",
        "building:levels": "1",
        "name": "CIBC",
        "operator": "CIBC",
        "website": "https://locations.cibc.com/on/scarborough/04832",
        "@geometry": "center"
      },
      "geometry": {
        "type": "Point",
        "coordinates": [
          -79.276445,
          43.7861555
        ]
      },
      "id": "way/344008298"
    },
    {
      "type": "Feature",
      "properties": {
        "@id": "node/344473395",
        "amenity": "bank",
        "atm": "yes",
        "brand": "BMO",
        "brand:wikidata": "Q806693",
        "brand:wikipedia": "en:Bank of Montreal",
        "check_date": "2023-07-19",
        "name": "BMO",
        "official_name": "Bank of Montreal",
        "opening_hours": "Mo-We 09:30-17:00, We-Fr 09:30-18:00",
        "operator": "Bank of Montreal",
        "wheelchair": "yes"
      },
      "geometry": {
        "type": "Point",
        "coordinates": [
          -79.3852164,
          43.6599901
        ]
      },
      "id": "node/344473395"
    },
    {
      "type": "Feature",
      "properties": {
        "@id": "node/344544934",
        "amenity": "bank",
        "brand": "BMO",
        "brand:wikidata": "Q806693",
        "brand:wikipedia": "en:Bank of Montreal",
        "name": "BMO",
        "official_name": "Bank of Montreal",
        "opening_hours": "Mo-We 09:30-17:00; Th,Fr 09:30-18:00; Sa 09:30-16:00",
        "operator": "Bank of Montreal"
      },
      "geometry": {
        "type": "Point",
        "coordinates": [
          -79.3803409,
          43.6637542
        ]
      },
      "id": "node/344544934"
    },
    {
      "type": "Feature",
      "properties": {
        "@id": "node/354971781",
        "amenity": "bank",
        "atm": "yes",
        "brand": "Scotiabank",
        "brand:wikidata": "Q451476",
        "brand:wikipedia": "en:Scotiabank",
        "check_date": "2025-07-12",
        "name": "Scotiabank",
        "website": "http://www.scotiabank.com/"
      },
      "geometry": {
        "type": "Point",
        "coordinates": [
          -79.3840222,
          43.6475489
        ]
      },
      "id": "node/354971781"
    },
    {
      "type": "Feature",
      "properties": {
        "@id": "node/354972468",
        "amenity": "bank",
        "atm": "yes",
        "brand": "CIBC",
        "brand:wikidata": "Q666694",
        "brand:wikipedia": "en:Canadian Imperial Bank of Commerce",
        "check_date": "2025-07-17",
        "drive_through": "no",
        "name": "CIBC",
        "opening_hours": "Mo-Fr 09:30-16:00",
        "operator": "CIBC"
      },
      "geometry": {
        "type": "Point",
        "coordinates": [
          -79.3849711,
          43.6475082
        ]
      },
      "id": "node/354972468"
    },
    {
      "type": "Feature",
      "properties": {
        "@id": "node/357059438",
        "amenity": "bank",
        "atm": "yes",
        "brand": "Scotiabank",
        "brand:wikidata": "Q451476",
        "brand:wikipedia": "en:Scotiabank",
        "name": "Scotiabank",
        "opening_hours": "Mo-We 09:30-16:00; Th-Fr 09:30-20:00; Sa 09:30-15:00; Su off",
        "website": "http://www.scotiabank.com/"
      },
      "geometry": {
        "type": "Point",
        "coordinates": [
          -79.1404678,
          43.7899915
        ]
      },
      "id": "node/357059438"
    },
    {
      "type": "Feature",
      "properties": {
        "@id": "node/357061949",
        "amenity": "bank",
        "brand": "BMO",
        "brand:wikidata": "Q806693",
        "brand:wikipedia": "en:Bank of Montreal",
        "drive_through": "no",
        "name": "BMO",
        "official_name": "Bank of Montreal"
      },
      "geometry": {
        "type": "Point",
        "coordinates": [
          -79.1376925,
          43.7800957
        ]
      },
      "id": "node/357061949"
    },
    {
      "type": "Feature",
      "properties": {
        "@id": "node/360478992",
        "amenity": "bank",
        "brand": "BMO",
        "brand:wikidata": "Q806693",
        "brand:wikipedia": "en:Bank of Montreal",
        "name": "BMO",
        "official_name": "Bank of Montreal"
      },
      "geometry": {
        "type": "Point",
        "coordinates": [
          -79.5178518,
          43.7007553
        ]
      },
      "id": "node/360478992"
    },
    {
      "type": "Feature",
      "properties": {
        "@id": "node/361017235",
        "amenity": "bank",
        "brand": "RBC",
        "brand:en": "RBC Royal Bank",
        "brand:fr": "RBC Banque Royale",
        "brand:wikidata": "Q735261",
        "brand:wikipedia": "en:Royal Bank of Canada",
        "name": "RBC Royal Bank",
        "name:en": "RBC Royal Bank",
        "name:fr": "RBC Banque Royale",
        "official_name": "Royal Bank of Canada"
      },
      "geometry": {
        "type": "Point",
        "coordinates": [
          -79.5169784,
          43.7001827
        ]
      },
      "id": "node/361017235"
    },
    {
      "type": "Feature",
      "properties": {
        "@id": "node/364168577",
        "amenity": "bank",
        "brand": "TD Canada Trust",
        "brand:wikidata": "Q1080670",
        "brand:wikipedia": "en:TD Canada Trust",
        "name": "TD Canada Trust"
      },
      "geometry": {
        "type": "Point",
        "coordinates": [
          -79.5891456,
          43.7569641
        ]
      },
      "id": "node/364168577"
    },
    {
      "type": "Feature",
      "properties": {
        "@id": "node/367105231",
        "alt_name": "TD Canada Trust",
        "amenity": "bank",
        "brand": "TD",
        "brand:wikidata": "Q1080670",
        "brand:wikipedia": "en:TD Canada Trust",
        "name": "TD",
        "website": "https://www.tdcanadatrust.com/"
      },
      "geometry": {
        "type": "Point",
        "coordinates": [
          -79.2824687,
          43.7731254
        ]
      },
      "id": "node/367105231"
    },
    {
      "type": "Feature",
      "properties": {
        "@id": "node/370216399",
        "addr:city": "Etobicoke",
        "addr:housenumber": "1500",
        "addr:street": "Royal York Road",
        "amenity": "bank",
        "brand": "BMO",
        "brand:wikidata": "Q806693",
        "brand:wikipedia": "en:Bank of Montreal",
        "check_date": "2026-04-21",
        "level": "1",
        "name": "BMO",
        "official_name": "Bank of Montreal"
      },
      "geometry": {
        "type": "Point",
        "coordinates": [
          -79.5316675,
          43.6923202
        ]
      },
      "id": "node/370216399"
    },
    {
      "type": "Feature",
      "properties": {
        "@id": "node/371385460",
        "addr:housenumber": "2330",
        "addr:street": "Bloor Street West",
        "amenity": "bank",
        "atm": "yes",
        "brand": "BMO",
        "brand:wikidata": "Q806693",
        "brand:wikipedia": "en:Bank of Montreal",
        "check_date": "2026-04-07",
        "name": "BMO",
        "official_name": "Bank of Montreal",
        "opening_hours": "Mo-We 09:30-17:00; Th-Fr 09:30-19:00; Sa 09:30-16:00; Su closed",
        "website": "http://www.bmo.com/"
      },
      "geometry": {
        "type": "Point",
        "coordinates": [
          -79.4806298,
          43.6503786
        ]
      },
      "id": "node/371385460"
    },
    {
      "type": "Feature",
      "properties": {
        "@id": "node/371385463",
        "amenity": "bank",
        "brand": "RBC",
        "brand:en": "RBC Royal Bank",
        "brand:fr": "RBC Banque Royale",
        "brand:wikidata": "Q735261",
        "brand:wikipedia": "en:Royal Bank of Canada",
        "check_date": "2026-05-30",
        "name": "RBC Royal Bank",
        "name:en": "RBC Royal Bank",
        "name:fr": "RBC Banque Royale",
        "official_name": "Royal Bank of Canada",
        "opening_hours": "Mo-Fr 09:30-17:00; Sa 09:00-16:00",
        "website": "http://www.rbcroyalbank.com/"
      },
      "geometry": {
        "type": "Point",
        "coordinates": [
          -79.4802229,
          43.6501286
        ]
      },
      "id": "node/371385463"
    },
    {
      "type": "Feature",
      "properties": {
        "@id": "node/371385466",
        "addr:city": "Toronto",
        "addr:housenumber": "2295",
        "addr:street": "Bloor Street West",
        "amenity": "bank",
        "atm": "yes",
        "brand": "Scotiabank",
        "brand:wikidata": "Q451476",
        "brand:wikipedia": "en:Scotiabank",
        "check_date": "2026-04-07",
        "name": "Scotiabank",
        "opening_hours": "Mo-Sa 09:30-16:00; Su off",
        "website": "http://www.scotiabank.com/"
      },
      "geometry": {
        "type": "Point",
        "coordinates": [
          -79.4790342,
          43.650381
        ]
      },
      "id": "node/371385466"
    },
    {
      "type": "Feature",
      "properties": {
        "@id": "node/371731574",
        "amenity": "bank",
        "atm": "yes",
        "brand": "Scotiabank",
        "brand:wikidata": "Q451476",
        "brand:wikipedia": "en:Scotiabank",
        "check_date": "2025-08-29",
        "drive_through": "no",
        "level": "0",
        "name": "Scotiabank",
        "website": "http://www.scotiabank.com/"
      },
      "geometry": {
        "type": "Point",
        "coordinates": [
          -79.3186401,
          43.7987378
        ]
      },
      "id": "node/371731574"
    },
    {
      "type": "Feature",
      "properties": {
        "@id": "node/371731741",
        "amenity": "bank",
        "atm": "yes",
        "brand": "RBC",
        "brand:en": "RBC Royal Bank",
        "brand:fr": "RBC Banque Royale",
        "brand:wikidata": "Q735261",
        "check_date": "2025-08-29",
        "drive_through": "no",
        "level": "1",
        "name": "RBC Royal Bank",
        "name:en": "RBC Royal Bank",
        "name:fr": "RBC Banque Royale",
        "official_name": "Royal Bank of Canada",
        "operator": "Royal Bank of Canada"
      },
      "geometry": {
        "type": "Point",
        "coordinates": [
          -79.3179692,
          43.7982057
        ]
      },
      "id": "node/371731741"
    },
    {
      "type": "Feature",
      "properties": {
        "@id": "node/372369978",
        "addr:housenumber": "1011",
        "addr:street": "Gerrard Street East",
        "amenity": "bank",
        "brand": "RBC",
        "brand:en": "RBC Royal Bank",
        "brand:fr": "RBC Banque Royale",
        "brand:wikidata": "Q735261",
        "brand:wikipedia": "en:Royal Bank of Canada",
        "name": "RBC Royal Bank",
        "name:en": "RBC Royal Bank",
        "name:fr": "RBC Banque Royale",
        "official_name": "Royal Bank of Canada"
      },
      "geometry": {
        "type": "Point",
        "coordinates": [
          -79.3376544,
          43.6686348
        ]
      },
      "id": "node/372369978"
    },
    {
      "type": "Feature",
      "properties": {
        "@id": "node/372507294",
        "alt_name": "TD Canada Trust",
        "amenity": "bank",
        "brand": "TD",
        "brand:wikidata": "Q1080670",
        "brand:wikipedia": "en:TD Canada Trust",
        "name": "TD",
        "website": "https://www.tdcanadatrust.com/"
      },
      "geometry": {
        "type": "Point",
        "coordinates": [
          -79.329431,
          43.6970725
        ]
      },
      "id": "node/372507294"
    },
    {
      "type": "Feature",
      "properties": {
        "@id": "node/372511421",
        "amenity": "bank",
        "brand": "RBC",
        "brand:en": "RBC Royal Bank",
        "brand:fr": "RBC Banque Royale",
        "brand:wikidata": "Q735261",
        "brand:wikipedia": "en:Royal Bank of Canada",
        "name": "RBC",
        "name:en": "RBC Royal Bank",
        "name:fr": "RBC Banque Royale",
        "official_name": "Royal Bank of Canada"
      },
      "geometry": {
        "type": "Point",
        "coordinates": [
          -79.3289613,
          43.6970513
        ]
      },
      "id": "node/372511421"
    },
    {
      "type": "Feature",
      "properties": {
        "@id": "way/372781214",
        "addr:city": "Toronto",
        "addr:housenumber": "865",
        "addr:postcode": "M1B 5N6",
        "addr:street": "Milner Avenue",
        "amenity": "bank",
        "atm": "yes",
        "brand": "RBC",
        "brand:en": "RBC Royal Bank",
        "brand:fr": "RBC Banque Royale",
        "brand:wikidata": "Q735261",
        "brand:wikipedia": "en:Royal Bank of Canada",
        "building": "retail",
        "drive_through": "yes",
        "name": "RBC",
        "name:en": "RBC Royal Bank",
        "name:fr": "RBC Banque Royale",
        "official_name": "Royal Bank of Canada",
        "operator": "RBC",
        "phone": "+1-416-284-8660",
        "wheelchair": "yes",
        "@geometry": "center"
      },
      "geometry": {
        "type": "Point",
        "coordinates": [
          -79.197197,
          43.798703
        ]
      },
      "id": "way/372781214"
    },
    {
      "type": "Feature",
      "properties": {
        "@id": "node/382898661",
        "amenity": "bank",
        "brand": "Scotiabank",
        "brand:wikidata": "Q451476",
        "brand:wikipedia": "en:Scotiabank",
        "name": "Scotiabank",
        "website": "http://www.scotiabank.com/"
      },
      "geometry": {
        "type": "Point",
        "coordinates": [
          -79.2486063,
          43.8234343
        ]
      },
      "id": "node/382898661"
    },
    {
      "type": "Feature",
      "properties": {
        "@id": "node/383551093",
        "addr:housenumber": "2200",
        "addr:street": "Martin Grove Road",
        "amenity": "bank",
        "brand": "National Bank",
        "brand:en": "National Bank",
        "brand:fr": "Banque Nationale",
        "brand:wikidata": "Q634298",
        "brand:wikipedia": "en:National Bank of Canada",
        "name": "National Bank",
        "name:en": "National Bank",
        "name:fr": "Banque Nationale",
        "official_name": "National Bank of Canada",
        "official_name:en": "National Bank of Canada",
        "official_name:fr": "Banque Nationale du Canada"
      },
      "geometry": {
        "type": "Point",
        "coordinates": [
          -79.5998994,
          43.7516767
        ]
      },
      "id": "node/383551093"
    },
    {
      "type": "Feature",
      "properties": {
        "@id": "node/383562243",
        "addr:housenumber": "201",
        "addr:street": "Lloyd Manor Road",
        "amenity": "bank",
        "brand": "CIBC",
        "brand:wikidata": "Q666694",
        "brand:wikipedia": "en:Canadian Imperial Bank of Commerce",
        "check_date": "2026-05-03",
        "name": "CIBC"
      },
      "geometry": {
        "type": "Point",
        "coordinates": [
          -79.5558959,
          43.675446
        ]
      },
      "id": "node/383562243"
    },
    {
      "type": "Feature",
      "properties": {
        "@id": "node/383629960",
        "amenity": "bank",
        "brand": "CIBC",
        "brand:wikidata": "Q666694",
        "brand:wikipedia": "en:Canadian Imperial Bank of Commerce",
        "name": "CIBC"
      },
      "geometry": {
        "type": "Point",
        "coordinates": [
          -79.4672508,
          43.6922167
        ]
      },
      "id": "node/383629960"
    },
    {
      "type": "Feature",
      "properties": {
        "@id": "node/383630004",
        "amenity": "bank",
        "atm": "yes",
        "brand": "BMO",
        "brand:wikidata": "Q806693",
        "brand:wikipedia": "en:Bank of Montreal",
        "name": "BMO",
        "official_name": "Bank of Montreal"
      },
      "geometry": {
        "type": "Point",
        "coordinates": [
          -79.4520745,
          43.6951096
        ]
      },
      "id": "node/383630004"
    },
    {
      "type": "Feature",
      "properties": {
        "@id": "node/386776791",
        "amenity": "bank",
        "atm": "3",
        "brand": "CIBC",
        "brand:wikidata": "Q666694",
        "brand:wikipedia": "en:Canadian Imperial Bank of Commerce",
        "name": "CIBC"
      },
      "geometry": {
        "type": "Point",
        "coordinates": [
          -79.3852574,
          43.7684331
        ]
      },
      "id": "node/386776791"
    },
    {
      "type": "Feature",
      "properties": {
        "@id": "node/387787108",
        "amenity": "bank",
        "brand": "Scotiabank",
        "brand:wikidata": "Q451476",
        "brand:wikipedia": "en:Scotiabank",
        "name": "Scotiabank",
        "website": "http://www.scotiabank.com/"
      },
      "geometry": {
        "type": "Point",
        "coordinates": [
          -79.3375333,
          43.7184278
        ]
      },
      "id": "node/387787108"
    },
    {
      "type": "Feature",
      "properties": {
        "@id": "node/387788662",
        "amenity": "bank",
        "atm": "yes",
        "brand": "BMO",
        "brand:wikidata": "Q806693",
        "brand:wikipedia": "en:Bank of Montreal",
        "check_date": "2026-03-21",
        "name": "BMO",
        "official_name": "Bank of Montreal",
        "opening_hours": "Mo-We 09:30-17:00; Th,Fr 09:30-19:00; Sa 09:30-16:00"
      },
      "geometry": {
        "type": "Point",
        "coordinates": [
          -79.2510842,
          43.7724995
        ]
      },
      "id": "node/387788662"
    },
    {
      "type": "Feature",
      "properties": {
        "@id": "node/387788665",
        "alt_name": "TD Canada Trust",
        "amenity": "bank",
        "brand": "TD",
        "brand:wikidata": "Q1080670",
        "brand:wikipedia": "en:TD Canada Trust",
        "name": "TD",
        "source": "approximation",
        "website": "https://www.tdcanadatrust.com/"
      },
      "geometry": {
        "type": "Point",
        "coordinates": [
          -79.2410663,
          43.7749137
        ]
      },
      "id": "node/387788665"
    },
    {
      "type": "Feature",
      "properties": {
        "@id": "node/387790720",
        "amenity": "bank",
        "brand": "Scotiabank",
        "brand:wikidata": "Q451476",
        "brand:wikipedia": "en:Scotiabank",
        "name": "Scotiabank",
        "old_name": "Scotiabank & Trust",
        "wheelchair": "yes"
      },
      "geometry": {
        "type": "Point",
        "coordinates": [
          -79.3462128,
          43.7061668
        ]
      },
      "id": "node/387790720"
    },
    {
      "type": "Feature",
      "properties": {
        "@id": "node/387790721",
        "alt_name": "TD Canada Trust",
        "amenity": "bank",
        "brand": "TD",
        "brand:wikidata": "Q1080670",
        "brand:wikipedia": "en:TD Canada Trust",
        "name": "TD",
        "source": "approximation",
        "website": "https://www.tdcanadatrust.com/",
        "wheelchair": "yes"
      },
      "geometry": {
        "type": "Point",
        "coordinates": [
          -79.3457875,
          43.7062844
        ]
      },
      "id": "node/387790721"
    },
    {
      "type": "Feature",
      "properties": {
        "@id": "node/387791395",
        "amenity": "bank",
        "brand": "RBC",
        "brand:en": "RBC Royal Bank",
        "brand:fr": "RBC Banque Royale",
        "brand:wikidata": "Q735261",
        "brand:wikipedia": "en:Royal Bank of Canada",
        "name": "RBC",
        "name:en": "RBC Royal Bank",
        "name:fr": "RBC Banque Royale",
        "official_name": "Royal Bank of Canada",
        "wheelchair": "yes"
      },
      "geometry": {
        "type": "Point",
        "coordinates": [
          -79.343013,
          43.7072831
        ]
      },
      "id": "node/387791395"
    },
    {
      "type": "Feature",
      "properties": {
        "@id": "node/387792407",
        "amenity": "bank",
        "atm": "yes",
        "brand": "RBC",
        "brand:en": "RBC Royal Bank",
        "brand:fr": "RBC Banque Royale",
        "brand:wikidata": "Q735261",
        "brand:wikipedia": "en:Royal Bank of Canada",
        "level": "0",
        "name": "RBC",
        "name:en": "RBC Royal Bank",
        "name:fr": "RBC Banque Royale",
        "official_name": "Royal Bank of Canada",
        "wheelchair": "yes"
      },
      "geometry": {
        "type": "Point",
        "coordinates": [
          -79.3441631,
          43.7366607
        ]
      },
      "id": "node/387792407"
    },
    {
      "type": "Feature",
      "properties": {
        "@id": "node/387793132",
        "amenity": "bank",
        "brand": "Scotiabank",
        "brand:wikidata": "Q451476",
        "brand:wikipedia": "en:Scotiabank",
        "name": "Scotiabank",
        "website": "http://www.scotiabank.com/"
      },
      "geometry": {
        "type": "Point",
        "coordinates": [
          -79.3477813,
          43.7550303
        ]
      },
      "id": "node/387793132"
    },
    {
      "type": "Feature",
      "properties": {
        "@id": "node/389607948",
        "addr:city": "Toronto",
        "addr:housenumber": "79",
        "addr:place": "Scotiabank",
        "addr:postcode": "M5C 1R8",
        "addr:street": "Queen Street East",
        "amenity": "bank",
        "brand": "Scotiabank",
        "brand:wikidata": "Q451476",
        "brand:wikipedia": "en:Scotiabank",
        "name": "Scotiabank",
        "website": "http://www.scotiabank.com/",
        "wheelchair": "yes"
      },
      "geometry": {
        "type": "Point",
        "coordinates": [
          -79.3758591,
          43.6530273
        ]
      },
      "id": "node/389607948"
    },
    {
      "type": "Feature",
      "properties": {
        "@id": "way/389824054",
        "amenity": "bank",
        "brand": "Scotiabank",
        "brand:wikidata": "Q451476",
        "brand:wikipedia": "en:Scotiabank",
        "building": "industrial",
        "drive_through": "yes",
        "name": "Scotiabank",
        "@geometry": "center"
      },
      "geometry": {
        "type": "Point",
        "coordinates": [
          -79.6146854,
          43.7451485
        ]
      },
      "id": "way/389824054"
    },
    {
      "type": "Feature",
      "properties": {
        "@id": "way/389984496",
        "addr:housenumber": "141",
        "addr:street": "Saturn Road",
        "amenity": "bank",
        "brand": "BMO",
        "brand:wikidata": "Q806693",
        "brand:wikipedia": "en:Bank of Montreal",
        "building": "retail",
        "check_date": "2025-05-24",
        "name": "BMO",
        "official_name": "Bank of Montreal",
        "@geometry": "center"
      },
      "geometry": {
        "type": "Point",
        "coordinates": [
          -79.5754862,
          43.6423828
        ]
      },
      "id": "way/389984496"
    },
    {
      "type": "Feature",
      "properties": {
        "@id": "node/390354859",
        "addr:city": "North York",
        "addr:housenumber": "946",
        "addr:street": "Lawrence Avenue East",
        "amenity": "bank",
        "brand": "CIBC",
        "brand:wikidata": "Q666694",
        "brand:wikipedia": "en:Canadian Imperial Bank of Commerce",
        "name": "CIBC",
        "opendata:type": "112001"
      },
      "geometry": {
        "type": "Point",
        "coordinates": [
          -79.3461756,
          43.7370966
        ]
      },
      "id": "node/390354859"
    },
    {
      "type": "Feature",
      "properties": {
        "@id": "node/390354861",
        "amenity": "bank",
        "atm": "yes",
        "brand": "Scotiabank",
        "brand:wikidata": "Q451476",
        "brand:wikipedia": "en:Scotiabank",
        "name": "Scotiabank",
        "note": "atm is outside bank in own building",
        "website": "http://www.scotiabank.com/"
      },
      "geometry": {
        "type": "Point",
        "coordinates": [
          -79.3482945,
          43.7357616
        ]
      },
      "id": "node/390354861"
    },
    {
      "type": "Feature",
      "properties": {
        "@id": "node/390360305",
        "amenity": "bank",
        "atm": "yes",
        "atm:capacity": "3",
        "brand": "Scotiabank",
        "brand:wikidata": "Q451476",
        "brand:wikipedia": "en:Scotiabank",
        "name": "Scotiabank",
        "website": "http://www.scotiabank.com/"
      },
      "geometry": {
        "type": "Point",
        "coordinates": [
          -79.3861674,
          43.7682862
        ]
      },
      "id": "node/390360305"
    },
    {
      "type": "Feature",
      "properties": {
        "@id": "node/391005491",
        "amenity": "bank",
        "brand": "BMO",
        "brand:wikidata": "Q806693",
        "brand:wikipedia": "en:Bank of Montreal",
        "check_date": "2025-06-06",
        "name": "BMO",
        "official_name": "Bank of Montreal",
        "operator": "Bank of Montreal"
      },
      "geometry": {
        "type": "Point",
        "coordinates": [
          -79.3808751,
          43.6488521
        ]
      },
      "id": "node/391005491"
    },
    {
      "type": "Feature",
      "properties": {
        "@id": "node/391011816",
        "alt_name": "TD Canada Trust",
        "amenity": "bank",
        "brand": "TD",
        "brand:wikidata": "Q1080670",
        "brand:wikipedia": "en:TD Canada Trust",
        "name": "TD",
        "note": "very large branch",
        "operator": "TD Canada Trust",
        "website": "https://www.tdcanadatrust.com/"
      },
      "geometry": {
        "type": "Point",
        "coordinates": [
          -79.3790175,
          43.6467933
        ]
      },
      "id": "node/391011816"
    },
    {
      "type": "Feature",
      "properties": {
        "@id": "node/391166245",
        "alt_name": "TD Canada Trust",
        "amenity": "bank",
        "atm": "yes",
        "brand": "TD",
        "brand:wikidata": "Q1080670",
        "brand:wikipedia": "en:TD Canada Trust",
        "check_date": "2025-12-11",
        "name": "TD",
        "opening_hours": "Mo-Fr 08:00-20:00; Sa 08:00-16:00; Su off"
      },
      "geometry": {
        "type": "Point",
        "coordinates": [
          -79.3803176,
          43.7880349
        ]
      },
      "id": "node/391166245"
    },
    {
      "type": "Feature",
      "properties": {
        "@id": "node/391174568",
        "addr:city": "North York",
        "addr:housenumber": "143",
        "addr:street": "Ravel Road",
        "amenity": "bank",
        "atm": "yes",
        "brand": "CIBC",
        "brand:wikidata": "Q666694",
        "brand:wikipedia": "en:Canadian Imperial Bank of Commerce",
        "name": "CIBC"
      },
      "geometry": {
        "type": "Point",
        "coordinates": [
          -79.3670995,
          43.7908724
        ]
      },
      "id": "node/391174568"
    },
    {
      "type": "Feature",
      "properties": {
        "@id": "node/391181071",
        "amenity": "bank",
        "atm": "yes",
        "brand": "BMO",
        "brand:wikidata": "Q806693",
        "brand:wikipedia": "en:Bank of Montreal",
        "name": "BMO",
        "official_name": "Bank of Montreal"
      },
      "geometry": {
        "type": "Point",
        "coordinates": [
          -79.3639746,
          43.7790945
        ]
      },
      "id": "node/391181071"
    },
    {
      "type": "Feature",
      "properties": {
        "@id": "node/392154393",
        "amenity": "bank",
        "brand": "RBC",
        "brand:en": "RBC Royal Bank",
        "brand:fr": "RBC Banque Royale",
        "brand:wikidata": "Q735261",
        "brand:wikipedia": "en:Royal Bank of Canada",
        "name": "RBC",
        "name:en": "RBC Royal Bank",
        "name:fr": "RBC Banque Royale",
        "official_name": "Royal Bank of Canada"
      },
      "geometry": {
        "type": "Point",
        "coordinates": [
          -79.3846424,
          43.7471841
        ]
      },
      "id": "node/392154393"
    },
    {
      "type": "Feature",
      "properties": {
        "@id": "node/392156991",
        "amenity": "bank",
        "brand": "BMO",
        "brand:wikidata": "Q806693",
        "brand:wikipedia": "en:Bank of Montreal",
        "check_date": "2026-03-19",
        "name": "BMO",
        "official_name": "Bank of Montreal"
      },
      "geometry": {
        "type": "Point",
        "coordinates": [
          -79.3761432,
          43.7076261
        ]
      },
      "id": "node/392156991"
    },
    {
      "type": "Feature",
      "properties": {
        "@id": "node/392157018",
        "amenity": "bank",
        "brand": "Scotiabank",
        "brand:wikidata": "Q451476",
        "brand:wikipedia": "en:Scotiabank",
        "check_date": "2026-03-19",
        "name": "Scotiabank",
        "website": "http://www.scotiabank.com/"
      },
      "geometry": {
        "type": "Point",
        "coordinates": [
          -79.374783,
          43.7052463
        ]
      },
      "id": "node/392157018"
    },
    {
      "type": "Feature",
      "properties": {
        "@id": "node/393672323",
        "amenity": "bank",
        "atm": "yes",
        "brand": "BMO",
        "brand:wikidata": "Q806693",
        "brand:wikipedia": "en:Bank of Montreal",
        "check_date": "2026-03-16",
        "name": "BMO",
        "official_name": "Bank of Montreal",
        "opening_hours": "Mo-We 09:30-17:00; Th-Fr 09:30-18:00; Sa 09:30-16:00",
        "operator": "Bank of Montreal"
      },
      "geometry": {
        "type": "Point",
        "coordinates": [
          -79.3979581,
          43.6534544
        ]
      },
      "id": "node/393672323"
    },
    {
      "type": "Feature",
      "properties": {
        "@id": "node/393673553",
        "addr:city": "Toronto",
        "addr:housenumber": "1",
        "addr:postcode": "M5V 3Y7",
        "addr:street": "Fort York Boulevard",
        "amenity": "bank",
        "atm": "yes",
        "brand": "CIBC",
        "brand:wikidata": "Q666694",
        "brand:wikipedia": "en:Canadian Imperial Bank of Commerce",
        "name": "CIBC",
        "opening_hours": "Mo-Fr 09:30-17:00",
        "operator": "CIBC",
        "phone": "+1-416-623-9816",
        "wheelchair": "yes"
      },
      "geometry": {
        "type": "Point",
        "coordinates": [
          -79.3933078,
          43.6402812
        ]
      },
      "id": "node/393673553"
    },
    {
      "type": "Feature",
      "properties": {
        "@id": "node/393673556",
        "addr:city": "Toronto",
        "addr:housenumber": "6",
        "addr:street": "Fort York Boulevard",
        "amenity": "bank",
        "brand": "RBC",
        "brand:en": "RBC Royal Bank",
        "brand:fr": "RBC Banque Royale",
        "brand:wikidata": "Q735261",
        "brand:wikipedia": "en:Royal Bank of Canada",
        "name": "RBC",
        "name:en": "RBC Royal Bank",
        "name:fr": "RBC Banque Royale",
        "official_name": "Royal Bank of Canada",
        "operator": "RBC",
        "website": "http://www.rbcroyalbank.com/"
      },
      "geometry": {
        "type": "Point",
        "coordinates": [
          -79.3935507,
          43.6407041
        ]
      },
      "id": "node/393673556"
    },
    {
      "type": "Feature",
      "properties": {
        "@id": "node/400705661",
        "addr:city": "Toronto",
        "addr:housenumber": "245",
        "addr:street": "Carlton Street",
        "amenity": "bank",
        "brand": "CIBC",
        "brand:wikidata": "Q666694",
        "brand:wikipedia": "en:Canadian Imperial Bank of Commerce",
        "name": "CIBC",
        "opening_hours": "Mo,Tu 09:30-17:00, We,Th 09:30-20:00, Fr 09:30-19:00, Sa 09:00-16:00",
        "phone": "+1-416-980-6179",
        "wheelchair": "yes"
      },
      "geometry": {
        "type": "Point",
        "coordinates": [
          -79.368104,
          43.664092
        ]
      },
      "id": "node/400705661"
    },
    {
      "type": "Feature",
      "properties": {
        "@id": "node/409181181",
        "amenity": "bank",
        "atm": "yes",
        "brand": "Alterna Savings",
        "brand:wikidata": "Q4736322",
        "brand:wikipedia": "en:Alterna Savings",
        "check_date": "2026-01-10",
        "name": "Alterna Savings",
        "opening_hours": "Mo-Fr 10:00-17:00",
        "website": "www.alterna.ca"
      },
      "geometry": {
        "type": "Point",
        "coordinates": [
          -79.3231592,
          43.6832532
        ]
      },
      "id": "node/409181181"
    },
    {
      "type": "Feature",
      "properties": {
        "@id": "node/410375775",
        "amenity": "bank",
        "brand": "RBC",
        "brand:en": "RBC Royal Bank",
        "brand:fr": "RBC Banque Royale",
        "brand:wikidata": "Q735261",
        "check_date": "2026-03-07",
        "name": "RBC Royal Bank",
        "name:en": "RBC Royal Bank",
        "name:fr": "RBC Banque Royale",
        "official_name": "Royal Bank of Canada"
      },
      "geometry": {
        "type": "Point",
        "coordinates": [
          -79.4554387,
          43.7325011
        ]
      },
      "id": "node/410375775"
    },
    {
      "type": "Feature",
      "properties": {
        "@id": "node/410375812",
        "addr:housenumber": "1700",
        "addr:street": "Wilson Avenue",
        "amenity": "bank",
        "brand": "CIBC",
        "brand:wikidata": "Q666694",
        "brand:wikipedia": "en:Canadian Imperial Bank of Commerce",
        "check_date": "2026-06-08",
        "level": "0",
        "name": "CIBC"
      },
      "geometry": {
        "type": "Point",
        "coordinates": [
          -79.5112747,
          43.7212822
        ]
      },
      "id": "node/410375812"
    },
    {
      "type": "Feature",
      "properties": {
        "@id": "node/410375815",
        "addr:housenumber": "1593",
        "addr:street": "Wilson Avenue",
        "alt_name": "TD Canada Trust",
        "amenity": "bank",
        "brand": "TD",
        "brand:wikidata": "Q1080670",
        "brand:wikipedia": "en:TD Canada Trust",
        "check_date": "2026-03-07",
        "name": "TD"
      },
      "geometry": {
        "type": "Point",
        "coordinates": [
          -79.5108512,
          43.7197068
        ]
      },
      "id": "node/410375815"
    },
    {
      "type": "Feature",
      "properties": {
        "@id": "node/410375816",
        "addr:housenumber": "1593",
        "addr:street": "Wilson Avenue",
        "amenity": "bank",
        "brand": "Scotiabank",
        "brand:wikidata": "Q451476",
        "brand:wikipedia": "en:Scotiabank",
        "check_date": "2026-03-07",
        "name": "Scotiabank",
        "website": "http://www.scotiabank.com/"
      },
      "geometry": {
        "type": "Point",
        "coordinates": [
          -79.5111136,
          43.7196372
        ]
      },
      "id": "node/410375816"
    },
    {
      "type": "Feature",
      "properties": {
        "@id": "node/410799729",
        "amenity": "bank",
        "brand": "Scotiabank",
        "brand:wikidata": "Q451476",
        "brand:wikipedia": "en:Scotiabank",
        "check_date": "2025-12-11",
        "name": "Scotiabank",
        "website": "http://www.scotiabank.com/"
      },
      "geometry": {
        "type": "Point",
        "coordinates": [
          -79.4681278,
          43.768204
        ]
      },
      "id": "node/410799729"
    },
    {
      "type": "Feature",
      "properties": {
        "@id": "node/410800476",
        "amenity": "bank",
        "atm": "yes",
        "brand": "CIBC",
        "brand:wikidata": "Q666694",
        "brand:wikipedia": "en:Canadian Imperial Bank of Commerce",
        "name": "CIBC",
        "operator": "CIBC"
      },
      "geometry": {
        "type": "Point",
        "coordinates": [
          -79.4418592,
          43.7736059
        ]
      },
      "id": "node/410800476"
    },
    {
      "type": "Feature",
      "properties": {
        "@id": "node/411934233",
        "addr:housenumber": "125",
        "addr:street": "The Queensway",
        "alt_name": "TD Canada Trust",
        "amenity": "bank",
        "brand": "TD",
        "brand:wikidata": "Q1080670",
        "brand:wikipedia": "en:TD Canada Trust",
        "name": "TD",
        "website": "https://www.tdcanadatrust.com/",
        "wheelchair": "yes"
      },
      "geometry": {
        "type": "Point",
        "coordinates": [
          -79.4821747,
          43.6304911
        ]
      },
      "id": "node/411934233"
    },
    {
      "type": "Feature",
      "properties": {
        "@id": "node/412345963",
        "alt_name": "TD Canada Trust",
        "amenity": "bank",
        "atm": "yes",
        "brand": "TD",
        "brand:wikidata": "Q1080670",
        "brand:wikipedia": "en:TD Canada Trust",
        "name": "TD",
        "opening_hours": "Mo-We 08:00-18:00; Th-Fr 08:00-20:00; Sa 08:00-16:00; Su off",
        "operator": "TD Canada Trust",
        "website": "https://www.tdcanadatrust.com/",
        "wheelchair": "yes"
      },
      "geometry": {
        "type": "Point",
        "coordinates": [
          -79.3724309,
          43.6492514
        ]
      },
      "id": "node/412345963"
    },
    {
      "type": "Feature",
      "properties": {
        "@id": "node/414737594",
        "addr:housenumber": "225",
        "addr:street": "The East Mall",
        "amenity": "bank",
        "check_date": "2025-06-07",
        "name": "Ukrainian Credit Union"
      },
      "geometry": {
        "type": "Point",
        "coordinates": [
          -79.5525995,
          43.6323718
        ]
      },
      "id": "node/414737594"
    },
    {
      "type": "Feature",
      "properties": {
        "@id": "node/414983787",
        "addr:housenumber": "863",
        "addr:street": "Brown's Line",
        "alt_name": "Bank of Montreal",
        "amenity": "bank",
        "atm": "yes",
        "brand": "BMO",
        "brand:wikidata": "Q806693",
        "brand:wikipedia": "en:Bank of Montreal",
        "check_date": "2026-05-09",
        "name": "BMO",
        "official_name": "Bank of Montreal"
      },
      "geometry": {
        "type": "Point",
        "coordinates": [
          -79.5476561,
          43.6106977
        ]
      },
      "id": "node/414983787"
    },
    {
      "type": "Feature",
      "properties": {
        "@id": "node/417231073",
        "amenity": "bank",
        "brand": "CIBC",
        "brand:wikidata": "Q666694",
        "brand:wikipedia": "en:Canadian Imperial Bank of Commerce",
        "name": "CIBC"
      },
      "geometry": {
        "type": "Point",
        "coordinates": [
          -79.4776609,
          43.7092175
        ]
      },
      "id": "node/417231073"
    },
    {
      "type": "Feature",
      "properties": {
        "@id": "node/417232561",
        "amenity": "bank",
        "brand": "Scotiabank",
        "brand:wikidata": "Q451476",
        "brand:wikipedia": "en:Scotiabank",
        "name": "Scotiabank",
        "old_name": "Scotiabank & Trust",
        "opening_hours": "Mo-Fr 09:30-17:00; Sa 09:30-16:00"
      },
      "geometry": {
        "type": "Point",
        "coordinates": [
          -79.4324175,
          43.7188715
        ]
      },
      "id": "node/417232561"
    },
    {
      "type": "Feature",
      "properties": {
        "@id": "node/417729665",
        "amenity": "bank",
        "atm": "yes",
        "brand": "CIBC",
        "brand:wikidata": "Q666694",
        "brand:wikipedia": "en:Canadian Imperial Bank of Commerce",
        "name": "CIBC",
        "operator": "CIBC",
        "wheelchair": "yes"
      },
      "geometry": {
        "type": "Point",
        "coordinates": [
          -79.3600373,
          43.7551419
        ]
      },
      "id": "node/417729665"
    },
    {
      "type": "Feature",
      "properties": {
        "@id": "way/421645122",
        "amenity": "bank",
        "brand": "BMO",
        "brand:wikidata": "Q806693",
        "brand:wikipedia": "en:Bank of Montreal",
        "building": "retail",
        "building:levels": "1",
        "check_date": "2026-03-07",
        "drive_through": "yes",
        "name": "BMO",
        "official_name": "Bank of Montreal",
        "opening_hours": "Mo-Fr 09:30-19:00; Sa 09:30-16:00; Su off",
        "@geometry": "center"
      },
      "geometry": {
        "type": "Point",
        "coordinates": [
          -79.295729,
          43.7263585
        ]
      },
      "id": "way/421645122"
    },
    {
      "type": "Feature",
      "properties": {
        "@id": "node/429256527",
        "addr:housenumber": "1500",
        "addr:street": "Islington Avenue",
        "amenity": "bank",
        "atm": "yes",
        "brand": "CIBC",
        "brand:wikidata": "Q666694",
        "brand:wikipedia": "en:Canadian Imperial Bank of Commerce",
        "check_date": "2026-06-28",
        "name": "CIBC",
        "opening_hours": "Mo-We 09:30-17:00; Th-Fr 09:30-18:00; Sa 09:30-16:00; Su off"
      },
      "geometry": {
        "type": "Point",
        "coordinates": [
          -79.5322077,
          43.6624193
        ]
      },
      "id": "node/429256527"
    },
    {
      "type": "Feature",
      "properties": {
        "@id": "node/429659320",
        "amenity": "bank",
        "brand": "Scotiabank",
        "brand:wikidata": "Q451476",
        "brand:wikipedia": "en:Scotiabank",
        "name": "Scotiabank",
        "opening_hours": "Mo,Tu,Fr 09:30-17:00; We,Th 09:30-20:00; Sa 09:30-16:00",
        "website": "http://www.scotiabank.com/"
      },
      "geometry": {
        "type": "Point",
        "coordinates": [
          -79.2215056,
          43.806541
        ]
      },
      "id": "node/429659320"
    },
    {
      "type": "Feature",
      "properties": {
        "@id": "node/431302420",
        "amenity": "bank",
        "brand": "Scotiabank",
        "brand:wikidata": "Q451476",
        "brand:wikipedia": "en:Scotiabank",
        "name": "Scotiabank",
        "website": "http://www.scotiabank.com/"
      },
      "geometry": {
        "type": "Point",
        "coordinates": [
          -79.2479783,
          43.7096968
        ]
      },
      "id": "node/431302420"
    },
    {
      "type": "Feature",
      "properties": {
        "@id": "node/432772911",
        "addr:housenumber": "1498",
        "addr:street": "Islington Avenue",
        "alt_name": "TD Canada Trust",
        "amenity": "bank",
        "atm": "yes",
        "brand": "TD",
        "brand:wikidata": "Q1080670",
        "brand:wikipedia": "en:TD Canada Trust",
        "check_date": "2026-06-28",
        "drive_through": "no",
        "name": "TD",
        "opening_hours": "Mo-Fr 09:00-18:00; Sa 09:00-16:00; Su off"
      },
      "geometry": {
        "type": "Point",
        "coordinates": [
          -79.5317888,
          43.6625768
        ]
      },
      "id": "node/432772911"
    },
    {
      "type": "Feature",
      "properties": {
        "@id": "node/432774047",
        "amenity": "bank",
        "brand": "Scotiabank",
        "brand:wikidata": "Q451476",
        "brand:wikipedia": "en:Scotiabank",
        "name": "Scotiabank",
        "website": "http://www.scotiabank.com/"
      },
      "geometry": {
        "type": "Point",
        "coordinates": [
          -79.4758546,
          43.7085545
        ]
      },
      "id": "node/432774047"
    },
    {
      "type": "Feature",
      "properties": {
        "@id": "node/432775824",
        "alt_name": "Bank of Montreal",
        "amenity": "bank",
        "brand": "BMO",
        "brand:wikidata": "Q806693",
        "brand:wikipedia": "en:Bank of Montreal",
        "name": "BMO",
        "official_name": "Bank of Montreal",
        "source": "approximate"
      },
      "geometry": {
        "type": "Point",
        "coordinates": [
          -79.4894314,
          43.6138621
        ]
      },
      "id": "node/432775824"
    },
    {
      "type": "Feature",
      "properties": {
        "@id": "node/433542284",
        "addr:postcode": "M1K1C6",
        "amenity": "bank",
        "atm": "yes",
        "branch": "00432",
        "brand": "CIBC",
        "brand:wikidata": "Q666694",
        "brand:wikipedia": "en:Canadian Imperial Bank of Commerce",
        "check_date": "2024-09-19",
        "drive_through": "no",
        "fax": "+1-416-698-6608",
        "name": "CIBC",
        "opening_hours": "Mo-Fr 09:30-17:00; Sa 09:30-16:00; Su off",
        "payment:cash": "yes",
        "payment:credit_cards": "yes",
        "payment:debit_cards": "yes",
        "phone": "+1-416-698-5983",
        "website": "https://locations.cibc.com/on/scarborough/00432",
        "wheelchair": "yes"
      },
      "geometry": {
        "type": "Point",
        "coordinates": [
          -79.2681094,
          43.7076523
        ]
      },
      "id": "node/433542284"
    },
    {
      "type": "Feature",
      "properties": {
        "@id": "node/436912959",
        "addr:city": "SCARBOROUGH",
        "addr:housenumber": "2301",
        "addr:postcode": "M1S 5B8",
        "addr:province": "ON",
        "addr:street": "Brimley Road",
        "amenity": "bank",
        "atm": "yes",
        "brand": "BMO",
        "brand:wikidata": "Q806693",
        "brand:wikipedia": "en:Bank of Montreal",
        "name": "BMO",
        "official_name": "Bank of Montreal",
        "source": "approximate;survey",
        "website": "https://branches.bmo.com/on/agincourt/b3974/"
      },
      "geometry": {
        "type": "Point",
        "coordinates": [
          -79.2703981,
          43.7978812
        ]
      },
      "id": "node/436912959"
    },
    {
      "type": "Feature",
      "properties": {
        "@id": "way/450839637",
        "amenity": "bank",
        "brand": "CIBC",
        "brand:wikidata": "Q666694",
        "brand:wikipedia": "en:Canadian Imperial Bank of Commerce",
        "building": "retail",
        "building:levels": "2",
        "check_date": "2026-06-08",
        "name": "CIBC",
        "@geometry": "center"
      },
      "geometry": {
        "type": "Point",
        "coordinates": [
          -79.4560789,
          43.7218805
        ]
      },
      "id": "way/450839637"
    },
    {
      "type": "Feature",
      "properties": {
        "@id": "node/474961236",
        "addr:housenumber": "1164",
        "addr:street": "St. Clair Avenue West",
        "amenity": "bank",
        "brand": "CIBC",
        "brand:wikidata": "Q666694",
        "brand:wikipedia": "en:Canadian Imperial Bank of Commerce",
        "check_date": "2026-05-30",
        "name": "CIBC",
        "operator": "CIBC"
      },
      "geometry": {
        "type": "Point",
        "coordinates": [
          -79.4429495,
          43.6781395
        ]
      },
      "id": "node/474961236"
    },
    {
      "type": "Feature",
      "properties": {
        "@id": "node/474965307",
        "alt_name": "TD Canada Trust",
        "amenity": "bank",
        "brand": "TD",
        "brand:wikidata": "Q1080670",
        "brand:wikipedia": "en:TD Canada Trust",
        "name": "TD",
        "opening_hours": "Mo-We 09:00-18:00; Th,Fr 09:00-20:00; Sa 09:00-16:00; Su off"
      },
      "geometry": {
        "type": "Point",
        "coordinates": [
          -79.433765,
          43.737582
        ]
      },
      "id": "node/474965307"
    },
    {
      "type": "Feature",
      "properties": {
        "@id": "node/474967355",
        "addr:city": "North York",
        "addr:housenumber": "580",
        "addr:postcode": "M3H 2S1",
        "addr:street": "Sheppard Avenue West",
        "alt_name": "TD Canada Trust",
        "amenity": "bank",
        "atm": "yes",
        "brand": "TD",
        "brand:wikidata": "Q1080670",
        "brand:wikipedia": "en:TD Canada Trust",
        "check_date": "2025-12-13",
        "drive_through": "no",
        "name": "TD",
        "opening_hours": "Su 11:00-16:00, Mo-We 08:00-18:00, Th-Fr 08:00-20:00, Sa 08:00-16:00",
        "website": "https://www.tdcanadatrust.com/"
      },
      "geometry": {
        "type": "Point",
        "coordinates": [
          -79.4390032,
          43.7562406
        ]
      },
      "id": "node/474967355"
    },
    {
      "type": "Feature",
      "properties": {
        "@id": "node/474967386",
        "amenity": "bank",
        "brand": "RBC",
        "brand:en": "RBC Royal Bank",
        "brand:fr": "RBC Banque Royale",
        "brand:wikidata": "Q735261",
        "brand:wikipedia": "en:Royal Bank of Canada",
        "name": "RBC",
        "name:en": "RBC Royal Bank",
        "name:fr": "RBC Banque Royale",
        "official_name": "Royal Bank of Canada"
      },
      "geometry": {
        "type": "Point",
        "coordinates": [
          -79.446679,
          43.7838395
        ]
      },
      "id": "node/474967386"
    },
    {
      "type": "Feature",
      "properties": {
        "@id": "node/475444415",
        "addr:housenumber": "5001",
        "addr:street": "Yonge Street",
        "amenity": "bank",
        "atm": "yes",
        "brand": "RBC",
        "brand:en": "RBC Royal Bank",
        "brand:fr": "RBC Banque Royale",
        "brand:wikidata": "Q735261",
        "brand:wikipedia": "en:Royal Bank of Canada",
        "check_date": "2025-12-13",
        "name": "RBC Royal Bank",
        "name:en": "RBC Royal Bank",
        "name:fr": "RBC Banque Royale",
        "official_name": "Royal Bank of Canada"
      },
      "geometry": {
        "type": "Point",
        "coordinates": [
          -79.4116156,
          43.7658464
        ]
      },
      "id": "node/475444415"
    },
    {
      "type": "Feature",
      "properties": {
        "@id": "node/495302124",
        "alt_name": "TD Canada Trust",
        "amenity": "bank",
        "brand": "TD",
        "brand:wikidata": "Q1080670",
        "brand:wikipedia": "en:TD Canada Trust",
        "name": "TD",
        "opening_hours": "Mo-We 09:00-18:00; Th,Fr 09:00-20:00; Sa 09:00-16:00; Su off",
        "website": "https://www.tdcanadatrust.com/",
        "wheelchair": "yes"
      },
      "geometry": {
        "type": "Point",
        "coordinates": [
          -79.3457895,
          43.7334424
        ]
      },
      "id": "node/495302124"
    },
    {
      "type": "Feature",
      "properties": {
        "@id": "node/495883885",
        "amenity": "bank",
        "brand": "BMO",
        "brand:wikidata": "Q806693",
        "brand:wikipedia": "en:Bank of Montreal",
        "check_date": "2024-03-04",
        "drive_through": "no",
        "name": "BMO",
        "official_name": "Bank of Montreal"
      },
      "geometry": {
        "type": "Point",
        "coordinates": [
          -79.2000497,
          43.7466889
        ]
      },
      "id": "node/495883885"
    },
    {
      "type": "Feature",
      "properties": {
        "@id": "node/495883889",
        "amenity": "bank",
        "brand": "CIBC",
        "brand:wikidata": "Q666694",
        "brand:wikipedia": "en:Canadian Imperial Bank of Commerce",
        "check_date": "2024-03-04",
        "name": "CIBC"
      },
      "geometry": {
        "type": "Point",
        "coordinates": [
          -79.2002035,
          43.7466458
        ]
      },
      "id": "node/495883889"
    },
    {
      "type": "Feature",
      "properties": {
        "@id": "node/502020460",
        "amenity": "bank",
        "atm": "yes",
        "brand": "RBC",
        "brand:en": "RBC Royal Bank",
        "brand:fr": "RBC Banque Royale",
        "brand:wikidata": "Q735261",
        "brand:wikipedia": "en:Royal Bank of Canada",
        "name": "RBC Royal Bank",
        "name:en": "RBC Royal Bank",
        "name:fr": "RBC Banque Royale",
        "official_name": "Royal Bank of Canada"
      },
      "geometry": {
        "type": "Point",
        "coordinates": [
          -79.4353284,
          43.679479
        ]
      },
      "id": "node/502020460"
    },
    {
      "type": "Feature",
      "properties": {
        "@id": "node/502704898",
        "addr:city": "Toronto",
        "addr:housenumber": "510",
        "addr:street": "St. Clair Avenue West",
        "alt_name": "TD Canada Trust",
        "amenity": "bank",
        "brand": "TD",
        "brand:wikidata": "Q1080670",
        "brand:wikipedia": "en:TD Canada Trust",
        "name": "TD",
        "opening_hours": "Mo-We 08:00-18:00; Th-Fr 08:00-20:00; Sa 08:00-16:00; Su off",
        "website": "https://www.tdcanadatrust.com/",
        "wheelchair": "yes"
      },
      "geometry": {
        "type": "Point",
        "coordinates": [
          -79.418845,
          43.6832156
        ]
      },
      "id": "node/502704898"
    },
    {
      "type": "Feature",
      "properties": {
        "@id": "node/502704917",
        "amenity": "bank",
        "brand": "National Bank",
        "brand:en": "National Bank",
        "brand:fr": "Banque Nationale",
        "brand:wikidata": "Q634298",
        "brand:wikipedia": "en:National Bank of Canada",
        "name": "National Bank",
        "name:en": "National Bank",
        "name:fr": "Banque Nationale",
        "official_name": "National Bank of Canada",
        "official_name:en": "National Bank of Canada",
        "official_name:fr": "Banque Nationale du Canada"
      },
      "geometry": {
        "type": "Point",
        "coordinates": [
          -79.4482186,
          43.6766008
        ]
      },
      "id": "node/502704917"
    },
    {
      "type": "Feature",
      "properties": {
        "@id": "way/504119408",
        "addr:city": "Toronto",
        "addr:housenumber": "641",
        "addr:postcode": "M6G 1B5",
        "addr:street": "College Street",
        "amenity": "bank",
        "atm": "yes",
        "brand": "CIBC",
        "brand:wikidata": "Q666694",
        "brand:wikipedia": "en:Canadian Imperial Bank of Commerce",
        "building": "yes",
        "name": "CIBC",
        "operator": "CIBC",
        "phone": "+1-416-535-2538",
        "toilets:wheelchair": "no",
        "wheelchair": "yes",
        "@geometry": "center"
      },
      "geometry": {
        "type": "Point",
        "coordinates": [
          -79.4152973,
          43.6547022
        ]
      },
      "id": "way/504119408"
    },
    {
      "type": "Feature",
      "properties": {
        "@id": "way/504384292",
        "addr:city": "Toronto",
        "addr:housenumber": "643",
        "addr:postcode": "M6G 1B7",
        "addr:street": "College Street",
        "amenity": "bank",
        "brand": "Scotiabank",
        "brand:wikidata": "Q451476",
        "brand:wikipedia": "en:Scotiabank",
        "building": "retail",
        "building:levels": "1",
        "name": "Scotiabank",
        "phone": "+1-416-537-2191",
        "source": "Bing",
        "website": "http://www.scotiabank.com/",
        "wheelchair": "yes",
        "@geometry": "center"
      },
      "geometry": {
        "type": "Point",
        "coordinates": [
          -79.415679,
          43.654736
        ]
      },
      "id": "way/504384292"
    },
    {
      "type": "Feature",
      "properties": {
        "@id": "node/504687083",
        "addr:housenumber": "900",
        "addr:street": "Dufferin Street",
        "amenity": "bank",
        "brand": "BMO",
        "brand:wikidata": "Q806693",
        "brand:wikipedia": "en:Bank of Montreal",
        "check_date": "2026-06-06",
        "name": "BMO",
        "official_name": "Bank of Montreal",
        "opening_hours": "Mo-We 10:00-17:00; Th-Fr 10:00-20:00; Sa 10:00-16:00; Su off"
      },
      "geometry": {
        "type": "Point",
        "coordinates": [
          -79.4338144,
          43.655154
        ]
      },
      "id": "node/504687083"
    },
    {
      "type": "Feature",
      "properties": {
        "@id": "node/515618891",
        "amenity": "bank",
        "brand": "CIBC",
        "brand:wikidata": "Q666694",
        "brand:wikipedia": "en:Canadian Imperial Bank of Commerce",
        "name": "CIBC",
        "operator": "CIBC"
      },
      "geometry": {
        "type": "Point",
        "coordinates": [
          -79.3788884,
          43.6522301
        ]
      },
      "id": "node/515618891"
    },
    {
      "type": "Feature",
      "properties": {
        "@id": "node/517226072",
        "amenity": "bank",
        "brand": "Scotiabank",
        "brand:wikidata": "Q451476",
        "brand:wikipedia": "en:Scotiabank",
        "check_date": "2026-05-21",
        "name": "Scotiabank",
        "opening_hours": "Mo-Fr 09:30-17:00; Sa 09:30-16:00; Su off",
        "website": "http://www.scotiabank.com/"
      },
      "geometry": {
        "type": "Point",
        "coordinates": [
          -79.4025175,
          43.7270811
        ]
      },
      "id": "node/517226072"
    },
    {
      "type": "Feature",
      "properties": {
        "@id": "node/517226073",
        "addr:housenumber": "3224",
        "addr:street": "Yonge Street",
        "amenity": "bank",
        "brand": "RBC",
        "brand:en": "RBC Royal Bank",
        "brand:fr": "RBC Banque Royale",
        "brand:wikidata": "Q735261",
        "brand:wikipedia": "en:Royal Bank of Canada",
        "check_date": "2026-05-21",
        "name": "RBC Royal Bank",
        "name:en": "RBC Royal Bank",
        "name:fr": "RBC Banque Royale",
        "official_name": "Royal Bank of Canada",
        "operator": "RBC",
        "operator:wikidata": "Q735261"
      },
      "geometry": {
        "type": "Point",
        "coordinates": [
          -79.4033918,
          43.7290201
        ]
      },
      "id": "node/517226073"
    },
    {
      "type": "Feature",
      "properties": {
        "@id": "node/517226079",
        "amenity": "bank",
        "brand": "CIBC",
        "brand:wikidata": "Q666694",
        "brand:wikipedia": "en:Canadian Imperial Bank of Commerce",
        "check_date": "2026-05-21",
        "name": "CIBC"
      },
      "geometry": {
        "type": "Point",
        "coordinates": [
          -79.4036485,
          43.7300086
        ]
      },
      "id": "node/517226079"
    },
    {
      "type": "Feature",
      "properties": {
        "@id": "node/517227446",
        "addr:city": "Toronto",
        "addr:housenumber": "3320",
        "addr:street": "Yonge Street",
        "amenity": "bank",
        "atm": "yes",
        "brand": "BMO",
        "brand:wikidata": "Q806693",
        "brand:wikipedia": "en:Bank of Montreal",
        "check_date": "2026-05-21",
        "name": "BMO",
        "official_name": "Bank of Montreal",
        "opening_hours": "Mo-We 09:00-17:00; Th-Fr 09:00-18:00; Sa 09:00-16:00"
      },
      "geometry": {
        "type": "Point",
        "coordinates": [
          -79.4040412,
          43.73119
        ]
      },
      "id": "node/517227446"
    },
    {
      "type": "Feature",
      "properties": {
        "@id": "node/519717323",
        "addr:city": "Toronto",
        "addr:housenumber": "200",
        "addr:street": "Bay Street",
        "amenity": "bank",
        "brand": "RBC",
        "brand:en": "RBC Royal Bank",
        "brand:fr": "RBC Banque Royale",
        "brand:wikidata": "Q735261",
        "brand:wikipedia": "en:Royal Bank of Canada",
        "name": "RBC Royal Bank",
        "name:en": "RBC Royal Bank",
        "name:fr": "RBC Banque Royale",
        "official_name": "Royal Bank of Canada",
        "opening_hours": "Mo-Fr 08:00-17:00",
        "phone": "+1-416-955-5115"
      },
      "geometry": {
        "type": "Point",
        "coordinates": [
          -79.3795289,
          43.6461841
        ]
      },
      "id": "node/519717323"
    },
    {
      "type": "Feature",
      "properties": {
        "@id": "node/519717374",
        "amenity": "bank",
        "atm": "yes",
        "brand": "ICICI Bank",
        "brand:wikidata": "Q1653258",
        "brand:wikipedia": "en:ICICI Bank",
        "name": "ICICI Bank",
        "short_name": "ICICI",
        "store_name": "ICICI Bank Downtown Branch"
      },
      "geometry": {
        "type": "Point",
        "coordinates": [
          -79.3811592,
          43.650423
        ]
      },
      "id": "node/519717374"
    },
    {
      "type": "Feature",
      "properties": {
        "@id": "node/519717391",
        "amenity": "bank",
        "brand": "Scotiabank",
        "brand:wikidata": "Q451476",
        "brand:wikipedia": "en:Scotiabank",
        "name": "Scotiabank",
        "website": "http://www.scotiabank.com/"
      },
      "geometry": {
        "type": "Point",
        "coordinates": [
          -79.381623,
          43.65144
        ]
      },
      "id": "node/519717391"
    },
    {
      "type": "Feature",
      "properties": {
        "@id": "node/524114023",
        "addr:city": "Toronto",
        "addr:housenumber": "2453",
        "addr:street": "Yonge Street",
        "alt_name": "TD Canada Trust",
        "amenity": "bank",
        "atm": "yes",
        "brand": "TD",
        "brand:wikidata": "Q1080670",
        "brand:wikipedia": "en:TD Canada Trust",
        "check_date": "2026-04-26",
        "drive_through": "no",
        "internet_access": "wlan",
        "internet_access:fee": "customers",
        "level": "0",
        "name": "TD",
        "opening_hours": "Mo-We 09:00-18:00; Th-Fr 09:00-20:00; Sa 09:00-16:00; Su off",
        "payment:credit_cards": "yes",
        "payment:mastercard": "yes",
        "payment:visa": "yes",
        "phone": "+1 4169321500",
        "website": "https://www.td.com/ca/en/personal-banking/branch-locator#/?id=1928",
        "wheelchair": "yes"
      },
      "geometry": {
        "type": "Point",
        "coordinates": [
          -79.3990987,
          43.7112702
        ]
      },
      "id": "node/524114023"
    },
    {
      "type": "Feature",
      "properties": {
        "@id": "node/524119577",
        "amenity": "bank",
        "brand": "TD Canada Trust",
        "brand:wikidata": "Q1080670",
        "brand:wikipedia": "en:TD Canada Trust",
        "check_date": "2026-05-21",
        "name": "TD Canada Trust",
        "opening_hours": "Mo-We 08:00-18:00; Th-Fr 08:00-20:00; Sa 08:00-16:00; Su off",
        "website": "https://www.tdcanadatrust.com/"
      },
      "geometry": {
        "type": "Point",
        "coordinates": [
          -79.4030839,
          43.7275397
        ]
      },
      "id": "node/524119577"
    },
    {
      "type": "Feature",
      "properties": {
        "@id": "node/524150961",
        "amenity": "bank",
        "brand": "CIBC",
        "brand:wikidata": "Q666694",
        "brand:wikipedia": "en:Canadian Imperial Bank of Commerce",
        "check_date": "2026-06-27",
        "name": "CIBC",
        "note": "open sunday",
        "operator": "CIBC"
      },
      "geometry": {
        "type": "Point",
        "coordinates": [
          -79.3971788,
          43.6529369
        ]
      },
      "id": "node/524150961"
    },
    {
      "type": "Feature",
      "properties": {
        "@id": "node/530274995",
        "addr:city": "North York",
        "addr:housenumber": "50",
        "addr:street": "Provost Drive",
        "amenity": "bank",
        "atm": "yes",
        "brand": "TD Canada Trust",
        "brand:wikidata": "Q1080670",
        "brand:wikipedia": "en:TD Canada Trust",
        "name": "TD Canada Trust",
        "opendata:type": "104008",
        "operator": "TD Canada Trust",
        "website": "https://www.tdcanadatrust.com/"
      },
      "geometry": {
        "type": "Point",
        "coordinates": [
          -79.371378,
          43.7698388
        ]
      },
      "id": "node/530274995"
    },
    {
      "type": "Feature",
      "properties": {
        "@id": "node/530787065",
        "addr:city": "Toronto",
        "addr:housenumber": "209",
        "addr:postcode": "M6R 2L5",
        "addr:province": "ON",
        "addr:street": "Roncesvalles Avenue",
        "amenity": "bank",
        "atm": "yes",
        "brand": "CIBC",
        "brand:wikidata": "Q666694",
        "brand:wikipedia": "en:Canadian Imperial Bank of Commerce",
        "check_date": "2026-07-04",
        "drive_through": "no",
        "name": "CIBC",
        "operator": "CIBC",
        "phone": "+1-416-533-1713",
        "wheelchair": "yes"
      },
      "geometry": {
        "type": "Point",
        "coordinates": [
          -79.4485152,
          43.645361
        ]
      },
      "id": "node/530787065"
    },
    {
      "type": "Feature",
      "properties": {
        "@id": "node/530787069",
        "amenity": "bank",
        "brand": "Scotiabank",
        "brand:wikidata": "Q451476",
        "brand:wikipedia": "en:Scotiabank",
        "check_date": "2026-06-24",
        "name": "Scotiabank"
      },
      "geometry": {
        "type": "Point",
        "coordinates": [
          -79.448494,
          43.6452978
        ]
      },
      "id": "node/530787069"
    },
    {
      "type": "Feature",
      "properties": {
        "@id": "node/530789557",
        "addr:city": "Toronto",
        "addr:housenumber": "179",
        "addr:postcode": "M6R 2L5",
        "addr:province": "ON",
        "addr:street": "Roncesvalles Avenue",
        "amenity": "bank",
        "atm": "yes",
        "brand": "RBC",
        "brand:en": "RBC Royal Bank",
        "brand:fr": "RBC Banque Royale",
        "brand:wikidata": "Q735261",
        "brand:wikipedia": "en:Royal Bank of Canada",
        "check_date": "2026-03-21",
        "drive_through": "no",
        "name": "RBC",
        "name:en": "RBC Royal Bank",
        "name:fr": "RBC Banque Royale",
        "official_name": "Royal Bank of Canada",
        "operator": "Royal Bank of Canada",
        "phone": "+1-416-537-5232",
        "website": "https://maps.rbcroyalbank.com/locator/searchResults.php?t=6352"
      },
      "geometry": {
        "type": "Point",
        "coordinates": [
          -79.4482598,
          43.6447523
        ]
      },
      "id": "node/530789557"
    },
    {
      "type": "Feature",
      "properties": {
        "@id": "node/534376180",
        "amenity": "bank",
        "atm": "yes",
        "brand": "Scotiabank",
        "brand:wikidata": "Q451476",
        "brand:wikipedia": "en:Scotiabank",
        "check_date": "2026-06-27",
        "name": "Scotiabank",
        "website": "http://www.scotiabank.com/"
      },
      "geometry": {
        "type": "Point",
        "coordinates": [
          -79.3983556,
          43.6529896
        ]
      },
      "id": "node/534376180"
    },
    {
      "type": "Feature",
      "properties": {
        "@id": "node/534453399",
        "amenity": "bank",
        "atm": "yes",
        "brand": "CIBC",
        "brand:wikidata": "Q666694",
        "brand:wikipedia": "en:Canadian Imperial Bank of Commerce",
        "check_date": "2026-05-26",
        "name": "CIBC",
        "operator": "CIBC"
      },
      "geometry": {
        "type": "Point",
        "coordinates": [
          -79.3942306,
          43.6878836
        ]
      },
      "id": "node/534453399"
    },
    {
      "type": "Feature",
      "properties": {
        "@id": "node/535008506",
        "addr:housenumber": "438",
        "addr:street": "Eglinton Avenue West",
        "amenity": "bank",
        "brand": "Scotiabank",
        "brand:wikidata": "Q451476",
        "brand:wikipedia": "en:Scotiabank",
        "check_date": "2026-04-03",
        "name": "Scotiabank"
      },
      "geometry": {
        "type": "Point",
        "coordinates": [
          -79.4114942,
          43.7041319
        ]
      },
      "id": "node/535008506"
    },
    {
      "type": "Feature",
      "properties": {
        "@id": "node/535026357",
        "amenity": "bank",
        "brand": "CIBC",
        "brand:wikidata": "Q666694",
        "brand:wikipedia": "en:Canadian Imperial Bank of Commerce",
        "check_date": "2026-04-08",
        "name": "CIBC",
        "opening_hours": "Mo-Fr 09:30-17:00",
        "operator": "CIBC"
      },
      "geometry": {
        "type": "Point",
        "coordinates": [
          -79.4326525,
          43.6996475
        ]
      },
      "id": "node/535026357"
    },
    {
      "type": "Feature",
      "properties": {
        "@id": "node/535026380",
        "alt_name": "TD Canada Trust",
        "amenity": "bank",
        "atm": "yes",
        "brand": "TD",
        "brand:wikidata": "Q1080670",
        "brand:wikipedia": "en:TD Canada Trust",
        "check_date": "2026-04-08",
        "name": "TD",
        "website": "https://www.tdcanadatrust.com/",
        "wheelchair": "no"
      },
      "geometry": {
        "type": "Point",
        "coordinates": [
          -79.4257714,
          43.7010981
        ]
      },
      "id": "node/535026380"
    },
    {
      "type": "Feature",
      "properties": {
        "@id": "node/535026381",
        "addr:housenumber": "880",
        "addr:street": "Eglinton Avenue West",
        "amenity": "bank",
        "atm": "yes",
        "brand": "RBC",
        "brand:en": "RBC Royal Bank",
        "brand:fr": "RBC Banque Royale",
        "brand:wikidata": "Q735261",
        "check_date": "2026-04-08",
        "drive_through": "no",
        "name": "RBC",
        "name:en": "RBC Royal Bank",
        "name:fr": "RBC Banque Royale",
        "official_name": "Royal Bank of Canada",
        "website": "https://maps.rbcroyalbank.com/ON-TORONTO-branch-5722"
      },
      "geometry": {
        "type": "Point",
        "coordinates": [
          -79.4266772,
          43.7009203
        ]
      },
      "id": "node/535026381"
    },
    {
      "type": "Feature",
      "properties": {
        "@id": "node/535036457",
        "addr:city": "Etobicoke",
        "addr:housenumber": "3022",
        "addr:street": "Bloor Street West",
        "alt_name": "BMO Wealth Management",
        "amenity": "bank",
        "atm": "yes",
        "brand": "BMO",
        "brand:wikidata": "Q806693",
        "brand:wikipedia": "en:Bank of Montreal",
        "check_date": "2026-06-16",
        "name": "BMO",
        "official_name": "Bank of Montreal",
        "opening_hours": "Mo-We 09:00-17:00; Th-Fr 09:00-18:00; Sa 09:30-16:00; Su off",
        "phone": "+1 4162312255; +1 4162318232",
        "short_name": "BMO"
      },
      "geometry": {
        "type": "Point",
        "coordinates": [
          -79.5119835,
          43.6473827
        ]
      },
      "id": "node/535036457"
    },
    {
      "type": "Feature",
      "properties": {
        "@id": "node/535036461",
        "addr:housenumber": "2972",
        "addr:street": "Bloor Street West",
        "alt_name": "TD Canada Trust",
        "amenity": "bank",
        "atm": "yes",
        "brand": "TD",
        "brand:wikidata": "Q1080670",
        "brand:wikipedia": "en:TD Canada Trust",
        "check_date": "2025-04-26",
        "drive_through": "no",
        "name": "TD",
        "opening_hours": "Mo-Fr 08:00-20:00; Sa 08:00-16:00; Su 11:00-16:00",
        "wheelchair": "yes"
      },
      "geometry": {
        "type": "Point",
        "coordinates": [
          -79.5091563,
          43.6480098
        ]
      },
      "id": "node/535036461"
    },
    {
      "type": "Feature",
      "properties": {
        "@id": "node/538159523",
        "addr:housenumber": "414",
        "addr:street": "Spadina Road",
        "alt_name": "Royal Bank",
        "amenity": "bank",
        "atm": "yes",
        "brand": "RBC",
        "brand:en": "RBC Royal Bank",
        "brand:fr": "RBC Banque Royale",
        "brand:wikidata": "Q735261",
        "brand:wikipedia": "en:Royal Bank of Canada",
        "check_date": "2025-03-31",
        "drive_through": "no",
        "name": "RBC",
        "name:en": "RBC Royal Bank",
        "name:fr": "RBC Banque Royale",
        "official_name": "Royal Bank of Canada",
        "operator": "RBC",
        "website": "https://maps.rbcroyalbank.com/ON-TORONTO-branch-1412"
      },
      "geometry": {
        "type": "Point",
        "coordinates": [
          -79.4127866,
          43.6884777
        ]
      },
      "id": "node/538159523"
    },
    {
      "type": "Feature",
      "properties": {
        "@id": "node/538343125",
        "amenity": "bank",
        "brand": "BMO",
        "brand:wikidata": "Q806693",
        "brand:wikipedia": "en:Bank of Montreal",
        "name": "BMO",
        "official_name": "Bank of Montreal",
        "opening_hours": "Mo-We 09:30-17:00; Th,Fr 09:30-18:00"
      },
      "geometry": {
        "type": "Point",
        "coordinates": [
          -79.3834663,
          43.671155
        ]
      },
      "id": "node/538343125"
    },
    {
      "type": "Feature",
      "properties": {
        "@id": "node/540594626",
        "amenity": "bank",
        "name": "IC Savings"
      },
      "geometry": {
        "type": "Point",
        "coordinates": [
          -79.4461179,
          43.6774247
        ]
      },
      "id": "node/540594626"
    },
    {
      "type": "Feature",
      "properties": {
        "@id": "node/540594627",
        "addr:city": "Toronto",
        "addr:housenumber": "1200",
        "addr:street": "St. Clair Avenue West",
        "amenity": "bank",
        "atm": "yes",
        "brand": "BMO",
        "brand:wikidata": "Q806693",
        "brand:wikipedia": "en:Bank of Montreal",
        "name": "BMO",
        "official_name": "Bank of Montreal"
      },
      "geometry": {
        "type": "Point",
        "coordinates": [
          -79.4444415,
          43.6778012
        ]
      },
      "id": "node/540594627"
    },
    {
      "type": "Feature",
      "properties": {
        "@id": "node/542005029",
        "amenity": "bank",
        "brand": "Scotiabank",
        "brand:wikidata": "Q451476",
        "brand:wikipedia": "en:Scotiabank",
        "name": "Scotiabank",
        "website": "http://www.scotiabank.com/",
        "wheelchair": "yes"
      },
      "geometry": {
        "type": "Point",
        "coordinates": [
          -79.2305537,
          43.7260698
        ]
      },
      "id": "node/542005029"
    },
    {
      "type": "Feature",
      "properties": {
        "@id": "node/542893742",
        "amenity": "bank",
        "brand": "TD Canada Trust",
        "brand:wikidata": "Q1080670",
        "brand:wikipedia": "en:TD Canada Trust",
        "name": "TD Canada Trust"
      },
      "geometry": {
        "type": "Point",
        "coordinates": [
          -79.3130712,
          43.7919767
        ]
      },
      "id": "node/542893742"
    },
    {
      "type": "Feature",
      "properties": {
        "@id": "node/544542564",
        "amenity": "bank",
        "brand": "RBC",
        "brand:en": "RBC Royal Bank",
        "brand:fr": "RBC Banque Royale",
        "brand:wikidata": "Q735261",
        "brand:wikipedia": "en:Royal Bank of Canada",
        "name": "RBC Royal Bank",
        "name:en": "RBC Royal Bank",
        "name:fr": "RBC Banque Royale",
        "official_name": "Royal Bank of Canada"
      },
      "geometry": {
        "type": "Point",
        "coordinates": [
          -79.2317405,
          43.7261397
        ]
      },
      "id": "node/544542564"
    },
    {
      "type": "Feature",
      "properties": {
        "@id": "way/545741020",
        "addr:city": "Toronto",
        "addr:housenumber": "480",
        "addr:postcode": "M1P 5J1",
        "addr:street": "Progress Avenue",
        "amenity": "bank",
        "atm": "yes",
        "brand": "CIBC",
        "brand:wikidata": "Q666694",
        "brand:wikipedia": "en:Canadian Imperial Bank of Commerce",
        "building": "retail",
        "drive_through": "yes",
        "name": "CIBC",
        "operator": "CIBC",
        "@geometry": "center"
      },
      "geometry": {
        "type": "Point",
        "coordinates": [
          -79.2608416,
          43.7790954
        ]
      },
      "id": "way/545741020"
    },
    {
      "type": "Feature",
      "properties": {
        "@id": "node/558628291",
        "amenity": "bank",
        "brand": "CIBC",
        "brand:wikidata": "Q666694",
        "brand:wikipedia": "en:Canadian Imperial Bank of Commerce",
        "name": "CIBC",
        "wheelchair": "yes"
      },
      "geometry": {
        "type": "Point",
        "coordinates": [
          -79.3485078,
          43.6890372
        ]
      },
      "id": "node/558628291"
    },
    {
      "type": "Feature",
      "properties": {
        "@id": "node/560196724",
        "amenity": "bank",
        "opening_hours": "Mo-We 08:00-18:00; Th-Fr 08:00-20:00; Sa 08:00-16:00; Su off"
      },
      "geometry": {
        "type": "Point",
        "coordinates": [
          -79.4428298,
          43.7055708
        ]
      },
      "id": "node/560196724"
    },
    {
      "type": "Feature",
      "properties": {
        "@id": "node/560227429",
        "addr:city": "Toronto",
        "addr:housenumber": "155",
        "addr:street": "Wellington Street West",
        "addr:unit": "138B",
        "amenity": "bank",
        "brand": "RBC",
        "brand:en": "RBC Royal Bank",
        "brand:fr": "RBC Banque Royale",
        "brand:wikidata": "Q735261",
        "brand:wikipedia": "en:Royal Bank of Canada",
        "name": "RBC Royal Bank",
        "name:en": "RBC Royal Bank",
        "name:fr": "RBC Banque Royale",
        "official_name": "Royal Bank of Canada",
        "phone": "+1-416-955-6286",
        "wheelchair": "yes"
      },
      "geometry": {
        "type": "Point",
        "coordinates": [
          -79.3857642,
          43.6457992
        ]
      },
      "id": "node/560227429"
    },
    {
      "type": "Feature",
      "properties": {
        "@id": "node/560650174",
        "alt_name": "TD Canada Trust",
        "amenity": "bank",
        "brand": "TD",
        "brand:wikidata": "Q1080670",
        "brand:wikipedia": "en:TD Canada Trust",
        "level": "-1",
        "name": "TD",
        "opening_hours": "Mo-We 08:00-18:00; Th-Fr 08:00-20:00; Sa 08:00-16:00; Su 12:00-16:00",
        "website": "https://www.tdcanadatrust.com/"
      },
      "geometry": {
        "type": "Point",
        "coordinates": [
          -79.4105427,
          43.7624334
        ]
      },
      "id": "node/560650174"
    },
    {
      "type": "Feature",
      "properties": {
        "@id": "node/561037783",
        "amenity": "bank",
        "atm": "yes",
        "brand": "CIBC",
        "brand:wikidata": "Q666694",
        "brand:wikipedia": "en:Canadian Imperial Bank of Commerce",
        "name": "CIBC",
        "wheelchair": "yes"
      },
      "geometry": {
        "type": "Point",
        "coordinates": [
          -79.4309907,
          43.7203137
        ]
      },
      "id": "node/561037783"
    },
    {
      "type": "Feature",
      "properties": {
        "@id": "node/561044360",
        "amenity": "bank",
        "brand": "RBC",
        "brand:en": "RBC Royal Bank",
        "brand:fr": "RBC Banque Royale",
        "brand:wikidata": "Q735261",
        "brand:wikipedia": "en:Royal Bank of Canada",
        "check_date": "2026-01-17",
        "name": "RBC",
        "name:en": "RBC Royal Bank",
        "name:fr": "RBC Banque Royale",
        "official_name": "Royal Bank of Canada"
      },
      "geometry": {
        "type": "Point",
        "coordinates": [
          -79.4161676,
          43.7808689
        ]
      },
      "id": "node/561044360"
    },
    {
      "type": "Feature",
      "properties": {
        "@id": "node/561181504",
        "amenity": "bank",
        "brand": "BMO",
        "brand:wikidata": "Q806693",
        "brand:wikipedia": "en:Bank of Montreal",
        "name": "BMO",
        "official_name": "Bank of Montreal"
      },
      "geometry": {
        "type": "Point",
        "coordinates": [
          -79.2881351,
          43.7462665
        ]
      },
      "id": "node/561181504"
    },
    {
      "type": "Feature",
      "properties": {
        "@id": "node/575248145",
        "addr:city": "Toronto",
        "addr:housenumber": "523",
        "addr:street": "Bloor Street West",
        "amenity": "bank",
        "name": "easy financials",
        "office": "financial_services"
      },
      "geometry": {
        "type": "Point",
        "coordinates": [
          -79.4091358,
          43.6654382
        ]
      },
      "id": "node/575248145"
    },
    {
      "type": "Feature",
      "properties": {
        "@id": "way/587012151",
        "addr:city": "Toronto",
        "addr:housenumber": "5075",
        "addr:postcode": "M2N 6C6",
        "addr:street": "Yonge Street",
        "amenity": "bank",
        "atm": "yes",
        "brand": "Scotiabank",
        "brand:wikidata": "Q451476",
        "brand:wikipedia": "en:Scotiabank",
        "building": "commercial",
        "building:levels": "10",
        "check_date": "2025-12-13",
        "drive_through": "no",
        "name": "Scotiabank",
        "@geometry": "center"
      },
      "geometry": {
        "type": "Point",
        "coordinates": [
          -79.4120404,
          43.7678538
        ]
      },
      "id": "way/587012151"
    },
    {
      "type": "Feature",
      "properties": {
        "@id": "node/598103301",
        "alt_name": "TD Canada Trust",
        "amenity": "bank",
        "brand": "TD",
        "brand:wikidata": "Q1080670",
        "brand:wikipedia": "en:TD Canada Trust",
        "check_date": "2025-11-30",
        "name": "TD",
        "website": "https://www.tdcanadatrust.com/",
        "wheelchair": "yes"
      },
      "geometry": {
        "type": "Point",
        "coordinates": [
          -79.4418697,
          43.667908
        ]
      },
      "id": "node/598103301"
    },
    {
      "type": "Feature",
      "properties": {
        "@id": "node/618404719",
        "amenity": "bank",
        "brand": "BMO",
        "brand:wikidata": "Q806693",
        "brand:wikipedia": "en:Bank of Montreal",
        "check_date": "2026-03-21",
        "name": "BMO",
        "official_name": "Bank of Montreal"
      },
      "geometry": {
        "type": "Point",
        "coordinates": [
          -79.2896111,
          43.7841295
        ]
      },
      "id": "node/618404719"
    },
    {
      "type": "Feature",
      "properties": {
        "@id": "way/626513479",
        "addr:city": "Etobicoke",
        "addr:housenumber": "1440",
        "addr:postcode": "M9P 3B1",
        "addr:street": "Royal York Road",
        "alt_name": "TD Canada Trust",
        "amenity": "bank",
        "atm": "yes",
        "brand": "TD",
        "brand:wikidata": "Q1080670",
        "brand:wikipedia": "en:TD Canada Trust",
        "building": "retail",
        "check_date": "2026-06-16",
        "name": "TD",
        "opening_hours": "Mo-We 09:00-18:00, Th-Fr 09:00-20:00, Sa 09:00-16:00",
        "operator": "TD Canada Trust",
        "source": "td.com;aerial imagery",
        "@geometry": "center"
      },
      "geometry": {
        "type": "Point",
        "coordinates": [
          -79.5288269,
          43.6860883
        ]
      },
      "id": "way/626513479"
    },
    {
      "type": "Feature",
      "properties": {
        "@id": "way/657936552",
        "addr:city": "Etobicoke",
        "addr:housenumber": "3868",
        "addr:postcode": "M9B 1L3",
        "addr:province": "ON",
        "addr:street": "Bloor Street West",
        "alt_name": "TD Canada Trust",
        "amenity": "bank",
        "atm": "yes",
        "brand": "TD",
        "brand:wikidata": "Q1080670",
        "brand:wikipedia": "en:TD Canada Trust",
        "building": "retail",
        "check_date": "2025-04-20",
        "drive_through": "no",
        "name": "TD",
        "opening_hours": "Mo-We 08:00-18:00; Th-Fr 08:00-20:00; Sa 08:00-16:00; Su off",
        "wheelchair": "yes",
        "@geometry": "center"
      },
      "geometry": {
        "type": "Point",
        "coordinates": [
          -79.5401025,
          43.6411415
        ]
      },
      "id": "way/657936552"
    },
    {
      "type": "Feature",
      "properties": {
        "@id": "way/659440532",
        "amenity": "bank",
        "brand": "CIBC",
        "brand:wikidata": "Q666694",
        "brand:wikipedia": "en:Canadian Imperial Bank of Commerce",
        "building": "yes",
        "check_date": "2026-06-08",
        "name": "CIBC",
        "opening_hours": "Mo-We 09:30-17:00; Th-Fr 09:30-18:00; Sa 09:30-16:00; Su off",
        "operator": "CIBC",
        "@geometry": "center"
      },
      "geometry": {
        "type": "Point",
        "coordinates": [
          -79.5434433,
          43.7523246
        ]
      },
      "id": "way/659440532"
    },
    {
      "type": "Feature",
      "properties": {
        "@id": "way/659958173",
        "addr:city": "Toronto",
        "alt_name": "TD Canada Trust",
        "amenity": "bank",
        "brand": "TD",
        "brand:wikidata": "Q1080670",
        "brand:wikipedia": "en:TD Canada Trust",
        "building": "retail",
        "check_date": "2024-03-13",
        "name": "TD",
        "@geometry": "center"
      },
      "geometry": {
        "type": "Point",
        "coordinates": [
          -79.1859958,
          43.7709828
        ]
      },
      "id": "way/659958173"
    },
    {
      "type": "Feature",
      "properties": {
        "@id": "way/660032807",
        "addr:housenumber": "1098",
        "addr:street": "Wilson Avenue",
        "amenity": "bank",
        "brand": "CIBC",
        "brand:wikidata": "Q666694",
        "brand:wikipedia": "en:Canadian Imperial Bank of Commerce",
        "building": "retail",
        "building:levels": "1",
        "check_date": "2026-06-08",
        "name": "CIBC",
        "@geometry": "center"
      },
      "geometry": {
        "type": "Point",
        "coordinates": [
          -79.4824295,
          43.72684
        ]
      },
      "id": "way/660032807"
    },
    {
      "type": "Feature",
      "properties": {
        "@id": "way/660177722",
        "addr:street": "Lawrence Avenue East",
        "amenity": "bank",
        "brand": "RBC",
        "brand:en": "RBC Royal Bank",
        "brand:fr": "RBC Banque Royale",
        "brand:wikidata": "Q735261",
        "brand:wikipedia": "en:Royal Bank of Canada",
        "building": "yes",
        "check_date": "2024-03-30",
        "name": "RBC Royal Bank",
        "name:en": "RBC Royal Bank",
        "name:fr": "RBC Banque Royale",
        "official_name": "Royal Bank of Canada",
        "@geometry": "center"
      },
      "geometry": {
        "type": "Point",
        "coordinates": [
          -79.1912215,
          43.7667135
        ]
      },
      "id": "way/660177722"
    },
    {
      "type": "Feature",
      "properties": {
        "@id": "way/660934804",
        "amenity": "bank",
        "brand": "CIBC",
        "brand:wikidata": "Q666694",
        "brand:wikipedia": "en:Canadian Imperial Bank of Commerce",
        "building": "yes",
        "name": "CIBC",
        "@geometry": "center"
      },
      "geometry": {
        "type": "Point",
        "coordinates": [
          -79.474925,
          43.7769375
        ]
      },
      "id": "way/660934804"
    },
    {
      "type": "Feature",
      "properties": {
        "@id": "way/661274984",
        "addr:city": "Toronto",
        "addr:housenumber": "2650",
        "addr:street": "Lawrence Avenue East",
        "alt_name": "TD Canada Trust",
        "amenity": "bank",
        "atm": "yes",
        "brand": "TD",
        "brand:wikidata": "Q1080670",
        "brand:wikipedia": "en:TD Canada Trust",
        "building": "retail",
        "building:colour": "beige",
        "building:levels": "1",
        "building:material": "brick",
        "name": "TD",
        "opening_hours": "Mo-We 08:00-18:00; Th-Fr 08:00-20:00; Sa 08:00-16:00; Su 11:00-16:00; PH off",
        "website": "https://www.tdcanadatrust.com/",
        "@geometry": "center"
      },
      "geometry": {
        "type": "Point",
        "coordinates": [
          -79.2646772,
          43.7519401
        ]
      },
      "id": "way/661274984"
    },
    {
      "type": "Feature",
      "properties": {
        "@id": "way/661899309",
        "addr:city": "Toronto",
        "addr:housenumber": "2765",
        "addr:street": "Dufferin Street",
        "amenity": "bank",
        "brand": "RBC",
        "brand:en": "RBC Royal Bank",
        "brand:fr": "RBC Banque Royale",
        "brand:wikidata": "Q735261",
        "brand:wikipedia": "en:Royal Bank of Canada",
        "building": "yes",
        "check_date": "2026-06-08",
        "name": "RBC Royal Bank",
        "name:en": "RBC Royal Bank",
        "name:fr": "RBC Banque Royale",
        "official_name": "Royal Bank of Canada",
        "source": "CanVec 6.0 - NRCan",
        "@geometry": "center"
      },
      "geometry": {
        "type": "Point",
        "coordinates": [
          -79.4517765,
          43.703942
        ]
      },
      "id": "way/661899309"
    },
    {
      "type": "Feature",
      "properties": {
        "@id": "way/662763558",
        "addr:street": "St. Clair Avenue West",
        "alt_name": "TD Canada Trust",
        "amenity": "bank",
        "brand": "TD",
        "brand:wikidata": "Q1080670",
        "brand:wikipedia": "en:TD Canada Trust",
        "building": "retail",
        "check_date": "2024-09-07",
        "name": "TD",
        "opening_hours": "Mo-We 08:00-18:00; Th-Fr 08:00-20:00; Sa 08:00-16:00; Su off",
        "wheelchair": "no",
        "@geometry": "center"
      },
      "geometry": {
        "type": "Point",
        "coordinates": [
          -79.4323289,
          43.6805234
        ]
      },
      "id": "way/662763558"
    },
    {
      "type": "Feature",
      "properties": {
        "@id": "way/673025974",
        "addr:city": "Etobicoke",
        "addr:housenumber": "4335",
        "addr:street": "Bloor Street West",
        "alt_name": "TD Canada Trust",
        "amenity": "bank",
        "brand": "TD",
        "brand:wikidata": "Q1080670",
        "brand:wikipedia": "en:TD Canada Trust",
        "building": "retail",
        "check_date": "2025-04-24",
        "name": "TD",
        "source": "yahoo",
        "@geometry": "center"
      },
      "geometry": {
        "type": "Point",
        "coordinates": [
          -79.5759608,
          43.6311539
        ]
      },
      "id": "way/673025974"
    },
    {
      "type": "Feature",
      "properties": {
        "@id": "way/673997307",
        "amenity": "bank",
        "atm": "yes",
        "brand": "Scotiabank",
        "brand:wikidata": "Q451476",
        "brand:wikipedia": "en:Scotiabank",
        "check_date": "2025-06-07",
        "drive_through": "no",
        "indoor": "room",
        "level": "0",
        "name": "Scotiabank",
        "opening_hours": "Mo-Fr 09:30-17:00; Sa 09:30-16:00; Su off",
        "website": "http://www.scotiabank.com/",
        "@geometry": "center"
      },
      "geometry": {
        "type": "Point",
        "coordinates": [
          -79.5551452,
          43.6310171
        ]
      },
      "id": "way/673997307"
    },
    {
      "type": "Feature",
      "properties": {
        "@id": "way/677194860",
        "alt_name": "TD Canada Trust",
        "amenity": "bank",
        "brand": "TD",
        "brand:wikidata": "Q1080670",
        "brand:wikipedia": "en:TD Canada Trust",
        "building": "yes",
        "check_date": "2026-04-21",
        "name": "TD",
        "@geometry": "center"
      },
      "geometry": {
        "type": "Point",
        "coordinates": [
          -79.5336768,
          43.7086862
        ]
      },
      "id": "way/677194860"
    },
    {
      "type": "Feature",
      "properties": {
        "@id": "node/678894032",
        "amenity": "bank",
        "brand": "RBC",
        "brand:en": "RBC Royal Bank",
        "brand:fr": "RBC Banque Royale",
        "brand:wikidata": "Q735261",
        "check_date": "2025-06-08",
        "name": "RBC",
        "name:en": "RBC Royal Bank",
        "name:fr": "RBC Banque Royale",
        "official_name": "Royal Bank of Canada"
      },
      "geometry": {
        "type": "Point",
        "coordinates": [
          -79.2681572,
          43.787991
        ]
      },
      "id": "node/678894032"
    },
    {
      "type": "Feature",
      "properties": {
        "@id": "node/691071776",
        "amenity": "bank",
        "atm": "yes",
        "brand": "RBC",
        "brand:en": "RBC Royal Bank",
        "brand:fr": "RBC Banque Royale",
        "brand:wikidata": "Q735261",
        "brand:wikipedia": "en:Royal Bank of Canada",
        "name": "RBC Royal Bank",
        "name:en": "RBC Royal Bank",
        "name:fr": "RBC Banque Royale",
        "official_name": "Royal Bank of Canada"
      },
      "geometry": {
        "type": "Point",
        "coordinates": [
          -79.3648467,
          43.6598895
        ]
      },
      "id": "node/691071776"
    },
    {
      "type": "Feature",
      "properties": {
        "@id": "node/697808714",
        "amenity": "bank",
        "brand": "CIBC",
        "brand:wikidata": "Q666694",
        "brand:wikipedia": "en:Canadian Imperial Bank of Commerce",
        "level": "-1",
        "name": "CIBC"
      },
      "geometry": {
        "type": "Point",
        "coordinates": [
          -79.3791523,
          43.6483733
        ]
      },
      "id": "node/697808714"
    },
    {
      "type": "Feature",
      "properties": {
        "@id": "way/699671365",
        "addr:housenumber": "2135",
        "addr:street": "Victoria Park Avenue",
        "alt_name": "TD Canada Trust",
        "amenity": "bank",
        "brand": "TD",
        "brand:wikidata": "Q1080670",
        "brand:wikipedia": "en:TD Canada Trust",
        "building": "yes",
        "name": "TD",
        "opening_hours": "Mo-Fr 08:00-20:00; Sa 08:00-16:00; Su off",
        "wheelchair": "yes",
        "@geometry": "center"
      },
      "geometry": {
        "type": "Point",
        "coordinates": [
          -79.3146815,
          43.7573847
        ]
      },
      "id": "way/699671365"
    },
    {
      "type": "Feature",
      "properties": {
        "@id": "node/701882856",
        "amenity": "bank",
        "brand": "CIBC",
        "brand:wikidata": "Q666694",
        "brand:wikipedia": "en:Canadian Imperial Bank of Commerce",
        "check_date": "2025-06-06",
        "level": "0",
        "name": "CIBC",
        "wheelchair": "yes"
      },
      "geometry": {
        "type": "Point",
        "coordinates": [
          -79.3797071,
          43.6483736
        ]
      },
      "id": "node/701882856"
    },
    {
      "type": "Feature",
      "properties": {
        "@id": "node/703555789",
        "amenity": "bank",
        "brand": "CIBC",
        "brand:wikidata": "Q666694",
        "brand:wikipedia": "en:Canadian Imperial Bank of Commerce",
        "drive_through": "yes",
        "name": "CIBC"
      },
      "geometry": {
        "type": "Point",
        "coordinates": [
          -79.2727294,
          43.7977623
        ]
      },
      "id": "node/703555789"
    },
    {
      "type": "Feature",
      "properties": {
        "@id": "node/705234040",
        "alt_name": "TD Canada Trust",
        "amenity": "bank",
        "brand": "TD",
        "brand:wikidata": "Q1080670",
        "brand:wikipedia": "en:TD Canada Trust",
        "check_date": "2026-01-17",
        "description": "Open 7 days",
        "name": "TD",
        "website": "https://www.tdcanadatrust.com/"
      },
      "geometry": {
        "type": "Point",
        "coordinates": [
          -79.2678305,
          43.7330315
        ]
      },
      "id": "node/705234040"
    },
    {
      "type": "Feature",
      "properties": {
        "@id": "node/707392505",
        "addr:city": "North York",
        "addr:housenumber": "2790",
        "addr:street": "Bathurst Street",
        "amenity": "bank",
        "atm": "yes",
        "brand": "TD Canada Trust",
        "brand:wikidata": "Q1080670",
        "brand:wikipedia": "en:TD Canada Trust",
        "name": "TD Canada Trust",
        "opendata:type": "112001",
        "opening_hours": "Mo-Fr 08:00-20:00; Sa 08:00-16:00; Su off",
        "website": "https://www.tdcanadatrust.com/"
      },
      "geometry": {
        "type": "Point",
        "coordinates": [
          -79.4283582,
          43.7124469
        ]
      },
      "id": "node/707392505"
    },
    {
      "type": "Feature",
      "properties": {
        "@id": "node/708119391",
        "addr:city": "Toronto",
        "addr:housenumber": "1966",
        "addr:postcode": "M4S 1Z4",
        "addr:street": "Yonge Street",
        "alt_name": "TD Canada Trust",
        "amenity": "bank",
        "atm": "yes",
        "branch_ref": "0320 Yonge & Imperial",
        "brand": "TD",
        "brand:wikidata": "Q1080670",
        "brand:wikipedia": "en:TD Canada Trust",
        "check_date": "2026-07-06",
        "name": "TD",
        "opening_hours": "Mo-We 08:00-18:00; Th-Fr 08:00-20:00; Sa 08:00-16:00; Su off",
        "website": "https://www.tdcanadatrust.com/",
        "wheelchair": "no"
      },
      "geometry": {
        "type": "Point",
        "coordinates": [
          -79.39709,
          43.6995949
        ]
      },
      "id": "node/708119391"
    },
    {
      "type": "Feature",
      "properties": {
        "@id": "way/711145196",
        "addr:housenumber": "904",
        "addr:street": "Queen Street East",
        "alt_name": "TD Canada Trust",
        "amenity": "bank",
        "brand": "TD",
        "brand:wikidata": "Q1080670",
        "brand:wikipedia": "en:TD Canada Trust",
        "building": "bank",
        "building:colour": "beige",
        "building:levels": "2",
        "building:material": "brick",
        "name": "TD",
        "@geometry": "center"
      },
      "geometry": {
        "type": "Point",
        "coordinates": [
          -79.3427176,
          43.6606498
        ]
      },
      "id": "way/711145196"
    },
    {
      "type": "Feature",
      "properties": {
        "@id": "node/717893252",
        "addr:city": "Toronto",
        "addr:housenumber": "1015",
        "addr:street": "Lake Shore Boulevard East",
        "addr:unit": "2A",
        "amenity": "bank",
        "brand": "RBC",
        "brand:en": "RBC Royal Bank",
        "brand:fr": "RBC Banque Royale",
        "brand:wikidata": "Q735261",
        "brand:wikipedia": "en:Royal Bank of Canada",
        "name": "RBC",
        "name:en": "RBC Royal Bank",
        "name:fr": "RBC Banque Royale",
        "official_name": "Royal Bank of Canada",
        "phone": "+1-416-461-3970"
      },
      "geometry": {
        "type": "Point",
        "coordinates": [
          -79.3291563,
          43.6582871
        ]
      },
      "id": "node/717893252"
    },
    {
      "type": "Feature",
      "properties": {
        "@id": "node/717893276",
        "alt_name": "TD Canada Trust",
        "amenity": "bank",
        "brand": "TD",
        "brand:wikidata": "Q1080670",
        "brand:wikipedia": "en:TD Canada Trust",
        "name": "TD",
        "website": "https://www.tdcanadatrust.com/"
      },
      "geometry": {
        "type": "Point",
        "coordinates": [
          -79.3279252,
          43.6579475
        ]
      },
      "id": "node/717893276"
    },
    {
      "type": "Feature",
      "properties": {
        "@id": "node/729417903",
        "addr:housenumber": "1735",
        "addr:street": "Kipling Avenue",
        "alt_name": "TD Canada Trust",
        "amenity": "bank",
        "atm": "yes",
        "brand": "TD",
        "brand:wikidata": "Q1080670",
        "brand:wikipedia": "en:TD Canada Trust",
        "check_date": "2026-06-12",
        "drive_through": "no",
        "name": "TD",
        "opening_hours": "Mo-We 09:00-18:00; Th-Fr 09:00-20:00; Sa 09:00-16:00"
      },
      "geometry": {
        "type": "Point",
        "coordinates": [
          -79.5573211,
          43.6938746
        ]
      },
      "id": "node/729417903"
    },
    {
      "type": "Feature",
      "properties": {
        "@id": "node/729433325",
        "alt_name": "TD Canada Trust",
        "amenity": "bank",
        "brand": "TD",
        "brand:wikidata": "Q1080670",
        "brand:wikipedia": "en:TD Canada Trust",
        "name": "TD",
        "website": "https://www.tdcanadatrust.com/",
        "wheelchair": "no"
      },
      "geometry": {
        "type": "Point",
        "coordinates": [
          -79.4782073,
          43.7080927
        ]
      },
      "id": "node/729433325"
    },
    {
      "type": "Feature",
      "properties": {
        "@id": "node/766938600",
        "addr:housenumber": "200",
        "addr:street": "King Street West",
        "amenity": "bank",
        "brand": "BMO",
        "brand:wikidata": "Q806693",
        "brand:wikipedia": "en:Bank of Montreal",
        "check_date": "2025-05-02",
        "name": "BMO",
        "official_name": "Bank of Montreal",
        "opening_hours": "Mo-Fr 09:30-17:00; Sa-Su off"
      },
      "geometry": {
        "type": "Point",
        "coordinates": [
          -79.3858007,
          43.6476539
        ]
      },
      "id": "node/766938600"
    },
    {
      "type": "Feature",
      "properties": {
        "@id": "node/775939290",
        "amenity": "bank",
        "atm": "yes",
        "brand": "Scotiabank",
        "brand:wikidata": "Q451476",
        "brand:wikipedia": "en:Scotiabank",
        "check_date": "2025-05-19",
        "name": "Scotiabank",
        "website": "http://www.scotiabank.com/",
        "wheelchair": "yes"
      },
      "geometry": {
        "type": "Point",
        "coordinates": [
          -79.3777085,
          43.6406229
        ]
      },
      "id": "node/775939290"
    },
    {
      "type": "Feature",
      "properties": {
        "@id": "node/777810395",
        "amenity": "bank",
        "brand": "CIBC",
        "brand:wikidata": "Q666694",
        "brand:wikipedia": "en:Canadian Imperial Bank of Commerce",
        "name": "CIBC"
      },
      "geometry": {
        "type": "Point",
        "coordinates": [
          -79.3570317,
          43.8077014
        ]
      },
      "id": "node/777810395"
    },
    {
      "type": "Feature",
      "properties": {
        "@id": "node/850373152",
        "addr:city": "Toronto",
        "addr:housenumber": "690",
        "addr:postcode": "M4S 2N3",
        "addr:street": "Mount Pleasant Road",
        "addr:unit": "2",
        "alt_name": "Meridian",
        "amenity": "bank",
        "atm": "yes",
        "brand": "Meridian Credit Union",
        "brand:wikidata": "Q6819303",
        "brand:wikipedia": "en:Meridian Credit Union",
        "check_date": "2026-02-16",
        "fax": "+1-416-440-2633",
        "name": "Meridian Credit Union",
        "opening_hours": "Mo-We 09:30-17:00; Th-Fr 09:30-19:00; Sa 09:30-15:00; Su off",
        "phone": "+1-416-440-2960",
        "website": "https://www.meridiancu.ca/Contact-Us/Branch-Details.aspx?id=100"
      },
      "geometry": {
        "type": "Point",
        "coordinates": [
          -79.3894107,
          43.705878
        ]
      },
      "id": "node/850373152"
    },
    {
      "type": "Feature",
      "properties": {
        "@id": "node/869732867",
        "addr:city": "Scarborough",
        "addr:housenumber": "3420",
        "addr:street": "Finch Avenue East",
        "amenity": "bank",
        "atm": "yes",
        "brand": "CIBC",
        "brand:wikidata": "Q666694",
        "brand:wikipedia": "en:Canadian Imperial Bank of Commerce",
        "check_date": "2025-12-11",
        "name": "CIBC",
        "opendata:type": "104008"
      },
      "geometry": {
        "type": "Point",
        "coordinates": [
          -79.3153527,
          43.7972954
        ]
      },
      "id": "node/869732867"
    },
    {
      "type": "Feature",
      "properties": {
        "@id": "node/871501524",
        "addr:city": "Toronto",
        "addr:housenumber": "242",
        "addr:street": "Bloor Street West",
        "amenity": "bank",
        "atm": "yes",
        "brand": "BMO",
        "brand:wikidata": "Q806693",
        "brand:wikipedia": "en:Bank of Montreal",
        "internet_access": "wlan",
        "internet_access:fee": "no",
        "name": "BMO",
        "official_name": "Bank of Montreal",
        "opening_hours": "Mo-We 09:00-17:00; Th-Fr 09:00-19:00; Sa 09:00-15:00; Su off",
        "wheelchair": "yes"
      },
      "geometry": {
        "type": "Point",
        "coordinates": [
          -79.3972205,
          43.6682433
        ]
      },
      "id": "node/871501524"
    },
    {
      "type": "Feature",
      "properties": {
        "@id": "node/902109826",
        "addr:city": "Toronto",
        "addr:housenumber": "26",
        "addr:street": "Fort York Boulevard",
        "amenity": "bank",
        "brand": "BMO",
        "brand:wikidata": "Q806693",
        "brand:wikipedia": "en:Bank of Montreal",
        "name": "BMO",
        "official_name": "Bank of Montreal",
        "opening_hours": "Mo-We 09:30-17:00; Th,Fr 09:30-18:00; Sa 09:30-16:00"
      },
      "geometry": {
        "type": "Point",
        "coordinates": [
          -79.3947822,
          43.6403402
        ]
      },
      "id": "node/902109826"
    },
    {
      "type": "Feature",
      "properties": {
        "@id": "node/927205344",
        "amenity": "bank",
        "brand": "CIBC",
        "brand:wikidata": "Q666694",
        "brand:wikipedia": "en:Canadian Imperial Bank of Commerce",
        "check_date": "2026-01-17",
        "level": "0",
        "name": "CIBC",
        "opening_hours": "Mo-We 09:30-17:00; Th,Fr 09:30-18:00; Sa 09:30-16:00",
        "wheelchair": "yes"
      },
      "geometry": {
        "type": "Point",
        "coordinates": [
          -79.4105779,
          43.7619069
        ]
      },
      "id": "node/927205344"
    },
    {
      "type": "Feature",
      "properties": {
        "@id": "node/975540390",
        "amenity": "bank",
        "atm": "yes",
        "brand": "RBC",
        "brand:en": "RBC Royal Bank",
        "brand:fr": "RBC Banque Royale",
        "brand:wikidata": "Q735261",
        "name": "RBC",
        "name:en": "RBC Royal Bank",
        "name:fr": "RBC Banque Royale",
        "official_name": "Royal Bank of Canada",
        "opening_hours": "Mo-Fr 09:30-17:00; Sa 10:00-16:00",
        "website": "https://www.hsbc.ca/",
        "wheelchair": "yes"
      },
      "geometry": {
        "type": "Point",
        "coordinates": [
          -79.3941592,
          43.6693984
        ]
      },
      "id": "node/975540390"
    },
    {
      "type": "Feature",
      "properties": {
        "@id": "way/1044378307",
        "amenity": "bank",
        "brand": "U.S. Bank",
        "brand:wikidata": "Q739084",
        "building": "yes",
        "name": "U.S. Bank",
        "@geometry": "center"
      },
      "geometry": {
        "type": "Point",
        "coordinates": [
          -80.6001055,
          40.4663668
        ]
      },
      "id": "way/1044378307"
    },
    {
      "type": "Feature",
      "properties": {
        "@id": "way/1061922674",
        "addr:city": "Etobicoke",
        "addr:housenumber": "5230",
        "addr:street": "Dundas Street West",
        "amenity": "bank",
        "atm": "yes",
        "brand": "BMO",
        "brand:wikidata": "Q806693",
        "brand:wikipedia": "en:Bank of Montreal",
        "building": "retail",
        "check_date": "2026-06-23",
        "name": "BMO",
        "official_name": "Bank of Montreal",
        "opendata:type": "115001",
        "opening_hours": "Mo-We 09:30-17:00; Th-Fr 09:30-19:00; Sa 09:30-16:00; Su off",
        "@geometry": "center"
      },
      "geometry": {
        "type": "Point",
        "coordinates": [
          -79.5385142,
          43.6407841
        ]
      },
      "id": "way/1061922674"
    },
    {
      "type": "Feature",
      "properties": {
        "@id": "node/1111963337",
        "amenity": "bank",
        "brand": "BMO",
        "brand:wikidata": "Q806693",
        "brand:wikipedia": "en:Bank of Montreal",
        "description": "3x atm",
        "name": "BMO",
        "official_name": "Bank of Montreal",
        "wheelchair": "yes"
      },
      "geometry": {
        "type": "Point",
        "coordinates": [
          -79.5021773,
          43.7739896
        ]
      },
      "id": "node/1111963337"
    },
    {
      "type": "Feature",
      "properties": {
        "@id": "node/1119452018",
        "alt_name": "TD Canada Trust",
        "amenity": "bank",
        "atm": "yes",
        "brand": "TD",
        "brand:wikidata": "Q1080670",
        "brand:wikipedia": "en:TD Canada Trust",
        "check_date": "2025-04-28",
        "name": "TD",
        "opening_hours": "Mo-We 08:00-18:00; Th,Fr 08:00-20:00; Sa 08:00-16:00",
        "operator": "Toronto-Dominion Bank",
        "website": "https://www.tdcanadatrust.com/",
        "wheelchair": "yes"
      },
      "geometry": {
        "type": "Point",
        "coordinates": [
          -79.3808879,
          43.6423031
        ]
      },
      "id": "node/1119452018"
    },
    {
      "type": "Feature",
      "properties": {
        "@id": "node/1122192882",
        "amenity": "bank",
        "atm": "yes",
        "brand": "CIBC",
        "brand:wikidata": "Q666694",
        "brand:wikipedia": "en:Canadian Imperial Bank of Commerce",
        "check_date": "2026-06-07",
        "count": "4",
        "drive_through": "no",
        "name": "CIBC",
        "wheelchair": "yes"
      },
      "geometry": {
        "type": "Point",
        "coordinates": [
          -79.383169,
          43.655987
        ]
      },
      "id": "node/1122192882"
    },
    {
      "type": "Feature",
      "properties": {
        "@id": "node/1122913443",
        "addr:city": "Toronto",
        "addr:housenumber": "1560",
        "addr:street": "Yonge Street",
        "amenity": "bank",
        "atm": "yes",
        "brand": "BMO",
        "brand:wikidata": "Q806693",
        "brand:wikipedia": "en:Bank of Montreal",
        "check_date": "2026-02-16",
        "name": "BMO",
        "official_name": "Bank of Montreal"
      },
      "geometry": {
        "type": "Point",
        "coordinates": [
          -79.3947573,
          43.6892417
        ]
      },
      "id": "node/1122913443"
    },
    {
      "type": "Feature",
      "properties": {
        "@id": "node/1123669791",
        "addr:city": "Toronto",
        "addr:housenumber": "950",
        "addr:street": "Yonge Street",
        "amenity": "bank",
        "name": "Effort Trust",
        "opendata:type": "115001"
      },
      "geometry": {
        "type": "Point",
        "coordinates": [
          -79.388965,
          43.674933
        ]
      },
      "id": "node/1123669791"
    },
    {
      "type": "Feature",
      "properties": {
        "@id": "node/1125193275",
        "amenity": "bank",
        "brand": "BMO",
        "brand:wikidata": "Q806693",
        "brand:wikipedia": "en:Bank of Montreal",
        "check_date": "2025-12-13",
        "level": "0",
        "name": "BMO",
        "official_name": "Bank of Montreal"
      },
      "geometry": {
        "type": "Point",
        "coordinates": [
          -79.4109644,
          43.7630573
        ]
      },
      "id": "node/1125193275"
    },
    {
      "type": "Feature",
      "properties": {
        "@id": "node/1125222068",
        "amenity": "bank",
        "brand": "BMO",
        "brand:wikidata": "Q806693",
        "brand:wikipedia": "en:Bank of Montreal",
        "check_date": "2025-12-13",
        "level": "0",
        "name": "BMO",
        "official_name": "Bank of Montreal"
      },
      "geometry": {
        "type": "Point",
        "coordinates": [
          -79.413041,
          43.768562
        ]
      },
      "id": "node/1125222068"
    },
    {
      "type": "Feature",
      "properties": {
        "@id": "node/1137828949",
        "amenity": "bank",
        "brand": "BMO",
        "brand:wikidata": "Q806693",
        "brand:wikipedia": "en:Bank of Montreal",
        "description": "Ground floor has atm",
        "name": "BMO",
        "official_name": "Bank of Montreal"
      },
      "geometry": {
        "type": "Point",
        "coordinates": [
          -79.388357,
          43.669261
        ]
      },
      "id": "node/1137828949"
    },
    {
      "type": "Feature",
      "properties": {
        "@id": "node/1138449976",
        "addr:city": "Toronto",
        "addr:housenumber": "462",
        "addr:street": "Spadina Road",
        "amenity": "bank",
        "brand": "CIBC",
        "brand:wikidata": "Q666694",
        "brand:wikipedia": "en:Canadian Imperial Bank of Commerce",
        "name": "CIBC",
        "opendata:type": "104008",
        "opening_hours": "Mo-Fr 09:30-17:00; Sa,Su off"
      },
      "geometry": {
        "type": "Point",
        "coordinates": [
          -79.4131927,
          43.6894982
        ]
      },
      "id": "node/1138449976"
    },
    {
      "type": "Feature",
      "properties": {
        "@id": "node/1138450911",
        "addr:city": "Toronto",
        "addr:housenumber": "443",
        "addr:province": "Ontario",
        "addr:street": "Spadina Road",
        "alt_name": "TD Canada Trust",
        "amenity": "bank",
        "atm": "yes",
        "brand": "TD",
        "brand:wikidata": "Q1080670",
        "brand:wikipedia": "en:TD Canada Trust",
        "drive_through": "no",
        "name": "TD",
        "opening_hours": "Mo-Fr 09:00-18:00; Sa 09:00-16:00",
        "website": "https://www.tdcanadatrust.com/"
      },
      "geometry": {
        "type": "Point",
        "coordinates": [
          -79.412794,
          43.6892939
        ]
      },
      "id": "node/1138450911"
    },
    {
      "type": "Feature",
      "properties": {
        "@id": "node/1138451426",
        "addr:city": "Toronto",
        "amenity": "bank",
        "brand": "BMO",
        "brand:wikidata": "Q806693",
        "brand:wikipedia": "en:Bank of Montreal",
        "drive_through": "no",
        "name": "BMO",
        "official_name": "Bank of Montreal",
        "opening_hours": "Mo-We 09:30-17:00; Th,Fr 09:30-18:00; Sa 09:30-16:00"
      },
      "geometry": {
        "type": "Point",
        "coordinates": [
          -79.4127025,
          43.6891218
        ]
      },
      "id": "node/1138451426"
    },
    {
      "type": "Feature",
      "properties": {
        "@id": "node/1186819610",
        "addr:city": "North York",
        "addr:housenumber": "2175",
        "addr:street": "Sheppard Avenue East",
        "amenity": "bank",
        "brand": "Scotiabank",
        "brand:wikidata": "Q451476",
        "brand:wikipedia": "en:Scotiabank",
        "check_date": "2026-01-17",
        "name": "Scotiabank",
        "website": "http://www.scotiabank.com/"
      },
      "geometry": {
        "type": "Point",
        "coordinates": [
          -79.331047,
          43.774411
        ]
      },
      "id": "node/1186819610"
    },
    {
      "type": "Feature",
      "properties": {
        "@id": "node/1186819668",
        "amenity": "bank",
        "brand": "National Bank",
        "brand:en": "National Bank",
        "brand:fr": "Banque Nationale",
        "brand:wikidata": "Q634298",
        "brand:wikipedia": "en:National Bank of Canada",
        "name": "National Bank",
        "name:en": "National Bank",
        "name:fr": "Banque Nationale",
        "official_name": "National Bank of Canada",
        "official_name:en": "National Bank of Canada",
        "official_name:fr": "Banque Nationale du Canada"
      },
      "geometry": {
        "type": "Point",
        "coordinates": [
          -79.3307577,
          43.7753288
        ]
      },
      "id": "node/1186819668"
    },
    {
      "type": "Feature",
      "properties": {
        "@id": "node/1186819752",
        "amenity": "bank",
        "atm": "yes",
        "brand": "CIBC",
        "brand:wikidata": "Q666694",
        "brand:wikipedia": "en:Canadian Imperial Bank of Commerce",
        "check_date": "2026-01-17",
        "name": "CIBC",
        "operator": "CIBC"
      },
      "geometry": {
        "type": "Point",
        "coordinates": [
          -79.32296,
          43.775899
        ]
      },
      "id": "node/1186819752"
    },
    {
      "type": "Feature",
      "properties": {
        "@id": "way/1206973324",
        "addr:city": "Toronto",
        "addr:housenumber": "1",
        "addr:postcode": "M3N 3A1",
        "addr:province": "Ontario",
        "addr:street": "York Gate Boulevard",
        "addr:unit": "A14",
        "amenity": "bank",
        "brand": "BMO",
        "brand:wikidata": "Q806693",
        "brand:wikipedia": "en:Bank of Montreal",
        "indoor": "yes",
        "level": "0",
        "name": "BMO",
        "official_name": "Bank of Montreal",
        "@geometry": "center"
      },
      "geometry": {
        "type": "Point",
        "coordinates": [
          -79.5200813,
          43.758311
        ]
      },
      "id": "way/1206973324"
    },
    {
      "type": "Feature",
      "properties": {
        "@id": "node/1208665799",
        "amenity": "bank",
        "brand": "RBC",
        "brand:en": "RBC Royal Bank",
        "brand:fr": "RBC Banque Royale",
        "brand:wikidata": "Q735261",
        "check_date": "2026-07-06",
        "level": "0",
        "name": "RBC",
        "name:en": "RBC Royal Bank",
        "name:fr": "RBC Banque Royale",
        "official_name": "Royal Bank of Canada",
        "wheelchair": "yes"
      },
      "geometry": {
        "type": "Point",
        "coordinates": [
          -79.3994407,
          43.7066748
        ]
      },
      "id": "node/1208665799"
    },
    {
      "type": "Feature",
      "properties": {
        "@id": "node/1208680689",
        "amenity": "bank",
        "atm": "yes",
        "brand": "BMO",
        "brand:wikidata": "Q806693",
        "brand:wikipedia": "en:Bank of Montreal",
        "check_date": "2026-04-03",
        "name": "BMO",
        "official_name": "Bank of Montreal"
      },
      "geometry": {
        "type": "Point",
        "coordinates": [
          -79.4110459,
          43.7038664
        ]
      },
      "id": "node/1208680689"
    },
    {
      "type": "Feature",
      "properties": {
        "@id": "node/1208809978",
        "addr:housenumber": "5255",
        "addr:postcode": "M2N 5P8",
        "addr:street": "Yonge Street",
        "amenity": "bank",
        "atm": "yes",
        "brand": "CIBC",
        "brand:wikidata": "Q666694",
        "brand:wikipedia": "en:Canadian Imperial Bank of Commerce",
        "check_date": "2025-12-13",
        "name": "CIBC",
        "phone": "+1-416-223-8772"
      },
      "geometry": {
        "type": "Point",
        "coordinates": [
          -79.4132665,
          43.7720211
        ]
      },
      "id": "node/1208809978"
    },
    {
      "type": "Feature",
      "properties": {
        "@id": "way/1229816872",
        "addr:city": "North York",
        "addr:housenumber": "1800",
        "addr:postcode": "M2J 5A7",
        "addr:province": "ON",
        "addr:street": "Sheppard Avenue East",
        "addr:unit": "2105",
        "amenity": "bank",
        "atm": "yes",
        "brand": "RBC",
        "brand:en": "RBC Royal Bank",
        "brand:fr": "RBC Banque Royale",
        "brand:wikidata": "Q735261",
        "brand:wikipedia": "en:Royal Bank of Canada",
        "indoor": "room",
        "level": "1",
        "name": "RBC",
        "name:en": "RBC Royal Bank",
        "name:fr": "RBC Banque Royale",
        "official_name": "Royal Bank of Canada",
        "opening_hours": "Mo,Tu 09:30-17:00; We,Th 09:30-20:00; Fr 09:30-18:00; Sa 09:00-16:00; Su off",
        "ref": "2105",
        "@geometry": "center"
      },
      "geometry": {
        "type": "Point",
        "coordinates": [
          -79.345652,
          43.7779472
        ]
      },
      "id": "way/1229816872"
    },
    {
      "type": "Feature",
      "properties": {
        "@id": "way/1229816873",
        "addr:city": "North York",
        "addr:housenumber": "1800",
        "addr:postcode": "M2J 5A7",
        "addr:province": "ON",
        "addr:street": "Sheppard Avenue East",
        "alt_name": "TD Canada Trust",
        "amenity": "bank",
        "atm": "yes",
        "brand": "TD",
        "brand:wikidata": "Q1080670",
        "brand:wikipedia": "en:TD Canada Trust",
        "indoor": "room",
        "level": "1",
        "name": "TD",
        "opening_hours": "Mo-We 09:00-18:00; Th,Fr 09:00-20:00; Sa 09:00-16:00; Su off",
        "website": "https://www.tdcanadatrust.com/",
        "wheelchair": "yes",
        "@geometry": "center"
      },
      "geometry": {
        "type": "Point",
        "coordinates": [
          -79.3459898,
          43.7777309
        ]
      },
      "id": "way/1229816873"
    },
    {
      "type": "Feature",
      "properties": {
        "@id": "node/1267302860",
        "amenity": "bank",
        "brand": "RBC",
        "brand:en": "RBC Royal Bank",
        "brand:fr": "RBC Banque Royale",
        "brand:wikidata": "Q735261",
        "brand:wikipedia": "en:Royal Bank of Canada",
        "check_date": "2026-03-21",
        "name": "RBC",
        "name:en": "RBC Royal Bank",
        "name:fr": "RBC Banque Royale",
        "official_name": "Royal Bank of Canada"
      },
      "geometry": {
        "type": "Point",
        "coordinates": [
          -79.3840066,
          43.6496484
        ]
      },
      "id": "node/1267302860"
    },
    {
      "type": "Feature",
      "properties": {
        "@id": "node/1267303511",
        "addr:housenumber": "141",
        "addr:street": "Adelaide Street West",
        "amenity": "bank",
        "brand": "National Bank",
        "brand:en": "National Bank",
        "brand:fr": "Banque Nationale",
        "brand:wikidata": "Q634298",
        "check_date": "2026-03-12",
        "name": "National Bank",
        "name:en": "National Bank",
        "name:fr": "Banque Nationale",
        "official_name": "National Bank of Canada",
        "official_name:en": "National Bank of Canada",
        "official_name:fr": "Banque Nationale du Canada"
      },
      "geometry": {
        "type": "Point",
        "coordinates": [
          -79.384202,
          43.64882
        ]
      },
      "id": "node/1267303511"
    },
    {
      "type": "Feature",
      "properties": {
        "@id": "node/1276104148",
        "alt_name": "TD Canada Trust",
        "amenity": "bank",
        "brand": "TD",
        "brand:wikidata": "Q1080670",
        "brand:wikipedia": "en:TD Canada Trust",
        "name": "TD",
        "opening_hours": "Mo-Su \"please add opening times\"",
        "website": "https://www.tdcanadatrust.com/"
      },
      "geometry": {
        "type": "Point",
        "coordinates": [
          -79.396899,
          43.764756
        ]
      },
      "id": "node/1276104148"
    },
    {
      "type": "Feature",
      "properties": {
        "@id": "node/1279840928",
        "addr:city": "Toronto",
        "addr:housenumber": "61",
        "addr:street": "Hanna Avenue",
        "alt_name": "TD Canada Trust",
        "amenity": "bank",
        "atm": "yes",
        "brand": "TD",
        "brand:wikidata": "Q1080670",
        "brand:wikipedia": "en:TD Canada Trust",
        "check_date": "2025-08-03",
        "name": "TD",
        "opening_hours": "Mo-Su \"please add opening times\"",
        "wheelchair": "yes"
      },
      "geometry": {
        "type": "Point",
        "coordinates": [
          -79.4186929,
          43.6395863
        ]
      },
      "id": "node/1279840928"
    },
    {
      "type": "Feature",
      "properties": {
        "@id": "node/1279887035",
        "amenity": "bank",
        "branch": "Canada",
        "brand": "State Bank of India",
        "brand:wikidata": "Q1340361",
        "brand:wikipedia": "en:State Bank of India",
        "name": "State Bank of India",
        "short_name": "SBI"
      },
      "geometry": {
        "type": "Point",
        "coordinates": [
          -79.380052,
          43.647461
        ]
      },
      "id": "node/1279887035"
    },
    {
      "type": "Feature",
      "properties": {
        "@id": "node/1279887931",
        "amenity": "bank",
        "brand": "Scotiabank",
        "brand:wikidata": "Q451476",
        "brand:wikipedia": "en:Scotiabank",
        "name": "Scotiabank",
        "opening_hours": "Mo-Fr 08:00-17:00",
        "operator": "Bank of Nova Scotia",
        "website": "http://www.scotiabank.com/"
      },
      "geometry": {
        "type": "Point",
        "coordinates": [
          -79.3800459,
          43.6490727
        ]
      },
      "id": "node/1279887931"
    },
    {
      "type": "Feature",
      "properties": {
        "@id": "node/1291245589",
        "amenity": "bank",
        "brand": "RBC",
        "brand:en": "RBC Royal Bank",
        "brand:fr": "RBC Banque Royale",
        "brand:wikidata": "Q735261",
        "brand:wikipedia": "en:Royal Bank of Canada",
        "check_date": "2026-04-26",
        "name": "RBC Royal Bank",
        "name:en": "RBC Royal Bank",
        "name:fr": "RBC Banque Royale",
        "note": "SmartCentres",
        "official_name": "Royal Bank of Canada"
      },
      "geometry": {
        "type": "Point",
        "coordinates": [
          -79.3630996,
          43.7102313
        ]
      },
      "id": "node/1291245589"
    },
    {
      "type": "Feature",
      "properties": {
        "@id": "node/1291246471",
        "alt_name": "TD Canada Trust",
        "amenity": "bank",
        "brand": "TD",
        "brand:wikidata": "Q1080670",
        "brand:wikipedia": "en:TD Canada Trust",
        "check_date": "2026-04-26",
        "name": "TD",
        "website": "https://www.tdcanadatrust.com/"
      },
      "geometry": {
        "type": "Point",
        "coordinates": [
          -79.3637393,
          43.7117173
        ]
      },
      "id": "node/1291246471"
    },
    {
      "type": "Feature",
      "properties": {
        "@id": "way/1316550311",
        "addr:city": "Toronto",
        "addr:housenumber": "416",
        "addr:province": "Ontario",
        "addr:street": "Spadina Road",
        "amenity": "bank",
        "atm": "yes",
        "brand": "Scotiabank",
        "brand:wikidata": "Q451476",
        "building": "commercial",
        "building:levels": "2",
        "drive_through": "no",
        "name": "Scotiabank",
        "opening_hours": "Mo-We 09:30-17:00; Th,Fr 09:30-18:00; Sa 09:30-16:00; Su off",
        "@geometry": "center"
      },
      "geometry": {
        "type": "Point",
        "coordinates": [
          -79.4130632,
          43.6886943
        ]
      },
      "id": "way/1316550311"
    },
    {
      "type": "Feature",
      "properties": {
        "@id": "node/1329989802",
        "addr:housenumber": "892",
        "addr:street": "Bloor Street West",
        "amenity": "bank",
        "brand": "CIBC",
        "brand:wikidata": "Q666694",
        "brand:wikipedia": "en:Canadian Imperial Bank of Commerce",
        "check_date": "2026-06-06",
        "check_date:opening_hours": "2026-03-08",
        "name": "CIBC",
        "opening_hours": "Mo-We 09:30-17:00; Th,Fr 09:30-18:00; Sa 09:30-16:00",
        "wheelchair": "yes"
      },
      "geometry": {
        "type": "Point",
        "coordinates": [
          -79.4259081,
          43.6620735
        ]
      },
      "id": "node/1329989802"
    },
    {
      "type": "Feature",
      "properties": {
        "@id": "node/1334061682",
        "addr:city": "Toronto",
        "addr:housenumber": "1529",
        "addr:postcode": "M4G 3B5",
        "addr:province": "Ontario",
        "addr:street": "Bayview Avenue",
        "amenity": "bank",
        "atm": "yes",
        "branch": "04812",
        "brand": "CIBC",
        "brand:wikidata": "Q666694",
        "brand:wikipedia": "en:Canadian Imperial Bank of Commerce",
        "check_date": "2026-03-19",
        "drive_through": "no",
        "name": "CIBC",
        "note": "Cash at atm only"
      },
      "geometry": {
        "type": "Point",
        "coordinates": [
          -79.3745709,
          43.7046757
        ]
      },
      "id": "node/1334061682"
    },
    {
      "type": "Feature",
      "properties": {
        "@id": "node/1347346210",
        "amenity": "bank",
        "atm": "yes",
        "brand": "Scotiabank",
        "brand:wikidata": "Q451476",
        "brand:wikipedia": "en:Scotiabank",
        "name": "Scotiabank",
        "website": "http://www.scotiabank.com/"
      },
      "geometry": {
        "type": "Point",
        "coordinates": [
          -79.3000047,
          43.7262665
        ]
      },
      "id": "node/1347346210"
    },
    {
      "type": "Feature",
      "properties": {
        "@id": "node/1366136397",
        "addr:city": "Toronto",
        "addr:housenumber": "2",
        "addr:province": "ON",
        "addr:street": "Bloor Street West",
        "amenity": "bank",
        "brand": "CIBC",
        "brand:wikidata": "Q666694",
        "brand:wikipedia": "en:Canadian Imperial Bank of Commerce",
        "check_date": "2026-05-26",
        "image": "https://commons.wikimedia.org/wiki/File:IMG_CIBC.jpg",
        "name": "CIBC"
      },
      "geometry": {
        "type": "Point",
        "coordinates": [
          -79.387118,
          43.670509
        ]
      },
      "id": "node/1366136397"
    },
    {
      "type": "Feature",
      "properties": {
        "@id": "way/1386277003",
        "amenity": "bank",
        "atm": "yes",
        "brand": "Huntington Bank",
        "brand:wikidata": "Q798819",
        "building": "yes",
        "drive_through": "yes",
        "name": "Huntington Bank",
        "@geometry": "center"
      },
      "geometry": {
        "type": "Point",
        "coordinates": [
          -80.6009163,
          40.4627218
        ]
      },
      "id": "way/1386277003"
    },
    {
      "type": "Feature",
      "properties": {
        "@id": "node/1386870916",
        "alt_name": "TD Canada Trust",
        "amenity": "bank",
        "atm": "yes",
        "brand": "TD",
        "brand:wikidata": "Q1080670",
        "brand:wikipedia": "en:TD Canada Trust",
        "check_date": "2026-05-26",
        "name": "TD",
        "wheelchair": "yes"
      },
      "geometry": {
        "type": "Point",
        "coordinates": [
          -79.3939871,
          43.6883726
        ]
      },
      "id": "node/1386870916"
    },
    {
      "type": "Feature",
      "properties": {
        "@id": "node/1392113231",
        "amenity": "bank",
        "atm": "yes",
        "check_date": "2026-07-06",
        "created_by": "iLOE 1.9",
        "name": "Osuuspankki Finnish Credit Union Limited"
      },
      "geometry": {
        "type": "Point",
        "coordinates": [
          -79.391575,
          43.707974
        ]
      },
      "id": "node/1392113231"
    },
    {
      "type": "Feature",
      "properties": {
        "@id": "node/1416806360",
        "amenity": "bank",
        "check_date": "2026-03-29",
        "name": "DUCA Credit Union"
      },
      "geometry": {
        "type": "Point",
        "coordinates": [
          -79.389665,
          43.708297
        ]
      },
      "id": "node/1416806360"
    },
    {
      "type": "Feature",
      "properties": {
        "@id": "node/1436756609",
        "addr:housenumber": "880",
        "addr:street": "Eglinton Avenue East",
        "amenity": "bank",
        "brand": "Scotiabank",
        "brand:wikidata": "Q451476",
        "brand:wikipedia": "en:Scotiabank",
        "check_date": "2026-04-26",
        "name": "Scotiabank",
        "website": "http://www.scotiabank.com/"
      },
      "geometry": {
        "type": "Point",
        "coordinates": [
          -79.364708,
          43.7138341
        ]
      },
      "id": "node/1436756609"
    },
    {
      "type": "Feature",
      "properties": {
        "@id": "node/1459289637",
        "amenity": "bank",
        "brand": "National Bank",
        "brand:en": "National Bank",
        "brand:fr": "Banque Nationale",
        "brand:wikidata": "Q634298",
        "brand:wikipedia": "en:National Bank of Canada",
        "name": "National Bank",
        "name:en": "National Bank",
        "name:fr": "Banque Nationale",
        "official_name": "National Bank of Canada",
        "official_name:en": "National Bank of Canada",
        "official_name:fr": "Banque Nationale du Canada"
      },
      "geometry": {
        "type": "Point",
        "coordinates": [
          -79.293857,
          43.802284
        ]
      },
      "id": "node/1459289637"
    },
    {
      "type": "Feature",
      "properties": {
        "@id": "node/1502217567",
        "amenity": "bank",
        "brand": "CIBC",
        "brand:wikidata": "Q666694",
        "brand:wikipedia": "en:Canadian Imperial Bank of Commerce",
        "name": "CIBC"
      },
      "geometry": {
        "type": "Point",
        "coordinates": [
          -79.1699431,
          43.7835255
        ]
      },
      "id": "node/1502217567"
    },
    {
      "type": "Feature",
      "properties": {
        "@id": "node/1518398563",
        "alt_name": "TD Canada Trust",
        "amenity": "bank",
        "brand": "TD",
        "brand:wikidata": "Q1080670",
        "check_date": "2025-12-06",
        "check_date:opening_hours": "2025-05-08",
        "name": "TD",
        "opening_hours": "Mo-We 09:00-18:00; Th,Fr 09:00-20:00; Sa 09:00-16:00; Su off"
      },
      "geometry": {
        "type": "Point",
        "coordinates": [
          -79.393208,
          43.649243
        ]
      },
      "id": "node/1518398563"
    },
    {
      "type": "Feature",
      "properties": {
        "@id": "node/1518496591",
        "amenity": "bank",
        "brand": "RBC",
        "brand:en": "RBC Royal Bank",
        "brand:fr": "RBC Banque Royale",
        "brand:wikidata": "Q735261",
        "brand:wikipedia": "en:Royal Bank of Canada",
        "name": "RBC",
        "name:en": "RBC Royal Bank",
        "name:fr": "RBC Banque Royale",
        "official_name": "Royal Bank of Canada",
        "wheelchair": "yes"
      },
      "geometry": {
        "type": "Point",
        "coordinates": [
          -79.485507,
          43.619553
        ]
      },
      "id": "node/1518496591"
    },
    {
      "type": "Feature",
      "properties": {
        "@id": "node/1518516241",
        "addr:housenumber": "2935",
        "addr:street": "Lake Shore Boulevard West",
        "amenity": "bank",
        "brand": "CIBC",
        "brand:wikidata": "Q666694",
        "brand:wikipedia": "en:Canadian Imperial Bank of Commerce",
        "name": "CIBC"
      },
      "geometry": {
        "type": "Point",
        "coordinates": [
          -79.5054003,
          43.6005627
        ]
      },
      "id": "node/1518516241"
    },
    {
      "type": "Feature",
      "properties": {
        "@id": "node/1562058306",
        "amenity": "bank",
        "created_by": "iLOE 1.9",
        "name": "Industrial and Commercial Bank of China (Canada)"
      },
      "geometry": {
        "type": "Point",
        "coordinates": [
          -79.378626,
          43.651582
        ]
      },
      "id": "node/1562058306"
    },
    {
      "type": "Feature",
      "properties": {
        "@id": "node/1568604688",
        "addr:city": "Toronto",
        "addr:housenumber": "1",
        "addr:postcode": "M4P 3A1",
        "addr:province": "ON",
        "addr:street": "Eglinton Avenue East",
        "amenity": "bank",
        "atm": "yes",
        "brand": "CIBC",
        "brand:wikidata": "Q666694",
        "brand:wikipedia": "en:Canadian Imperial Bank of Commerce",
        "check_date": "2026-07-06",
        "drive_through": "no",
        "fax": "+1-416-980-8660",
        "name": "CIBC",
        "opening_hours": "Mo-We 09:30-17:00; Th-Fr 09:30-18:00; Sa 09:30-16:00; Su off",
        "phone": "+1-416-980-4655",
        "website": "http://www.cibc.com/",
        "wheelchair": "yes"
      },
      "geometry": {
        "type": "Point",
        "coordinates": [
          -79.3980786,
          43.7066462
        ]
      },
      "id": "node/1568604688"
    },
    {
      "type": "Feature",
      "properties": {
        "@id": "node/1639866939",
        "amenity": "bank",
        "atm": "yes",
        "brand": "CIBC",
        "brand:wikidata": "Q666694",
        "brand:wikipedia": "en:Canadian Imperial Bank of Commerce",
        "name": "CIBC",
        "operator": "CIBC",
        "wheelchair": "yes"
      },
      "geometry": {
        "type": "Point",
        "coordinates": [
          -79.3649477,
          43.6512663
        ]
      },
      "id": "node/1639866939"
    },
    {
      "type": "Feature",
      "properties": {
        "@id": "node/1678689485",
        "addr:city": "Toronto",
        "addr:housenumber": "2220",
        "addr:street": "Bloor Street West",
        "alt_name": "TD Canada Trust",
        "amenity": "bank",
        "atm": "yes",
        "brand": "TD",
        "brand:wikidata": "Q1080670",
        "brand:wikipedia": "en:TD Canada Trust",
        "check_date": "2026-04-07",
        "drive_through": "no",
        "name": "TD",
        "opening_hours": "Mo-We 09:00-18:00; Th-Fr 09:00-20:00; Sa 09:00-16:00",
        "website": "https://www.tdcanadatrust.com/",
        "wheelchair": "yes"
      },
      "geometry": {
        "type": "Point",
        "coordinates": [
          -79.4764461,
          43.6512738
        ]
      },
      "id": "node/1678689485"
    },
    {
      "type": "Feature",
      "properties": {
        "@id": "node/1776711527",
        "addr:city": "Scarborough",
        "addr:housenumber": "325",
        "addr:postcode": "M1W 3Y1",
        "addr:street": "Bamburgh Circle",
        "amenity": "bank",
        "atm": "yes",
        "brand": "Scotiabank",
        "brand:wikidata": "Q451476",
        "brand:wikipedia": "en:Scotiabank",
        "name": "Scotiabank",
        "website": "http://www.scotiabank.com/",
        "wheelchair": "yes"
      },
      "geometry": {
        "type": "Point",
        "coordinates": [
          -79.3228851,
          43.8146464
        ]
      },
      "id": "node/1776711527"
    },
    {
      "type": "Feature",
      "properties": {
        "@id": "node/1815451424",
        "addr:city": "North York",
        "addr:housenumber": "2885",
        "addr:street": "Bayview Avenue",
        "amenity": "bank",
        "brand": "TD Canada Trust",
        "brand:wikidata": "Q1080670",
        "brand:wikipedia": "en:TD Canada Trust",
        "name": "TD Canada Trust",
        "opendata:type": "100002",
        "website": "https://www.tdcanadatrust.com/"
      },
      "geometry": {
        "type": "Point",
        "coordinates": [
          -79.387948,
          43.767736
        ]
      },
      "id": "node/1815451424"
    },
    {
      "type": "Feature",
      "properties": {
        "@id": "node/1846075320",
        "amenity": "bank",
        "atm": "yes",
        "brand": "RBC",
        "brand:en": "RBC Royal Bank",
        "brand:fr": "RBC Banque Royale",
        "brand:wikidata": "Q735261",
        "brand:wikipedia": "en:Royal Bank of Canada",
        "check_date": "2025-12-13",
        "check_date:opening_hours": "2024-07-22",
        "name": "RBC",
        "name:en": "RBC Royal Bank",
        "name:fr": "RBC Banque Royale",
        "official_name": "Royal Bank of Canada",
        "opening_hours": "Mo-We 09:30-17:00; Th 09:30-20:00; Fr 09:30-18:00; Sa 09:00-16:00"
      },
      "geometry": {
        "type": "Point",
        "coordinates": [
          -79.4381451,
          43.7557595
        ]
      },
      "id": "node/1846075320"
    },
    {
      "type": "Feature",
      "properties": {
        "@id": "node/1861798155",
        "addr:city": "Toronto",
        "addr:housenumber": "2895",
        "addr:street": "Lake Shore Boulevard West",
        "amenity": "bank",
        "atm": "yes",
        "brand": "Scotiabank",
        "brand:wikidata": "Q451476",
        "brand:wikipedia": "en:Scotiabank",
        "name": "Scotiabank",
        "website": "http://www.scotiabank.com/"
      },
      "geometry": {
        "type": "Point",
        "coordinates": [
          -79.504241,
          43.6008119
        ]
      },
      "id": "node/1861798155"
    },
    {
      "type": "Feature",
      "properties": {
        "@id": "node/1863193991",
        "alt_name": "Royal Bank of Canada",
        "amenity": "bank",
        "atm": "yes",
        "brand": "RBC",
        "brand:en": "RBC Royal Bank",
        "brand:fr": "RBC Banque Royale",
        "brand:wikidata": "Q735261",
        "brand:wikipedia": "en:Royal Bank of Canada",
        "check_date": "2026-01-17",
        "name": "RBC",
        "name:en": "RBC Royal Bank",
        "name:fr": "RBC Banque Royale",
        "official_name": "Royal Bank of Canada",
        "operator": "RBC"
      },
      "geometry": {
        "type": "Point",
        "coordinates": [
          -79.280337,
          43.7652844
        ]
      },
      "id": "node/1863193991"
    },
    {
      "type": "Feature",
      "properties": {
        "@id": "node/1888709039",
        "addr:housenumber": "290",
        "addr:street": "The West Mall",
        "amenity": "bank",
        "brand": "RBC",
        "brand:en": "RBC Royal Bank",
        "brand:fr": "RBC Banque Royale",
        "brand:wikidata": "Q735261",
        "brand:wikipedia": "en:Royal Bank of Canada",
        "check_date": "2025-04-24",
        "name": "RBC",
        "name:en": "RBC Royal Bank",
        "name:fr": "RBC Banque Royale",
        "official_name": "Royal Bank of Canada"
      },
      "geometry": {
        "type": "Point",
        "coordinates": [
          -79.5620422,
          43.6346909
        ]
      },
      "id": "node/1888709039"
    },
    {
      "type": "Feature",
      "properties": {
        "@id": "node/1928115616",
        "addr:city": "North York",
        "addr:housenumber": "628",
        "addr:postcode": "M3H 2S1",
        "addr:street": "Sheppard Avenue West",
        "amenity": "bank",
        "atm": "yes",
        "brand": "Scotiabank",
        "brand:wikidata": "Q451476",
        "brand:wikipedia": "en:Scotiabank",
        "drive_through": "no",
        "name": "Scotiabank",
        "opening_hours": "Mo-We 09:30-17:00, Th-Fr 09:30-20:00, Sa 09:30-16:00",
        "phone": "+1-416-638-1955",
        "source": "Personal knowledge",
        "website": "http://www.scotiabank.com/"
      },
      "geometry": {
        "type": "Point",
        "coordinates": [
          -79.440594,
          43.7555632
        ]
      },
      "id": "node/1928115616"
    },
    {
      "type": "Feature",
      "properties": {
        "@id": "node/1928115618",
        "amenity": "bank",
        "atm": "yes",
        "brand": "BMO",
        "brand:wikidata": "Q806693",
        "brand:wikipedia": "en:Bank of Montreal",
        "name": "BMO",
        "official_name": "Bank of Montreal",
        "source": "Personal knowledge"
      },
      "geometry": {
        "type": "Point",
        "coordinates": [
          -79.441265,
          43.7554257
        ]
      },
      "id": "node/1928115618"
    },
    {
      "type": "Feature",
      "properties": {
        "@id": "node/1963432914",
        "amenity": "bank",
        "brand": "BMO",
        "brand:wikidata": "Q806693",
        "brand:wikipedia": "en:Bank of Montreal",
        "name": "BMO",
        "official_name": "Bank of Montreal"
      },
      "geometry": {
        "type": "Point",
        "coordinates": [
          -79.325052,
          43.775985
        ]
      },
      "id": "node/1963432914"
    },
    {
      "type": "Feature",
      "properties": {
        "@id": "node/1965833713",
        "amenity": "bank",
        "atm": "no",
        "brand": "BOC",
        "brand:wikidata": "Q790068",
        "brand:wikipedia": "en:Bank of China",
        "check_date": "2026-01-17",
        "name": "BOC",
        "official_name": "Bank of China"
      },
      "geometry": {
        "type": "Point",
        "coordinates": [
          -79.3519268,
          43.7859815
        ]
      },
      "id": "node/1965833713"
    },
    {
      "type": "Feature",
      "properties": {
        "@id": "node/1966526315",
        "amenity": "bank",
        "atm": "yes",
        "brand": "CIBC",
        "brand:wikidata": "Q666694",
        "brand:wikipedia": "en:Canadian Imperial Bank of Commerce",
        "check_date": "2023-09-23",
        "name": "CIBC"
      },
      "geometry": {
        "type": "Point",
        "coordinates": [
          -79.3305193,
          43.7882717
        ]
      },
      "id": "node/1966526315"
    },
    {
      "type": "Feature",
      "properties": {
        "@id": "node/2018924095",
        "addr:city": "Toronto",
        "addr:housenumber": "3401",
        "addr:postcode": "M6A 2T9",
        "addr:street": "Dufferin Street",
        "amenity": "bank",
        "atm": "yes",
        "brand": "Scotiabank",
        "brand:wikidata": "Q451476",
        "brand:wikipedia": "en:Scotiabank",
        "check_date": "2026-06-08",
        "name": "Scotiabank",
        "opening_hours": "Mo-Fr 10:00-17:00; Sa 10:00-16:00; Su off",
        "phone": "+1-416-784-5126",
        "website": "http://www.scotiabank.com/"
      },
      "geometry": {
        "type": "Point",
        "coordinates": [
          -79.4540863,
          43.7244956
        ]
      },
      "id": "node/2018924095"
    },
    {
      "type": "Feature",
      "properties": {
        "@id": "node/2122925729",
        "alt_name": "TD Canada Trust",
        "amenity": "bank",
        "atm": "yes",
        "brand": "TD",
        "brand:wikidata": "Q1080670",
        "brand:wikipedia": "en:TD Canada Trust",
        "check_date": "2026-03-07",
        "name": "TD",
        "website": "https://www.tdcanadatrust.com/"
      },
      "geometry": {
        "type": "Point",
        "coordinates": [
          -79.29887,
          43.7243369
        ]
      },
      "id": "node/2122925729"
    },
    {
      "type": "Feature",
      "properties": {
        "@id": "node/2149834598",
        "alt_name": "TD Canada Trust",
        "amenity": "bank",
        "atm": "yes",
        "brand": "TD",
        "brand:wikidata": "Q1080670",
        "brand:wikipedia": "en:TD Canada Trust",
        "name": "TD",
        "website": "https://www.tdcanadatrust.com/"
      },
      "geometry": {
        "type": "Point",
        "coordinates": [
          -79.3606646,
          43.6504267
        ]
      },
      "id": "node/2149834598"
    },
    {
      "type": "Feature",
      "properties": {
        "@id": "node/2159618449",
        "addr:city": "Toronto",
        "addr:housenumber": "3001",
        "addr:street": "Lake Shore Boulevard West",
        "amenity": "bank",
        "brand": "Alterna Savings",
        "brand:wikidata": "Q4736322",
        "brand:wikipedia": "en:Alterna Savings",
        "name": "Alterna Savings",
        "website": "https://www.alterna.ca/"
      },
      "geometry": {
        "type": "Point",
        "coordinates": [
          -79.5073401,
          43.600124
        ]
      },
      "id": "node/2159618449"
    },
    {
      "type": "Feature",
      "properties": {
        "@id": "node/2159618475",
        "addr:city": "Etobicoke",
        "addr:housenumber": "3055",
        "addr:street": "Lake Shore Boulevard West",
        "amenity": "bank",
        "bank": "credit_union",
        "name": "St. Stanislaus-St. Casimer's Polish Parishes Credit Union Ltd"
      },
      "geometry": {
        "type": "Point",
        "coordinates": [
          -79.5099151,
          43.5995811
        ]
      },
      "id": "node/2159618475"
    },
    {
      "type": "Feature",
      "properties": {
        "@id": "node/2164676300",
        "amenity": "bank",
        "atm": "yes",
        "brand": "RBC",
        "brand:en": "RBC Royal Bank",
        "brand:fr": "RBC Banque Royale",
        "brand:wikidata": "Q735261",
        "brand:wikipedia": "en:Royal Bank of Canada",
        "name": "RBC Royal Bank",
        "name:en": "RBC Royal Bank",
        "name:fr": "RBC Banque Royale",
        "official_name": "Royal Bank of Canada",
        "opening_hours": "Mo-Fr 09:30-17:00",
        "operator": "RBC"
      },
      "geometry": {
        "type": "Point",
        "coordinates": [
          -79.3720547,
          43.6502981
        ]
      },
      "id": "node/2164676300"
    },
    {
      "type": "Feature",
      "properties": {
        "@id": "node/2172207983",
        "amenity": "bank",
        "brand": "RBC",
        "brand:en": "RBC Royal Bank",
        "brand:fr": "RBC Banque Royale",
        "brand:wikidata": "Q735261",
        "brand:wikipedia": "en:Royal Bank of Canada",
        "check_date": "2026-03-19",
        "name": "RBC",
        "name:en": "RBC Royal Bank",
        "name:fr": "RBC Banque Royale",
        "official_name": "Royal Bank of Canada"
      },
      "geometry": {
        "type": "Point",
        "coordinates": [
          -79.3750899,
          43.7049522
        ]
      },
      "id": "node/2172207983"
    },
    {
      "type": "Feature",
      "properties": {
        "@id": "node/2193108947",
        "amenity": "bank",
        "brand": "BMO",
        "brand:wikidata": "Q806693",
        "brand:wikipedia": "en:Bank of Montreal",
        "check_date": "2025-12-13",
        "name": "BMO",
        "official_name": "Bank of Montreal",
        "wheelchair": "yes"
      },
      "geometry": {
        "type": "Point",
        "coordinates": [
          -79.382534,
          43.6594959
        ]
      },
      "id": "node/2193108947"
    },
    {
      "type": "Feature",
      "properties": {
        "@id": "node/2193108948",
        "addr:city": "Toronto",
        "addr:housenumber": "382",
        "addr:postcode": "M5B 1S9",
        "addr:province": "Ontario",
        "addr:street": "Yonge Street",
        "amenity": "bank",
        "atm": "yes",
        "brand": "RBC",
        "brand:en": "RBC Royal Bank",
        "brand:fr": "RBC Banque Royale",
        "brand:wikidata": "Q735261",
        "brand:wikipedia": "en:Royal Bank of Canada",
        "check_date": "2025-12-13",
        "name": "RBC",
        "name:en": "RBC Royal Bank",
        "name:fr": "RBC Banque Royale",
        "official_name": "Royal Bank of Canada",
        "opening_hours": "Mo-Th 09:30-17:00; Sa 09:30-16:00; Fr 09:30-18:00"
      },
      "geometry": {
        "type": "Point",
        "coordinates": [
          -79.3824502,
          43.6592714
        ]
      },
      "id": "node/2193108948"
    },
    {
      "type": "Feature",
      "properties": {
        "@id": "node/2201111011",
        "amenity": "bank",
        "brand": "CIBC",
        "brand:wikidata": "Q666694",
        "brand:wikipedia": "en:Canadian Imperial Bank of Commerce",
        "check_date": "2026-05-30",
        "name": "CIBC",
        "opening_hours": "Mo-We 09:30-17:00; Th-Fr 09:00-18:00; Sa 09:30-16:00; Su off"
      },
      "geometry": {
        "type": "Point",
        "coordinates": [
          -79.435106,
          43.65979
        ]
      },
      "id": "node/2201111011"
    },
    {
      "type": "Feature",
      "properties": {
        "@id": "node/2210110306",
        "alt_name": "TD Canada Trust",
        "amenity": "bank",
        "brand": "TD",
        "brand:wikidata": "Q1080670",
        "brand:wikipedia": "en:TD Canada Trust",
        "name": "TD",
        "opening_hours": "Mo-Fr 08:00-20:00; Sa 08:00-16:00; Su off",
        "website": "https://www.tdcanadatrust.com/",
        "wheelchair": "no"
      },
      "geometry": {
        "type": "Point",
        "coordinates": [
          -79.3477844,
          43.6873336
        ]
      },
      "id": "node/2210110306"
    },
    {
      "type": "Feature",
      "properties": {
        "@id": "node/2287335954",
        "addr:housenumber": "2947",
        "addr:street": "Bloor Street West",
        "alt_name": "RBC Finanical Group",
        "amenity": "bank",
        "brand": "RBC",
        "brand:en": "RBC Royal Bank",
        "brand:fr": "RBC Banque Royale",
        "brand:wikidata": "Q735261",
        "brand:wikipedia": "en:Royal Bank of Canada",
        "name": "RBC Royal Bank",
        "name:en": "RBC Royal Bank",
        "name:fr": "RBC Banque Royale",
        "official_name": "Royal Bank of Canada",
        "wheelchair": "yes"
      },
      "geometry": {
        "type": "Point",
        "coordinates": [
          -79.5081374,
          43.6478847
        ]
      },
      "id": "node/2287335954"
    },
    {
      "type": "Feature",
      "properties": {
        "@id": "node/2353059138",
        "amenity": "bank",
        "brand": "BMO",
        "brand:wikidata": "Q806693",
        "brand:wikipedia": "en:Bank of Montreal",
        "check_date": "2025-12-13",
        "name": "BMO",
        "official_name": "Bank of Montreal"
      },
      "geometry": {
        "type": "Point",
        "coordinates": [
          -79.4155991,
          43.7785777
        ]
      },
      "id": "node/2353059138"
    },
    {
      "type": "Feature",
      "properties": {
        "@id": "node/2365100292",
        "addr:city": "Etobicoke",
        "addr:housenumber": "250",
        "addr:postcode": "M9R 2R5",
        "addr:street": "Wincott Drive",
        "alt_name": "TD Canada Trust",
        "amenity": "bank",
        "atm": "yes",
        "brand": "TD",
        "brand:wikidata": "Q1080670",
        "brand:wikipedia": "en:TD Canada Trust",
        "check_date": "2026-05-30",
        "name": "TD",
        "opening_hours": "Mo-Fr 08:00-20:00; Sa 08:00-16:00; Su 11:00-16:00",
        "phone": "+1-416-241-5248",
        "source": "https://www.tdcanadatrust.com/cgi-bin/locator/drill.cgi?TRANSIT=0048",
        "website": "https://www.tdcanadatrust.com",
        "wheelchair": "no"
      },
      "geometry": {
        "type": "Point",
        "coordinates": [
          -79.5470293,
          43.6794414
        ]
      },
      "id": "node/2365100292"
    },
    {
      "type": "Feature",
      "properties": {
        "@id": "node/2405795800",
        "addr:city": "Toronto",
        "addr:housenumber": "2280",
        "addr:street": "Bloor Street West",
        "alt_name": "Buduchnist Credit Union",
        "amenity": "bank",
        "atm": "yes",
        "check_date": "2026-04-07",
        "name": "BCU Financial",
        "phone": "+1 4167638914",
        "website": "http://www.buduchnist.com/",
        "wheelchair": "yes"
      },
      "geometry": {
        "type": "Point",
        "coordinates": [
          -79.4784348,
          43.6508158
        ]
      },
      "id": "node/2405795800"
    },
    {
      "type": "Feature",
      "properties": {
        "@id": "node/2405837497",
        "addr:city": "Toronto",
        "addr:housenumber": "2397",
        "addr:street": "Bloor Street West",
        "amenity": "bank",
        "check_date": "2026-05-30",
        "name": "Ukrainian Credit Union Limited",
        "opening_hours": "Mo-Th 10:00-15:00; Fr 10:00-18:00; Sa 09:00-13:00"
      },
      "geometry": {
        "type": "Point",
        "coordinates": [
          -79.4826959,
          43.6495754
        ]
      },
      "id": "node/2405837497"
    },
    {
      "type": "Feature",
      "properties": {
        "@id": "node/2407511161",
        "amenity": "bank",
        "name": "Latvian Credit Union",
        "name:lv": "Latviešu Kreditsabiedrība",
        "website": "http://www.kredsab.ca/"
      },
      "geometry": {
        "type": "Point",
        "coordinates": [
          -79.3187736,
          43.7255914
        ]
      },
      "id": "node/2407511161"
    },
    {
      "type": "Feature",
      "properties": {
        "@id": "node/2470543877",
        "amenity": "bank",
        "bank": "credit_union",
        "check_date": "2026-05-09",
        "name": "Moya Financial"
      },
      "geometry": {
        "type": "Point",
        "coordinates": [
          -79.5475228,
          43.6080122
        ]
      },
      "id": "node/2470543877"
    },
    {
      "type": "Feature",
      "properties": {
        "@id": "node/2473918407",
        "addr:city": "Toronto",
        "addr:floor": "G",
        "addr:housenumber": "101",
        "addr:street": "Dundas Street West",
        "amenity": "bank",
        "atm": "yes",
        "brand": "RBC",
        "brand:en": "RBC Royal Bank",
        "brand:fr": "RBC Banque Royale",
        "brand:wikidata": "Q735261",
        "brand:wikipedia": "en:Royal Bank of Canada",
        "check_date": "2026-06-07",
        "drive_through": "no",
        "level": "0",
        "name": "RBC Royal Bank",
        "name:en": "RBC Royal Bank",
        "name:fr": "RBC Banque Royale",
        "official_name": "Royal Bank of Canada",
        "opening_hours": "Mo-Th 09:30-17:00; Fr 09:30-18:00; Sa-Su off",
        "wheelchair": "yes"
      },
      "geometry": {
        "type": "Point",
        "coordinates": [
          -79.3838982,
          43.6555395
        ]
      },
      "id": "node/2473918407"
    },
    {
      "type": "Feature",
      "properties": {
        "@id": "node/2476496591",
        "addr:housenumber": "1640",
        "addr:street": "Avenue Road",
        "amenity": "bank",
        "brand": "Scotiabank",
        "brand:wikidata": "Q451476",
        "brand:wikipedia": "en:Scotiabank",
        "name": "Scotiabank"
      },
      "geometry": {
        "type": "Point",
        "coordinates": [
          -79.4173416,
          43.7260089
        ]
      },
      "id": "node/2476496591"
    },
    {
      "type": "Feature",
      "properties": {
        "@id": "node/2476507541",
        "amenity": "bank",
        "brand": "BMO",
        "brand:wikidata": "Q806693",
        "brand:wikipedia": "en:Bank of Montreal",
        "name": "BMO",
        "official_name": "Bank of Montreal"
      },
      "geometry": {
        "type": "Point",
        "coordinates": [
          -79.4177207,
          43.7281053
        ]
      },
      "id": "node/2476507541"
    },
    {
      "type": "Feature",
      "properties": {
        "@id": "node/2480722088",
        "amenity": "bank",
        "brand": "BMO",
        "brand:wikidata": "Q806693",
        "brand:wikipedia": "en:Bank of Montreal",
        "check_date": "2026-02-16",
        "name": "BMO",
        "name:it": "BMO",
        "official_name": "Bank of Montreal"
      },
      "geometry": {
        "type": "Point",
        "coordinates": [
          -79.3905557,
          43.6588525
        ]
      },
      "id": "node/2480722088"
    },
    {
      "type": "Feature",
      "properties": {
        "@id": "node/2534750295",
        "addr:city": "York",
        "addr:housenumber": "605",
        "addr:street": "Rogers Road",
        "amenity": "bank",
        "brand": "BMO",
        "brand:wikidata": "Q806693",
        "brand:wikipedia": "en:Bank of Montreal",
        "name": "BMO",
        "official_name": "Bank of Montreal"
      },
      "geometry": {
        "type": "Point",
        "coordinates": [
          -79.4722402,
          43.6818874
        ]
      },
      "id": "node/2534750295"
    },
    {
      "type": "Feature",
      "properties": {
        "@id": "node/2547436284",
        "amenity": "bank",
        "atm": "yes",
        "brand": "BMO",
        "brand:wikidata": "Q806693",
        "brand:wikipedia": "en:Bank of Montreal",
        "name": "BMO",
        "official_name": "Bank of Montreal"
      },
      "geometry": {
        "type": "Point",
        "coordinates": [
          -79.3703248,
          43.7687409
        ]
      },
      "id": "node/2547436284"
    },
    {
      "type": "Feature",
      "properties": {
        "@id": "node/2547520854",
        "amenity": "bank",
        "brand": "TD Canada Trust",
        "brand:wikidata": "Q1080670",
        "brand:wikipedia": "en:TD Canada Trust",
        "check_date": "2025-06-02",
        "name": "TD Canada Trust"
      },
      "geometry": {
        "type": "Point",
        "coordinates": [
          -79.4176553,
          43.7873547
        ]
      },
      "id": "node/2547520854"
    },
    {
      "type": "Feature",
      "properties": {
        "@id": "node/2547520859",
        "amenity": "bank",
        "name": "City Saving Financial Savings"
      },
      "geometry": {
        "type": "Point",
        "coordinates": [
          -79.4181703,
          43.7886752
        ]
      },
      "id": "node/2547520859"
    },
    {
      "type": "Feature",
      "properties": {
        "@id": "node/2557976285",
        "amenity": "bank",
        "brand": "PC Financial",
        "brand:wikidata": "Q7241126",
        "check_date": "2026-06-06",
        "name": "PC Financial",
        "note": "at entrance to No Frills",
        "official_name": "President's Choice Financial"
      },
      "geometry": {
        "type": "Point",
        "coordinates": [
          -79.4340876,
          43.6551189
        ]
      },
      "id": "node/2557976285"
    },
    {
      "type": "Feature",
      "properties": {
        "@id": "node/2558957604",
        "addr:housenumber": "1616",
        "addr:street": "Dundas Street West",
        "amenity": "bank",
        "atm": "yes",
        "brand": "Scotiabank",
        "brand:wikidata": "Q451476",
        "brand:wikipedia": "en:Scotiabank",
        "check_date": "2026-06-15",
        "name": "Scotiabank",
        "website": "http://www.scotiabank.com/"
      },
      "geometry": {
        "type": "Point",
        "coordinates": [
          -79.4358133,
          43.6500362
        ]
      },
      "id": "node/2558957604"
    },
    {
      "type": "Feature",
      "properties": {
        "@id": "node/2563172135",
        "addr:city": "Toronto",
        "addr:housenumber": "171",
        "addr:street": "East Liberty Street",
        "addr:unit": "108",
        "amenity": "bank",
        "atm": "yes",
        "brand": "BMO",
        "brand:wikidata": "Q806693",
        "brand:wikipedia": "en:Bank of Montreal",
        "check_date": "2026-06-06",
        "name": "BMO Bank of Montreal",
        "official_name": "Bank of Montreal",
        "operator": "BMO"
      },
      "geometry": {
        "type": "Point",
        "coordinates": [
          -79.4180586,
          43.6385977
        ]
      },
      "id": "node/2563172135"
    },
    {
      "type": "Feature",
      "properties": {
        "@id": "node/2563172142",
        "addr:city": "Toronto",
        "addr:housenumber": "120",
        "addr:street": "Lynn Williams Street",
        "amenity": "bank",
        "brand": "CIBC",
        "brand:wikidata": "Q666694",
        "brand:wikipedia": "en:Canadian Imperial Bank of Commerce",
        "check_date": "2025-05-09",
        "name": "CIBC",
        "operator": "CIBC"
      },
      "geometry": {
        "type": "Point",
        "coordinates": [
          -79.4172762,
          43.6390652
        ]
      },
      "id": "node/2563172142"
    },
    {
      "type": "Feature",
      "properties": {
        "@id": "node/2626675466",
        "amenity": "bank",
        "brand": "Scotiabank",
        "brand:wikidata": "Q451476",
        "brand:wikipedia": "en:Scotiabank",
        "name": "Scotiabank",
        "website": "http://www.scotiabank.com/"
      },
      "geometry": {
        "type": "Point",
        "coordinates": [
          -79.3378914,
          43.6616593
        ]
      },
      "id": "node/2626675466"
    },
    {
      "type": "Feature",
      "properties": {
        "@id": "node/2626678291",
        "addr:housenumber": "311",
        "addr:street": "King Street East",
        "amenity": "bank",
        "brand": "National Bank",
        "brand:en": "National Bank",
        "brand:fr": "Banque Nationale",
        "brand:wikidata": "Q634298",
        "brand:wikipedia": "en:National Bank of Canada",
        "name": "National Bank",
        "name:en": "National Bank",
        "name:fr": "Banque Nationale",
        "official_name": "National Bank of Canada",
        "official_name:en": "National Bank of Canada",
        "official_name:fr": "Banque Nationale du Canada",
        "toilets:wheelchair": "no",
        "wheelchair": "yes"
      },
      "geometry": {
        "type": "Point",
        "coordinates": [
          -79.3667121,
          43.6514435
        ]
      },
      "id": "node/2626678291"
    },
    {
      "type": "Feature",
      "properties": {
        "@id": "node/2626678862",
        "amenity": "bank",
        "brand": "RBC",
        "brand:en": "RBC Royal Bank",
        "brand:fr": "RBC Banque Royale",
        "brand:wikidata": "Q735261",
        "brand:wikipedia": "en:Royal Bank of Canada",
        "name": "RBC",
        "name:en": "RBC Royal Bank",
        "name:fr": "RBC Banque Royale",
        "official_name": "Royal Bank of Canada",
        "opening_hours": "Mo-Fr 09:30-17:00",
        "wheelchair": "yes"
      },
      "geometry": {
        "type": "Point",
        "coordinates": [
          -79.3657766,
          43.6516755
        ]
      },
      "id": "node/2626678862"
    },
    {
      "type": "Feature",
      "properties": {
        "@id": "node/2684474616",
        "alt_name": "TD Canada Trust",
        "amenity": "bank",
        "brand": "TD",
        "brand:wikidata": "Q1080670",
        "brand:wikipedia": "en:TD Canada Trust",
        "name": "TD",
        "website": "https://www.tdcanadatrust.com/"
      },
      "geometry": {
        "type": "Point",
        "coordinates": [
          -79.3678858,
          43.6646194
        ]
      },
      "id": "node/2684474616"
    },
    {
      "type": "Feature",
      "properties": {
        "@id": "node/2696995031",
        "addr:housenumber": "26",
        "addr:street": "St. Clair Avenue East",
        "alt_name": "Meridian",
        "amenity": "bank",
        "atm": "yes",
        "brand": "Meridian Credit Union",
        "brand:wikidata": "Q6819303",
        "brand:wikipedia": "en:Meridian Credit Union",
        "check_date": "2024-08-29",
        "name": "Meridian Credit Union"
      },
      "geometry": {
        "type": "Point",
        "coordinates": [
          -79.3928737,
          43.6885439
        ]
      },
      "id": "node/2696995031"
    },
    {
      "type": "Feature",
      "properties": {
        "@id": "node/2704253971",
        "amenity": "bank",
        "brand": "BMO",
        "brand:wikidata": "Q806693",
        "brand:wikipedia": "en:Bank of Montreal",
        "name": "BMO",
        "official_name": "Bank of Montreal"
      },
      "geometry": {
        "type": "Point",
        "coordinates": [
          -79.4288825,
          43.7167193
        ]
      },
      "id": "node/2704253971"
    },
    {
      "type": "Feature",
      "properties": {
        "@id": "node/2755278717",
        "amenity": "bank",
        "brand": "BMO",
        "brand:wikidata": "Q806693",
        "brand:wikipedia": "en:Bank of Montreal",
        "drive_through": "no",
        "level": "0",
        "name": "BMO",
        "official_name": "Bank of Montreal",
        "phone": "+1-416-497-2863"
      },
      "geometry": {
        "type": "Point",
        "coordinates": [
          -79.3180188,
          43.7980282
        ]
      },
      "id": "node/2755278717"
    },
    {
      "type": "Feature",
      "properties": {
        "@id": "node/2765988736",
        "addr:city": "Toronto",
        "addr:housenumber": "25",
        "addr:street": "Mill Street",
        "alt_name": "TD Canada Trust",
        "amenity": "bank",
        "brand": "TD",
        "brand:wikidata": "Q1080670",
        "brand:wikipedia": "en:TD Canada Trust",
        "name": "TD",
        "website": "https://www.tdcanadatrust.com/"
      },
      "geometry": {
        "type": "Point",
        "coordinates": [
          -79.3611314,
          43.6503024
        ]
      },
      "id": "node/2765988736"
    },
    {
      "type": "Feature",
      "properties": {
        "@id": "node/2780593061",
        "addr:city": "Toronto",
        "addr:housenumber": "1980",
        "addr:street": "St. Clair Avenue West",
        "addr:unit": "F101, F102",
        "amenity": "bank",
        "brand": "RBC",
        "brand:en": "RBC Royal Bank",
        "brand:fr": "RBC Banque Royale",
        "brand:wikidata": "Q735261",
        "brand:wikipedia": "en:Royal Bank of Canada",
        "check_date": "2026-04-09",
        "name": "RBC Royal Bank",
        "name:en": "RBC Royal Bank",
        "name:fr": "RBC Banque Royale",
        "official_name": "Royal Bank of Canada"
      },
      "geometry": {
        "type": "Point",
        "coordinates": [
          -79.4696574,
          43.6723205
        ]
      },
      "id": "node/2780593061"
    },
    {
      "type": "Feature",
      "properties": {
        "@id": "node/2784479085",
        "amenity": "bank",
        "brand": "BMO",
        "brand:wikidata": "Q806693",
        "brand:wikipedia": "en:Bank of Montreal",
        "name": "BMO",
        "official_name": "Bank of Montreal",
        "opening_hours": "Mo-Fr 10:00-17:00"
      },
      "geometry": {
        "type": "Point",
        "coordinates": [
          -79.4510409,
          43.6658949
        ]
      },
      "id": "node/2784479085"
    },
    {
      "type": "Feature",
      "properties": {
        "@id": "node/2792733118",
        "alt_name": "TD Canada Trust",
        "amenity": "bank",
        "atm": "yes",
        "brand": "TD",
        "brand:wikidata": "Q1080670",
        "brand:wikipedia": "en:TD Canada Trust",
        "name": "TD",
        "opening_hours": "Mo-We 08:00-18:00; Th-Fr 08:00-20:00; Sa 08:00-16:00; Su off",
        "website": "https://www.tdcanadatrust.com/",
        "wheelchair": "no"
      },
      "geometry": {
        "type": "Point",
        "coordinates": [
          -79.450168,
          43.6761736
        ]
      },
      "id": "node/2792733118"
    },
    {
      "type": "Feature",
      "properties": {
        "@id": "node/2794019048",
        "addr:city": "Scarborough",
        "addr:housenumber": "2561",
        "addr:postcode": "M1T 1A4",
        "addr:street": "Victoria Park Avenue",
        "alt_name": "TD Canada Trust",
        "amenity": "bank",
        "atm": "yes",
        "brand": "TD",
        "brand:wikidata": "Q1080670",
        "brand:wikipedia": "en:TD Canada Trust",
        "name": "TD",
        "phone": "+1-416-491-2727",
        "website": "https://www.tdcanadatrust.com/"
      },
      "geometry": {
        "type": "Point",
        "coordinates": [
          -79.3218173,
          43.7738881
        ]
      },
      "id": "node/2794019048"
    },
    {
      "type": "Feature",
      "properties": {
        "@id": "node/2806287602",
        "amenity": "bank",
        "atm": "yes",
        "brand": "Scotiabank",
        "brand:wikidata": "Q451476",
        "brand:wikipedia": "en:Scotiabank",
        "check_date": "2026-06-07",
        "check_date:opening_hours": "2025-02-01",
        "drive_through": "no",
        "name": "Scotiabank",
        "opening_hours": "Mo-Fr 09:30-17:00",
        "website": "http://www.scotiabank.com/"
      },
      "geometry": {
        "type": "Point",
        "coordinates": [
          -79.3891346,
          43.6558281
        ]
      },
      "id": "node/2806287602"
    },
    {
      "type": "Feature",
      "properties": {
        "@id": "node/2808830601",
        "amenity": "bank",
        "level": "0",
        "name": "BitTrust",
        "note": "something about cryptocurrency",
        "website": "https://www.meanbaotoronto.com/"
      },
      "geometry": {
        "type": "Point",
        "coordinates": [
          -79.390368,
          43.6534789
        ]
      },
      "id": "node/2808830601"
    },
    {
      "type": "Feature",
      "properties": {
        "@id": "node/2848631101",
        "alt_name": "TD Canada Trust",
        "amenity": "bank",
        "atm": "yes",
        "brand": "TD",
        "brand:wikidata": "Q1080670",
        "brand:wikipedia": "en:TD Canada Trust",
        "check_date": "2025-12-06",
        "name": "TD",
        "website": "https://www.tdcanadatrust.com/",
        "wheelchair": "no"
      },
      "geometry": {
        "type": "Point",
        "coordinates": [
          -79.4196726,
          43.6437904
        ]
      },
      "id": "node/2848631101"
    },
    {
      "type": "Feature",
      "properties": {
        "@id": "node/2848637832",
        "amenity": "bank",
        "brand": "RBC",
        "brand:en": "RBC Royal Bank",
        "brand:fr": "RBC Banque Royale",
        "brand:wikidata": "Q735261",
        "brand:wikipedia": "en:Royal Bank of Canada",
        "check_date": "2026-03-21",
        "name": "RBC Royal Bank",
        "name:en": "RBC Royal Bank",
        "name:fr": "RBC Banque Royale",
        "official_name": "Royal Bank of Canada"
      },
      "geometry": {
        "type": "Point",
        "coordinates": [
          -79.4273674,
          43.6426785
        ]
      },
      "id": "node/2848637832"
    },
    {
      "type": "Feature",
      "properties": {
        "@id": "node/2869612782",
        "addr:housenumber": "1103A",
        "addr:street": "Yonge Street",
        "amenity": "bank",
        "atm": "yes",
        "brand": "RBC",
        "brand:en": "RBC Royal Bank",
        "brand:fr": "RBC Banque Royale",
        "brand:wikidata": "Q735261",
        "brand:wikipedia": "en:Royal Bank of Canada",
        "level": "1",
        "name": "RBC",
        "name:en": "RBC Royal Bank",
        "name:fr": "RBC Banque Royale",
        "official_name": "Royal Bank of Canada"
      },
      "geometry": {
        "type": "Point",
        "coordinates": [
          -79.3905197,
          43.6802637
        ]
      },
      "id": "node/2869612782"
    },
    {
      "type": "Feature",
      "properties": {
        "@id": "node/2883532663",
        "addr:city": "Etobicoke",
        "addr:housenumber": "4914",
        "addr:postcode": "M9A 1B5",
        "addr:province": "ON",
        "addr:street": "Dundas Street West",
        "amenity": "bank",
        "brand": "CIBC",
        "brand:wikidata": "Q666694",
        "brand:wikipedia": "en:Canadian Imperial Bank of Commerce",
        "check_date": "2026-05-27",
        "name": "CIBC",
        "name:it": "CIBC",
        "opening_hours": "Mo-We 9:30-17:00; Th 9:30-18:00; Fr 9:30-17:00; Sa 9:30-16:00; Su off",
        "operator": "CIBC"
      },
      "geometry": {
        "type": "Point",
        "coordinates": [
          -79.5288912,
          43.6490437
        ]
      },
      "id": "node/2883532663"
    },
    {
      "type": "Feature",
      "properties": {
        "@id": "node/2892352942",
        "addr:city": "Scarborough",
        "addr:housenumber": "85",
        "addr:postcode": "M1R 4B7",
        "addr:province": "Ontario",
        "addr:street": "Ellesmere Road",
        "addr:unit": "19",
        "amenity": "bank",
        "atm": "yes",
        "branch": "Victoria Pk. and Ellesmere",
        "brand": "CIBC",
        "brand:wikidata": "Q666694",
        "brand:wikipedia": "en:Canadian Imperial Bank of Commerce",
        "drive_through": "no",
        "image": "https://commons.wikimedia.org/wiki/File:CIBC_Parkway_Mall,_September_2023_(1).jpg",
        "name": "CIBC",
        "opening_hours": "Mo-We 09:30-17:00; Th-Fr 09:30-18:00; Sa-Su off; PH off"
      },
      "geometry": {
        "type": "Point",
        "coordinates": [
          -79.3117499,
          43.7572656
        ]
      },
      "id": "node/2892352942"
    },
    {
      "type": "Feature",
      "properties": {
        "@id": "node/2915315637",
        "amenity": "bank",
        "brand": "RBC",
        "brand:en": "RBC Royal Bank",
        "brand:fr": "RBC Banque Royale",
        "brand:wikidata": "Q735261",
        "brand:wikipedia": "en:Royal Bank of Canada",
        "check_date": "2026-01-17",
        "name": "RBC",
        "name:en": "RBC Royal Bank",
        "name:fr": "RBC Banque Royale",
        "official_name": "Royal Bank of Canada"
      },
      "geometry": {
        "type": "Point",
        "coordinates": [
          -79.2924602,
          43.7818747
        ]
      },
      "id": "node/2915315637"
    },
    {
      "type": "Feature",
      "properties": {
        "@id": "node/2926923401",
        "amenity": "bank",
        "atm": "yes",
        "brand": "RBC",
        "brand:en": "RBC Royal Bank",
        "brand:fr": "RBC Banque Royale",
        "brand:wikidata": "Q735261",
        "brand:wikipedia": "en:Royal Bank of Canada",
        "name": "RBC",
        "name:en": "RBC Royal Bank",
        "name:fr": "RBC Banque Royale",
        "official_name": "Royal Bank of Canada"
      },
      "geometry": {
        "type": "Point",
        "coordinates": [
          -79.3290692,
          43.6974526
        ]
      },
      "id": "node/2926923401"
    },
    {
      "type": "Feature",
      "properties": {
        "@id": "node/2953594665",
        "addr:city": "Toronto",
        "addr:housenumber": "11",
        "addr:street": "King Street West",
        "amenity": "bank",
        "brand": "Desjardins",
        "brand:wikidata": "Q2933350",
        "brand:wikipedia": "en:Desjardins Group",
        "check_date": "2025-06-20",
        "name": "Desjardins"
      },
      "geometry": {
        "type": "Point",
        "coordinates": [
          -79.3785503,
          43.6488484
        ]
      },
      "id": "node/2953594665"
    },
    {
      "type": "Feature",
      "properties": {
        "@id": "node/3016315363",
        "addr:housenumber": "3640",
        "addr:street": "Victoria Park Avenue",
        "amenity": "bank",
        "atm": "yes",
        "brand": "RBC",
        "brand:en": "RBC Royal Bank",
        "brand:fr": "RBC Banque Royale",
        "brand:wikidata": "Q735261",
        "check_date": "2025-08-29",
        "drive_through": "no",
        "name": "RBC Royal Bank",
        "name:en": "RBC Royal Bank",
        "name:fr": "RBC Banque Royale",
        "official_name": "Royal Bank of Canada",
        "opening_hours": "Mo-Fr 09:30-17:00; Sa 09:30-16:00; Su off"
      },
      "geometry": {
        "type": "Point",
        "coordinates": [
          -79.3382839,
          43.8071001
        ]
      },
      "id": "node/3016315363"
    },
    {
      "type": "Feature",
      "properties": {
        "@id": "node/3016320932",
        "amenity": "bank",
        "brand": "ICICI Bank",
        "brand:wikidata": "Q1653258",
        "brand:wikipedia": "en:ICICI Bank",
        "name": "ICICI Bank",
        "short_name": "ICICI"
      },
      "geometry": {
        "type": "Point",
        "coordinates": [
          -79.2673256,
          43.8325882
        ]
      },
      "id": "node/3016320932"
    },
    {
      "type": "Feature",
      "properties": {
        "@id": "node/3019023144",
        "alt_name": "TD Canada Trust",
        "amenity": "bank",
        "brand": "TD",
        "brand:wikidata": "Q1080670",
        "brand:wikipedia": "en:TD Canada Trust",
        "check_date": "2026-01-17",
        "name": "TD",
        "opening_hours": "Mo-Su"
      },
      "geometry": {
        "type": "Point",
        "coordinates": [
          -79.3036989,
          43.7792808
        ]
      },
      "id": "node/3019023144"
    },
    {
      "type": "Feature",
      "properties": {
        "@id": "node/3107939728",
        "addr:housenumber": "3569",
        "addr:postcode": "M8W 0A7",
        "addr:street": "Lake Shore Boulevard West",
        "alt_name": "TD Canada Trust",
        "amenity": "bank",
        "atm": "yes",
        "brand": "TD",
        "brand:wikidata": "Q1080670",
        "brand:wikipedia": "en:TD Canada Trust",
        "check_date": "2025-05-19",
        "name": "TD",
        "old_name": "TD Canada Trust",
        "opening_hours": "Mo-We 09:00-18:00; Th-Fr 09:00-20:00; Sa 09:00-16:00; Su off",
        "website": "https://www.td.com/"
      },
      "geometry": {
        "type": "Point",
        "coordinates": [
          -79.5337179,
          43.5942395
        ]
      },
      "id": "node/3107939728"
    },
    {
      "type": "Feature",
      "properties": {
        "@id": "node/3215285378",
        "amenity": "bank",
        "brand": "Scotiabank",
        "brand:wikidata": "Q451476",
        "brand:wikipedia": "en:Scotiabank",
        "name": "Scotiabank"
      },
      "geometry": {
        "type": "Point",
        "coordinates": [
          -79.4457461,
          43.6771576
        ]
      },
      "id": "node/3215285378"
    },
    {
      "type": "Feature",
      "properties": {
        "@id": "node/3248253218",
        "addr:city": "Scarborough",
        "addr:housenumber": "1940",
        "addr:street": "Eglinton Avenue East",
        "amenity": "bank",
        "brand": "RBC",
        "brand:en": "RBC Royal Bank",
        "brand:fr": "RBC Banque Royale",
        "brand:wikidata": "Q735261",
        "brand:wikipedia": "en:Royal Bank of Canada",
        "check_date": "2026-03-07",
        "name": "RBC Royal Bank",
        "name:en": "RBC Royal Bank",
        "name:fr": "RBC Banque Royale",
        "official_name": "Royal Bank of Canada"
      },
      "geometry": {
        "type": "Point",
        "coordinates": [
          -79.2884117,
          43.7281379
        ]
      },
      "id": "node/3248253218"
    },
    {
      "type": "Feature",
      "properties": {
        "@id": "node/3283174869",
        "amenity": "bank",
        "brand": "RBC",
        "brand:en": "RBC Royal Bank",
        "brand:fr": "RBC Banque Royale",
        "brand:wikidata": "Q735261",
        "brand:wikipedia": "en:Royal Bank of Canada",
        "name": "RBC Royal Bank",
        "name:en": "RBC Royal Bank",
        "name:fr": "RBC Banque Royale",
        "official_name": "Royal Bank of Canada"
      },
      "geometry": {
        "type": "Point",
        "coordinates": [
          -79.4687011,
          43.787022
        ]
      },
      "id": "node/3283174869"
    },
    {
      "type": "Feature",
      "properties": {
        "@id": "node/3285162570",
        "alt_name": "TD Canada Trust",
        "amenity": "bank",
        "brand": "TD",
        "brand:wikidata": "Q1080670",
        "brand:wikipedia": "en:TD Canada Trust",
        "name": "TD",
        "wheelchair": "yes"
      },
      "geometry": {
        "type": "Point",
        "coordinates": [
          -79.4694878,
          43.7863229
        ]
      },
      "id": "node/3285162570"
    },
    {
      "type": "Feature",
      "properties": {
        "@id": "node/3293422694",
        "amenity": "bank",
        "brand": "RBC",
        "brand:en": "RBC Royal Bank",
        "brand:fr": "RBC Banque Royale",
        "brand:wikidata": "Q735261",
        "brand:wikipedia": "en:Royal Bank of Canada",
        "name": "RBC Royal Bank",
        "name:en": "RBC Royal Bank",
        "name:fr": "RBC Banque Royale",
        "official_name": "Royal Bank of Canada"
      },
      "geometry": {
        "type": "Point",
        "coordinates": [
          -79.2992764,
          43.8252546
        ]
      },
      "id": "node/3293422694"
    },
    {
      "type": "Feature",
      "properties": {
        "@id": "node/3293428518",
        "amenity": "bank",
        "brand": "Scotiabank",
        "brand:wikidata": "Q451476",
        "brand:wikipedia": "en:Scotiabank",
        "name": "Scotiabank",
        "website": "http://www.scotiabank.com/"
      },
      "geometry": {
        "type": "Point",
        "coordinates": [
          -79.3012333,
          43.8246469
        ]
      },
      "id": "node/3293428518"
    },
    {
      "type": "Feature",
      "properties": {
        "@id": "node/3303214139",
        "amenity": "bank",
        "brand": "RBC",
        "brand:en": "RBC Royal Bank",
        "brand:fr": "RBC Banque Royale",
        "brand:wikidata": "Q735261",
        "brand:wikipedia": "en:Royal Bank of Canada",
        "name": "RBC Royal Bank",
        "name:en": "RBC Royal Bank",
        "name:fr": "RBC Banque Royale",
        "official_name": "Royal Bank of Canada"
      },
      "geometry": {
        "type": "Point",
        "coordinates": [
          -79.3581223,
          43.7530222
        ]
      },
      "id": "node/3303214139"
    },
    {
      "type": "Feature",
      "properties": {
        "@id": "node/3326486316",
        "amenity": "bank",
        "atm": "yes",
        "brand": "CIBC",
        "brand:wikidata": "Q666694",
        "brand:wikipedia": "en:Canadian Imperial Bank of Commerce",
        "check_date": "2025-11-23",
        "name": "CIBC"
      },
      "geometry": {
        "type": "Point",
        "coordinates": [
          -79.5142184,
          43.7394717
        ]
      },
      "id": "node/3326486316"
    },
    {
      "type": "Feature",
      "properties": {
        "@id": "node/3326486317",
        "amenity": "bank",
        "atm": "yes",
        "brand": "TD Canada Trust",
        "brand:wikidata": "Q1080670",
        "brand:wikipedia": "en:TD Canada Trust",
        "check_date": "2025-05-04",
        "name": "TD Canada Trust"
      },
      "geometry": {
        "type": "Point",
        "coordinates": [
          -79.512498,
          43.7402587
        ]
      },
      "id": "node/3326486317"
    },
    {
      "type": "Feature",
      "properties": {
        "@id": "node/3326486319",
        "amenity": "bank",
        "atm": "yes",
        "brand": "BMO",
        "brand:wikidata": "Q806693",
        "brand:wikipedia": "en:Bank of Montreal",
        "check_date": "2025-05-04",
        "name": "BMO",
        "official_name": "Bank of Montreal"
      },
      "geometry": {
        "type": "Point",
        "coordinates": [
          -79.5124739,
          43.7385534
        ]
      },
      "id": "node/3326486319"
    },
    {
      "type": "Feature",
      "properties": {
        "@id": "node/3326515984",
        "amenity": "bank",
        "atm": "yes",
        "brand": "CIBC",
        "brand:wikidata": "Q666694",
        "brand:wikipedia": "en:Canadian Imperial Bank of Commerce",
        "check_date": "2026-04-21",
        "drive_through": "yes",
        "name": "CIBC"
      },
      "geometry": {
        "type": "Point",
        "coordinates": [
          -79.5342141,
          43.7117196
        ]
      },
      "id": "node/3326515984"
    },
    {
      "type": "Feature",
      "properties": {
        "@id": "node/3396208183",
        "alt_name": "Meridian",
        "amenity": "bank",
        "brand": "Meridian Credit Union",
        "brand:wikidata": "Q6819303",
        "brand:wikipedia": "en:Meridian Credit Union",
        "check_date": "2025-12-11",
        "name": "Meridian Credit Union"
      },
      "geometry": {
        "type": "Point",
        "coordinates": [
          -79.2017544,
          43.7990196
        ]
      },
      "id": "node/3396208183"
    },
    {
      "type": "Feature",
      "properties": {
        "@id": "node/3442199471",
        "amenity": "bank",
        "brand": "BMO",
        "brand:wikidata": "Q806693",
        "brand:wikipedia": "en:Bank of Montreal",
        "name": "BMO",
        "official_name": "Bank of Montreal"
      },
      "geometry": {
        "type": "Point",
        "coordinates": [
          -79.5819433,
          43.6606908
        ]
      },
      "id": "node/3442199471"
    },
    {
      "type": "Feature",
      "properties": {
        "@id": "node/3465493028",
        "amenity": "bank",
        "atm": "yes",
        "brand": "BMO",
        "brand:wikidata": "Q806693",
        "brand:wikipedia": "en:Bank of Montreal",
        "check_date": "2026-04-26",
        "name": "BMO",
        "official_name": "Bank of Montreal",
        "opening_hours": "Mo-Fr 09:30-17:00; Sa 09:30-16:00; Su off"
      },
      "geometry": {
        "type": "Point",
        "coordinates": [
          -79.3626229,
          43.7091455
        ]
      },
      "id": "node/3465493028"
    },
    {
      "type": "Feature",
      "properties": {
        "@id": "node/3479184231",
        "addr:housenumber": "1451",
        "addr:street": "Royal York Road",
        "amenity": "bank",
        "check_date": "2026-04-21",
        "name": "DUCA Credit Union"
      },
      "geometry": {
        "type": "Point",
        "coordinates": [
          -79.5280928,
          43.6869322
        ]
      },
      "id": "node/3479184231"
    },
    {
      "type": "Feature",
      "properties": {
        "@id": "node/3507799231",
        "amenity": "bank",
        "brand": "BMO",
        "brand:wikidata": "Q806693",
        "brand:wikipedia": "en:Bank of Montreal",
        "name": "BMO",
        "official_name": "Bank of Montreal"
      },
      "geometry": {
        "type": "Point",
        "coordinates": [
          -79.2759225,
          43.7855646
        ]
      },
      "id": "node/3507799231"
    },
    {
      "type": "Feature",
      "properties": {
        "@id": "node/3518382482",
        "amenity": "bank",
        "brand": "RBC",
        "brand:en": "RBC Royal Bank",
        "brand:fr": "RBC Banque Royale",
        "brand:wikidata": "Q735261",
        "brand:wikipedia": "en:Royal Bank of Canada",
        "name": "RBC Royal Bank",
        "name:en": "RBC Royal Bank",
        "name:fr": "RBC Banque Royale",
        "official_name": "Royal Bank of Canada",
        "opening_hours": "Mo,Tu 09:30-17:00; We,Th 09:30-20:00; Fr 09:30-18:00; Sa 09:00-16:00",
        "wheelchair": "yes"
      },
      "geometry": {
        "type": "Point",
        "coordinates": [
          -79.4102926,
          43.7610863
        ]
      },
      "id": "node/3518382482"
    },
    {
      "type": "Feature",
      "properties": {
        "@id": "node/3570691994",
        "amenity": "bank",
        "atm": "yes",
        "brand": "Scotiabank",
        "brand:wikidata": "Q451476",
        "brand:wikipedia": "en:Scotiabank",
        "level": "-1",
        "name": "Scotiabank"
      },
      "geometry": {
        "type": "Point",
        "coordinates": [
          -79.3822235,
          43.651424
        ]
      },
      "id": "node/3570691994"
    },
    {
      "type": "Feature",
      "properties": {
        "@id": "node/3570691995",
        "alt_name": "TD Canada Trust",
        "amenity": "bank",
        "atm": "yes",
        "brand": "TD",
        "brand:wikidata": "Q1080670",
        "brand:wikipedia": "en:TD Canada Trust",
        "level": "-1",
        "name": "TD"
      },
      "geometry": {
        "type": "Point",
        "coordinates": [
          -79.3821112,
          43.6515266
        ]
      },
      "id": "node/3570691995"
    },
    {
      "type": "Feature",
      "properties": {
        "@id": "node/3575722655",
        "addr:city": "Scarborough",
        "addr:housenumber": "1571",
        "addr:street": "Sandhurst Circle",
        "amenity": "bank",
        "atm": "yes",
        "brand": "RBC",
        "brand:en": "RBC Royal Bank",
        "brand:fr": "RBC Banque Royale",
        "brand:wikidata": "Q735261",
        "brand:wikipedia": "en:Royal Bank of Canada",
        "check_date": "2025-12-11",
        "drive_through": "yes",
        "name": "RBC",
        "name:en": "RBC Royal Bank",
        "name:fr": "RBC Banque Royale",
        "official_name": "Royal Bank of Canada",
        "opening_hours": "09:30-18:00",
        "phone": "+1-416-292-6701",
        "website": "http://www.rbc.com/canada.html"
      },
      "geometry": {
        "type": "Point",
        "coordinates": [
          -79.26924,
          43.8085468
        ]
      },
      "id": "node/3575722655"
    },
    {
      "type": "Feature",
      "properties": {
        "@id": "node/3590625834",
        "addr:city": "Toronto",
        "addr:housenumber": "17",
        "addr:street": "John Street",
        "amenity": "bank",
        "atm": "yes",
        "check_date": "2025-07-12",
        "name": "DUCA Credit Union",
        "opening_hours": "Mo-We 09:30-17:00; Th 09:30-19:00; Fr 09:30-17:00; Sa-Su off; PH off"
      },
      "geometry": {
        "type": "Point",
        "coordinates": [
          -79.3886444,
          43.6445204
        ]
      },
      "id": "node/3590625834"
    },
    {
      "type": "Feature",
      "properties": {
        "@id": "node/3594688039",
        "amenity": "bank",
        "atm": "yes",
        "brand": "CIBC",
        "brand:wikidata": "Q666694",
        "brand:wikipedia": "en:Canadian Imperial Bank of Commerce",
        "name": "CIBC"
      },
      "geometry": {
        "type": "Point",
        "coordinates": [
          -79.4868055,
          43.7443245
        ]
      },
      "id": "node/3594688039"
    },
    {
      "type": "Feature",
      "properties": {
        "@id": "node/3594692222",
        "amenity": "bank",
        "brand": "RBC",
        "brand:en": "RBC Royal Bank",
        "brand:fr": "RBC Banque Royale",
        "brand:wikidata": "Q735261",
        "brand:wikipedia": "en:Royal Bank of Canada",
        "name": "RBC Royal Bank",
        "name:en": "RBC Royal Bank",
        "name:fr": "RBC Banque Royale",
        "official_name": "Royal Bank of Canada"
      },
      "geometry": {
        "type": "Point",
        "coordinates": [
          -79.4873172,
          43.7452927
        ]
      },
      "id": "node/3594692222"
    },
    {
      "type": "Feature",
      "properties": {
        "@id": "node/3595344907",
        "alt_name": "TD Canada Trust",
        "amenity": "bank",
        "atm": "yes",
        "brand": "TD",
        "brand:wikidata": "Q1080670",
        "brand:wikipedia": "en:TD Canada Trust",
        "check_date": "2025-08-30",
        "drive_through": "no",
        "name": "TD"
      },
      "geometry": {
        "type": "Point",
        "coordinates": [
          -79.4445088,
          43.7916068
        ]
      },
      "id": "node/3595344907"
    },
    {
      "type": "Feature",
      "properties": {
        "@id": "node/3603415996",
        "addr:city": "Toronto",
        "addr:housenumber": "51",
        "addr:street": "Hanna Avenue",
        "amenity": "bank",
        "brand": "RBC",
        "brand:en": "RBC Royal Bank",
        "brand:fr": "RBC Banque Royale",
        "brand:wikidata": "Q735261",
        "brand:wikipedia": "en:Royal Bank of Canada",
        "check_date": "2025-08-03",
        "name": "RBC",
        "name:en": "RBC Royal Bank",
        "name:fr": "RBC Banque Royale",
        "official_name": "Royal Bank of Canada",
        "wheelchair": "yes"
      },
      "geometry": {
        "type": "Point",
        "coordinates": [
          -79.4197131,
          43.6395528
        ]
      },
      "id": "node/3603415996"
    },
    {
      "type": "Feature",
      "properties": {
        "@id": "node/3624207193",
        "amenity": "bank",
        "brand": "CIBC",
        "brand:wikidata": "Q666694",
        "brand:wikipedia": "en:Canadian Imperial Bank of Commerce",
        "check_date": "2025-12-14",
        "name": "CIBC",
        "opening_hours": "Mo-Fr 09:30-17:00",
        "operator": "CIBC"
      },
      "geometry": {
        "type": "Point",
        "coordinates": [
          -79.4255079,
          43.6426893
        ]
      },
      "id": "node/3624207193"
    },
    {
      "type": "Feature",
      "properties": {
        "@id": "node/3648181661",
        "amenity": "bank",
        "atm": "yes",
        "brand": "CIBC",
        "brand:wikidata": "Q666694",
        "brand:wikipedia": "en:Canadian Imperial Bank of Commerce",
        "name": "CIBC",
        "operator": "CIBC",
        "wheelchair": "yes"
      },
      "geometry": {
        "type": "Point",
        "coordinates": [
          -79.2316125,
          43.7245979
        ]
      },
      "id": "node/3648181661"
    },
    {
      "type": "Feature",
      "properties": {
        "@id": "node/3700500417",
        "alt_name": "TD Canada Trust",
        "amenity": "bank",
        "atm": "yes",
        "brand": "TD",
        "brand:wikidata": "Q1080670",
        "brand:wikipedia": "en:TD Canada Trust",
        "name": "TD"
      },
      "geometry": {
        "type": "Point",
        "coordinates": [
          -79.38166,
          43.6480332
        ]
      },
      "id": "node/3700500417"
    },
    {
      "type": "Feature",
      "properties": {
        "@id": "node/3703089726",
        "addr:city": "Toronto",
        "addr:housenumber": "18",
        "addr:street": "York Street",
        "amenity": "bank",
        "brand": "National Bank",
        "brand:en": "National Bank",
        "brand:fr": "Banque Nationale",
        "brand:wikidata": "Q634298",
        "brand:wikipedia": "en:National Bank of Canada",
        "name": "National Bank",
        "name:en": "National Bank",
        "name:fr": "Banque Nationale",
        "official_name": "National Bank of Canada",
        "official_name:en": "National Bank of Canada",
        "official_name:fr": "Banque Nationale du Canada"
      },
      "geometry": {
        "type": "Point",
        "coordinates": [
          -79.381921,
          43.6431862
        ]
      },
      "id": "node/3703089726"
    },
    {
      "type": "Feature",
      "properties": {
        "@id": "node/3733761115",
        "amenity": "bank",
        "brand": "State Bank of India",
        "brand:wikidata": "Q1340361",
        "brand:wikipedia": "en:State Bank of India",
        "name": "State Bank of India",
        "short_name": "SBI"
      },
      "geometry": {
        "type": "Point",
        "coordinates": [
          -79.304518,
          43.7791569
        ]
      },
      "id": "node/3733761115"
    },
    {
      "type": "Feature",
      "properties": {
        "@id": "node/3735212948",
        "alt_name": "TD Canada Trust",
        "amenity": "bank",
        "brand": "TD",
        "brand:wikidata": "Q1080670",
        "brand:wikipedia": "en:TD Canada Trust",
        "check_date": "2024-11-20",
        "name": "TD",
        "wheelchair": "yes"
      },
      "geometry": {
        "type": "Point",
        "coordinates": [
          -79.4822192,
          43.6224472
        ]
      },
      "id": "node/3735212948"
    },
    {
      "type": "Feature",
      "properties": {
        "@id": "node/3767658786",
        "addr:housenumber": "2990",
        "addr:street": "Bloor Street West",
        "amenity": "bank",
        "atm": "yes",
        "brand": "CIBC",
        "brand:wikidata": "Q666694",
        "brand:wikipedia": "en:Canadian Imperial Bank of Commerce",
        "check_date": "2025-04-26",
        "name": "CIBC",
        "opening_hours": "Mo-We 9:30-17:00; Th-Fr 9:30-18:00; Sa 9:30-16:00; Su off",
        "wheelchair": "yes"
      },
      "geometry": {
        "type": "Point",
        "coordinates": [
          -79.509931,
          43.6478473
        ]
      },
      "id": "node/3767658786"
    },
    {
      "type": "Feature",
      "properties": {
        "@id": "node/3772726145",
        "amenity": "bank",
        "atm": "yes",
        "brand": "TD Canada Trust",
        "brand:wikidata": "Q1080670",
        "brand:wikipedia": "en:TD Canada Trust",
        "name": "TD Canada Trust"
      },
      "geometry": {
        "type": "Point",
        "coordinates": [
          -79.3474934,
          43.7533485
        ]
      },
      "id": "node/3772726145"
    },
    {
      "type": "Feature",
      "properties": {
        "@id": "node/3841979996",
        "addr:housenumber": "2471",
        "addr:street": "St. Clair Avenue West",
        "amenity": "bank",
        "atm": "yes",
        "brand": "BMO",
        "brand:wikidata": "Q806693",
        "brand:wikipedia": "en:Bank of Montreal",
        "check_date": "2025-11-29",
        "name": "BMO",
        "official_name": "Bank of Montreal"
      },
      "geometry": {
        "type": "Point",
        "coordinates": [
          -79.4837091,
          43.6687335
        ]
      },
      "id": "node/3841979996"
    },
    {
      "type": "Feature",
      "properties": {
        "@id": "node/3843685988",
        "amenity": "bank",
        "brand": "RBC",
        "brand:en": "RBC Royal Bank",
        "brand:fr": "RBC Banque Royale",
        "brand:wikidata": "Q735261",
        "brand:wikipedia": "en:Royal Bank of Canada",
        "check_date": "2026-05-31",
        "name": "RBC Royal Bank",
        "name:en": "RBC Royal Bank",
        "name:fr": "RBC Banque Royale",
        "official_name": "Royal Bank of Canada"
      },
      "geometry": {
        "type": "Point",
        "coordinates": [
          -79.5661638,
          43.7113373
        ]
      },
      "id": "node/3843685988"
    },
    {
      "type": "Feature",
      "properties": {
        "@id": "node/3882194639",
        "addr:housenumber": "37",
        "addr:postcode": "M1P 5B7",
        "addr:street": "William Kitchen Road",
        "addr:unit": "1",
        "alt_name": "Meridian",
        "amenity": "bank",
        "atm": "yes",
        "brand": "Meridian Credit Union",
        "brand:wikidata": "Q6819303",
        "brand:wikipedia": "en:Meridian Credit Union",
        "drive_through": "no",
        "name": "Meridian Credit Union",
        "opening_hours": "Mo-Fr 09:00-17:00; Sa 09:00-15:00; PH off",
        "operator": "Meridian"
      },
      "geometry": {
        "type": "Point",
        "coordinates": [
          -79.2829125,
          43.7736763
        ]
      },
      "id": "node/3882194639"
    },
    {
      "type": "Feature",
      "properties": {
        "@id": "node/3931418543",
        "addr:housenumber": "666",
        "addr:street": "Burnhamthorpe Road",
        "amenity": "bank",
        "brand": "CIBC",
        "brand:wikidata": "Q666694",
        "brand:wikipedia": "en:Canadian Imperial Bank of Commerce",
        "check_date": "2025-05-24",
        "name": "CIBC"
      },
      "geometry": {
        "type": "Point",
        "coordinates": [
          -79.5762931,
          43.6416489
        ]
      },
      "id": "node/3931418543"
    },
    {
      "type": "Feature",
      "properties": {
        "@id": "node/3999406658",
        "addr:city": "Toronto",
        "addr:housenumber": "2080",
        "addr:street": "Queen Street East",
        "amenity": "bank",
        "atm": "yes",
        "brand": "Scotiabank",
        "brand:wikidata": "Q451476",
        "brand:wikipedia": "en:Scotiabank",
        "drive_through": "no",
        "name": "Scotiabank"
      },
      "geometry": {
        "type": "Point",
        "coordinates": [
          -79.2965085,
          43.6709567
        ]
      },
      "id": "node/3999406658"
    },
    {
      "type": "Feature",
      "properties": {
        "@id": "node/3999406659",
        "addr:city": "Toronto",
        "addr:housenumber": "2084",
        "addr:street": "Queen Street East",
        "alt_name": "Meridian",
        "amenity": "bank",
        "brand": "Meridian Credit Union",
        "brand:wikidata": "Q6819303",
        "brand:wikipedia": "en:Meridian Credit Union",
        "drive_through": "no",
        "name": "Meridian Credit Union"
      },
      "geometry": {
        "type": "Point",
        "coordinates": [
          -79.2963875,
          43.6709795
        ]
      },
      "id": "node/3999406659"
    },
    {
      "type": "Feature",
      "properties": {
        "@id": "node/4068383984",
        "amenity": "bank",
        "atm": "yes",
        "name": "Luminus Financial"
      },
      "geometry": {
        "type": "Point",
        "coordinates": [
          -79.3739227,
          43.6424469
        ]
      },
      "id": "node/4068383984"
    },
    {
      "type": "Feature",
      "properties": {
        "@id": "node/4136859714",
        "amenity": "bank",
        "brand": "Scotiabank",
        "brand:wikidata": "Q451476",
        "brand:wikipedia": "en:Scotiabank",
        "check_date": "2024-11-20",
        "name": "Scotiabank",
        "wheelchair": "yes"
      },
      "geometry": {
        "type": "Point",
        "coordinates": [
          -79.481771,
          43.6229084
        ]
      },
      "id": "node/4136859714"
    },
    {
      "type": "Feature",
      "properties": {
        "@id": "node/4288409098",
        "alt_name": "TD Canada Trust",
        "amenity": "bank",
        "atm": "yes",
        "brand": "TD",
        "brand:wikidata": "Q1080670",
        "brand:wikipedia": "en:TD Canada Trust",
        "name": "TD"
      },
      "geometry": {
        "type": "Point",
        "coordinates": [
          -79.5461323,
          43.7700885
        ]
      },
      "id": "node/4288409098"
    },
    {
      "type": "Feature",
      "properties": {
        "@id": "node/4294677012",
        "amenity": "bank",
        "atm": "yes",
        "brand": "BMO",
        "brand:wikidata": "Q806693",
        "brand:wikipedia": "en:Bank of Montreal",
        "name": "BMO",
        "official_name": "Bank of Montreal",
        "operator": "BMO Bank Of Montreal"
      },
      "geometry": {
        "type": "Point",
        "coordinates": [
          -79.2695148,
          43.8101457
        ]
      },
      "id": "node/4294677012"
    },
    {
      "type": "Feature",
      "properties": {
        "@id": "node/4294685699",
        "addr:city": "Scarborough",
        "addr:housenumber": "1571",
        "addr:street": "Sandhurst Circle",
        "alt_name": "TD Canada Trust",
        "amenity": "bank",
        "atm": "yes",
        "brand": "TD",
        "brand:wikidata": "Q1080670",
        "brand:wikipedia": "en:TD Canada Trust",
        "name": "TD",
        "operator": "TD Canada Trust",
        "phone": "+1-416-298-2320"
      },
      "geometry": {
        "type": "Point",
        "coordinates": [
          -79.2688331,
          43.8098968
        ]
      },
      "id": "node/4294685699"
    },
    {
      "type": "Feature",
      "properties": {
        "@id": "node/4339203661",
        "amenity": "bank",
        "brand": "Scotiabank",
        "brand:wikidata": "Q451476",
        "brand:wikipedia": "en:Scotiabank",
        "name": "Scotiabank"
      },
      "geometry": {
        "type": "Point",
        "coordinates": [
          -79.2539925,
          43.8356334
        ]
      },
      "id": "node/4339203661"
    },
    {
      "type": "Feature",
      "properties": {
        "@id": "node/4441188227",
        "addr:housenumber": "425",
        "addr:street": "King Street West",
        "alt_name": "TD Canada Trust",
        "amenity": "bank",
        "atm": "yes",
        "brand": "TD",
        "brand:wikidata": "Q1080670",
        "check_date": "2026-06-25",
        "name": "TD",
        "opening_hours": "Mo-We 09:00-18:00; Th-Fr 09:00-20:00; Sa 09:00-16:00; Su off"
      },
      "geometry": {
        "type": "Point",
        "coordinates": [
          -79.3952549,
          43.6452837
        ]
      },
      "id": "node/4441188227"
    },
    {
      "type": "Feature",
      "properties": {
        "@id": "node/4460567056",
        "amenity": "bank",
        "brand": "ICICI Bank",
        "brand:wikidata": "Q1653258",
        "brand:wikipedia": "en:ICICI Bank",
        "name": "ICICI Bank",
        "short_name": "ICICI"
      },
      "geometry": {
        "type": "Point",
        "coordinates": [
          -79.294359,
          43.802836
        ]
      },
      "id": "node/4460567056"
    },
    {
      "type": "Feature",
      "properties": {
        "@id": "node/4460610037",
        "amenity": "bank",
        "brand": "Scotiabank",
        "brand:wikidata": "Q451476",
        "brand:wikipedia": "en:Scotiabank",
        "name": "Scotiabank"
      },
      "geometry": {
        "type": "Point",
        "coordinates": [
          -79.2891899,
          43.8071899
        ]
      },
      "id": "node/4460610037"
    },
    {
      "type": "Feature",
      "properties": {
        "@id": "node/4487349355",
        "addr:housenumber": "591",
        "addr:street": "Queen Street West",
        "alt_name": "BMO Bank of Montreal",
        "amenity": "bank",
        "atm": "yes",
        "brand": "BMO",
        "brand:wikidata": "Q806693",
        "brand:wikipedia": "en:Bank of Montreal",
        "check_date": "2025-12-06",
        "name": "BMO",
        "official_name": "Bank of Montreal",
        "short_name": "BMO",
        "toilets:wheelchair": "no",
        "wheelchair": "yes"
      },
      "geometry": {
        "type": "Point",
        "coordinates": [
          -79.4018157,
          43.6474762
        ]
      },
      "id": "node/4487349355"
    },
    {
      "type": "Feature",
      "properties": {
        "@id": "node/4525146644",
        "addr:city": "Toronto",
        "addr:housenumber": "95",
        "addr:street": "St. Clair Avenue West",
        "amenity": "bank",
        "brand": "Desjardins",
        "brand:wikidata": "Q2933350",
        "brand:wikipedia": "en:Desjardins Group",
        "name": "Desjardins"
      },
      "geometry": {
        "type": "Point",
        "coordinates": [
          -79.3981519,
          43.6868633
        ]
      },
      "id": "node/4525146644"
    },
    {
      "type": "Feature",
      "properties": {
        "@id": "node/4536935073",
        "addr:housenumber": "1870",
        "addr:street": "Bayview Avenue",
        "addr:unit": "104",
        "alt_name": "TD Canada Trust",
        "amenity": "bank",
        "atm": "yes",
        "brand": "TD",
        "brand:wikidata": "Q1080670",
        "brand:wikipedia": "en:TD Canada Trust",
        "name": "TD",
        "opening_hours": "Mo-Fr 11:00-20:00; Sa 08:00-16:00; Su off"
      },
      "geometry": {
        "type": "Point",
        "coordinates": [
          -79.3779357,
          43.7145872
        ]
      },
      "id": "node/4536935073"
    },
    {
      "type": "Feature",
      "properties": {
        "@id": "node/4564428465",
        "amenity": "bank",
        "brand": "RBC",
        "brand:en": "RBC Royal Bank",
        "brand:fr": "RBC Banque Royale",
        "brand:wikidata": "Q735261",
        "brand:wikipedia": "en:Royal Bank of Canada",
        "name": "RBC Royal Bank",
        "name:en": "RBC Royal Bank",
        "name:fr": "RBC Banque Royale",
        "official_name": "Royal Bank of Canada"
      },
      "geometry": {
        "type": "Point",
        "coordinates": [
          -79.3896985,
          43.6592639
        ]
      },
      "id": "node/4564428465"
    },
    {
      "type": "Feature",
      "properties": {
        "@id": "node/4602952088",
        "alt_name": "TD Canada Trust",
        "amenity": "bank",
        "brand": "TD",
        "brand:wikidata": "Q1080670",
        "brand:wikipedia": "en:TD Canada Trust",
        "name": "TD"
      },
      "geometry": {
        "type": "Point",
        "coordinates": [
          -79.226108,
          43.7959915
        ]
      },
      "id": "node/4602952088"
    },
    {
      "type": "Feature",
      "properties": {
        "@id": "node/4636370517",
        "addr:city": "Toronto",
        "addr:housenumber": "720",
        "addr:postcode": "M5V 2T3",
        "addr:street": "King Street West",
        "amenity": "bank",
        "atm": "yes",
        "brand": "Scotiabank",
        "brand:wikidata": "Q451476",
        "brand:wikipedia": "en:Scotiabank",
        "check_date": "2026-06-25",
        "name": "Scotiabank",
        "opening_hours": "Mo-Fr 09:30-17:00; Sa 09:30-16:00; Su off",
        "phone": "+1-416-866-3493",
        "website": "https://scotiabank.com/",
        "wheelchair": "yes"
      },
      "geometry": {
        "type": "Point",
        "coordinates": [
          -79.4039491,
          43.6438332
        ]
      },
      "id": "node/4636370517"
    },
    {
      "type": "Feature",
      "properties": {
        "@id": "node/4762132792",
        "alt_name": "TD Canada Trust",
        "amenity": "bank",
        "atm": "yes",
        "brand": "TD",
        "brand:wikidata": "Q1080670",
        "brand:wikipedia": "en:TD Canada Trust",
        "check_date": "2025-05-04",
        "name": "TD",
        "opening_hours": "Mo-We 09:00-18:00; Th-Fr 09:00-20:00; Sa 09:00-16:00; Su off"
      },
      "geometry": {
        "type": "Point",
        "coordinates": [
          -79.5600516,
          43.6454306
        ]
      },
      "id": "node/4762132792"
    },
    {
      "type": "Feature",
      "properties": {
        "@id": "node/5079036920",
        "addr:housenumber": "333",
        "addr:street": "Eglinton Avenue West",
        "amenity": "bank",
        "brand": "CIBC",
        "brand:wikidata": "Q666694",
        "brand:wikipedia": "en:Canadian Imperial Bank of Commerce",
        "check_date": "2026-02-16",
        "name": "CIBC"
      },
      "geometry": {
        "type": "Point",
        "coordinates": [
          -79.408937,
          43.7043312
        ]
      },
      "id": "node/5079036920"
    },
    {
      "type": "Feature",
      "properties": {
        "@id": "node/5124625223",
        "addr:city": "Toronto",
        "addr:housenumber": "Branch",
        "addr:postcode": "M5E 1T4",
        "addr:street": "Front Street East",
        "addr:unit": "80",
        "alt_name": "TD Canada Trust",
        "amenity": "bank",
        "brand": "TD",
        "brand:wikidata": "Q1080670",
        "brand:wikipedia": "en:TD Canada Trust",
        "name": "TD",
        "name:it": "TD",
        "phone": "+1-416-214-0155",
        "toilets:wheelchair": "no",
        "website": "https://www.tdcanadatrust.com",
        "wheelchair": "yes",
        "wheelchair:description": "ATM & Tellers Wheelchair Counter"
      },
      "geometry": {
        "type": "Point",
        "coordinates": [
          -79.3731596,
          43.6490236
        ]
      },
      "id": "node/5124625223"
    },
    {
      "type": "Feature",
      "properties": {
        "@id": "node/5125590315",
        "addr:floor": "G",
        "addr:housenumber": "145",
        "addr:street": "Wellington Street West",
        "alt_name": "Meridian",
        "amenity": "bank",
        "atm": "yes",
        "brand": "Meridian Credit Union",
        "brand:wikidata": "Q6819303",
        "brand:wikipedia": "en:Meridian Credit Union",
        "check_date": "2025-05-30",
        "drive_through": "no",
        "level": "0",
        "name": "Meridian Credit Union",
        "wheelchair": "yes"
      },
      "geometry": {
        "type": "Point",
        "coordinates": [
          -79.3851808,
          43.6459602
        ]
      },
      "id": "node/5125590315"
    },
    {
      "type": "Feature",
      "properties": {
        "@id": "node/5165633397",
        "addr:city": "Toronto",
        "addr:housenumber": "10",
        "addr:street": "Liberty Street",
        "amenity": "bank",
        "atm": "yes",
        "brand": "Scotiabank",
        "brand:wikidata": "Q451476",
        "brand:wikipedia": "en:Scotiabank",
        "check_date": "2025-08-03",
        "name": "Scotiabank"
      },
      "geometry": {
        "type": "Point",
        "coordinates": [
          -79.4200181,
          43.6385901
        ]
      },
      "id": "node/5165633397"
    },
    {
      "type": "Feature",
      "properties": {
        "@id": "node/5189261847",
        "addr:city": "Toronto",
        "addr:housenumber": "330",
        "addr:postcode": "M5V 3B7",
        "addr:street": "Front Street West",
        "amenity": "bank",
        "atm": "yes",
        "brand": "RBC",
        "brand:en": "RBC Royal Bank",
        "brand:fr": "RBC Banque Royale",
        "brand:wikidata": "Q735261",
        "brand:wikipedia": "en:Royal Bank of Canada",
        "check_date": "2025-07-12",
        "name": "RBC",
        "name:en": "RBC Royal Bank",
        "name:fr": "RBC Banque Royale",
        "official_name": "Royal Bank of Canada"
      },
      "geometry": {
        "type": "Point",
        "coordinates": [
          -79.3907954,
          43.6439711
        ]
      },
      "id": "node/5189261847"
    },
    {
      "type": "Feature",
      "properties": {
        "@id": "node/5220252159",
        "amenity": "bank",
        "atm": "yes",
        "brand": "CIBC",
        "brand:wikidata": "Q666694",
        "brand:wikipedia": "en:Canadian Imperial Bank of Commerce",
        "check_date": "2025-06-08",
        "name": "CIBC"
      },
      "geometry": {
        "type": "Point",
        "coordinates": [
          -79.3121751,
          43.7433315
        ]
      },
      "id": "node/5220252159"
    },
    {
      "type": "Feature",
      "properties": {
        "@id": "node/5220291170",
        "amenity": "bank",
        "brand": "National Bank",
        "brand:en": "National Bank",
        "brand:fr": "Banque Nationale",
        "brand:wikidata": "Q634298",
        "brand:wikipedia": "en:National Bank of Canada",
        "drive_through": "no",
        "name": "National Bank",
        "name:en": "National Bank",
        "name:fr": "Banque Nationale",
        "official_name": "National Bank of Canada",
        "official_name:en": "National Bank of Canada",
        "official_name:fr": "Banque Nationale du Canada"
      },
      "geometry": {
        "type": "Point",
        "coordinates": [
          -79.2835896,
          43.6806863
        ]
      },
      "id": "node/5220291170"
    },
    {
      "type": "Feature",
      "properties": {
        "@id": "node/5272755612",
        "amenity": "bank",
        "atm": "yes",
        "check_date": "2025-05-31",
        "name": "Comtech Fire Credit Union",
        "opening_hours": "Mo-Fr 09:00-16:30; Sa-Su off",
        "website": "https://www.comtechfirecu.com/"
      },
      "geometry": {
        "type": "Point",
        "coordinates": [
          -79.4018859,
          43.6439108
        ]
      },
      "id": "node/5272755612"
    },
    {
      "type": "Feature",
      "properties": {
        "@id": "node/5418126321",
        "amenity": "bank"
      },
      "geometry": {
        "type": "Point",
        "coordinates": [
          -79.300654,
          43.7119392
        ]
      },
      "id": "node/5418126321"
    },
    {
      "type": "Feature",
      "properties": {
        "@id": "node/5671150473",
        "amenity": "bank",
        "atm": "yes",
        "brand": "RBC",
        "brand:en": "RBC Royal Bank",
        "brand:fr": "RBC Banque Royale",
        "brand:wikidata": "Q735261",
        "brand:wikipedia": "en:Royal Bank of Canada",
        "check_date": "2023-09-23",
        "description": "RBC Bank",
        "drive_through": "no",
        "name": "RBC Royal Bank",
        "name:en": "RBC Royal Bank",
        "name:fr": "RBC Banque Royale",
        "official_name": "Royal Bank of Canada",
        "operator": "RBC"
      },
      "geometry": {
        "type": "Point",
        "coordinates": [
          -79.3300724,
          43.78798
        ]
      },
      "id": "node/5671150473"
    },
    {
      "type": "Feature",
      "properties": {
        "@id": "node/5705829721",
        "addr:city": "Etobicoke",
        "addr:housenumber": "1104",
        "addr:postcode": "M9V 1A8",
        "addr:street": "Albion Road",
        "amenity": "bank",
        "brand": "RBC",
        "brand:en": "RBC Royal Bank",
        "brand:fr": "RBC Banque Royale",
        "brand:wikidata": "Q735261",
        "brand:wikipedia": "en:Royal Bank of Canada",
        "name": "RBC",
        "name:en": "RBC Royal Bank",
        "name:fr": "RBC Banque Royale",
        "official_name": "Royal Bank of Canada",
        "phone": "+1-416-749-3200",
        "toilets:wheelchair": "yes",
        "wheelchair": "yes"
      },
      "geometry": {
        "type": "Point",
        "coordinates": [
          -79.566679,
          43.7368095
        ]
      },
      "id": "node/5705829721"
    },
    {
      "type": "Feature",
      "properties": {
        "@id": "node/5711491121",
        "addr:city": "Toronto",
        "addr:housenumber": "1",
        "addr:street": "Queen Street East",
        "amenity": "bank",
        "brand": "CIBC",
        "brand:wikidata": "Q666694",
        "brand:wikipedia": "en:Canadian Imperial Bank of Commerce",
        "name": "CIBC",
        "phone": "+1-416-980-2939",
        "toilets:wheelchair": "yes",
        "wheelchair": "yes"
      },
      "geometry": {
        "type": "Point",
        "coordinates": [
          -79.3790455,
          43.6523326
        ]
      },
      "id": "node/5711491121"
    },
    {
      "type": "Feature",
      "properties": {
        "@id": "node/5711547221",
        "addr:city": "Toronto",
        "addr:housenumber": "595",
        "addr:street": "Bay Street",
        "amenity": "bank",
        "brand": "CIBC",
        "brand:wikidata": "Q666694",
        "brand:wikipedia": "en:Canadian Imperial Bank of Commerce",
        "check_date": "2023-07-17",
        "name": "CIBC",
        "phone": "+1-416-861-3801",
        "toilets:wheelchair": "yes",
        "wheelchair": "yes"
      },
      "geometry": {
        "type": "Point",
        "coordinates": [
          -79.3827771,
          43.6560533
        ]
      },
      "id": "node/5711547221"
    },
    {
      "type": "Feature",
      "properties": {
        "@id": "node/5720914322",
        "addr:city": "Toronto",
        "addr:housenumber": "640",
        "addr:postcode": "M6G 1B4",
        "addr:street": "College Street",
        "amenity": "bank",
        "brand": "IC Savings",
        "name": "IC Savings",
        "toilets:wheelchair": "no",
        "wheelchair": "no"
      },
      "geometry": {
        "type": "Point",
        "coordinates": [
          -79.4155586,
          43.6550689
        ]
      },
      "id": "node/5720914322"
    },
    {
      "type": "Feature",
      "properties": {
        "@id": "node/5720970621",
        "addr:city": "Toronto",
        "addr:housenumber": "464",
        "addr:postcode": "M6G 1A1",
        "addr:street": "College Street",
        "alt_name": "Meridian",
        "amenity": "bank",
        "brand": "Meridian Credit Union",
        "brand:wikidata": "Q6819303",
        "brand:wikipedia": "en:Meridian Credit Union",
        "check_date": "2025-12-10",
        "name": "Meridian Credit Union",
        "phone": "+1-416-929-1487",
        "wheelchair": "yes"
      },
      "geometry": {
        "type": "Point",
        "coordinates": [
          -79.4086186,
          43.6564319
        ]
      },
      "id": "node/5720970621"
    },
    {
      "type": "Feature",
      "properties": {
        "@id": "node/5749663523",
        "addr:city": "Toronto",
        "addr:housenumber": "65",
        "addr:postcode": "M4Y 1G7",
        "addr:street": "Wellesley Street East",
        "alt_name": "TD Canada Trust",
        "amenity": "bank",
        "atm": "yes",
        "brand": "TD",
        "brand:wikidata": "Q1080670",
        "brand:wikipedia": "en:TD Canada Trust",
        "description": "3x ATM on wellesley",
        "name": "TD",
        "phone": "+1-416-944-4135",
        "website": "https://www.td.com/ca/en/personal-banking/branch-locator/?id=1220&src=local:b:can",
        "wheelchair": "yes"
      },
      "geometry": {
        "type": "Point",
        "coordinates": [
          -79.3810756,
          43.6655728
        ]
      },
      "id": "node/5749663523"
    },
    {
      "type": "Feature",
      "properties": {
        "@id": "node/5794386498",
        "alt_name": "Meridian",
        "amenity": "bank",
        "atm": "yes",
        "brand": "Meridian Credit Union",
        "brand:wikidata": "Q6819303",
        "brand:wikipedia": "en:Meridian Credit Union",
        "check_date": "2026-03-12",
        "name": "Meridian Credit Union"
      },
      "geometry": {
        "type": "Point",
        "coordinates": [
          -79.415322,
          43.6412085
        ]
      },
      "id": "node/5794386498"
    },
    {
      "type": "Feature",
      "properties": {
        "@id": "node/5801716353",
        "addr:city": "Toronto",
        "addr:housenumber": "486",
        "addr:postcode": "M4X 1P2",
        "addr:street": "Parliament Street",
        "alt_name": "Meridian",
        "amenity": "bank",
        "brand": "Meridian Credit Union",
        "brand:wikidata": "Q6819303",
        "brand:wikipedia": "en:Meridian Credit Union",
        "name": "Meridian Credit Union",
        "phone": "+1-416-963-9839",
        "website": "https://www.meridiancu.ca",
        "wheelchair": "yes"
      },
      "geometry": {
        "type": "Point",
        "coordinates": [
          -79.3683452,
          43.6647684
        ]
      },
      "id": "node/5801716353"
    },
    {
      "type": "Feature",
      "properties": {
        "@id": "node/5917075377",
        "amenity": "bank",
        "brand": "CIBC",
        "brand:wikidata": "Q666694",
        "brand:wikipedia": "en:Canadian Imperial Bank of Commerce",
        "check_date": "2026-06-12",
        "drive_through": "yes",
        "name": "CIBC"
      },
      "geometry": {
        "type": "Point",
        "coordinates": [
          -79.5964191,
          43.7203699
        ]
      },
      "id": "node/5917075377"
    },
    {
      "type": "Feature",
      "properties": {
        "@id": "node/5927659119",
        "amenity": "bank",
        "atm": "yes",
        "brand": "RBC",
        "brand:en": "RBC Royal Bank",
        "brand:fr": "RBC Banque Royale",
        "brand:wikidata": "Q735261",
        "brand:wikipedia": "en:Royal Bank of Canada",
        "name": "RBC",
        "name:en": "RBC Royal Bank",
        "name:fr": "RBC Banque Royale",
        "official_name": "Royal Bank of Canada",
        "wheelchair": "yes"
      },
      "geometry": {
        "type": "Point",
        "coordinates": [
          -79.3680842,
          43.6444298
        ]
      },
      "id": "node/5927659119"
    },
    {
      "type": "Feature",
      "properties": {
        "@id": "node/6195431749",
        "addr:city": "North York",
        "addr:housenumber": "1677",
        "addr:street": "Avenue Road",
        "alt_name": "TD Canada Trust",
        "amenity": "bank",
        "brand": "TD",
        "brand:wikidata": "Q1080670",
        "brand:wikipedia": "en:TD Canada Trust",
        "name": "TD",
        "note": "TD Canada Trust and TD Waterhouse are in separate buildings",
        "opendata:type": "107005",
        "website": "https://www.tdcanadatrust.com/",
        "wheelchair": "yes"
      },
      "geometry": {
        "type": "Point",
        "coordinates": [
          -79.4173442,
          43.7273707
        ]
      },
      "id": "node/6195431749"
    },
    {
      "type": "Feature",
      "properties": {
        "@id": "node/6240360486",
        "addr:city": "Toronto",
        "addr:housenumber": "1168",
        "addr:street": "Dundas Street West",
        "amenity": "bank",
        "check_date": "2026-06-27",
        "name": "IC Savings"
      },
      "geometry": {
        "type": "Point",
        "coordinates": [
          -79.4217988,
          43.6494695
        ]
      },
      "id": "node/6240360486"
    },
    {
      "type": "Feature",
      "properties": {
        "@id": "node/6306230105",
        "addr:housenumber": "2975",
        "addr:street": "Bloor Street West",
        "amenity": "bank",
        "name": "Parama Credit Union",
        "opening_hours": "Mo-We 09:30-15:30; Th-Fr 09:00-20:00; Sa 09:00-13:00; Su closed",
        "website": "https://parama.ca/"
      },
      "geometry": {
        "type": "Point",
        "coordinates": [
          -79.5092918,
          43.6476379
        ]
      },
      "id": "node/6306230105"
    },
    {
      "type": "Feature",
      "properties": {
        "@id": "node/6306326486",
        "addr:housenumber": "2930",
        "addr:street": "Bloor Street West",
        "amenity": "bank",
        "atm": "yes",
        "brand": "Scotiabank",
        "brand:wikidata": "Q451476",
        "brand:wikipedia": "en:Scotiabank",
        "check_date": "2025-04-26",
        "name": "Scotiabank",
        "opening_hours": "Mo-Fr 09:30-17:00; Sa 09:30-16:00; Su off"
      },
      "geometry": {
        "type": "Point",
        "coordinates": [
          -79.5073573,
          43.6483943
        ]
      },
      "id": "node/6306326486"
    },
    {
      "type": "Feature",
      "properties": {
        "@id": "node/6307474997",
        "addr:housenumber": "1500",
        "addr:street": "Royal York Road",
        "amenity": "bank",
        "brand": "CIBC",
        "brand:wikidata": "Q666694",
        "brand:wikipedia": "en:Canadian Imperial Bank of Commerce",
        "check_date": "2026-04-21",
        "name": "CIBC"
      },
      "geometry": {
        "type": "Point",
        "coordinates": [
          -79.5315474,
          43.6913782
        ]
      },
      "id": "node/6307474997"
    },
    {
      "type": "Feature",
      "properties": {
        "@id": "node/6310888485",
        "addr:housenumber": "5300",
        "addr:street": "Dundas Street West",
        "amenity": "bank",
        "atm": "yes",
        "check_date": "2026-06-23",
        "name": "IC Savings"
      },
      "geometry": {
        "type": "Point",
        "coordinates": [
          -79.5401454,
          43.6364559
        ]
      },
      "id": "node/6310888485"
    },
    {
      "type": "Feature",
      "properties": {
        "@id": "node/6314606871",
        "addr:housenumber": "140",
        "addr:street": "La Rose Avenue",
        "amenity": "bank",
        "brand": "RBC",
        "brand:en": "RBC Royal Bank",
        "brand:fr": "RBC Banque Royale",
        "brand:wikidata": "Q735261",
        "brand:wikipedia": "en:Royal Bank of Canada",
        "name": "RBC",
        "name:en": "RBC Royal Bank",
        "name:fr": "RBC Banque Royale",
        "official_name": "Royal Bank of Canada"
      },
      "geometry": {
        "type": "Point",
        "coordinates": [
          -79.5241184,
          43.6855107
        ]
      },
      "id": "node/6314606871"
    },
    {
      "type": "Feature",
      "properties": {
        "@id": "node/6323375947",
        "addr:housenumber": "25",
        "addr:street": "The West Mall",
        "amenity": "bank",
        "brand": "Scotiabank",
        "brand:wikidata": "Q451476",
        "brand:wikipedia": "en:Scotiabank",
        "check_date": "2026-06-14",
        "level": "0",
        "name": "Scotiabank",
        "opening_hours": "Mo-Fr 09:30-17:00; Sa 09:30-16:00; Su off"
      },
      "geometry": {
        "type": "Point",
        "coordinates": [
          -79.5558251,
          43.6125694
        ]
      },
      "id": "node/6323375947"
    },
    {
      "type": "Feature",
      "properties": {
        "@id": "node/6324061449",
        "amenity": "bank",
        "brand": "RBC",
        "brand:en": "RBC Royal Bank",
        "brand:fr": "RBC Banque Royale",
        "brand:wikidata": "Q735261",
        "brand:wikipedia": "en:Royal Bank of Canada",
        "check_date": "2026-06-12",
        "name": "RBC Royal Bank",
        "name:en": "RBC Royal Bank",
        "name:fr": "RBC Banque Royale",
        "official_name": "Royal Bank of Canada"
      },
      "geometry": {
        "type": "Point",
        "coordinates": [
          -79.5653357,
          43.683258
        ]
      },
      "id": "node/6324061449"
    },
    {
      "type": "Feature",
      "properties": {
        "@id": "node/6332297849",
        "addr:housenumber": "500",
        "addr:street": "Rexdale Boulevard",
        "alt_name": "TD Canada Trust",
        "amenity": "bank",
        "brand": "TD",
        "brand:wikidata": "Q1080670",
        "brand:wikipedia": "en:TD Canada Trust",
        "level": "1",
        "name": "TD"
      },
      "geometry": {
        "type": "Point",
        "coordinates": [
          -79.5999129,
          43.7196435
        ]
      },
      "id": "node/6332297849"
    },
    {
      "type": "Feature",
      "properties": {
        "@id": "node/6334199715",
        "addr:housenumber": "1530",
        "addr:street": "Albion Road",
        "amenity": "bank",
        "brand": "CIBC",
        "brand:wikidata": "Q666694",
        "brand:wikipedia": "en:Canadian Imperial Bank of Commerce",
        "check_date": "2025-12-11",
        "level": "0",
        "name": "CIBC"
      },
      "geometry": {
        "type": "Point",
        "coordinates": [
          -79.5845989,
          43.7418478
        ]
      },
      "id": "node/6334199715"
    },
    {
      "type": "Feature",
      "properties": {
        "@id": "node/6334238415",
        "addr:housenumber": "1530",
        "addr:street": "Albion Road",
        "amenity": "bank",
        "atm": "yes",
        "brand": "BMO",
        "brand:wikidata": "Q806693",
        "brand:wikipedia": "en:Bank of Montreal",
        "check_date": "2026-06-16",
        "level": "0",
        "name": "BMO",
        "official_name": "Bank of Montreal"
      },
      "geometry": {
        "type": "Point",
        "coordinates": [
          -79.58605,
          43.7414409
        ]
      },
      "id": "node/6334238415"
    },
    {
      "type": "Feature",
      "properties": {
        "@id": "node/6340806335",
        "addr:city": "Toronto",
        "addr:housenumber": "992",
        "addr:street": "Bloor Street West",
        "amenity": "bank",
        "atm": "yes",
        "brand": "Scotiabank",
        "brand:wikidata": "Q451476",
        "brand:wikipedia": "en:Scotiabank",
        "check_date": "2026-06-06",
        "drive_through": "no",
        "name": "Scotiabank"
      },
      "geometry": {
        "type": "Point",
        "coordinates": [
          -79.4300741,
          43.6611364
        ]
      },
      "id": "node/6340806335"
    },
    {
      "type": "Feature",
      "properties": {
        "@id": "node/6340806337",
        "addr:city": "Toronto",
        "addr:housenumber": "972",
        "addr:street": "Bloor Street West",
        "amenity": "bank",
        "brand": "RBC",
        "brand:en": "RBC Royal Bank",
        "brand:fr": "RBC Banque Royale",
        "brand:wikidata": "Q735261",
        "brand:wikipedia": "en:Royal Bank of Canada",
        "check_date": "2026-06-06",
        "drive_through": "no",
        "name": "RBC Royal Bank",
        "name:en": "RBC Royal Bank",
        "name:fr": "RBC Banque Royale",
        "official_name": "Royal Bank of Canada"
      },
      "geometry": {
        "type": "Point",
        "coordinates": [
          -79.4291179,
          43.6613644
        ]
      },
      "id": "node/6340806337"
    },
    {
      "type": "Feature",
      "properties": {
        "@id": "node/6352717358",
        "alt_name": "TD Canada Trust",
        "amenity": "bank",
        "brand": "TD",
        "brand:wikidata": "Q1080670",
        "brand:wikipedia": "en:TD Canada Trust",
        "check_date": "2026-06-08",
        "name": "TD"
      },
      "geometry": {
        "type": "Point",
        "coordinates": [
          -79.5610425,
          43.7488345
        ]
      },
      "id": "node/6352717358"
    },
    {
      "type": "Feature",
      "properties": {
        "@id": "node/6352773257",
        "amenity": "bank",
        "brand": "CIBC",
        "brand:wikidata": "Q666694",
        "brand:wikipedia": "en:Canadian Imperial Bank of Commerce",
        "name": "CIBC"
      },
      "geometry": {
        "type": "Point",
        "coordinates": [
          -79.5702084,
          43.7583653
        ]
      },
      "id": "node/6352773257"
    },
    {
      "type": "Feature",
      "properties": {
        "@id": "node/6355483809",
        "addr:housenumber": "1700",
        "addr:street": "Wilson Avenue",
        "amenity": "bank",
        "brand": "BMO",
        "brand:wikidata": "Q806693",
        "brand:wikipedia": "en:Bank of Montreal",
        "check_date": "2026-03-07",
        "level": "0",
        "name": "BMO",
        "official_name": "Bank of Montreal"
      },
      "geometry": {
        "type": "Point",
        "coordinates": [
          -79.5122289,
          43.7211462
        ]
      },
      "id": "node/6355483809"
    },
    {
      "type": "Feature",
      "properties": {
        "@id": "node/6357286289",
        "addr:floor": "G",
        "amenity": "bank",
        "branch": "Bloor",
        "check_date": "2026-06-01",
        "level": "0",
        "name": "Hana Bank Canada",
        "phone": "+1-416-533-8593",
        "website": "https://hanabank.ca"
      },
      "geometry": {
        "type": "Point",
        "coordinates": [
          -79.4143052,
          43.6643418
        ]
      },
      "id": "node/6357286289"
    },
    {
      "type": "Feature",
      "properties": {
        "@id": "node/6369148098",
        "amenity": "bank",
        "brand": "Scotiabank",
        "brand:wikidata": "Q451476",
        "brand:wikipedia": "en:Scotiabank",
        "check_date": "2025-07-12",
        "name": "Scotiabank"
      },
      "geometry": {
        "type": "Point",
        "coordinates": [
          -79.4072595,
          43.6549383
        ]
      },
      "id": "node/6369148098"
    },
    {
      "type": "Feature",
      "properties": {
        "@id": "node/6370602927",
        "addr:housenumber": "1911",
        "addr:street": "Finch Avenue West",
        "amenity": "bank",
        "brand": "CIBC",
        "brand:wikidata": "Q666694",
        "brand:wikipedia": "en:Canadian Imperial Bank of Commerce",
        "level": "0",
        "name": "CIBC"
      },
      "geometry": {
        "type": "Point",
        "coordinates": [
          -79.516167,
          43.7558625
        ]
      },
      "id": "node/6370602927"
    },
    {
      "type": "Feature",
      "properties": {
        "@id": "node/6371265838",
        "amenity": "bank",
        "brand": "RBC",
        "brand:en": "RBC Royal Bank",
        "brand:fr": "RBC Banque Royale",
        "brand:wikidata": "Q735261",
        "brand:wikipedia": "en:Royal Bank of Canada",
        "name": "RBC",
        "name:en": "RBC Royal Bank",
        "name:fr": "RBC Banque Royale",
        "official_name": "Royal Bank of Canada"
      },
      "geometry": {
        "type": "Point",
        "coordinates": [
          -79.5214985,
          43.769531
        ]
      },
      "id": "node/6371265838"
    },
    {
      "type": "Feature",
      "properties": {
        "@id": "node/6374391728",
        "addr:city": "Toronto",
        "addr:housenumber": "1573",
        "addr:street": "Bloor Street West",
        "amenity": "bank",
        "check_date": "2025-05-15",
        "name": "Parama Credit Union"
      },
      "geometry": {
        "type": "Point",
        "coordinates": [
          -79.4542474,
          43.6558
        ]
      },
      "id": "node/6374391728"
    },
    {
      "type": "Feature",
      "properties": {
        "@id": "node/6401524459",
        "addr:city": "Toronto",
        "addr:housenumber": "364",
        "addr:street": "Queen Street West",
        "amenity": "bank",
        "atm": "yes",
        "brand": "CIBC",
        "brand:wikidata": "Q666694",
        "brand:wikipedia": "en:Canadian Imperial Bank of Commerce",
        "check_date": "2026-03-21",
        "name": "CIBC",
        "operator": "CIBC"
      },
      "geometry": {
        "type": "Point",
        "coordinates": [
          -79.3957274,
          43.6490886
        ]
      },
      "id": "node/6401524459"
    },
    {
      "type": "Feature",
      "properties": {
        "@id": "node/6483208781",
        "addr:city": "Toronto",
        "addr:housenumber": "247",
        "addr:street": "Spadina Avenue",
        "alt_name": "TD Canada Trust",
        "amenity": "bank",
        "brand": "TD",
        "brand:wikidata": "Q1080670",
        "brand:wikipedia": "en:TD Canada Trust",
        "check_date": "2026-03-16",
        "name": "TD",
        "name:en": "TD Canada Trust",
        "name:zh": "道明加拿大信託"
      },
      "geometry": {
        "type": "Point",
        "coordinates": [
          -79.3971634,
          43.6516174
        ]
      },
      "id": "node/6483208781"
    },
    {
      "type": "Feature",
      "properties": {
        "@id": "node/6491357309",
        "addr:housenumber": "2945",
        "addr:street": "Dundas Street West",
        "alt_name": "TD Canada Trust",
        "amenity": "bank",
        "brand": "TD",
        "brand:wikidata": "Q1080670",
        "brand:wikipedia": "en:TD Canada Trust",
        "check_date": "2026-04-09",
        "name": "TD",
        "opening_hours": "Mo-Fr 09:00-18:00; Sa 09:00-16:00; Su off"
      },
      "geometry": {
        "type": "Point",
        "coordinates": [
          -79.4673984,
          43.6653399
        ]
      },
      "id": "node/6491357309"
    },
    {
      "type": "Feature",
      "properties": {
        "@id": "node/6542992470",
        "addr:housenumber": "1265",
        "addr:postcode": "M3A 1Z4",
        "addr:street": "York Mills Road",
        "amenity": "bank",
        "atm": "yes",
        "brand": "Scotiabank",
        "brand:wikidata": "Q451476",
        "brand:wikipedia": "en:Scotiabank",
        "check_date": "2025-11-13",
        "drive_through": "no",
        "name": "Scotiabank",
        "opening_hours:drive_through": "Mo-Fr 09:30-17:00; Sa 09:30-14:00; Su off",
        "phone": "+1-416-448-7000",
        "website": "https://locator.scotiabank.com/branch/91652",
        "wheelchair": "yes"
      },
      "geometry": {
        "type": "Point",
        "coordinates": [
          -79.3270404,
          43.7605642
        ]
      },
      "id": "node/6542992470"
    },
    {
      "type": "Feature",
      "properties": {
        "@id": "node/6545238877",
        "addr:housenumber": "6464",
        "addr:street": "Yonge Street",
        "amenity": "bank",
        "brand": "Scotiabank",
        "brand:wikidata": "Q451476",
        "brand:wikipedia": "en:Scotiabank",
        "check_date": "2023-12-16",
        "level": "0",
        "name": "Scotiabank",
        "opening_hours": "Mo-Fr 09:30-17:00; Sa 09:30-16:00; Su off; Dec 25 off; Dec 26 off; Jan 01 off"
      },
      "geometry": {
        "type": "Point",
        "coordinates": [
          -79.4219995,
          43.7964767
        ]
      },
      "id": "node/6545238877"
    },
    {
      "type": "Feature",
      "properties": {
        "@id": "node/6545307509",
        "addr:housenumber": "6464",
        "addr:street": "Yonge Street",
        "amenity": "bank",
        "brand": "BMO",
        "brand:wikidata": "Q806693",
        "brand:wikipedia": "en:Bank of Montreal",
        "level": "0",
        "name": "BMO",
        "official_name": "Bank of Montreal"
      },
      "geometry": {
        "type": "Point",
        "coordinates": [
          -79.4212132,
          43.796222
        ]
      },
      "id": "node/6545307509"
    },
    {
      "type": "Feature",
      "properties": {
        "@id": "node/6546039653",
        "addr:housenumber": "279",
        "addr:postcode": "M5A 1K2",
        "addr:street": "King Street East",
        "amenity": "bank",
        "brand": "Scotiabank",
        "brand:wikidata": "Q451476",
        "brand:wikipedia": "en:Scotiabank",
        "name": "Scotiabank",
        "toilets:wheelchair": "no",
        "wheelchair": "yes"
      },
      "geometry": {
        "type": "Point",
        "coordinates": [
          -79.3672447,
          43.6513821
        ]
      },
      "id": "node/6546039653"
    },
    {
      "type": "Feature",
      "properties": {
        "@id": "node/6548219492",
        "amenity": "bank",
        "brand": "BMO",
        "brand:wikidata": "Q806693",
        "brand:wikipedia": "en:Bank of Montreal",
        "name": "BMO",
        "official_name": "Bank of Montreal"
      },
      "geometry": {
        "type": "Point",
        "coordinates": [
          -79.364535,
          43.6512812
        ]
      },
      "id": "node/6548219492"
    },
    {
      "type": "Feature",
      "properties": {
        "@id": "node/6548224596",
        "amenity": "bank",
        "atm": "yes",
        "brand": "BMO",
        "brand:wikidata": "Q806693",
        "brand:wikipedia": "en:Bank of Montreal",
        "name": "BMO",
        "official_name": "Bank of Montreal"
      },
      "geometry": {
        "type": "Point",
        "coordinates": [
          -79.3744913,
          43.6497461
        ]
      },
      "id": "node/6548224596"
    },
    {
      "type": "Feature",
      "properties": {
        "@id": "node/6549482188",
        "amenity": "bank",
        "name": "IC Savings"
      },
      "geometry": {
        "type": "Point",
        "coordinates": [
          -79.4539198,
          43.7082833
        ]
      },
      "id": "node/6549482188"
    },
    {
      "type": "Feature",
      "properties": {
        "@id": "node/6554483057",
        "amenity": "bank",
        "brand": "RBC",
        "brand:en": "RBC Royal Bank",
        "brand:fr": "RBC Banque Royale",
        "brand:wikidata": "Q735261",
        "check_date": "2025-06-08",
        "name": "RBC Royal Bank",
        "name:en": "RBC Royal Bank",
        "name:fr": "RBC Banque Royale",
        "official_name": "Royal Bank of Canada"
      },
      "geometry": {
        "type": "Point",
        "coordinates": [
          -79.5884945,
          43.6882411
        ]
      },
      "id": "node/6554483057"
    },
    {
      "type": "Feature",
      "properties": {
        "@id": "node/6578943810",
        "amenity": "bank",
        "brand": "BMO",
        "brand:wikidata": "Q806693",
        "brand:wikipedia": "en:Bank of Montreal",
        "name": "BMO",
        "official_name": "Bank of Montreal"
      },
      "geometry": {
        "type": "Point",
        "coordinates": [
          -79.3469769,
          43.7057522
        ]
      },
      "id": "node/6578943810"
    },
    {
      "type": "Feature",
      "properties": {
        "@id": "node/6579133128",
        "amenity": "bank",
        "brand": "CIBC",
        "brand:wikidata": "Q666694",
        "brand:wikipedia": "en:Canadian Imperial Bank of Commerce",
        "level": "0;1",
        "name": "CIBC"
      },
      "geometry": {
        "type": "Point",
        "coordinates": [
          -79.3391269,
          43.6699595
        ]
      },
      "id": "node/6579133128"
    },
    {
      "type": "Feature",
      "properties": {
        "@id": "node/6589755207",
        "alt_name": "TD Canada Trust",
        "amenity": "bank",
        "brand": "TD",
        "brand:wikidata": "Q1080670",
        "brand:wikipedia": "en:TD Canada Trust",
        "check_date": "2025-06-08",
        "level": "0",
        "name": "TD",
        "opening_hours": "Mo-We 09:00-18:00; Th-Fr 09:00-20:00; Sa 09:00-16:00; Su off"
      },
      "geometry": {
        "type": "Point",
        "coordinates": [
          -79.2585139,
          43.7751512
        ]
      },
      "id": "node/6589755207"
    },
    {
      "type": "Feature",
      "properties": {
        "@id": "node/6589921442",
        "amenity": "bank",
        "brand": "Alterna Savings",
        "brand:wikidata": "Q4736322",
        "brand:wikipedia": "en:Alterna Savings",
        "check_date": "2026-01-17",
        "name": "Alterna Savings"
      },
      "geometry": {
        "type": "Point",
        "coordinates": [
          -79.2628169,
          43.7762805
        ]
      },
      "id": "node/6589921442"
    },
    {
      "type": "Feature",
      "properties": {
        "@id": "node/6589930740",
        "amenity": "bank",
        "atm": "yes",
        "brand": "Scotiabank",
        "brand:wikidata": "Q451476",
        "brand:wikipedia": "en:Scotiabank",
        "level": "1",
        "name": "Scotiabank"
      },
      "geometry": {
        "type": "Point",
        "coordinates": [
          -79.2571003,
          43.7762676
        ]
      },
      "id": "node/6589930740"
    },
    {
      "type": "Feature",
      "properties": {
        "@id": "node/6592019129",
        "amenity": "bank",
        "brand": "BMO",
        "brand:wikidata": "Q806693",
        "brand:wikipedia": "en:Bank of Montreal",
        "name": "BMO",
        "official_name": "Bank of Montreal"
      },
      "geometry": {
        "type": "Point",
        "coordinates": [
          -79.2300555,
          43.7575279
        ]
      },
      "id": "node/6592019129"
    },
    {
      "type": "Feature",
      "properties": {
        "@id": "node/6592055405",
        "amenity": "bank",
        "brand": "CIBC",
        "brand:wikidata": "Q666694",
        "brand:wikipedia": "en:Canadian Imperial Bank of Commerce",
        "name": "CIBC"
      },
      "geometry": {
        "type": "Point",
        "coordinates": [
          -79.2299426,
          43.7573495
        ]
      },
      "id": "node/6592055405"
    },
    {
      "type": "Feature",
      "properties": {
        "@id": "node/6604284843",
        "amenity": "bank",
        "brand": "TD Canada Trust",
        "brand:wikidata": "Q1080670",
        "brand:wikipedia": "en:TD Canada Trust",
        "name": "TD Canada Trust"
      },
      "geometry": {
        "type": "Point",
        "coordinates": [
          -79.4012216,
          43.750924
        ]
      },
      "id": "node/6604284843"
    },
    {
      "type": "Feature",
      "properties": {
        "@id": "node/6612464388",
        "amenity": "bank",
        "brand": "RBC",
        "brand:en": "RBC Royal Bank",
        "brand:fr": "RBC Banque Royale",
        "brand:wikidata": "Q735261",
        "brand:wikipedia": "en:Royal Bank of Canada",
        "name": "RBC",
        "name:en": "RBC Royal Bank",
        "name:fr": "RBC Banque Royale",
        "official_name": "Royal Bank of Canada"
      },
      "geometry": {
        "type": "Point",
        "coordinates": [
          -79.1519423,
          43.7977397
        ]
      },
      "id": "node/6612464388"
    },
    {
      "type": "Feature",
      "properties": {
        "@id": "node/6680642261",
        "amenity": "bank",
        "level": "1",
        "name": "Shinan Bank"
      },
      "geometry": {
        "type": "Point",
        "coordinates": [
          -79.4123553,
          43.7688326
        ]
      },
      "id": "node/6680642261"
    },
    {
      "type": "Feature",
      "properties": {
        "@id": "node/6680667831",
        "alt_name": "Meridian",
        "amenity": "bank",
        "brand": "Meridian Credit Union",
        "brand:wikidata": "Q6819303",
        "brand:wikipedia": "en:Meridian Credit Union",
        "level": "0",
        "name": "Meridian Credit Union"
      },
      "geometry": {
        "type": "Point",
        "coordinates": [
          -79.4102943,
          43.7625154
        ]
      },
      "id": "node/6680667831"
    },
    {
      "type": "Feature",
      "properties": {
        "@id": "node/6685670169",
        "amenity": "bank",
        "brand": "BMO",
        "brand:wikidata": "Q806693",
        "brand:wikipedia": "en:Bank of Montreal",
        "check_date": "2025-02-18",
        "name": "BMO",
        "official_name": "Bank of Montreal"
      },
      "geometry": {
        "type": "Point",
        "coordinates": [
          -79.3475103,
          43.6595175
        ]
      },
      "id": "node/6685670169"
    },
    {
      "type": "Feature",
      "properties": {
        "@id": "node/6777164495",
        "addr:city": "Toronto",
        "addr:housenumber": "1",
        "addr:province": "Ontario",
        "addr:street": "Bloor Street East",
        "amenity": "bank",
        "atm": "yes",
        "brand": "Scotiabank",
        "brand:wikidata": "Q451476",
        "check_date": "2026-05-26",
        "image": "https://commons.wikimedia.org/wiki/File:IMG_s%E9%93%B6%E8%A1%8C.jpg",
        "name": "Scotiabank",
        "old_name": "Nordstrom Rack",
        "opening_hours": "Mo-We 09:30-17:00; Th,Fr 09:30-18:00; Sa 09:30-16:00"
      },
      "geometry": {
        "type": "Point",
        "coordinates": [
          -79.386453,
          43.6700922
        ]
      },
      "id": "node/6777164495"
    },
    {
      "type": "Feature",
      "properties": {
        "@id": "node/7055876154",
        "addr:housenumber": "2725",
        "addr:street": "Eglinton Avenue East",
        "amenity": "bank",
        "brand": "CIBC",
        "brand:wikidata": "Q666694",
        "brand:wikipedia": "en:Canadian Imperial Bank of Commerce",
        "check_date": "2026-03-21",
        "name": "CIBC"
      },
      "geometry": {
        "type": "Point",
        "coordinates": [
          -79.2492443,
          43.7359486
        ]
      },
      "id": "node/7055876154"
    },
    {
      "type": "Feature",
      "properties": {
        "@id": "node/7055876155",
        "amenity": "bank",
        "brand": "Scotiabank",
        "brand:wikidata": "Q451476",
        "brand:wikipedia": "en:Scotiabank",
        "check_date": "2026-03-21",
        "name": "Scotiabank"
      },
      "geometry": {
        "type": "Point",
        "coordinates": [
          -79.2501258,
          43.7371379
        ]
      },
      "id": "node/7055876155"
    },
    {
      "type": "Feature",
      "properties": {
        "@id": "node/7528844933",
        "amenity": "bank",
        "brand": "RBC",
        "brand:en": "RBC Royal Bank",
        "brand:fr": "RBC Banque Royale",
        "brand:wikidata": "Q735261",
        "brand:wikipedia": "en:Royal Bank of Canada",
        "name": "RBC",
        "name:en": "RBC Royal Bank",
        "name:fr": "RBC Banque Royale",
        "official_name": "Royal Bank of Canada"
      },
      "geometry": {
        "type": "Point",
        "coordinates": [
          -79.2883067,
          43.680558
        ]
      },
      "id": "node/7528844933"
    },
    {
      "type": "Feature",
      "properties": {
        "@id": "node/7528906437",
        "amenity": "bank",
        "brand": "CIBC",
        "brand:wikidata": "Q666694",
        "brand:wikipedia": "en:Canadian Imperial Bank of Commerce",
        "name": "CIBC"
      },
      "geometry": {
        "type": "Point",
        "coordinates": [
          -79.2894776,
          43.6801717
        ]
      },
      "id": "node/7528906437"
    },
    {
      "type": "Feature",
      "properties": {
        "@id": "node/7528937349",
        "amenity": "bank",
        "brand": "Scotiabank",
        "brand:wikidata": "Q451476",
        "brand:wikipedia": "en:Scotiabank",
        "name": "Scotiabank"
      },
      "geometry": {
        "type": "Point",
        "coordinates": [
          -79.2853169,
          43.6808332
        ]
      },
      "id": "node/7528937349"
    },
    {
      "type": "Feature",
      "properties": {
        "@id": "node/7552999950",
        "addr:housenumber": "3114",
        "addr:street": "Bathurst Street",
        "alt_name": "TD Canada Trust",
        "amenity": "bank",
        "brand": "TD",
        "brand:wikidata": "Q1080670",
        "brand:wikipedia": "en:TD Canada Trust",
        "name": "TD",
        "opening_hours": "Mo-Fr 09:00-18:00; Sa 10:00-16:00"
      },
      "geometry": {
        "type": "Point",
        "coordinates": [
          -79.4326869,
          43.7195958
        ]
      },
      "id": "node/7552999950"
    },
    {
      "type": "Feature",
      "properties": {
        "@id": "node/7553558029",
        "amenity": "bank",
        "brand": "CIBC",
        "brand:wikidata": "Q666694",
        "brand:wikipedia": "en:Canadian Imperial Bank of Commerce",
        "name": "CIBC"
      },
      "geometry": {
        "type": "Point",
        "coordinates": [
          -79.4421048,
          43.7359232
        ]
      },
      "id": "node/7553558029"
    },
    {
      "type": "Feature",
      "properties": {
        "@id": "node/7553595976",
        "amenity": "bank",
        "brand": "National Bank",
        "brand:en": "National Bank",
        "brand:fr": "Banque Nationale",
        "brand:wikidata": "Q634298",
        "brand:wikipedia": "en:National Bank of Canada",
        "name": "National Bank",
        "name:en": "National Bank",
        "name:fr": "Banque Nationale",
        "official_name": "National Bank of Canada",
        "official_name:en": "National Bank of Canada",
        "official_name:fr": "Banque Nationale du Canada"
      },
      "geometry": {
        "type": "Point",
        "coordinates": [
          -79.4358427,
          43.7367638
        ]
      },
      "id": "node/7553595976"
    },
    {
      "type": "Feature",
      "properties": {
        "@id": "node/7553894439",
        "amenity": "bank",
        "brand": "BMO",
        "brand:wikidata": "Q806693",
        "brand:wikipedia": "en:Bank of Montreal",
        "name": "BMO",
        "official_name": "Bank of Montreal"
      },
      "geometry": {
        "type": "Point",
        "coordinates": [
          -79.4699231,
          43.7780799
        ]
      },
      "id": "node/7553894439"
    },
    {
      "type": "Feature",
      "properties": {
        "@id": "node/7557427584",
        "amenity": "bank",
        "brand": "Scotiabank",
        "brand:wikidata": "Q451476",
        "brand:wikipedia": "en:Scotiabank",
        "check_date": "2026-04-08",
        "name": "Scotiabank"
      },
      "geometry": {
        "type": "Point",
        "coordinates": [
          -79.4288261,
          43.7004466
        ]
      },
      "id": "node/7557427584"
    },
    {
      "type": "Feature",
      "properties": {
        "@id": "node/7559802029",
        "amenity": "bank",
        "brand": "Scotiabank",
        "brand:wikidata": "Q451476",
        "brand:wikipedia": "en:Scotiabank",
        "name": "Scotiabank"
      },
      "geometry": {
        "type": "Point",
        "coordinates": [
          -79.4627744,
          43.6930444
        ]
      },
      "id": "node/7559802029"
    },
    {
      "type": "Feature",
      "properties": {
        "@id": "node/7581382082",
        "amenity": "bank",
        "brand": "CIBC",
        "brand:wikidata": "Q666694",
        "brand:wikipedia": "en:Canadian Imperial Bank of Commerce",
        "name": "CIBC"
      },
      "geometry": {
        "type": "Point",
        "coordinates": [
          -79.4388305,
          43.6869442
        ]
      },
      "id": "node/7581382082"
    },
    {
      "type": "Feature",
      "properties": {
        "@id": "node/7596780475",
        "alt_name": "TD Canada Trust",
        "amenity": "bank",
        "brand": "TD",
        "brand:wikidata": "Q1080670",
        "brand:wikipedia": "en:TD Canada Trust",
        "name": "TD"
      },
      "geometry": {
        "type": "Point",
        "coordinates": [
          -79.3689219,
          43.7985091
        ]
      },
      "id": "node/7596780475"
    },
    {
      "type": "Feature",
      "properties": {
        "@id": "node/7620480733",
        "amenity": "bank",
        "brand": "CIBC",
        "brand:wikidata": "Q666694",
        "brand:wikipedia": "en:Canadian Imperial Bank of Commerce",
        "name": "CIBC"
      },
      "geometry": {
        "type": "Point",
        "coordinates": [
          -79.3776874,
          43.7126341
        ]
      },
      "id": "node/7620480733"
    },
    {
      "type": "Feature",
      "properties": {
        "@id": "node/7685073591",
        "alt_name": "Meridian",
        "amenity": "bank",
        "brand": "Meridian Credit Union",
        "brand:wikidata": "Q6819303",
        "brand:wikipedia": "en:Meridian Credit Union",
        "check_date": "2025-12-13",
        "level": "0",
        "name": "Meridian Credit Union"
      },
      "geometry": {
        "type": "Point",
        "coordinates": [
          -79.3834945,
          43.6618718
        ]
      },
      "id": "node/7685073591"
    },
    {
      "type": "Feature",
      "properties": {
        "@id": "node/7685210776",
        "addr:housenumber": "647",
        "addr:street": "Dundas Street East",
        "amenity": "bank",
        "brand": "Scotiabank",
        "brand:wikidata": "Q451476",
        "brand:wikipedia": "en:Scotiabank",
        "name": "Scotiabank",
        "opening_hours": "Mo-Fr 09:30-17:00; Sa 09:30-15:00",
        "phone": "+1 800-472-6842",
        "website": "www.scotiabank.com"
      },
      "geometry": {
        "type": "Point",
        "coordinates": [
          -79.3601573,
          43.6605298
        ]
      },
      "id": "node/7685210776"
    },
    {
      "type": "Feature",
      "properties": {
        "@id": "node/7745298385",
        "addr:city": "Scarborough",
        "addr:housenumber": "2739",
        "addr:street": "Eglinton Avenue East",
        "amenity": "bank",
        "atm": "yes",
        "brand": "BMO",
        "brand:wikidata": "Q806693",
        "brand:wikipedia": "en:Bank of Montreal",
        "check_date": "2026-03-21",
        "name": "BMO",
        "official_name": "Bank of Montreal",
        "opendata:type": "115001"
      },
      "geometry": {
        "type": "Point",
        "coordinates": [
          -79.2482371,
          43.7363786
        ]
      },
      "id": "node/7745298385"
    },
    {
      "type": "Feature",
      "properties": {
        "@id": "node/7751907781",
        "amenity": "bank",
        "brand": "RBC",
        "brand:en": "RBC Royal Bank",
        "brand:fr": "RBC Banque Royale",
        "brand:wikidata": "Q735261",
        "brand:wikipedia": "en:Royal Bank of Canada",
        "name": "RBC",
        "name:en": "RBC Royal Bank",
        "name:fr": "RBC Banque Royale",
        "official_name": "Royal Bank of Canada"
      },
      "geometry": {
        "type": "Point",
        "coordinates": [
          -79.3854972,
          43.7466219
        ]
      },
      "id": "node/7751907781"
    },
    {
      "type": "Feature",
      "properties": {
        "@id": "node/7759217326",
        "amenity": "bank",
        "brand": "CIBC",
        "brand:wikidata": "Q666694",
        "brand:wikipedia": "en:Canadian Imperial Bank of Commerce",
        "name": "CIBC"
      },
      "geometry": {
        "type": "Point",
        "coordinates": [
          -79.2775379,
          43.7503846
        ]
      },
      "id": "node/7759217326"
    },
    {
      "type": "Feature",
      "properties": {
        "@id": "node/7779253324",
        "addr:housenumber": "2263",
        "addr:street": "Yonge Street",
        "alt_name": "TD Canada Trust",
        "amenity": "bank",
        "atm": "yes",
        "brand": "TD",
        "brand:wikidata": "Q1080670",
        "check_date": "2026-07-06",
        "drive_through": "no",
        "name": "TD",
        "opening_hours": "Mo-We 09:00-18:00; Th-Fr 09:00-20:00; Sa 09:00-16:00; Su off",
        "phone": "+1 416-932-1935"
      },
      "geometry": {
        "type": "Point",
        "coordinates": [
          -79.3981326,
          43.7070841
        ]
      },
      "id": "node/7779253324"
    },
    {
      "type": "Feature",
      "properties": {
        "@id": "node/7879268520",
        "addr:city": "Toronto",
        "addr:housenumber": "190",
        "addr:postcode": "M5A 4R6",
        "addr:province": "ON",
        "addr:street": "Dundas Street East",
        "alt_name": "TD Canada Trust",
        "amenity": "bank",
        "atm": "yes",
        "brand": "TD",
        "brand:wikidata": "Q1080670",
        "drive_through": "no",
        "name": "TD",
        "opening_hours": "Mo-We 09:00-18:00, Th-Fr 09:00-20:00; Sa 09:00-16:00; Su off",
        "operator": "TD Canada Trust"
      },
      "geometry": {
        "type": "Point",
        "coordinates": [
          -79.3744103,
          43.6572497
        ]
      },
      "id": "node/7879268520"
    },
    {
      "type": "Feature",
      "properties": {
        "@id": "node/8111459452",
        "addr:housenumber": "8",
        "addr:street": "Glen Watford Drive",
        "amenity": "bank",
        "name": "Industrial and Commercial Bank of China"
      },
      "geometry": {
        "type": "Point",
        "coordinates": [
          -79.2762831,
          43.7866535
        ]
      },
      "id": "node/8111459452"
    },
    {
      "type": "Feature",
      "properties": {
        "@id": "node/8274233574",
        "amenity": "bank",
        "atm": "yes",
        "brand": "Scotiabank",
        "brand:wikidata": "Q451476",
        "brand:wikipedia": "en:Scotiabank",
        "check_date": "2026-07-06",
        "name": "Scotiabank"
      },
      "geometry": {
        "type": "Point",
        "coordinates": [
          -79.3970492,
          43.7042883
        ]
      },
      "id": "node/8274233574"
    },
    {
      "type": "Feature",
      "properties": {
        "@id": "node/8409985460",
        "amenity": "bank",
        "brand": "Scotiabank",
        "brand:wikidata": "Q451476",
        "drive_through": "no",
        "name": "Scotiabank",
        "opening_hours": "Mo-Fr 09:30-17:00; Sa 09:30-16:00"
      },
      "geometry": {
        "type": "Point",
        "coordinates": [
          -79.3793488,
          43.6622345
        ]
      },
      "id": "node/8409985460"
    },
    {
      "type": "Feature",
      "properties": {
        "@id": "node/8851365030",
        "addr:housenumber": "1102",
        "addr:street": "Wilson Avenue",
        "amenity": "bank",
        "brand": "CIBC",
        "brand:wikidata": "Q666694",
        "brand:wikipedia": "en:Canadian Imperial Bank of Commerce",
        "check_date": "2026-06-08",
        "name": "CIBC"
      },
      "geometry": {
        "type": "Point",
        "coordinates": [
          -79.4826079,
          43.7267037
        ]
      },
      "id": "node/8851365030"
    },
    {
      "type": "Feature",
      "properties": {
        "@id": "node/8942743196",
        "addr:floor": "G",
        "addr:housenumber": "1",
        "addr:street": "East Mall Crescent",
        "amenity": "bank",
        "atm": "yes",
        "brand": "Alterna Savings",
        "brand:wikidata": "Q4736322",
        "check_date": "2025-06-07",
        "level": "0",
        "name": "Alterna Savings",
        "opening_hours": "Mo-Fr 09:30-16:00; Sa-Su off"
      },
      "geometry": {
        "type": "Point",
        "coordinates": [
          -79.5499548,
          43.631078
        ]
      },
      "id": "node/8942743196"
    },
    {
      "type": "Feature",
      "properties": {
        "@id": "node/8979890627",
        "addr:housenumber": "3",
        "addr:street": "Resurrection Road",
        "amenity": "bank",
        "name": "RCU Credit Union"
      },
      "geometry": {
        "type": "Point",
        "coordinates": [
          -79.5304384,
          43.6437681
        ]
      },
      "id": "node/8979890627"
    },
    {
      "type": "Feature",
      "properties": {
        "@id": "node/9062379406",
        "alt_name": "Meridian",
        "amenity": "bank",
        "brand": "Meridian Credit Union",
        "brand:wikidata": "Q6819303",
        "brand:wikipedia": "en:Meridian Credit Union",
        "name": "Meridian Business Banking"
      },
      "geometry": {
        "type": "Point",
        "coordinates": [
          -79.5648447,
          43.6985037
        ]
      },
      "id": "node/9062379406"
    },
    {
      "type": "Feature",
      "properties": {
        "@id": "node/9139972216",
        "alt_name": "TD Canada Trust",
        "amenity": "bank",
        "atm": "yes",
        "brand": "TD",
        "brand:wikidata": "Q1080670",
        "brand:wikipedia": "en:TD Canada Trust",
        "check_date": "2026-01-17",
        "name": "TD"
      },
      "geometry": {
        "type": "Point",
        "coordinates": [
          -79.4135005,
          43.7703385
        ]
      },
      "id": "node/9139972216"
    },
    {
      "type": "Feature",
      "properties": {
        "@id": "node/9196161686",
        "addr:city": "Toronto",
        "addr:housenumber": "2183",
        "addr:postcode": "M4E 1E5",
        "addr:province": "ON",
        "addr:street": "Queen Street East",
        "amenity": "bank",
        "atm": "yes",
        "brand": "BMO",
        "brand:wikidata": "Q806693",
        "brand:wikipedia": "en:Bank of Montreal",
        "drive_through": "no",
        "fax": "+1-416-694-7972",
        "name": "BMO",
        "official_name": "Bank of Montreal",
        "opening_hours": "Mo-We 09:30-17:00; Th-Fr 09:30-19:00; Sa 09:30-16:00; PH off",
        "operator": "Bank of Montreal",
        "phone": "+1-416-699-9351",
        "website": "https://bmo.com/"
      },
      "geometry": {
        "type": "Point",
        "coordinates": [
          -79.2973616,
          43.6704938
        ]
      },
      "id": "node/9196161686"
    },
    {
      "type": "Feature",
      "properties": {
        "@id": "node/9236767872",
        "amenity": "bank",
        "brand": "BMO",
        "brand:wikidata": "Q806693",
        "brand:wikipedia": "en:Bank of Montreal",
        "name": "BMO",
        "official_name": "Bank of Montreal"
      },
      "geometry": {
        "type": "Point",
        "coordinates": [
          -79.4019344,
          43.6408802
        ]
      },
      "id": "node/9236767872"
    },
    {
      "type": "Feature",
      "properties": {
        "@id": "node/9530699142",
        "addr:city": "Scarborough",
        "addr:housenumber": "15",
        "addr:street": "Milliken Boulevard",
        "amenity": "bank",
        "brand": "RBC",
        "brand:en": "RBC Royal Bank",
        "brand:fr": "RBC Banque Royale",
        "brand:wikidata": "Q735261",
        "brand:wikipedia": "en:HSBC",
        "check_date": "2025-12-11",
        "name": "RBC",
        "name:en": "RBC Royal Bank",
        "name:fr": "RBC Banque Royale",
        "official_name": "Royal Bank of Canada"
      },
      "geometry": {
        "type": "Point",
        "coordinates": [
          -79.2944598,
          43.802991
        ]
      },
      "id": "node/9530699142"
    },
    {
      "type": "Feature",
      "properties": {
        "@id": "node/9573809163",
        "amenity": "bank",
        "atm": "yes",
        "brand": "Scotiabank",
        "brand:wikidata": "Q451476",
        "brand:wikipedia": "en:Scotiabank",
        "name": "Scotiabank"
      },
      "geometry": {
        "type": "Point",
        "coordinates": [
          -79.3643243,
          43.6452457
        ]
      },
      "id": "node/9573809163"
    },
    {
      "type": "Feature",
      "properties": {
        "@id": "node/10032060524",
        "alt_name": "TD Canada Trust",
        "amenity": "bank",
        "brand": "TD",
        "brand:wikidata": "Q1080670",
        "check_date": "2025-05-16",
        "name": "TD",
        "opening_hours": "Mo-Fr 08:00-19:00; Sa-Su off"
      },
      "geometry": {
        "type": "Point",
        "coordinates": [
          -79.3797596,
          43.6453406
        ]
      },
      "id": "node/10032060524"
    },
    {
      "type": "Feature",
      "properties": {
        "@id": "node/10573344276",
        "addr:housenumber": "2370",
        "addr:street": "Yonge Street",
        "amenity": "bank",
        "atm": "yes",
        "brand": "Scotiabank",
        "brand:wikidata": "Q451476",
        "check_date": "2026-07-06",
        "level": "0",
        "name": "Scotiabank",
        "opening_hours": "Mo-Fr 09:30-17:00; Sa 09:30-16:00; Su off",
        "phone": "+1 4169323033; +1 4169323167",
        "website": "https://locator.scotiabank.com/branch/02162",
        "wheelchair": "yes"
      },
      "geometry": {
        "type": "Point",
        "coordinates": [
          -79.3991314,
          43.7088582
        ]
      },
      "id": "node/10573344276"
    },
    {
      "type": "Feature",
      "properties": {
        "@id": "node/10722512938",
        "addr:housenumber": "297",
        "addr:street": "College Street",
        "alt_name": "TD Canada Trust",
        "amenity": "bank",
        "atm": "yes",
        "brand": "TD",
        "brand:wikidata": "Q1080670",
        "name": "TD",
        "opening_hours": "Mo-We 09:00-18:00; Th,Fr 09:00-20:00; Sa 09:00-16:00"
      },
      "geometry": {
        "type": "Point",
        "coordinates": [
          -79.4016633,
          43.6574531
        ]
      },
      "id": "node/10722512938"
    },
    {
      "type": "Feature",
      "properties": {
        "@id": "node/10861482051",
        "amenity": "bank",
        "brand": "CIBC",
        "brand:wikidata": "Q666694",
        "name": "CIBC"
      },
      "geometry": {
        "type": "Point",
        "coordinates": [
          -79.3075738,
          43.6685308
        ]
      },
      "id": "node/10861482051"
    },
    {
      "type": "Feature",
      "properties": {
        "@id": "node/10885423395",
        "alt_name": "Meridian",
        "amenity": "bank",
        "atm": "yes",
        "brand": "Meridian Credit Union",
        "brand:wikidata": "Q6819303",
        "check_date": "2026-01-10",
        "name": "Meridian Credit Union",
        "name:en": "Meridian Credit Union",
        "opening_hours": "Mo-We,Fr 09:30-17:00; Th 09:30-19:00; Sa 09:30-15:00; Su off"
      },
      "geometry": {
        "type": "Point",
        "coordinates": [
          -79.3498733,
          43.6777982
        ]
      },
      "id": "node/10885423395"
    },
    {
      "type": "Feature",
      "properties": {
        "@id": "node/10888551405",
        "amenity": "bank",
        "atm": "yes",
        "brand": "Scotiabank",
        "brand:wikidata": "Q451476",
        "drive_through": "no",
        "name": "Scotiabank",
        "opening_hours": "Tu-Fr 09:30-17:00; Mo, Sa 09:30-16:00",
        "phone": "+1 416 297 6500"
      },
      "geometry": {
        "type": "Point",
        "coordinates": [
          -79.277852,
          43.825734
        ]
      },
      "id": "node/10888551405"
    },
    {
      "type": "Feature",
      "properties": {
        "@id": "node/11000835451",
        "amenity": "bank",
        "brand": "Scotiabank",
        "brand:wikidata": "Q451476",
        "check_date": "2026-06-23",
        "name": "Scotiabank"
      },
      "geometry": {
        "type": "Point",
        "coordinates": [
          -79.5184132,
          43.6231154
        ]
      },
      "id": "node/11000835451"
    },
    {
      "type": "Feature",
      "properties": {
        "@id": "node/11429603884",
        "amenity": "bank",
        "brand": "Scotiabank",
        "brand:wikidata": "Q451476",
        "check_date": "2026-06-07",
        "name": "Scotiabank"
      },
      "geometry": {
        "type": "Point",
        "coordinates": [
          -79.3799156,
          43.6513346
        ]
      },
      "id": "node/11429603884"
    },
    {
      "type": "Feature",
      "properties": {
        "@id": "node/11429923755",
        "amenity": "bank",
        "atm": "yes",
        "brand": "BMO",
        "brand:wikidata": "Q806693",
        "drive_through": "no",
        "name": "BMO",
        "official_name": "Bank of Montreal"
      },
      "geometry": {
        "type": "Point",
        "coordinates": [
          -79.3964723,
          43.643083
        ]
      },
      "id": "node/11429923755"
    },
    {
      "type": "Feature",
      "properties": {
        "@id": "node/11558612143",
        "amenity": "bank",
        "brand": "BMO",
        "brand:wikidata": "Q806693",
        "check_date": "2025-07-21",
        "name": "BMO",
        "official_name": "Bank of Montreal"
      },
      "geometry": {
        "type": "Point",
        "coordinates": [
          -79.4780018,
          43.6243834
        ]
      },
      "id": "node/11558612143"
    },
    {
      "type": "Feature",
      "properties": {
        "@id": "node/11663577471",
        "addr:city": "Toronto",
        "addr:housenumber": "35",
        "addr:province": "ON",
        "addr:street": "Cooper Street",
        "amenity": "bank",
        "brand": "Scotiabank",
        "brand:wikidata": "Q451476",
        "name": "Scotiabank"
      },
      "geometry": {
        "type": "Point",
        "coordinates": [
          -79.3718601,
          43.6446046
        ]
      },
      "id": "node/11663577471"
    },
    {
      "type": "Feature",
      "properties": {
        "@id": "node/11663583533",
        "addr:housenumber": "161",
        "addr:street": "Queens Quay East",
        "amenity": "bank",
        "atm": "yes",
        "brand": "CIBC",
        "brand:wikidata": "Q666694",
        "check_date": "2025-02-06",
        "name": "CIBC",
        "opening_hours": "Mo-Sa 09:00-17:00"
      },
      "geometry": {
        "type": "Point",
        "coordinates": [
          -79.3667158,
          43.6444493
        ]
      },
      "id": "node/11663583533"
    },
    {
      "type": "Feature",
      "properties": {
        "@id": "node/11681548483",
        "addr:city": "Etobicoke",
        "addr:housenumber": "5245",
        "addr:province": "ON",
        "addr:street": "Dundas Street West",
        "addr:unit": "101",
        "amenity": "bank",
        "atm": "yes",
        "brand": "Scotiabank",
        "brand:wikidata": "Q451476",
        "check_date": "2026-06-23",
        "level": "0",
        "name": "Scotiabank",
        "opening_hours": "Mo-We 09:30-17:00; Th-Fr 09:30-18:00; Sa 09:30-16:00; Su off",
        "wheelchair": "yes"
      },
      "geometry": {
        "type": "Point",
        "coordinates": [
          -79.5374577,
          43.6386676
        ]
      },
      "id": "node/11681548483"
    },
    {
      "type": "Feature",
      "properties": {
        "@id": "node/12026894908",
        "amenity": "bank",
        "brand": "RBC",
        "brand:en": "RBC Royal Bank",
        "brand:fr": "RBC Banque Royale",
        "brand:wikidata": "Q735261",
        "check_date": "2025-04-28",
        "name": "RBC Royal Bank",
        "name:en": "RBC Royal Bank",
        "name:fr": "RBC Banque Royale",
        "official_name": "Royal Bank of Canada"
      },
      "geometry": {
        "type": "Point",
        "coordinates": [
          -79.3817408,
          43.6424397
        ]
      },
      "id": "node/12026894908"
    },
    {
      "type": "Feature",
      "properties": {
        "@id": "node/12042628343",
        "amenity": "bank",
        "brand": "BMO",
        "brand:wikidata": "Q806693",
        "name": "BMO",
        "official_name": "Bank of Montreal"
      },
      "geometry": {
        "type": "Point",
        "coordinates": [
          -79.5574929,
          43.7137299
        ]
      },
      "id": "node/12042628343"
    },
    {
      "type": "Feature",
      "properties": {
        "@id": "node/12044125439",
        "amenity": "bank",
        "atm": "yes",
        "brand": "BMO",
        "brand:wikidata": "Q806693",
        "brand:wikipedia": "en:Bank of Montreal",
        "check_date": "2025-06-17",
        "name": "BMO",
        "official_name": "Bank of Montreal",
        "operator": "Bank of Montreal"
      },
      "geometry": {
        "type": "Point",
        "coordinates": [
          -79.4121388,
          43.6647886
        ]
      },
      "id": "node/12044125439"
    },
    {
      "type": "Feature",
      "properties": {
        "@id": "node/12207903588",
        "addr:city": "Toronto",
        "addr:housenumber": "2575",
        "addr:province": "Ontario",
        "addr:street": "Danforth Avenue",
        "amenity": "bank",
        "atm": "yes",
        "brand": "Scotiabank",
        "brand:wikidata": "Q451476",
        "drive_through": "no",
        "name": "Scotiabank"
      },
      "geometry": {
        "type": "Point",
        "coordinates": [
          -79.3007671,
          43.688231
        ]
      },
      "id": "node/12207903588"
    },
    {
      "type": "Feature",
      "properties": {
        "@id": "node/12227783594",
        "amenity": "bank",
        "atm": "yes",
        "brand": "BMO",
        "brand:wikidata": "Q806693",
        "name": "BMO",
        "official_name": "Bank of Montreal"
      },
      "geometry": {
        "type": "Point",
        "coordinates": [
          -79.4471587,
          43.7162787
        ]
      },
      "id": "node/12227783594"
    },
    {
      "type": "Feature",
      "properties": {
        "@id": "node/12245081892",
        "addr:housenumber": "2238",
        "addr:street": "Bloor Street West",
        "alt_name": "Meridian",
        "amenity": "bank",
        "brand": "Meridian Credit Union",
        "brand:wikidata": "Q6819303",
        "check_date": "2025-07-27",
        "level": "0",
        "name": "Meridian Credit Union",
        "opening_hours": "Mo-We 09:30-17:00; Th-Fr 09:30-18:00; Sa 09:30-15:00; Su off",
        "wheelchair": "yes"
      },
      "geometry": {
        "type": "Point",
        "coordinates": [
          -79.4769226,
          43.6511672
        ]
      },
      "id": "node/12245081892"
    },
    {
      "type": "Feature",
      "properties": {
        "@id": "node/12318804020",
        "alt_name": "TD Canada Trust",
        "amenity": "bank",
        "brand": "TD",
        "brand:wikidata": "Q1080670",
        "name": "TD"
      },
      "geometry": {
        "type": "Point",
        "coordinates": [
          -79.3990511,
          43.6374813
        ]
      },
      "id": "node/12318804020"
    },
    {
      "type": "Feature",
      "properties": {
        "@id": "node/12358054412",
        "amenity": "bank",
        "brand": "RBC",
        "brand:en": "RBC Royal Bank",
        "brand:fr": "RBC Banque Royale",
        "brand:wikidata": "Q735261",
        "check_date": "2024-10-29",
        "name": "RBC Royal Bank",
        "name:en": "RBC Royal Bank",
        "name:fr": "RBC Banque Royale",
        "official_name": "Royal Bank of Canada"
      },
      "geometry": {
        "type": "Point",
        "coordinates": [
          -79.2624599,
          43.7525524
        ]
      },
      "id": "node/12358054412"
    },
    {
      "type": "Feature",
      "properties": {
        "@id": "node/12629203494",
        "addr:city": "Toronto",
        "addr:housenumber": "3401",
        "addr:postcode": "M6A 2T9",
        "addr:street": "Dufferin Street",
        "amenity": "bank",
        "brand": "CIBC",
        "brand:wikidata": "Q666694",
        "check_date": "2026-06-08",
        "name": "CIBC",
        "opening_hours": "Mo-Sa 10:00-21:00; Su 11:00-19:00"
      },
      "geometry": {
        "type": "Point",
        "coordinates": [
          -79.4548396,
          43.7249127
        ]
      },
      "id": "node/12629203494"
    },
    {
      "type": "Feature",
      "properties": {
        "@id": "node/12691612465",
        "addr:housenumber": "420",
        "addr:street": "Dupont Street",
        "amenity": "bank",
        "atm": "yes",
        "brand": "Scotiabank",
        "brand:wikidata": "Q451476",
        "drive_through": "no",
        "name": "Scotiabank",
        "website": "https://locator.scotiabank.com/branch/48272"
      },
      "geometry": {
        "type": "Point",
        "coordinates": [
          -79.4122551,
          43.6737484
        ]
      },
      "id": "node/12691612465"
    },
    {
      "type": "Feature",
      "properties": {
        "@id": "node/12748023031",
        "addr:housenumber": "18",
        "addr:street": "Grenville Street",
        "amenity": "bank",
        "level": "0",
        "name": "Rapport Credit Union"
      },
      "geometry": {
        "type": "Point",
        "coordinates": [
          -79.384553,
          43.6620314
        ]
      },
      "id": "node/12748023031"
    },
    {
      "type": "Feature",
      "properties": {
        "@id": "node/12769276876",
        "amenity": "bank",
        "atm": "yes",
        "brand": "RBC",
        "brand:en": "RBC Royal Bank",
        "brand:fr": "RBC Banque Royale",
        "brand:wikidata": "Q735261",
        "check_date": "2026-06-28",
        "drive_through": "no",
        "name": "RBC",
        "name:en": "RBC Royal Bank",
        "name:fr": "RBC Banque Royale",
        "official_name": "Royal Bank of Canada"
      },
      "geometry": {
        "type": "Point",
        "coordinates": [
          -79.5190213,
          43.6611378
        ]
      },
      "id": "node/12769276876"
    },
    {
      "type": "Feature",
      "properties": {
        "@id": "node/12801262973",
        "alt_name": "Meridian",
        "amenity": "bank",
        "brand": "Meridian Credit Union",
        "brand:wikidata": "Q6819303",
        "check_date": "2026-06-30",
        "name": "Meridian Credit Union",
        "opening_hours": "Mo-We,Fr 09:30-17:00; Th 09:30-18:00; Sa-Su off"
      },
      "geometry": {
        "type": "Point",
        "coordinates": [
          -79.5220908,
          43.6456615
        ]
      },
      "id": "node/12801262973"
    },
    {
      "type": "Feature",
      "properties": {
        "@id": "node/12806431299",
        "addr:housenumber": "900",
        "addr:street": "Dufferin Street",
        "amenity": "bank",
        "check_date": "2026-06-06",
        "name": "Neo"
      },
      "geometry": {
        "type": "Point",
        "coordinates": [
          -79.4355496,
          43.6549856
        ]
      },
      "id": "node/12806431299"
    },
    {
      "type": "Feature",
      "properties": {
        "@id": "node/12823400742",
        "amenity": "bank",
        "brand": "Scotiabank",
        "brand:wikidata": "Q451476",
        "check_date": "2025-05-09",
        "name": "Scotiabank"
      },
      "geometry": {
        "type": "Point",
        "coordinates": [
          -79.3952875,
          43.642575
        ]
      },
      "id": "node/12823400742"
    },
    {
      "type": "Feature",
      "properties": {
        "@id": "node/12829468035",
        "addr:housenumber": "814",
        "addr:street": "St. Clair Avenue West",
        "amenity": "bank",
        "atm": "yes",
        "drive_through": "no",
        "name": "IC Savings Credit Union"
      },
      "geometry": {
        "type": "Point",
        "coordinates": [
          -79.4304908,
          43.680867
        ]
      },
      "id": "node/12829468035"
    },
    {
      "type": "Feature",
      "properties": {
        "@id": "node/12849809168",
        "amenity": "bank",
        "brand": "RBC",
        "brand:en": "RBC Royal Bank",
        "brand:fr": "RBC Banque Royale",
        "brand:wikidata": "Q735261",
        "check_date": "2025-05-19",
        "name": "RBC",
        "name:en": "RBC Royal Bank",
        "name:fr": "RBC Banque Royale",
        "official_name": "Royal Bank of Canada"
      },
      "geometry": {
        "type": "Point",
        "coordinates": [
          -79.3783993,
          43.6408835
        ]
      },
      "id": "node/12849809168"
    },
    {
      "type": "Feature",
      "properties": {
        "@id": "node/12849837348",
        "amenity": "bank",
        "brand": "CIBC",
        "brand:wikidata": "Q666694",
        "check_date": "2025-05-19",
        "name": "CIBC"
      },
      "geometry": {
        "type": "Point",
        "coordinates": [
          -79.3777562,
          43.6436531
        ]
      },
      "id": "node/12849837348"
    },
    {
      "type": "Feature",
      "properties": {
        "@id": "node/12893497690",
        "amenity": "bank",
        "check_date": "2025-06-06",
        "name": "SBI Canada Bank"
      },
      "geometry": {
        "type": "Point",
        "coordinates": [
          -79.3834847,
          43.6466788
        ]
      },
      "id": "node/12893497690"
    },
    {
      "type": "Feature",
      "properties": {
        "@id": "node/12972074251",
        "addr:housenumber": "1291",
        "addr:street": "Dupont Street",
        "amenity": "bank",
        "brand": "BMO",
        "brand:wikidata": "Q806693",
        "name": "BMO",
        "official_name": "Bank of Montreal"
      },
      "geometry": {
        "type": "Point",
        "coordinates": [
          -79.4429851,
          43.6676957
        ]
      },
      "id": "node/12972074251"
    },
    {
      "type": "Feature",
      "properties": {
        "@id": "node/13013615431",
        "addr:housenumber": "557",
        "addr:street": "Danforth Avenue",
        "amenity": "bank",
        "brand": "CIBC",
        "brand:wikidata": "Q666694",
        "brand:wikipedia": "en:Canadian Imperial Bank of Commerce",
        "check_date": "2026-01-10",
        "name": "CIBC",
        "operator": "CIBC"
      },
      "geometry": {
        "type": "Point",
        "coordinates": [
          -79.3474001,
          43.6782597
        ]
      },
      "id": "node/13013615431"
    },
    {
      "type": "Feature",
      "properties": {
        "@id": "node/13013615439",
        "amenity": "bank",
        "check_date": "2026-01-10",
        "name": "Comtech Fire Credit Union"
      },
      "geometry": {
        "type": "Point",
        "coordinates": [
          -79.3480222,
          43.6781479
        ]
      },
      "id": "node/13013615439"
    },
    {
      "type": "Feature",
      "properties": {
        "@id": "node/13013621504",
        "addr:city": "Toronto",
        "addr:housenumber": "649",
        "addr:street": "Pape Avenue",
        "amenity": "bank",
        "brand": "Scotiabank",
        "brand:wikidata": "Q451476",
        "brand:wikipedia": "en:Scotiabank",
        "check_date": "2026-01-10",
        "name": "Scotiabank",
        "website": "http://www.scotiabank.com/",
        "wheelchair": "yes"
      },
      "geometry": {
        "type": "Point",
        "coordinates": [
          -79.344988,
          43.6787378
        ]
      },
      "id": "node/13013621504"
    },
    {
      "type": "Feature",
      "properties": {
        "@id": "node/13016349406",
        "addr:city": "Toronto",
        "amenity": "bank",
        "atm": "yes",
        "brand": "BMO",
        "brand:wikidata": "Q806693",
        "brand:wikipedia": "en:Bank of Montreal",
        "check_date": "2026-01-10",
        "name": "BMO",
        "official_name": "Bank of Montreal",
        "opening_hours": "Mo-We 09:30-17:00; Th-Fr 09:30-19:00; Sa 09:30-16:00; Su off",
        "source": "Bing"
      },
      "geometry": {
        "type": "Point",
        "coordinates": [
          -79.3485339,
          43.6783721
        ]
      },
      "id": "node/13016349406"
    },
    {
      "type": "Feature",
      "properties": {
        "@id": "node/13016349413",
        "addr:city": "Toronto",
        "addr:housenumber": "480",
        "addr:province": "Ontario",
        "addr:street": "Danforth Avenue",
        "alt_name": "TD Canada Trust",
        "amenity": "bank",
        "atm": "yes",
        "brand": "TD",
        "brand:wikidata": "Q1080670",
        "brand:wikipedia": "en:TD Canada Trust",
        "check_date": "2026-01-10",
        "drive_through": "no",
        "name": "TD",
        "opening_hours": "Mo-Fr 09:00-18:00; Sa 09:00-16:00; Su off",
        "source": "Bing",
        "website": "https://www.tdcanadatrust.com/",
        "wheelchair": "yes"
      },
      "geometry": {
        "type": "Point",
        "coordinates": [
          -79.3498377,
          43.6781063
        ]
      },
      "id": "node/13016349413"
    },
    {
      "type": "Feature",
      "properties": {
        "@id": "node/13021914277",
        "addr:city": "Toronto",
        "addr:housenumber": "332",
        "addr:postcode": "M5S 1W6",
        "addr:province": "ON",
        "addr:street": "Bloor Street West",
        "amenity": "bank",
        "atm": "yes",
        "brand": "Scotiabank",
        "brand:wikidata": "Q451476",
        "brand:wikipedia": "en:Scotiabank",
        "drive_through": "no",
        "name": "Scotiabank",
        "opening_hours": "Mo-Fr 09:30-17:00; Sa 09:30-16:00",
        "website": "https://locator.scotiabank.com/branch/90092",
        "wheelchair": "yes"
      },
      "geometry": {
        "type": "Point",
        "coordinates": [
          -79.4036872,
          43.6668586
        ]
      },
      "id": "node/13021914277"
    },
    {
      "type": "Feature",
      "properties": {
        "@id": "node/13124282388",
        "alt_name": "TD Canada Trust",
        "amenity": "bank",
        "brand": "TD",
        "brand:wikidata": "Q1080670",
        "name": "TD"
      },
      "geometry": {
        "type": "Point",
        "coordinates": [
          -79.3562755,
          43.6528118
        ]
      },
      "id": "node/13124282388"
    },
    {
      "type": "Feature",
      "properties": {
        "@id": "node/13370596332",
        "amenity": "bank",
        "brand": "RBC",
        "brand:en": "RBC Royal Bank",
        "brand:fr": "RBC Banque Royale",
        "brand:wikidata": "Q735261",
        "check_date": "2025-12-11",
        "name": "RBC Royal Bank",
        "name:en": "RBC Royal Bank",
        "name:fr": "RBC Banque Royale",
        "official_name": "Royal Bank of Canada"
      },
      "geometry": {
        "type": "Point",
        "coordinates": [
          -79.2500952,
          43.77641
        ]
      },
      "id": "node/13370596332"
    },
    {
      "type": "Feature",
      "properties": {
        "@id": "node/13543888607",
        "addr:housenumber": "2946",
        "addr:street": "Dundas Street West",
        "amenity": "bank",
        "atm": "yes",
        "brand": "BMO",
        "brand:wikidata": "Q806693",
        "check_date": "2026-02-11",
        "name": "BMO",
        "official_name": "Bank of Montreal"
      },
      "geometry": {
        "type": "Point",
        "coordinates": [
          -79.4684089,
          43.6655665
        ]
      },
      "id": "node/13543888607"
    },
    {
      "type": "Feature",
      "properties": {
        "@id": "node/13568233451",
        "addr:housenumber": "1065",
        "addr:postcode": "M8Z 6C4",
        "addr:street": "The Queensway",
        "amenity": "bank",
        "brand": "RBC",
        "brand:en": "RBC Royal Bank",
        "brand:fr": "RBC Banque Royale",
        "brand:wikidata": "Q735261",
        "check_date": "2026-06-23",
        "name": "RBC Royal Bank",
        "name:en": "RBC Royal Bank",
        "name:fr": "RBC Banque Royale",
        "official_name": "Royal Bank of Canada",
        "opening_hours": "Mo-We 09:30-17:00; Th 09:30-20:00; Fr 09:30-18:00; Sa 09:00-16:00; Su closed",
        "phone": "+1-416-253-8465",
        "website": "https://www.rbcroyalbank.com"
      },
      "geometry": {
        "type": "Point",
        "coordinates": [
          -79.5199701,
          43.6221742
        ]
      },
      "id": "node/13568233451"
    },
    {
      "type": "Feature",
      "properties": {
        "@id": "node/13568233452",
        "addr:housenumber": "1075",
        "addr:street": "The Queensway",
        "amenity": "bank",
        "brand": "BMO",
        "brand:wikidata": "Q806693",
        "check_date": "2026-06-23",
        "name": "BMO",
        "official_name": "Bank of Montreal",
        "opening_hours": "Mo-Fr 09:30-17:00; Sa 09:30-16:00; Su closed"
      },
      "geometry": {
        "type": "Point",
        "coordinates": [
          -79.5205763,
          43.6220331
        ]
      },
      "id": "node/13568233452"
    },
    {
      "type": "Feature",
      "properties": {
        "@id": "node/13578076203",
        "addr:housenumber": "3275",
        "addr:postcode": "M4K 1G4",
        "addr:street": "Bayview Avenue",
        "alt_name": "TD Canada Trust",
        "amenity": "bank",
        "brand": "TD",
        "brand:wikidata": "Q1080670",
        "check_date": "2026-02-18",
        "check_date:opening_hours": "2026-02-18",
        "internet_access": "wlan",
        "level": "0",
        "name": "TD",
        "opening_hours": "Mo-Sa 09:00-18:00",
        "phone": "+1-416-223-6310",
        "website": "https://www.td.com/"
      },
      "geometry": {
        "type": "Point",
        "coordinates": [
          -79.3921439,
          43.7912605
        ]
      },
      "id": "node/13578076203"
    },
    {
      "type": "Feature",
      "properties": {
        "@id": "node/13670311074",
        "amenity": "bank",
        "brand": "CIBC",
        "brand:wikidata": "Q666694",
        "check_date": "2026-03-22",
        "name": "CIBC"
      },
      "geometry": {
        "type": "Point",
        "coordinates": [
          -79.5580565,
          43.713379
        ]
      },
      "id": "node/13670311074"
    },
    {
      "type": "Feature",
      "properties": {
        "@id": "node/13746700187",
        "amenity": "bank",
        "brand": "BMO",
        "brand:wikidata": "Q806693",
        "check_date": "2026-04-20",
        "name": "BMO",
        "official_name": "Bank of Montreal"
      },
      "geometry": {
        "type": "Point",
        "coordinates": [
          -79.5570766,
          43.7133915
        ]
      },
      "id": "node/13746700187"
    },
    {
      "type": "Feature",
      "properties": {
        "@id": "node/13921299515",
        "addr:housenumber": "6100",
        "addr:street": "Finch Avenue West",
        "addr:unit": "104",
        "amenity": "bank",
        "atm": "yes",
        "check_date": "2026-06-12",
        "drive_through": "no",
        "name": "Duca",
        "opening_hours": "Mo-We,Fr 09:30-17:00; Th 09:30-19:00; Sa 09:30-13:00; Su off"
      },
      "geometry": {
        "type": "Point",
        "coordinates": [
          -79.5882974,
          43.7429547
        ]
      },
      "id": "node/13921299515"
    },
    {
      "type": "Feature",
      "properties": {
        "@id": "node/13944221883",
        "addr:housenumber": "1667",
        "addr:street": "Dundas Street West",
        "amenity": "bank",
        "check_date": "2026-06-15",
        "name": "Banco Montepio"
      },
      "geometry": {
        "type": "Point",
        "coordinates": [
          -79.437029,
          43.6498205
        ]
      },
      "id": "node/13944221883"
    },
    {
      "type": "Feature",
      "properties": {
        "@id": "node/13990535510",
        "addr:floor": "G",
        "amenity": "bank",
        "brand": "BMO",
        "brand:wikidata": "Q806693",
        "check_date": "2026-07-05",
        "level": "0",
        "name": "BMO",
        "official_name": "Bank of Montreal"
      },
      "geometry": {
        "type": "Point",
        "coordinates": [
          -79.3809656,
          43.6558543
        ]
      },
      "id": "node/13990535510"
    }
  ]
}