{
  "type": "FeatureCollection",
  "generator": "overpass-turbo",
  "copyright": "The data included in this document is from www.openstreetmap.org. The data is made available under ODbL.",
  "timestamp": "2026-07-11T09:16:02Z",
  "features": [
    {
      "type": "Feature",
      "properties": {
        "@id": "way/9105697",
        "addr:city": "Toronto",
        "addr:housenumber": "200",
        "addr:postcode": "M6G 3B6",
        "addr:province": "Ontario",
        "addr:street": "Christie Street",
        "building": "retail",
        "building:levels": "1",
        "building:material": "brick",
        "name": "Fiesta Farms",
        "opening_hours": "M-Sa 08:00-20:00; Su 09:00-19:00; Jan 01 off",
        "roof:colour": "grey",
        "roof:shape": "flat",
        "shop": "supermarket",
        "website": "https://fiestafarms.ca/",
        "@geometry": "center"
      },
      "geometry": {
        "type": "Point",
        "coordinates": [
          -79.420737,
          43.6686756
        ]
      },
      "id": "way/9105697"
    },
    {
      "type": "Feature",
      "properties": {
        "@id": "way/15803442",
        "brand": "FreshCo",
        "brand:wikidata": "Q5502915",
        "brand:wikipedia": "en:FreshCo",
        "building": "retail",
        "building:levels": "1",
        "check_date": "2026-03-21",
        "height": "6 m",
        "name": "FreshCo",
        "old_name": "Price Chopper",
        "shop": "supermarket",
        "@geometry": "center"
      },
      "geometry": {
        "type": "Point",
        "coordinates": [
          -79.4269364,
          43.6434205
        ]
      },
      "id": "way/15803442"
    },
    {
      "type": "Feature",
      "properties": {
        "@id": "way/20344182",
        "addr:city": "Toronto",
        "addr:housenumber": "396",
        "addr:street": "St. Clair Avenue West",
        "atm": "yes",
        "brand": "Loblaws",
        "brand:wikidata": "Q3257626",
        "brand:wikipedia": "en:Loblaws",
        "building": "retail",
        "building:levels": "2",
        "gst_number": "12223-5922 RT0001",
        "layer": "1",
        "name": "Loblaws",
        "phone": "+1-416-651-5166",
        "shop": "supermarket",
        "store_name": "Forest Hill",
        "@geometry": "center"
      },
      "geometry": {
        "type": "Point",
        "coordinates": [
          -79.4154393,
          43.6841711
        ]
      },
      "id": "way/20344182"
    },
    {
      "type": "Feature",
      "properties": {
        "@id": "way/22199522",
        "addr:city": "Toronto",
        "addr:housenumber": "425",
        "addr:street": "Bloor Street West",
        "brand": "Metro",
        "brand:wikidata": "Q1145669",
        "brand:wikipedia": "en:Metro Inc.",
        "building": "retail",
        "building:colour": "beige",
        "building:levels": "1",
        "building:material": "stucco",
        "check_date": "2023-08-15",
        "gst_number": "R105216170",
        "height": "6.5",
        "name": "Metro",
        "opendata:type": "112001",
        "opening_hours": "24/7",
        "opening_hours:covid19": "Mo-Fr 08:00-21:00; Sa-Su 08:00-20:00; 07:00-08:00 \"senior hour\"",
        "phone": "+1 416-923-9099",
        "shop": "supermarket",
        "store_ref": "742",
        "wheelchair": "yes",
        "@geometry": "center"
      },
      "geometry": {
        "type": "Point",
        "coordinates": [
          -79.4048942,
          43.6661764
        ]
      },
      "id": "way/22199522"
    },
    {
      "type": "Feature",
      "properties": {
        "@id": "way/22788329",
        "addr:city": "Toronto",
        "addr:housenumber": "735",
        "addr:postcode": "M6G 1C5",
        "addr:street": "College Street",
        "brand": "Metro",
        "brand:wikidata": "Q1145669",
        "brand:wikipedia": "en:Metro Inc.",
        "building": "retail",
        "building:levels": "1",
        "fixme": "the hours are no longer 24/7, needs update",
        "name": "Metro",
        "opening_hours": "24/7",
        "phone": "+1-416-533-2515",
        "shop": "supermarket",
        "toilets:wheelchair": "yes",
        "wheelchair": "yes",
        "@geometry": "center"
      },
      "geometry": {
        "type": "Point",
        "coordinates": [
          -79.4193942,
          43.6541846
        ]
      },
      "id": "way/22788329"
    },
    {
      "type": "Feature",
      "properties": {
        "@id": "way/22942361",
        "brand": "No Frills",
        "brand:wikidata": "Q3342407",
        "brand:wikipedia": "en:No Frills (grocery store)",
        "building": "retail",
        "building:colour": "white",
        "building:levels": "1",
        "check_date": "2026-03-28",
        "name": "No Frills",
        "shop": "supermarket",
        "@geometry": "center"
      },
      "geometry": {
        "type": "Point",
        "coordinates": [
          -79.5396911,
          43.5942359
        ]
      },
      "id": "way/22942361"
    },
    {
      "type": "Feature",
      "properties": {
        "@id": "way/23225269",
        "addr:city": "Toronto",
        "addr:housenumber": "222",
        "addr:postcode": "M6K 3C6",
        "addr:street": "Lansdowne Avenue",
        "alt_name": "Peter's No Frills",
        "brand": "No Frills",
        "brand:wikidata": "Q3342407",
        "brand:wikipedia": "en:No Frills (grocery store)",
        "building": "retail",
        "building:levels": "1",
        "check_date": "2026-06-27",
        "layer": "1",
        "name": "No Frills",
        "opendata:type": "115001",
        "opening_hours": "Mo-Fr 09:00-21:00; Sa 09:00-17:00; Su 10:00-17:00",
        "payment:cash": "yes",
        "payment:credit_cards": "yes",
        "payment:debit_cards": "yes",
        "phone": "+1-866-987-6453",
        "shop": "supermarket",
        "@geometry": "center"
      },
      "geometry": {
        "type": "Point",
        "coordinates": [
          -79.4404014,
          43.6496634
        ]
      },
      "id": "way/23225269"
    },
    {
      "type": "Feature",
      "properties": {
        "@id": "way/23442035",
        "addr:city": "York",
        "addr:housenumber": "243",
        "addr:street": "Alberta Avenue",
        "alt_name": "Freddie's No Frills",
        "brand": "No Frills",
        "brand:wikidata": "Q3342407",
        "brand:wikipedia": "en:No Frills (grocery store)",
        "building": "retail",
        "name": "No Frills",
        "payment:american_express": "no",
        "payment:cash": "yes",
        "payment:interac": "yes",
        "payment:mastercard": "yes",
        "payment:visa": "no",
        "shop": "supermarket",
        "@geometry": "center"
      },
      "geometry": {
        "type": "Point",
        "coordinates": [
          -79.4337652,
          43.6810635
        ]
      },
      "id": "way/23442035"
    },
    {
      "type": "Feature",
      "properties": {
        "@id": "way/24985307",
        "addr:city": "Toronto",
        "addr:housenumber": "2451",
        "addr:postcode": "M4C 1L1",
        "addr:street": "Danforth Avenue",
        "brand": "Sobeys",
        "brand:wikidata": "Q1143340",
        "brand:wikipedia": "en:Sobeys",
        "building": "retail",
        "check_date": "2025-08-21",
        "gst_number": "R104902135",
        "location_name": "Danforth Sobeys",
        "name": "Sobeys",
        "opening_hours": "24/7",
        "phone": "+1-416-698-6868",
        "shop": "supermarket",
        "store_ref": "938",
        "@geometry": "center"
      },
      "geometry": {
        "type": "Point",
        "coordinates": [
          -79.303906,
          43.687304
        ]
      },
      "id": "way/24985307"
    },
    {
      "type": "Feature",
      "properties": {
        "@id": "way/25428058",
        "addr:city": "Toronto",
        "addr:housenumber": "1015",
        "addr:street": "Broadview Avenue",
        "brand": "Sobeys",
        "brand:wikidata": "Q1143340",
        "brand:wikipedia": "en:Sobeys",
        "building": "retail",
        "building:colour": "red",
        "building:levels": "1",
        "building:material": "brick",
        "gst_number": "R104902135",
        "name": "Sobeys",
        "opening_hours": "24/7",
        "phone": "+1-416-421-5906",
        "ref": "511",
        "shop": "supermarket",
        "wheelchair": "yes",
        "@geometry": "center"
      },
      "geometry": {
        "type": "Point",
        "coordinates": [
          -79.3561861,
          43.684933
        ]
      },
      "id": "way/25428058"
    },
    {
      "type": "Feature",
      "properties": {
        "@id": "way/25636424",
        "addr:city": "Toronto",
        "addr:housenumber": "50",
        "addr:postcode": "M4E 3W2",
        "addr:street": "Musgrave Street",
        "brand": "Loblaws",
        "brand:wikidata": "Q3257626",
        "brand:wikipedia": "en:Loblaws",
        "building": "retail",
        "building:levels": "2",
        "check_date": "2026-03-21",
        "name": "Loblaws",
        "shop": "supermarket",
        "wheelchair": "yes",
        "@geometry": "center"
      },
      "geometry": {
        "type": "Point",
        "coordinates": [
          -79.2882525,
          43.688473
        ]
      },
      "id": "way/25636424"
    },
    {
      "type": "Feature",
      "properties": {
        "@id": "way/25656474",
        "brand": "No Frills",
        "brand:wikidata": "Q3342407",
        "brand:wikipedia": "en:No Frills (grocery store)",
        "building": "retail",
        "building:levels": "1",
        "name": "No Frills",
        "shop": "supermarket",
        "@geometry": "center"
      },
      "geometry": {
        "type": "Point",
        "coordinates": [
          -79.2962295,
          43.708304
        ]
      },
      "id": "way/25656474"
    },
    {
      "type": "Feature",
      "properties": {
        "@id": "way/25795164",
        "addr:city": "Toronto",
        "addr:housenumber": "656",
        "addr:postcode": "M4P 1P1",
        "addr:street": "Eglinton Avenue East",
        "brand": "Metro",
        "brand:wikidata": "Q1145669",
        "brand:wikipedia": "en:Metro Inc.",
        "building": "retail",
        "building:levels": "1",
        "check_date": "2024-05-04",
        "name": "Metro",
        "note": "closed holidays",
        "opening_hours": "24/7",
        "phone": "+1-416-482-7422",
        "shop": "supermarket",
        "wheelchair": "yes",
        "@geometry": "center"
      },
      "geometry": {
        "type": "Point",
        "coordinates": [
          -79.3785851,
          43.7111945
        ]
      },
      "id": "way/25795164"
    },
    {
      "type": "Feature",
      "properties": {
        "@id": "way/25795196",
        "addr:city": "North York",
        "addr:housenumber": "3501",
        "addr:postcode": "M4N 2N5",
        "addr:street": "Yonge Street",
        "brand": "Loblaws",
        "brand:wikidata": "Q3257626",
        "brand:wikipedia": "en:Loblaws",
        "building": "retail",
        "building:levels": "1",
        "check_date": "2026-05-21",
        "gst_number": "12223-5922 RT0001",
        "name": "Loblaws",
        "old_name": "Loblaw Great Food",
        "phone": "+1-416-481-7753",
        "shop": "supermarket",
        "store_name": "Yonge & Yonge",
        "@geometry": "center"
      },
      "geometry": {
        "type": "Point",
        "coordinates": [
          -79.404139,
          43.735417
        ]
      },
      "id": "way/25795196"
    },
    {
      "type": "Feature",
      "properties": {
        "@id": "way/27142400",
        "addr:city": "Richmond Hill",
        "addr:housenumber": "9325",
        "addr:postcode": "L4C 1V4",
        "addr:street": "Yonge Street",
        "alt_name": "Enzo's No Frills",
        "brand": "No Frills",
        "brand:wikidata": "Q3342407",
        "brand:wikipedia": "en:No Frills (grocery store)",
        "building": "retail",
        "building:levels": "1",
        "check_date": "2025-05-25",
        "name": "No Frills",
        "shop": "supermarket",
        "@geometry": "center"
      },
      "geometry": {
        "type": "Point",
        "coordinates": [
          -79.4321461,
          43.8560583
        ]
      },
      "id": "way/27142400"
    },
    {
      "type": "Feature",
      "properties": {
        "@id": "way/28228570",
        "addr:city": "Mississauga",
        "addr:housenumber": "925",
        "addr:province": "Ontario",
        "addr:street": "Rathburn Road East",
        "alt_name": "Marc's No Frills",
        "brand": "No Frills",
        "brand:wikidata": "Q3342407",
        "brand:wikipedia": "en:No Frills (grocery store)",
        "building": "retail",
        "building:levels": "1",
        "check_date": "2025-07-12",
        "name": "No Frills",
        "opening_hours": "Mo-Sa 08:00-21:00; Su 08:00-20:00",
        "shop": "supermarket",
        "website": "https://www.nofrills.ca",
        "wheelchair": "yes",
        "@geometry": "center"
      },
      "geometry": {
        "type": "Point",
        "coordinates": [
          -79.6174106,
          43.6166932
        ]
      },
      "id": "way/28228570"
    },
    {
      "type": "Feature",
      "properties": {
        "@id": "way/28373206",
        "addr:housenumber": "1585",
        "addr:street": "Mississauga Valley Boulevard",
        "brand": "Metro",
        "brand:wikidata": "Q1145669",
        "brand:wikipedia": "en:Metro Inc.",
        "building": "retail",
        "building:levels": "1",
        "check_date": "2025-04-24",
        "fax": "+1-905-566-8149",
        "name": "Metro",
        "opening_hours": "24/7",
        "organic": "yes",
        "phone": "+1-905-566-9100",
        "postal_code": "L5A3W9",
        "shop": "supermarket",
        "@geometry": "center"
      },
      "geometry": {
        "type": "Point",
        "coordinates": [
          -79.6256688,
          43.592186
        ]
      },
      "id": "way/28373206"
    },
    {
      "type": "Feature",
      "properties": {
        "@id": "way/28596077",
        "addr:city": "East York",
        "addr:housenumber": "301",
        "addr:postcode": "M4G 1E1",
        "addr:province": "Ontario",
        "addr:street": "Moore Avenue",
        "brand": "Loblaws",
        "brand:wikidata": "Q3257626",
        "brand:wikipedia": "en:Loblaws",
        "building": "retail",
        "building:colour": "grey",
        "building:levels": "1",
        "name": "Loblaws",
        "opendata:type": "115001",
        "shop": "supermarket",
        "@geometry": "center"
      },
      "geometry": {
        "type": "Point",
        "coordinates": [
          -79.3706916,
          43.6964236
        ]
      },
      "id": "way/28596077"
    },
    {
      "type": "Feature",
      "properties": {
        "@id": "way/28607584",
        "addr:city": "East York",
        "addr:housenumber": "11",
        "addr:postcode": "M4H 1P6",
        "addr:street": "Redway Road",
        "brand": "Loblaws",
        "brand:wikidata": "Q3257626",
        "brand:wikipedia": "en:Loblaws",
        "building": "yes",
        "building:levels": "1",
        "name": "Loblaws",
        "phone": "+1-416-425-5516",
        "shop": "supermarket",
        "store_name": "Millwood & Laird",
        "@geometry": "center"
      },
      "geometry": {
        "type": "Point",
        "coordinates": [
          -79.3596486,
          43.699236
        ]
      },
      "id": "way/28607584"
    },
    {
      "type": "Feature",
      "properties": {
        "@id": "way/29443312",
        "addr:city": "Etobicoke",
        "addr:housenumber": "330",
        "addr:street": "Queen's Plate Drive",
        "brand": "Fortinos",
        "brand:wikidata": "Q5472662",
        "brand:wikipedia": "en:Fortinos",
        "building": "retail",
        "building:colour": "beige",
        "building:levels": "1",
        "check_date": "2026-06-12",
        "name": "Fortinos",
        "shop": "supermarket",
        "wheelchair": "limited",
        "@geometry": "center"
      },
      "geometry": {
        "type": "Point",
        "coordinates": [
          -79.5957535,
          43.7214175
        ]
      },
      "id": "way/29443312"
    },
    {
      "type": "Feature",
      "properties": {
        "@id": "way/31582988",
        "addr:city": "Toronto",
        "addr:housenumber": "720",
        "addr:street": "Broadview Avenue",
        "branch": "George's No Frills",
        "brand": "No Frills",
        "brand:wikidata": "Q3342407",
        "building": "retail",
        "building:levels": "1",
        "check_date": "2026-04-28",
        "flowers": "yes",
        "gst_number": "122235922",
        "name": "No Frills",
        "phone": "+1-416-788-8762",
        "shop": "supermarket",
        "wheelchair": "yes",
        "@geometry": "center"
      },
      "geometry": {
        "type": "Point",
        "coordinates": [
          -79.3584777,
          43.675161
        ]
      },
      "id": "way/31582988"
    },
    {
      "type": "Feature",
      "properties": {
        "@id": "way/31812626",
        "addr:city": "Toronto",
        "addr:housenumber": "100",
        "addr:street": "Lynn Williams Street",
        "brand": "Metro",
        "brand:wikidata": "Q1145669",
        "brand:wikipedia": "en:Metro Inc.",
        "building": "retail",
        "building:levels": "1",
        "check_date": "2025-05-09",
        "name": "Metro",
        "opendata:type": "112001",
        "opening_hours": "Mo-Su 07:00-24:00",
        "opening_hours:covid19": "Mo-Su 08:00-20:00",
        "shop": "supermarket",
        "toilets:wheelchair": "yes",
        "wheelchair": "yes",
        "@geometry": "center"
      },
      "geometry": {
        "type": "Point",
        "coordinates": [
          -79.4178224,
          43.639998
        ]
      },
      "id": "way/31812626"
    },
    {
      "type": "Feature",
      "properties": {
        "@id": "way/32358150",
        "addr:housenumber": "25",
        "addr:postcode": "M6M 0A1",
        "addr:street": "Photography Drive",
        "brand": "No Frills",
        "brand:wikidata": "Q3342407",
        "brand:wikipedia": "en:No Frills (grocery store)",
        "building": "retail",
        "building:levels": "1",
        "check_date": "2026-05-30",
        "name": "No Frills",
        "opening_hours": "08:00-21:00",
        "phone": "+1-866-987-6453",
        "shop": "supermarket",
        "@geometry": "center"
      },
      "geometry": {
        "type": "Point",
        "coordinates": [
          -79.4838342,
          43.6866685
        ]
      },
      "id": "way/32358150"
    },
    {
      "type": "Feature",
      "properties": {
        "@id": "way/32359112",
        "addr:city": "Etobicoke",
        "addr:housenumber": "245",
        "addr:street": "Dixon Road",
        "brand": "No Frills",
        "brand:wikidata": "Q3342407",
        "brand:wikipedia": "en:No Frills (grocery store)",
        "building": "retail",
        "building:levels": "1",
        "check_date": "2026-03-22",
        "name": "No Frills",
        "opendata:type": "107010",
        "shop": "supermarket",
        "@geometry": "center"
      },
      "geometry": {
        "type": "Point",
        "coordinates": [
          -79.54493,
          43.695874
        ]
      },
      "id": "way/32359112"
    },
    {
      "type": "Feature",
      "properties": {
        "@id": "way/32539181",
        "addr:city": "North York",
        "addr:housenumber": "2549",
        "addr:street": "Weston Road",
        "brand": "Real Canadian Superstore",
        "brand:wikidata": "Q7300856",
        "brand:wikipedia": "en:Real Canadian Superstore",
        "building": "retail",
        "building:levels": "2",
        "check_date": "2026-04-21",
        "name": "Real Canadian Superstore",
        "phone": "+1-416-246-9192",
        "shop": "supermarket",
        "website": "https://www.realcanadiansuperstore.ca/store-locator/details/2800",
        "@geometry": "center"
      },
      "geometry": {
        "type": "Point",
        "coordinates": [
          -79.5337029,
          43.7101809
        ]
      },
      "id": "way/32539181"
    },
    {
      "type": "Feature",
      "properties": {
        "@id": "way/32630677",
        "addr:city": "North York",
        "addr:housenumber": "1450",
        "addr:street": "Lawrence Avenue East",
        "alt_name": "Rosa's No Frills",
        "brand": "No Frills",
        "brand:wikidata": "Q3342407",
        "brand:wikipedia": "en:No Frills (grocery store)",
        "building": "retail",
        "check_date": "2025-06-08",
        "name": "No Frills",
        "pharmacy": "yes",
        "shop": "supermarket",
        "@geometry": "center"
      },
      "geometry": {
        "type": "Point",
        "coordinates": [
          -79.3107155,
          43.7426245
        ]
      },
      "id": "way/32630677"
    },
    {
      "type": "Feature",
      "properties": {
        "@id": "way/32651959",
        "addr:city": "Toronto",
        "brand": "No Frills",
        "brand:wikidata": "Q3342407",
        "brand:wikipedia": "en:No Frills (grocery store)",
        "building": "retail",
        "building:levels": "1",
        "check_date": "2026-03-21",
        "name": "No Frills",
        "shop": "supermarket",
        "@geometry": "center"
      },
      "geometry": {
        "type": "Point",
        "coordinates": [
          -79.266995,
          43.73346
        ]
      },
      "id": "way/32651959"
    },
    {
      "type": "Feature",
      "properties": {
        "@id": "way/32653773",
        "addr:housenumber": "8",
        "addr:postcode": "M1P 5B7",
        "addr:street": "William Kitchen Road",
        "building": "retail",
        "building:colour": "grey",
        "building:levels": "1",
        "level": "0",
        "name": "Foody World",
        "shop": "supermarket",
        "wheelchair": "yes",
        "@geometry": "center"
      },
      "geometry": {
        "type": "Point",
        "coordinates": [
          -79.2800985,
          43.7719175
        ]
      },
      "id": "way/32653773"
    },
    {
      "type": "Feature",
      "properties": {
        "@id": "way/32728817",
        "addr:city": "Etobicoke",
        "addr:housenumber": "900",
        "addr:postcode": "M9V 1A5",
        "addr:street": "Albion Road",
        "brand": "Food Basics",
        "brand:wikidata": "Q5465300",
        "brand:wikipedia": "en:Food Basics",
        "building": "retail",
        "check_date": "2026-06-16",
        "name": "Food Basics",
        "phone": "+1-416-743-4485",
        "shop": "supermarket",
        "toilets:wheelchair": "yes",
        "wheelchair": "yes",
        "@geometry": "center"
      },
      "geometry": {
        "type": "Point",
        "coordinates": [
          -79.5596355,
          43.73555
        ]
      },
      "id": "way/32728817"
    },
    {
      "type": "Feature",
      "properties": {
        "@id": "way/33298476",
        "addr:city": "Mississauga",
        "addr:housenumber": "2561",
        "addr:postcode": "L4Y 1S4",
        "addr:province": "ON",
        "addr:street": "Stanfield Road",
        "brand": "Marché Adonis",
        "brand:wikidata": "Q20707426",
        "building": "retail",
        "building:colour": "beige",
        "building:levels": "1",
        "check_date": "2026-05-25",
        "name": "Marché Adonis",
        "shop": "supermarket",
        "@geometry": "center"
      },
      "geometry": {
        "type": "Point",
        "coordinates": [
          -79.5880909,
          43.6027888
        ]
      },
      "id": "way/33298476"
    },
    {
      "type": "Feature",
      "properties": {
        "@id": "way/33357608",
        "addr:city": "Toronto",
        "addr:housenumber": "380",
        "addr:postcode": "M9B 6L5",
        "addr:province": "ON",
        "addr:street": "The East Mall",
        "alcohol": "yes",
        "brand": "Loblaws",
        "brand:wikidata": "Q3257626",
        "brand:wikipedia": "en:Loblaws",
        "building": "retail",
        "building:levels": "2",
        "check_date": "2025-05-04",
        "hst_number": "12223-5922 RT0001",
        "manager": "Carly Auburger",
        "name": "Loblaws Great Food",
        "opening_hours": "Mo-Su 07:00-23:00",
        "payment:mastercard": "yes",
        "phone": "+1-416-695-8990",
        "shop": "supermarket",
        "@geometry": "center"
      },
      "geometry": {
        "type": "Point",
        "coordinates": [
          -79.5600686,
          43.6439272
        ]
      },
      "id": "way/33357608"
    },
    {
      "type": "Feature",
      "properties": {
        "@id": "way/33408339",
        "addr:city": "Etobicoke",
        "addr:housenumber": "125",
        "addr:street": "The Queensway",
        "alt_name": "Queensway Sobeys",
        "brand": "Sobeys",
        "brand:wikidata": "Q1143340",
        "brand:wikipedia": "en:Sobeys",
        "building": "retail",
        "building:colour": "red",
        "building:levels": "1",
        "building:material": "brick",
        "name": "Sobeys",
        "opening_hours": "24/7",
        "phone": "+1-416-259-1758",
        "shop": "supermarket",
        "@geometry": "center"
      },
      "geometry": {
        "type": "Point",
        "coordinates": [
          -79.4804127,
          43.630667
        ]
      },
      "id": "way/33408339"
    },
    {
      "type": "Feature",
      "properties": {
        "@id": "way/33459330",
        "addr:city": "Etobicoke",
        "addr:housenumber": "165",
        "addr:postcode": "M9C 1A7",
        "addr:province": "ON",
        "addr:street": "North Queen Street",
        "brand": "Walmart",
        "brand:wikidata": "Q483551",
        "brand:wikipedia": "en:Walmart",
        "building": "retail",
        "building:levels": "1",
        "check_date": "2026-06-14",
        "hst_number": "137466199 RT0001",
        "name": "Walmart Supercentre",
        "opening_hours": "7:00-23:00",
        "payment:mastercard": "yes",
        "phone": "+1-416-239-7090",
        "shop": "supermarket",
        "store_ref": "3031",
        "website": "https://www.walmart.ca/en/stores-near-me/etobicoke-ontario-3031",
        "website:en": "https://www.walmart.ca/en/stores-near-me/etobicoke-ontario-3031",
        "website:fr": "https://www.walmart.ca/fr/magasins-pres-de-chez-moi/etobicoke-ontario-3031",
        "@geometry": "center"
      },
      "geometry": {
        "type": "Point",
        "coordinates": [
          -79.5541434,
          43.6183846
        ]
      },
      "id": "way/33459330"
    },
    {
      "type": "Feature",
      "properties": {
        "@id": "way/33541951",
        "addr:city": "Toronto",
        "brand": "Metro",
        "brand:wikidata": "Q1145669",
        "brand:wikipedia": "en:Metro Inc.",
        "building": "retail",
        "name": "Metro",
        "opening_hours": "24/7",
        "shop": "supermarket",
        "@geometry": "center"
      },
      "geometry": {
        "type": "Point",
        "coordinates": [
          -79.216397,
          43.742828
        ]
      },
      "id": "way/33541951"
    },
    {
      "type": "Feature",
      "properties": {
        "@id": "way/33590548",
        "alt_name": "Chris' No Frills",
        "brand": "No Frills",
        "brand:wikidata": "Q3342407",
        "brand:wikipedia": "en:No Frills (grocery store)",
        "building": "retail",
        "name": "No Frills",
        "shop": "supermarket",
        "@geometry": "center"
      },
      "geometry": {
        "type": "Point",
        "coordinates": [
          -79.5796807,
          43.6503388
        ]
      },
      "id": "way/33590548"
    },
    {
      "type": "Feature",
      "properties": {
        "@id": "way/33746344",
        "addr:city": "Toronto",
        "addr:housenumber": "5545",
        "addr:street": "Yonge Street",
        "alt_name:ko": "H 마트",
        "branch": "Finch",
        "brand": "H Mart",
        "brand:wikidata": "Q5636306",
        "brand:wikipedia": "en:H Mart",
        "building": "retail",
        "check_date": "2025-12-13",
        "cuisine": "asian",
        "name": "H Mart",
        "name:en": "H Mart",
        "name:ko": "한아름",
        "name:zh-Hans": "韩亚龙",
        "name:zh-Hant": "韓亞龍",
        "shop": "supermarket",
        "@geometry": "center"
      },
      "geometry": {
        "type": "Point",
        "coordinates": [
          -79.4148922,
          43.7786404
        ]
      },
      "id": "way/33746344"
    },
    {
      "type": "Feature",
      "properties": {
        "@id": "way/34081664",
        "check_date": "2025-08-02",
        "name": "Burnhamthorpe Fruit Market",
        "shop": "supermarket",
        "@geometry": "center"
      },
      "geometry": {
        "type": "Point",
        "coordinates": [
          -79.6014701,
          43.6222835
        ]
      },
      "id": "way/34081664"
    },
    {
      "type": "Feature",
      "properties": {
        "@id": "way/39525240",
        "addr:city": "Richmond Hill",
        "addr:housenumber": "255",
        "addr:province": "Ontario",
        "addr:street": "Silver Linden Drive",
        "brand": "Walmart",
        "brand:wikidata": "Q483551",
        "brand:wikipedia": "en:Walmart",
        "building": "retail",
        "building:colour": "blue;white;orange",
        "building:levels": "1",
        "building:material": "concrete",
        "internal_ref": "1116",
        "name": "Walmart Supercentre",
        "old_name": "Sam's Club",
        "opening_hours": "Mo-Su 07:00-22:00",
        "operator": "Walmart",
        "operator:wikidata": "Q483551",
        "operator:wikipedia": "en:Walmart",
        "phone": "+1 905-747-0628",
        "roof:colour": "grey",
        "roof:shape": "flat",
        "shop": "supermarket",
        "website": "https://www.walmart.ca/en/stores-near-me/richmond-hill-south-1116",
        "website:en": "https://www.walmart.ca/en/stores-near-me/richmond-hill-south-1116",
        "website:fr": "https://www.walmart.ca/fr/magasins-pres-de-chez-moi/richmond-hill-south-1116",
        "@geometry": "center"
      },
      "geometry": {
        "type": "Point",
        "coordinates": [
          -79.4160126,
          43.8420247
        ]
      },
      "id": "way/39525240"
    },
    {
      "type": "Feature",
      "properties": {
        "@id": "way/39525255",
        "brand": "Loblaws",
        "brand:wikidata": "Q3257626",
        "brand:wikipedia": "en:Loblaws",
        "building": "retail",
        "building:colour": "green",
        "check_date": "2025-09-14",
        "level": "2",
        "name": "Loblaws",
        "note": "Joe Fresh",
        "opening_hours": "Mo-Su 07:00-22:00",
        "phone": "+19057711066",
        "shop": "supermarket",
        "website": "https://www.loblaws.ca/store-locator/details/1028",
        "@geometry": "center"
      },
      "geometry": {
        "type": "Point",
        "coordinates": [
          -79.4108719,
          43.8431329
        ]
      },
      "id": "way/39525255"
    },
    {
      "type": "Feature",
      "properties": {
        "@id": "way/43804408",
        "addr:city": "Toronto",
        "addr:housenumber": "10",
        "addr:street": "Lower Jarvis Street",
        "brand": "Loblaws",
        "brand:wikidata": "Q3257626",
        "brand:wikipedia": "en:Loblaws",
        "building": "retail",
        "building:levels": "2",
        "check_date": "2025-02-06",
        "internet_access": "wlan",
        "internet_access:fee": "no",
        "name": "Loblaws",
        "opening_hours": "07:00-22:00",
        "payment:cash": "yes",
        "payment:credit_cards": "yes",
        "payment:debit_cards": "yes",
        "shop": "supermarket",
        "wheelchair": "yes",
        "@geometry": "center"
      },
      "geometry": {
        "type": "Point",
        "coordinates": [
          -79.3697679,
          43.6442944
        ]
      },
      "id": "way/43804408"
    },
    {
      "type": "Feature",
      "properties": {
        "@id": "way/43806053",
        "addr:city": "Toronto",
        "addr:housenumber": "2742",
        "addr:street": "Eglinton Avenue East",
        "brand": "No Frills",
        "brand:wikidata": "Q3342407",
        "brand:wikipedia": "en:No Frills (grocery store)",
        "building": "retail",
        "building:levels": "1",
        "check_date": "2026-03-21",
        "name": "No Frills",
        "opendata:type": "115001",
        "shop": "supermarket",
        "@geometry": "center"
      },
      "geometry": {
        "type": "Point",
        "coordinates": [
          -79.2466115,
          43.737652
        ]
      },
      "id": "way/43806053"
    },
    {
      "type": "Feature",
      "properties": {
        "@id": "way/43806453",
        "building": "retail",
        "check_date": "2026-05-25",
        "name": "C&C Supermarket",
        "opening_hours": "09:00-23:00",
        "shop": "supermarket",
        "@geometry": "center"
      },
      "geometry": {
        "type": "Point",
        "coordinates": [
          -79.34162,
          43.7254127
        ]
      },
      "id": "way/43806453"
    },
    {
      "type": "Feature",
      "properties": {
        "@id": "way/43807862",
        "addr:city": "North York",
        "addr:housenumber": "270",
        "addr:street": "Wilson Avenue",
        "brand": "No Frills",
        "brand:wikidata": "Q3342407",
        "brand:wikipedia": "en:No Frills (grocery store)",
        "building": "retail",
        "building:colour": "white",
        "building:levels": "1",
        "check_date": "2026-01-17",
        "name": "No Frills",
        "opening_hours": "Mo-Su 08:00-21:00",
        "shop": "supermarket",
        "@geometry": "center"
      },
      "geometry": {
        "type": "Point",
        "coordinates": [
          -79.4331471,
          43.7377597
        ]
      },
      "id": "way/43807862"
    },
    {
      "type": "Feature",
      "properties": {
        "@id": "way/43809727",
        "addr:housenumber": "220",
        "addr:street": "Royal York Road",
        "brand": "No Frills",
        "brand:wikidata": "Q3342407",
        "brand:wikipedia": "en:No Frills (grocery store)",
        "building": "retail",
        "building:levels": "1",
        "name": "No Frills",
        "shop": "supermarket",
        "@geometry": "center"
      },
      "geometry": {
        "type": "Point",
        "coordinates": [
          -79.4978749,
          43.6122268
        ]
      },
      "id": "way/43809727"
    },
    {
      "type": "Feature",
      "properties": {
        "@id": "node/48553740",
        "alt_name": "IGA",
        "brand": "Foodland",
        "brand:wikidata": "Q5465554",
        "brand:wikipedia": "en:Foodland (Canada)",
        "check_date": "2026-01-10",
        "name": "Foodland",
        "phone": "+1-416-466-5371",
        "shop": "supermarket"
      },
      "geometry": {
        "type": "Point",
        "coordinates": [
          -79.3457523,
          43.6786172
        ]
      },
      "id": "node/48553740"
    },
    {
      "type": "Feature",
      "properties": {
        "@id": "way/55055636",
        "brand": "Fortinos",
        "brand:wikidata": "Q5472662",
        "brand:wikipedia": "en:Fortinos",
        "building": "retail",
        "check_date": "2025-06-07",
        "contact:instagram": "fortinosmaple",
        "internet_access": "wlan",
        "name": "Fortinos",
        "opening_hours": "Mo-Fr 07:00-21:00; Sa-Su 07:00-20:00",
        "shop": "supermarket",
        "source": "Yahoo",
        "website": "https://www.fortinos.ca/store-locator/details/5547",
        "@geometry": "center"
      },
      "geometry": {
        "type": "Point",
        "coordinates": [
          -79.532817,
          43.849213
        ]
      },
      "id": "way/55055636"
    },
    {
      "type": "Feature",
      "properties": {
        "@id": "way/56012919",
        "brand": "Fortinos",
        "brand:wikidata": "Q5472662",
        "brand:wikipedia": "en:Fortinos",
        "building": "retail",
        "building:levels": "1",
        "check_date": "2025-05-04",
        "name": "Fortinos",
        "opening_hours": "Mo-Fr 07:00-21:00; Sa,Su 07:00-20:00",
        "shop": "supermarket",
        "@geometry": "center"
      },
      "geometry": {
        "type": "Point",
        "coordinates": [
          -79.5547184,
          43.7889854
        ]
      },
      "id": "way/56012919"
    },
    {
      "type": "Feature",
      "properties": {
        "@id": "way/56223309",
        "addr:city": "Markham",
        "addr:housenumber": "7866",
        "addr:province": "Ontario",
        "addr:street": "Kennedy Road",
        "building": "retail",
        "name": "冠業超市 First Choice Supermarket",
        "note": "has chinese & english lettering on sign",
        "shop": "supermarket",
        "source": "yahoo",
        "@geometry": "center"
      },
      "geometry": {
        "type": "Point",
        "coordinates": [
          -79.306586,
          43.846327
        ]
      },
      "id": "way/56223309"
    },
    {
      "type": "Feature",
      "properties": {
        "@id": "way/57386795",
        "alt_name": "Leonetti’s No Frills",
        "brand": "No Frills",
        "brand:wikidata": "Q3342407",
        "brand:wikipedia": "en:No Frills (grocery store)",
        "building": "retail",
        "building:colour": "white",
        "building:levels": "1",
        "check_date": "2025-05-04",
        "name": "No Frills",
        "shop": "supermarket",
        "@geometry": "center"
      },
      "geometry": {
        "type": "Point",
        "coordinates": [
          -79.5027264,
          43.7013161
        ]
      },
      "id": "way/57386795"
    },
    {
      "type": "Feature",
      "properties": {
        "@id": "way/57869520",
        "addr:city": "Toronto",
        "addr:housenumber": "17",
        "addr:postcode": "M4M 3H9",
        "addr:province": "ON",
        "addr:street": "Leslie Street",
        "brand": "Loblaws",
        "brand:wikidata": "Q3257626",
        "brand:wikipedia": "en:Loblaws",
        "building": "retail",
        "building:levels": "1",
        "name": "Loblaws",
        "shop": "supermarket",
        "website": "https://www.loblaws.ca/en/store-locator/details/1004",
        "@geometry": "center"
      },
      "geometry": {
        "type": "Point",
        "coordinates": [
          -79.3283455,
          43.6610298
        ]
      },
      "id": "way/57869520"
    },
    {
      "type": "Feature",
      "properties": {
        "@id": "way/59252690",
        "addr:housenumber": "748",
        "addr:street": "The Queensway",
        "alt_name": "Cosimo's No Frills",
        "brand": "No Frills",
        "brand:wikidata": "Q3342407",
        "brand:wikipedia": "en:No Frills (grocery store)",
        "building": "retail",
        "building:colour": "white",
        "building:levels": "1",
        "building:material": "siding",
        "check_date": "2026-06-21",
        "name": "No Frills",
        "shop": "supermarket",
        "@geometry": "center"
      },
      "geometry": {
        "type": "Point",
        "coordinates": [
          -79.5032785,
          43.6265496
        ]
      },
      "id": "way/59252690"
    },
    {
      "type": "Feature",
      "properties": {
        "@id": "way/62365021",
        "addr:city": "Vaughan",
        "addr:housenumber": "100",
        "addr:postcode": "L4K 3Y8",
        "addr:street": "Edgeley Boulevard",
        "building": "retail",
        "building:levels": "1",
        "check_date": "2026-02-15",
        "name": "Mapletri Supermarket",
        "shop": "supermarket",
        "@geometry": "center"
      },
      "geometry": {
        "type": "Point",
        "coordinates": [
          -79.5344009,
          43.7957427
        ]
      },
      "id": "way/62365021"
    },
    {
      "type": "Feature",
      "properties": {
        "@id": "way/67141373",
        "addr:housenumber": "850",
        "addr:postcode": "M1P 2W5",
        "addr:street": "Ellesmere Road",
        "branch": "Scarborough",
        "building": "retail",
        "building:colour": "white",
        "building:levels": "1",
        "contact:facebook": "HighlandFarmsON",
        "contact:instagram": "highlandfarmson",
        "name": "Highland Farms",
        "opendata:type": "112001",
        "opening_hours": "Mo-Sa 07:00-22:00; Su 08:00-20:00",
        "phone": "+1-416-298-1999",
        "shop": "supermarket",
        "@geometry": "center"
      },
      "geometry": {
        "type": "Point",
        "coordinates": [
          -79.283576,
          43.7658865
        ]
      },
      "id": "way/67141373"
    },
    {
      "type": "Feature",
      "properties": {
        "@id": "way/67579898",
        "addr:city": "Thornhill",
        "addr:housenumber": "7040",
        "addr:postcode": "L4J 1V7",
        "addr:street": "Yonge Street",
        "building": "retail",
        "building:colour": "white",
        "building:levels": "1",
        "check_date": "2026-02-16",
        "check_date:opening_hours": "2026-02-16",
        "internet_access": "wlan",
        "level": "0",
        "name": "Galleria 갤러리아",
        "name:en": "Galleria",
        "name:ko": "갤러리아",
        "opening_hours": "Mo-Su 07:00-00:00",
        "phone": "+1-905-882-0040",
        "shop": "supermarket",
        "website": "http://www.galleriasm.com",
        "@geometry": "center"
      },
      "geometry": {
        "type": "Point",
        "coordinates": [
          -79.4213675,
          43.798873
        ]
      },
      "id": "way/67579898"
    },
    {
      "type": "Feature",
      "properties": {
        "@id": "way/70510705",
        "addr:city": "Toronto",
        "addr:housenumber": "1255",
        "addr:street": "Markham Road",
        "building": "retail",
        "building:levels": "1",
        "name": "Panchvati Supermarket",
        "opendata:type": "112001",
        "shop": "supermarket",
        "@geometry": "center"
      },
      "geometry": {
        "type": "Point",
        "coordinates": [
          -79.2325355,
          43.780479
        ]
      },
      "id": "way/70510705"
    },
    {
      "type": "Feature",
      "properties": {
        "@id": "way/70585560",
        "addr:city": "Toronto",
        "building": "retail",
        "name": "Coppa's",
        "shop": "supermarket",
        "website": "https://www.highlandfarms.ca/",
        "@geometry": "center"
      },
      "geometry": {
        "type": "Point",
        "coordinates": [
          -79.1665655,
          43.771834
        ]
      },
      "id": "way/70585560"
    },
    {
      "type": "Feature",
      "properties": {
        "@id": "way/90306823",
        "addr:city": "Toronto",
        "addr:housenumber": "985",
        "addr:street": "Woodbine Avenue",
        "brand": "Valu-mart",
        "brand:wikidata": "Q7912687",
        "brand:wikipedia": "en:Valu-mart",
        "building": "retail",
        "building:levels": "1",
        "dispensing": "yes",
        "name": "Valu-mart",
        "opening_hours": "Mo-Su 07:00-22:00",
        "shop": "supermarket",
        "website": "https://www.valumart.ca/en/store-locator/details/7975",
        "wheelchair": "yes",
        "@geometry": "center"
      },
      "geometry": {
        "type": "Point",
        "coordinates": [
          -79.3125497,
          43.6861548
        ]
      },
      "id": "way/90306823"
    },
    {
      "type": "Feature",
      "properties": {
        "@id": "way/105154475",
        "addr:city": "Toronto",
        "addr:housenumber": "3142",
        "addr:street": "Yonge Street",
        "brand": "Metro",
        "brand:wikidata": "Q1145669",
        "brand:wikipedia": "en:Metro Inc.",
        "building": "retail",
        "building:levels": "1",
        "check_date": "2026-05-21",
        "name": "Metro",
        "opendata:type": "115001",
        "opening_hours": "Mo-Su 8:00-21:00",
        "shop": "supermarket",
        "source": "Bing",
        "website": "https://www.metro.ca/en",
        "wheelchair": "yes",
        "@geometry": "center"
      },
      "geometry": {
        "type": "Point",
        "coordinates": [
          -79.4031372,
          43.726818
        ]
      },
      "id": "way/105154475"
    },
    {
      "type": "Feature",
      "properties": {
        "@id": "way/105185633",
        "brand": "No Frills",
        "brand:wikidata": "Q3342407",
        "brand:wikipedia": "en:No Frills (grocery store)",
        "building": "retail",
        "building:levels": "1",
        "name": "No Frills",
        "shop": "supermarket",
        "source": "Bing",
        "@geometry": "center"
      },
      "geometry": {
        "type": "Point",
        "coordinates": [
          -79.4685951,
          43.6642684
        ]
      },
      "id": "way/105185633"
    },
    {
      "type": "Feature",
      "properties": {
        "@id": "way/106710883",
        "addr:city": "Toronto",
        "addr:housenumber": "3089",
        "addr:street": "Lake Shore Boulevard West",
        "brand": "Rabba",
        "brand:wikidata": "Q109659398",
        "building": "retail",
        "building:levels": "1",
        "name": "Rabba",
        "opening_hours": "24/7",
        "shop": "supermarket",
        "source": "Bing",
        "@geometry": "center"
      },
      "geometry": {
        "type": "Point",
        "coordinates": [
          -79.5120065,
          43.598902
        ]
      },
      "id": "way/106710883"
    },
    {
      "type": "Feature",
      "properties": {
        "@id": "way/107771908",
        "addr:city": "York",
        "addr:housenumber": "1951",
        "addr:street": "Eglinton Avenue West",
        "brand": "No Frills",
        "brand:wikidata": "Q3342407",
        "brand:wikipedia": "en:No Frills (grocery store)",
        "building": "retail",
        "building:levels": "2",
        "name": "No Frills",
        "shop": "supermarket",
        "source": "Bing",
        "@geometry": "center"
      },
      "geometry": {
        "type": "Point",
        "coordinates": [
          -79.453032,
          43.6947755
        ]
      },
      "id": "way/107771908"
    },
    {
      "type": "Feature",
      "properties": {
        "@id": "way/112761000",
        "addr:housenumber": "3671",
        "addr:street": "Dundas Street West",
        "brand": "Loblaws",
        "brand:wikidata": "Q3257626",
        "brand:wikipedia": "en:Loblaws",
        "building": "retail",
        "building:colour": "red",
        "building:levels": "1",
        "building:material": "brick",
        "check_date": "2026-05-27",
        "name": "Loblaws",
        "old_name": "Loblaws",
        "shop": "supermarket",
        "source": "Bing",
        "wheelchair": "yes",
        "@geometry": "center"
      },
      "geometry": {
        "type": "Point",
        "coordinates": [
          -79.4959023,
          43.6653609
        ]
      },
      "id": "way/112761000"
    },
    {
      "type": "Feature",
      "properties": {
        "@id": "way/114706720",
        "addr:city": "Toronto",
        "addr:street": "McCowan Road",
        "brand": "FreshCo",
        "brand:wikidata": "Q5502915",
        "brand:wikipedia": "en:FreshCo",
        "building": "retail",
        "building:colour": "grey",
        "building:levels": "1",
        "check_date": "2026-03-21",
        "name": "FreshCo",
        "old_name": "Price Chopper",
        "opening_hours": "Mo-Su 07:00-22:00",
        "shop": "supermarket",
        "@geometry": "center"
      },
      "geometry": {
        "type": "Point",
        "coordinates": [
          -79.2513095,
          43.774013
        ]
      },
      "id": "way/114706720"
    },
    {
      "type": "Feature",
      "properties": {
        "@id": "node/118421701",
        "addr:housenumber": "150",
        "addr:street": "Dundas Street West",
        "air_conditioning": "yes",
        "check_date": "2026-06-27",
        "level": "0",
        "name": "Petra Ave Market",
        "shop": "supermarket",
        "website": "https://petra-ave-market-store.onrender.com/",
        "wheelchair": "yes"
      },
      "geometry": {
        "type": "Point",
        "coordinates": [
          -79.3854337,
          43.6555295
        ]
      },
      "id": "node/118421701"
    },
    {
      "type": "Feature",
      "properties": {
        "@id": "way/129311114",
        "addr:city": "North York",
        "addr:housenumber": "825",
        "addr:postcode": "M3C 1V4",
        "addr:province": "ON",
        "addr:street": "Don Mills Road",
        "branch": "Don Mills and Eglinton",
        "brand": "Real Canadian Superstore",
        "brand:wikidata": "Q7300856",
        "brand:wikipedia": "en:Real Canadian Superstore",
        "building": "retail",
        "building:levels": "2",
        "check_date": "2026-04-03",
        "gst_number": "12223-5922 RT0001",
        "name": "Real Canadian Superstore",
        "opening_hours": "Su-Mo 07:00-23:00",
        "operator": "Loblaws",
        "phone": "+1-416-391-0080",
        "self_checkout": "yes",
        "shop": "supermarket",
        "store_name": "Don Mills & Eglinton",
        "website": "https://www.realcanadiansuperstore.ca/store-locator/details/1077",
        "@geometry": "center"
      },
      "geometry": {
        "type": "Point",
        "coordinates": [
          -79.3375015,
          43.7226855
        ]
      },
      "id": "way/129311114"
    },
    {
      "type": "Feature",
      "properties": {
        "@id": "way/132782622",
        "building": "commercial",
        "name": "Yummy Market",
        "shop": "supermarket",
        "@geometry": "center"
      },
      "geometry": {
        "type": "Point",
        "coordinates": [
          -79.4680762,
          43.7647305
        ]
      },
      "id": "way/132782622"
    },
    {
      "type": "Feature",
      "properties": {
        "@id": "way/138155262",
        "addr:city": "York",
        "addr:housenumber": "2525",
        "addr:postcode": "M6N 4Z5",
        "addr:street": "St. Clair Avenue West",
        "brand": "Walmart",
        "brand:wikidata": "Q483551",
        "brand:wikipedia": "en:Walmart",
        "building": "retail",
        "check_date": "2025-11-29",
        "name": "Walmart Supercentre",
        "opening_hours": "Mo-Su 07:00-23:00",
        "operator": "Walmart",
        "operator:wikidata": "Q483551",
        "operator:wikipedia": "en:Walmart",
        "payment:mastercard": "yes",
        "phone": "+1-416-763-7325",
        "self_checkout": "yes",
        "shop": "supermarket",
        "source": "DineSafe",
        "website": "https://www.walmart.ca/en/stores-near-me/toronto-stockyards-on-1004",
        "website:en": "https://www.walmart.ca/en/stores-near-me/toronto-stockyards-on-1004",
        "website:fr": "https://www.walmart.ca/fr/magasins-pres-de-chez-moi/toronto-stockyards-on-1004",
        "@geometry": "center"
      },
      "geometry": {
        "type": "Point",
        "coordinates": [
          -79.484656,
          43.667925
        ]
      },
      "id": "way/138155262"
    },
    {
      "type": "Feature",
      "properties": {
        "@id": "way/139272923",
        "addr:city": "Toronto",
        "addr:housenumber": "4869",
        "addr:postcode": "M9A 1B2",
        "addr:province": "ON",
        "addr:street": "Dundas Street West",
        "brand": "Rabba",
        "brand:wikidata": "Q109659398",
        "building": "retail",
        "check_date": "2026-06-28",
        "name": "Rabba",
        "opening_hours": "24/7",
        "payment:interac": "yes",
        "phone": "+1-416-234-0609",
        "shop": "supermarket",
        "source": "Bing",
        "store_ref": "127",
        "@geometry": "center"
      },
      "geometry": {
        "type": "Point",
        "coordinates": [
          -79.527146,
          43.650067
        ]
      },
      "id": "way/139272923"
    },
    {
      "type": "Feature",
      "properties": {
        "@id": "way/148808775",
        "addr:city": "Mississauga",
        "addr:housenumber": "1500",
        "addr:postcode": "L4X 1L4",
        "addr:province": "Ontario",
        "addr:street": "Dundas Street East",
        "brand": "Walmart",
        "brand:wikidata": "Q483551",
        "brand:wikipedia": "en:Walmart",
        "building": "retail",
        "building:colour": "beige",
        "building:levels": "1",
        "check_date": "2026-04-22",
        "hst_number": "137466199 RT0001",
        "name": "Walmart Supercentre",
        "opening_hours": "Mo-Su 07:00-23:00",
        "operator": "Walmart",
        "operator:wikidata": "Q483551",
        "operator:wikipedia": "en:Walmart",
        "payment:visa": "yes",
        "phone": "+1-905-615-1018",
        "shop": "supermarket",
        "store_ref": "1126",
        "website": "https://www.walmart.ca/en/stores-near-me/mississauga-east-1126",
        "website:en": "https://www.walmart.ca/en/stores-near-me/mississauga-east-1126",
        "website:fr": "https://www.walmart.ca/fr/magasins-pres-de-chez-moi/mississauga-east-1126",
        "@geometry": "center"
      },
      "geometry": {
        "type": "Point",
        "coordinates": [
          -79.5774439,
          43.6089982
        ]
      },
      "id": "way/148808775"
    },
    {
      "type": "Feature",
      "properties": {
        "@id": "way/163637928",
        "addr:city": "Toronto",
        "addr:housename": "Metro",
        "addr:housenumber": "2155",
        "addr:street": "St. Clair Avenue West",
        "brand": "Metro",
        "brand:wikidata": "Q1145669",
        "brand:wikipedia": "en:Metro Inc.",
        "building": "yes",
        "building:levels": "1",
        "check_date": "2025-07-12",
        "name": "Metro",
        "opening_hours": "24/7",
        "phone": "+1-416-769-8700",
        "shop": "supermarket",
        "source": "Bing",
        "@geometry": "center"
      },
      "geometry": {
        "type": "Point",
        "coordinates": [
          -79.4731991,
          43.6696165
        ]
      },
      "id": "way/163637928"
    },
    {
      "type": "Feature",
      "properties": {
        "@id": "way/169359194",
        "addr:city": "Thornhill",
        "addr:housenumber": "700",
        "addr:province": "Ontario",
        "addr:street": "Centre Street",
        "brand": "Walmart",
        "brand:wikidata": "Q483551",
        "brand:wikipedia": "en:Walmart",
        "building": "retail",
        "building:colour": "blue;white;orange",
        "building:levels": "1",
        "building:material": "stucco",
        "check_date": "2025-05-25",
        "internal_ref": "5831",
        "name": "Walmart Supercentre",
        "opening_hours": "Mo-Su 07:00-23:00",
        "operator": "Walmart",
        "operator:wikidata": "Q483551",
        "operator:wikipedia": "en:Walmart",
        "phone": "+1 905-709-4494",
        "roof:colour": "white",
        "roof:shape": "flat",
        "shop": "supermarket",
        "source": "Bing",
        "store_name": "Thornhill",
        "toilets": "yes",
        "website": "https://www.walmart.ca/en/stores-near-me/thornhill-on-5831",
        "website:en": "https://www.walmart.ca/en/stores-near-me/thornhill-on-5831",
        "website:fr": "https://www.walmart.ca/fr/magasins-pres-de-chez-moi/thornhill-on-5831",
        "@geometry": "center"
      },
      "geometry": {
        "type": "Point",
        "coordinates": [
          -79.45117,
          43.8116386
        ]
      },
      "id": "way/169359194"
    },
    {
      "type": "Feature",
      "properties": {
        "@id": "way/170242327",
        "addr:city": "Toronto",
        "alt_name": "Mike & Lori's No Frills",
        "brand": "No Frills",
        "brand:wikidata": "Q3342407",
        "brand:wikipedia": "en:No Frills (grocery store)",
        "building": "retail",
        "building:levels": "1",
        "name": "No Frills",
        "shop": "supermarket",
        "@geometry": "center"
      },
      "geometry": {
        "type": "Point",
        "coordinates": [
          -79.141306,
          43.7982665
        ]
      },
      "id": "way/170242327"
    },
    {
      "type": "Feature",
      "properties": {
        "@id": "way/170263839",
        "addr:city": "Maple",
        "addr:housenumber": "1900",
        "addr:postcode": "L6A 4R9",
        "addr:province": "Ontario",
        "addr:street": "Major MacKenzie Drive West",
        "brand": "Walmart",
        "brand:wikidata": "Q483551",
        "brand:wikipedia": "en:Walmart",
        "building": "retail",
        "building:colour": "beige",
        "building:levels": "1",
        "building:material": "brick",
        "check_date": "2025-05-25",
        "internal_ref": "1115",
        "name": "Walmart Supercentre",
        "opening_hours": "Mo-Su 07:00-23:00",
        "payment:cash": "yes",
        "payment:credit_cards": "yes",
        "payment:debit_cards": "yes",
        "phone": "+19054173766",
        "roof:colour": "white",
        "roof:shape": "flat",
        "shop": "supermarket",
        "source": "Bing",
        "website": "https://www.walmart.ca/en/stores-near-me/vaughan-maple-on-1115",
        "website:en": "https://www.walmart.ca/en/stores-near-me/vaughan-maple-on-1115",
        "website:fr": "https://www.walmart.ca/fr/magasins-pres-de-chez-moi/vaughan-maple-on-1115",
        "@geometry": "center"
      },
      "geometry": {
        "type": "Point",
        "coordinates": [
          -79.5027345,
          43.8599025
        ]
      },
      "id": "way/170263839"
    },
    {
      "type": "Feature",
      "properties": {
        "@id": "way/172422435",
        "addr:housenumber": "1631",
        "addr:street": "Rutherford Road",
        "brand": "No Frills",
        "brand:wikidata": "Q3342407",
        "brand:wikipedia": "en:No Frills (grocery store)",
        "building": "retail",
        "name": "No Frills",
        "shop": "supermarket",
        "source": "Bing",
        "@geometry": "center"
      },
      "geometry": {
        "type": "Point",
        "coordinates": [
          -79.4859201,
          43.8414332
        ]
      },
      "id": "way/172422435"
    },
    {
      "type": "Feature",
      "properties": {
        "@id": "way/174712152",
        "addr:city": "Toronto",
        "addr:housenumber": "2266",
        "addr:street": "Queen Street East",
        "alt_name": "Sandy's Your Independant Grocer",
        "brand": "Your Independent Grocer",
        "brand:wikidata": "Q8058833",
        "brand:wikipedia": "en:Valu-mart",
        "building": "retail",
        "gst_number": "88453-8307 RT0001",
        "name": "Your Independent Grocer",
        "shop": "supermarket",
        "@geometry": "center"
      },
      "geometry": {
        "type": "Point",
        "coordinates": [
          -79.285872,
          43.673271
        ]
      },
      "id": "way/174712152"
    },
    {
      "type": "Feature",
      "properties": {
        "@id": "way/177052132",
        "addr:city": "Etobicoke",
        "addr:housenumber": "2245",
        "addr:postcode": "M9W 3W7",
        "addr:street": "Islington Avenue",
        "brand": "Walmart",
        "brand:wikidata": "Q483551",
        "brand:wikipedia": "en:Walmart",
        "building": "retail",
        "building:levels": "1",
        "check_date": "2026-03-22",
        "name": "Walmart Supercentre",
        "opendata:type": "112001",
        "opening_hours": "Mo-Su 07:00-23:00",
        "phone": "+1-416-747-6499",
        "shop": "supermarket",
        "source": "http://www.walmart.ca/canada-estore/stores/storedetailcontainer.jsp?storeid=10036837",
        "website": "https://www.walmart.ca/en/stores-near-me/rexdale-on-3740",
        "website:en": "https://www.walmart.ca/en/stores-near-me/rexdale-on-3740",
        "website:fr": "https://www.walmart.ca/fr/magasins-pres-de-chez-moi/rexdale-on-3740",
        "@geometry": "center"
      },
      "geometry": {
        "type": "Point",
        "coordinates": [
          -79.553347,
          43.7138106
        ]
      },
      "id": "way/177052132"
    },
    {
      "type": "Feature",
      "properties": {
        "@id": "way/179179884",
        "addr:city": "Markham",
        "alt_name": "Listro's No Frills",
        "brand": "No Frills",
        "brand:wikidata": "Q3342407",
        "brand:wikipedia": "en:No Frills (grocery store)",
        "building": "retail",
        "building:colour": "white",
        "building:levels": "1",
        "name": "No Frills",
        "pharmacy": "yes",
        "shop": "supermarket",
        "source": "Bing",
        "wheelchair": "yes",
        "@geometry": "center"
      },
      "geometry": {
        "type": "Point",
        "coordinates": [
          -79.2504655,
          43.838712
        ]
      },
      "id": "way/179179884"
    },
    {
      "type": "Feature",
      "properties": {
        "@id": "way/180683128",
        "addr:city": "Etobicoke",
        "addr:housenumber": "2399",
        "addr:street": "Lake Shore Boulevard West",
        "brand": "Your Independent Grocer",
        "brand:wikidata": "Q8058833",
        "brand:wikipedia": "en:Valu-mart",
        "building": "retail",
        "building:levels": "1",
        "name": "Your Independent Grocer",
        "opendata:type": "112001",
        "shop": "supermarket",
        "@geometry": "center"
      },
      "geometry": {
        "type": "Point",
        "coordinates": [
          -79.4884118,
          43.6146411
        ]
      },
      "id": "way/180683128"
    },
    {
      "type": "Feature",
      "properties": {
        "@id": "way/182090184",
        "addr:city": "Toronto",
        "addr:housenumber": "731",
        "addr:province": "ON",
        "addr:street": "Eastern Avenue",
        "brand": "FreshCo",
        "brand:wikidata": "Q5502915",
        "brand:wikipedia": "en:FreshCo",
        "building": "yes",
        "building:levels": "1",
        "name": "FreshCo",
        "shop": "supermarket",
        "@geometry": "center"
      },
      "geometry": {
        "type": "Point",
        "coordinates": [
          -79.3302594,
          43.659267
        ]
      },
      "id": "way/182090184"
    },
    {
      "type": "Feature",
      "properties": {
        "@id": "way/187865631",
        "addr:city": "North York",
        "addr:housenumber": "51",
        "addr:postcode": "M3J 3N4",
        "addr:province": "ON",
        "addr:street": "Gerry Fitzgerald Drive",
        "branch": "Dufferin & Steeles",
        "brand": "Real Canadian Superstore",
        "brand:wikidata": "Q7300856",
        "brand:wikipedia": "en:Real Canadian Superstore",
        "building": "retail",
        "building:levels": "2",
        "gst_number": "12223-5922 RT0001",
        "name": "Real Canadian Superstore",
        "opening_hours": "Mo-Su 07:00-23:00",
        "operator": "Loblaws",
        "phone": "+1-416-665-3209",
        "shop": "supermarket",
        "source": "Bing",
        "store_name": "Dufferin & Steeles",
        "website": "https://www.realcanadiansuperstore.ca/store-locator/details/1033",
        "@geometry": "center"
      },
      "geometry": {
        "type": "Point",
        "coordinates": [
          -79.4717074,
          43.7847642
        ]
      },
      "id": "way/187865631"
    },
    {
      "type": "Feature",
      "properties": {
        "@id": "way/188425732",
        "building": "retail",
        "building:colour": "grey",
        "building:levels": "2",
        "name": "Summerhill Market",
        "shop": "supermarket",
        "@geometry": "center"
      },
      "geometry": {
        "type": "Point",
        "coordinates": [
          -79.3931545,
          43.715555
        ]
      },
      "id": "way/188425732"
    },
    {
      "type": "Feature",
      "properties": {
        "@id": "way/200089381",
        "addr:city": "Toronto",
        "addr:housenumber": "2187",
        "addr:province": "ON",
        "addr:street": "Bloor Street West",
        "alt_name": "Nicholson's No Frills",
        "brand": "No Frills",
        "brand:wikidata": "Q3342407",
        "brand:wikipedia": "en:No Frills (grocery store)",
        "building": "retail",
        "check_date": "2026-04-07",
        "name": "No Frills",
        "opening_hours": "08:00-21:00",
        "payment:american_express": "no",
        "payment:cash": "yes",
        "payment:gift_card": "yes",
        "payment:interac": "yes",
        "payment:mastercard": "yes",
        "payment:visa": "yes",
        "ref:vatin": "86336-2368 RT0001",
        "shop": "supermarket",
        "source": "Bing",
        "store_ref": "03176",
        "@geometry": "center"
      },
      "geometry": {
        "type": "Point",
        "coordinates": [
          -79.4748427,
          43.6511594
        ]
      },
      "id": "way/200089381"
    },
    {
      "type": "Feature",
      "properties": {
        "@id": "way/201195209",
        "brand": "Food Basics",
        "brand:wikidata": "Q5465300",
        "brand:wikipedia": "en:Food Basics",
        "building": "retail",
        "name": "Food Basics",
        "shop": "supermarket",
        "wheelchair": "yes",
        "@geometry": "center"
      },
      "geometry": {
        "type": "Point",
        "coordinates": [
          -79.3497189,
          43.6906551
        ]
      },
      "id": "way/201195209"
    },
    {
      "type": "Feature",
      "properties": {
        "@id": "way/205717232",
        "addr:city": "Toronto",
        "building": "yes",
        "building:levels": "1",
        "name": "Canbe Foods Inc.",
        "shop": "supermarket",
        "@geometry": "center"
      },
      "geometry": {
        "type": "Point",
        "coordinates": [
          -79.246188,
          43.773863
        ]
      },
      "id": "way/205717232"
    },
    {
      "type": "Feature",
      "properties": {
        "@id": "node/214312005",
        "addr:city": "Toronto",
        "addr:housenumber": "351",
        "addr:street": "Bloor Street West",
        "check_date": "2026-05-05",
        "check_date:opening_hours": "2026-05-05",
        "level": "0",
        "name": "Galleria The Kitchen Express",
        "opening_hours": "Mo-Su 08:00-22:00",
        "payment:cash": "yes",
        "payment:credit_cards": "yes",
        "payment:debit_cards": "yes",
        "shop": "supermarket",
        "wheelchair": "yes"
      },
      "geometry": {
        "type": "Point",
        "coordinates": [
          -79.4010556,
          43.6669087
        ]
      },
      "id": "node/214312005"
    },
    {
      "type": "Feature",
      "properties": {
        "@id": "way/219669957",
        "addr:city": "Toronto",
        "addr:housenumber": "2440",
        "addr:postcode": "M6P 4A9",
        "addr:street": "Dundas Street West",
        "brand": "FreshCo",
        "brand:wikidata": "Q5502915",
        "brand:wikipedia": "en:FreshCo",
        "building": "retail",
        "building:levels": "1",
        "name": "FreshCo",
        "opening_hours": "Mo-Su 08:00-22:00",
        "shop": "supermarket",
        "@geometry": "center"
      },
      "geometry": {
        "type": "Point",
        "coordinates": [
          -79.452437,
          43.6581155
        ]
      },
      "id": "way/219669957"
    },
    {
      "type": "Feature",
      "properties": {
        "@id": "way/226328494",
        "addr:city": "Toronto",
        "addr:housenumber": "5323",
        "addr:postcode": "M2N 5R4",
        "addr:street": "Yonge Street",
        "alt_name:ko": "H 마트",
        "brand": "H Mart",
        "brand:wikidata": "Q5636306",
        "brand:wikipedia": "en:H Mart",
        "building": "retail",
        "building:levels": "1",
        "check_date": "2025-12-13",
        "cuisine": "asian",
        "name": "H Mart",
        "name:en": "H Mart",
        "name:ko": "한아름",
        "name:zh-Hans": "韩亚龙",
        "name:zh-Hant": "韓亞龍",
        "phone": "+1-416-792-1131",
        "shop": "supermarket",
        "website": "https://hmartca.com",
        "@geometry": "center"
      },
      "geometry": {
        "type": "Point",
        "coordinates": [
          -79.4136431,
          43.7736545
        ]
      },
      "id": "way/226328494"
    },
    {
      "type": "Feature",
      "properties": {
        "@id": "way/229920917",
        "addr:city": "North York",
        "addr:housenumber": "3809",
        "addr:street": "Keele Street",
        "brand": "Scotiabank",
        "building": "retail",
        "name": "East Food Market",
        "opendata:type": "115001",
        "shop": "supermarket",
        "@geometry": "center"
      },
      "geometry": {
        "type": "Point",
        "coordinates": [
          -79.4893206,
          43.7591852
        ]
      },
      "id": "way/229920917"
    },
    {
      "type": "Feature",
      "properties": {
        "@id": "way/232292226",
        "addr:city": "Toronto",
        "addr:housenumber": "446",
        "addr:street": "Summerhill Avenue",
        "building": "yes",
        "check_date:opening_hours": "2025-11-13",
        "name": "Summerhill Market",
        "opening_hours:signed": "no",
        "shop": "supermarket",
        "@geometry": "center"
      },
      "geometry": {
        "type": "Point",
        "coordinates": [
          -79.3753818,
          43.6864805
        ]
      },
      "id": "way/232292226"
    },
    {
      "type": "Feature",
      "properties": {
        "@id": "node/241246724",
        "addr:city": "Toronto",
        "addr:housenumber": "81",
        "addr:street": "St. Clair Avenue East",
        "brand": "Farm Boy",
        "brand:wikidata": "Q5435469",
        "check_date:opening_hours": "2024-07-20",
        "name": "Farm Boy",
        "not:brand:wikidata": "Q1143340",
        "opening_hours": "Mo-Su 08:00-22:00",
        "phone": "+1-416-963-8949",
        "shop": "supermarket",
        "store_name": "St. Clair"
      },
      "geometry": {
        "type": "Point",
        "coordinates": [
          -79.3907567,
          43.688501
        ]
      },
      "id": "node/241246724"
    },
    {
      "type": "Feature",
      "properties": {
        "@id": "node/241270779",
        "name": "New Forest Market",
        "old_name": "The Food Depot",
        "opening_hours": "24/7",
        "shop": "supermarket"
      },
      "geometry": {
        "type": "Point",
        "coordinates": [
          -79.4028204,
          43.6755767
        ]
      },
      "id": "node/241270779"
    },
    {
      "type": "Feature",
      "properties": {
        "@id": "way/245209100",
        "branch": "Rocca's No Frills",
        "brand": "No Frills",
        "brand:wikidata": "Q3342407",
        "brand:wikipedia": "en:No Frills (grocery store)",
        "building": "yes",
        "name": "No Frills",
        "shop": "supermarket",
        "source": "survey",
        "wheelchair": "yes",
        "@geometry": "center"
      },
      "geometry": {
        "type": "Point",
        "coordinates": [
          -79.3191372,
          43.6736216
        ]
      },
      "id": "way/245209100"
    },
    {
      "type": "Feature",
      "properties": {
        "@id": "node/254315320",
        "addr:housenumber": "89",
        "addr:street": "Gould Street",
        "brand": "Metro",
        "brand:wikidata": "Q1145669",
        "brand:wikipedia": "en:Metro Inc.",
        "check_date": "2025-10-19",
        "name": "Metro",
        "opening_hours": "Mo-Su 08:00-22:00",
        "shop": "supermarket",
        "wheelchair": "yes"
      },
      "geometry": {
        "type": "Point",
        "coordinates": [
          -79.3768916,
          43.658216
        ]
      },
      "id": "node/254315320"
    },
    {
      "type": "Feature",
      "properties": {
        "@id": "way/256389473",
        "addr:city": "Toronto",
        "addr:housenumber": "20",
        "addr:postcode": "M2N 0B7",
        "addr:street": "Church Avenue",
        "brand": "Metro",
        "brand:wikidata": "Q1145669",
        "brand:wikipedia": "en:Metro Inc.",
        "building": "retail",
        "description": "Tennis court is on top of the supermarket.",
        "level": "1",
        "name": "Metro",
        "phone": "+1-416-224-2600",
        "shop": "supermarket",
        "store_ref": "712",
        "website": "https://www.metro.ca/en/find-a-grocery/330",
        "@geometry": "center"
      },
      "geometry": {
        "type": "Point",
        "coordinates": [
          -79.4131725,
          43.7743922
        ]
      },
      "id": "way/256389473"
    },
    {
      "type": "Feature",
      "properties": {
        "@id": "way/262082738",
        "addr:city": "Mississauga",
        "addr:housenumber": "1125",
        "addr:street": "North Service Road",
        "brand": "Longo's",
        "brand:wikidata": "Q6674182",
        "building": "retail",
        "building:colour": "beige",
        "building:levels": "1",
        "building:material": "stucco",
        "check_date": "2026-02-28",
        "name": "Longo's",
        "note": "building shape to be updated",
        "shop": "supermarket",
        "@geometry": "center"
      },
      "geometry": {
        "type": "Point",
        "coordinates": [
          -79.5744735,
          43.5927497
        ]
      },
      "id": "way/262082738"
    },
    {
      "type": "Feature",
      "properties": {
        "@id": "node/264107390",
        "addr:city": "East York",
        "addr:housenumber": "3003",
        "addr:postcode": "M4C 1M9",
        "addr:province": "Ontario",
        "addr:street": "Danforth Avenue",
        "addr:unit": "1",
        "brand": "Metro",
        "brand:wikidata": "Q1145669",
        "brand:wikipedia": "en:Metro Inc.",
        "check_date": "2026-01-17",
        "level": "0",
        "name": "Metro",
        "opening_hours": "Mo-Su 07:00-10:00",
        "phone": "+1 416-686-8585",
        "ref": "037",
        "shop": "supermarket",
        "wheelchair": "yes"
      },
      "geometry": {
        "type": "Point",
        "coordinates": [
          -79.2889831,
          43.6898921
        ]
      },
      "id": "node/264107390"
    },
    {
      "type": "Feature",
      "properties": {
        "@id": "node/264107691",
        "addr:city": "Scarborough",
        "addr:housenumber": "2490",
        "addr:street": "Gerrard Street East",
        "brand": "FreshCo",
        "brand:wikidata": "Q5502915",
        "brand:wikipedia": "en:FreshCo",
        "check_date": "2026-01-17",
        "gst_number": "869755272",
        "name": "FreshCo",
        "old_name": "Price Chopper",
        "phone": "+1-416-698-3353",
        "shop": "supermarket",
        "store_name": "Gerrard Price Chopper",
        "store_ref": "7855"
      },
      "geometry": {
        "type": "Point",
        "coordinates": [
          -79.2848579,
          43.6877825
        ]
      },
      "id": "node/264107691"
    },
    {
      "type": "Feature",
      "properties": {
        "@id": "node/267314406",
        "check_date": "2025-05-19",
        "name": "Nav’s Grocery",
        "shop": "supermarket",
        "wheelchair": "yes"
      },
      "geometry": {
        "type": "Point",
        "coordinates": [
          -79.3791918,
          43.6400166
        ]
      },
      "id": "node/267314406"
    },
    {
      "type": "Feature",
      "properties": {
        "@id": "node/267314474",
        "addr:city": "Toronto",
        "addr:housenumber": "207",
        "addr:street": "Queens Quay West",
        "brand": "Farm Boy",
        "brand:wikidata": "Q5435469",
        "brand:wikipedia": "en:Farm Boy",
        "check_date": "2025-04-28",
        "name": "Farm Boy",
        "opening_hours": "Mo-Su 08:00-22:00",
        "shop": "supermarket",
        "store_name": "Harbourfront",
        "wheelchair": "yes"
      },
      "geometry": {
        "type": "Point",
        "coordinates": [
          -79.3805122,
          43.6394101
        ]
      },
      "id": "node/267314474"
    },
    {
      "type": "Feature",
      "properties": {
        "@id": "node/267315345",
        "addr:city": "Toronto",
        "addr:housenumber": "252",
        "addr:province": "Ontario",
        "addr:street": "Queens Quay West",
        "atm": "yes",
        "atm:operator": "RBC",
        "brand": "Rabba",
        "brand:wikidata": "Q109659398",
        "check_date": "2025-09-18",
        "name": "Rabba",
        "opening_hours": "24/7",
        "phone": "+1-416-260-8869",
        "shop": "supermarket"
      },
      "geometry": {
        "type": "Point",
        "coordinates": [
          -79.3853778,
          43.6392311
        ]
      },
      "id": "node/267315345"
    },
    {
      "type": "Feature",
      "properties": {
        "@id": "node/270935057",
        "addr:housenumber": "1882",
        "addr:street": "Queen Street East",
        "name": "Bruno’s Fine Foods",
        "shop": "supermarket"
      },
      "geometry": {
        "type": "Point",
        "coordinates": [
          -79.3060987,
          43.6688741
        ]
      },
      "id": "node/270935057"
    },
    {
      "type": "Feature",
      "properties": {
        "@id": "node/271813303",
        "addr:city": "Scarborough",
        "addr:housenumber": "1800",
        "addr:street": "Eglinton Avenue East",
        "brand": "No Frills",
        "brand:wikidata": "Q3342407",
        "brand:wikipedia": "en:No Frills (grocery store)",
        "check_date": "2026-03-07",
        "gst_number": "87330-6963 RT0001",
        "name": "No Frills",
        "shop": "supermarket",
        "store_name": "Dickie's No Frills"
      },
      "geometry": {
        "type": "Point",
        "coordinates": [
          -79.2997516,
          43.7266499
        ]
      },
      "id": "node/271813303"
    },
    {
      "type": "Feature",
      "properties": {
        "@id": "way/272149435",
        "addr:housenumber": "3800",
        "addr:street": "Rutherford Road",
        "brand": "No Frills",
        "brand:wikidata": "Q3342407",
        "brand:wikipedia": "en:No Frills (grocery store)",
        "building": "retail",
        "check_date:opening_hours": "2023-06-23",
        "name": "No Frills",
        "opening_hours": "Mo-Su 08:00-21:00",
        "shop": "supermarket",
        "@geometry": "center"
      },
      "geometry": {
        "type": "Point",
        "coordinates": [
          -79.5539352,
          43.8270015
        ]
      },
      "id": "way/272149435"
    },
    {
      "type": "Feature",
      "properties": {
        "@id": "node/276474902",
        "addr:city": "Toronto",
        "addr:housenumber": "80",
        "addr:postcode": "M5E 1T4",
        "addr:street": "Front Street East",
        "brand": "Metro",
        "brand:wikidata": "Q1145669",
        "brand:wikipedia": "en:Metro Inc.",
        "check_date": "2026-07-01",
        "name": "Metro",
        "opening_hours": "Mo-Fr 7:00-23:00; Sa-Su 7:00-22:00",
        "phone": "+1-416-703-9393",
        "shop": "supermarket",
        "website": "https://www.metro.ca/en/find-a-grocery/218",
        "wheelchair": "yes"
      },
      "geometry": {
        "type": "Point",
        "coordinates": [
          -79.3731597,
          43.6490236
        ]
      },
      "id": "node/276474902"
    },
    {
      "type": "Feature",
      "properties": {
        "@id": "node/281361239",
        "brand": "Food Basics",
        "brand:wikidata": "Q5465300",
        "brand:wikipedia": "en:Food Basics",
        "name": "Food Basics",
        "shop": "supermarket"
      },
      "geometry": {
        "type": "Point",
        "coordinates": [
          -79.3720609,
          43.6680319
        ]
      },
      "id": "node/281361239"
    },
    {
      "type": "Feature",
      "properties": {
        "@id": "node/281361618",
        "addr:city": "Toronto",
        "addr:housenumber": "140",
        "addr:street": "Carlton Street",
        "name": "Little Bee Supermarket",
        "opening_hours": "Mo-Su,PH 09:00-23:00",
        "shop": "supermarket",
        "wheelchair": "no"
      },
      "geometry": {
        "type": "Point",
        "coordinates": [
          -79.374966,
          43.6629585
        ]
      },
      "id": "node/281361618"
    },
    {
      "type": "Feature",
      "properties": {
        "@id": "node/281361734",
        "name": "Jarvis Market",
        "opening_hours": "Mo-Su 08:00-24:00",
        "shop": "supermarket"
      },
      "geometry": {
        "type": "Point",
        "coordinates": [
          -79.3759714,
          43.6602068
        ]
      },
      "id": "node/281361734"
    },
    {
      "type": "Feature",
      "properties": {
        "@id": "node/286547439",
        "addr:city": "Toronto",
        "addr:housenumber": "348",
        "addr:street": "Danforth Avenue",
        "name": "The Big Carrot",
        "opening_hours": "Mo-Fr 09:00-21:00; Sa 09:00-20:00; Su 10:00-18:00",
        "phone": "+1-416-466-2129",
        "shop": "supermarket",
        "supermarket": "organic",
        "wheelchair": "yes"
      },
      "geometry": {
        "type": "Point",
        "coordinates": [
          -79.3530371,
          43.6777582
        ]
      },
      "id": "node/286547439"
    },
    {
      "type": "Feature",
      "properties": {
        "@id": "way/296572834",
        "addr:city": "Toronto",
        "addr:housenumber": "1369-1371",
        "addr:postcode": "M6K 1M1",
        "addr:street": "Queen Street West",
        "atm": "yes",
        "building": "retail",
        "building:levels": "1",
        "check_date": "2026-06-21",
        "fixme": "separate shop from building",
        "name": "Fullworth",
        "opening_hours": "Mo-Fr 10:00-19:00; Sa 10:00-18:00; Su 11:00-17:00",
        "shop": "supermarket",
        "@geometry": "center"
      },
      "geometry": {
        "type": "Point",
        "coordinates": [
          -79.4354074,
          43.6405683
        ]
      },
      "id": "way/296572834"
    },
    {
      "type": "Feature",
      "properties": {
        "@id": "node/297103242",
        "addr:housenumber": "5845",
        "addr:street": "Leslie Street",
        "name": "Galati Market Fresh",
        "shop": "supermarket",
        "website": "https://galatimarketfresh.com/"
      },
      "geometry": {
        "type": "Point",
        "coordinates": [
          -79.3688481,
          43.7980083
        ]
      },
      "id": "node/297103242"
    },
    {
      "type": "Feature",
      "properties": {
        "@id": "node/302045060",
        "addr:housenumber": "115",
        "addr:street": "Ravel Road",
        "check_date": "2025-12-11",
        "name": "Sunny Supermarket",
        "shop": "supermarket"
      },
      "geometry": {
        "type": "Point",
        "coordinates": [
          -79.3667359,
          43.7908402
        ]
      },
      "id": "node/302045060"
    },
    {
      "type": "Feature",
      "properties": {
        "@id": "node/302045073",
        "alt_name": "Richard's No Frills",
        "brand": "No Frills",
        "brand:wikidata": "Q3342407",
        "brand:wikipedia": "en:No Frills (grocery store)",
        "check_date": "2025-12-11",
        "name": "No Frills",
        "opening_hours": "Mo-We 08:00-21:00; Th-Fr 08:00-21:30; Sa-Su 08:00-20:00",
        "shop": "supermarket"
      },
      "geometry": {
        "type": "Point",
        "coordinates": [
          -79.3544452,
          43.7944656
        ]
      },
      "id": "node/302045073"
    },
    {
      "type": "Feature",
      "properties": {
        "@id": "node/302171973",
        "addr:city": "Toronto",
        "addr:housenumber": "808",
        "addr:postcode": "M3B 1X7",
        "addr:province": "Ontario",
        "addr:street": "York Mills Road",
        "brand": "Longo's",
        "brand:wikidata": "Q6674182",
        "check_date": "2025-11-21",
        "name": "Longo's",
        "opening_hours": "Mo-Fr 07:00-21:00; Sa-Su 07:00-20:00",
        "phone": "+1-416-385-3113",
        "shop": "supermarket",
        "website": "https://www.longos.com/store-details/Longos%20York%20Mills",
        "wheelchair": "yes"
      },
      "geometry": {
        "type": "Point",
        "coordinates": [
          -79.3568496,
          43.7544858
        ]
      },
      "id": "node/302171973"
    },
    {
      "type": "Feature",
      "properties": {
        "@id": "node/302411295",
        "addr:city": "Toronto",
        "addr:housenumber": "3030",
        "addr:postcode": "M2Z 3C1",
        "addr:street": "Don Mills Road East",
        "check_date": "2026-01-17",
        "cuisine": "chinese",
        "name": "Tone Tai Supermarket",
        "name:en": "Tone Tai Supermarket",
        "name:zh": "鼎泰超市",
        "operator": "Foody Mart",
        "phone": "+1-416-756-1668",
        "shop": "supermarket",
        "website": "https://www.foodymart.com/"
      },
      "geometry": {
        "type": "Point",
        "coordinates": [
          -79.3519255,
          43.7854727
        ]
      },
      "id": "node/302411295"
    },
    {
      "type": "Feature",
      "properties": {
        "@id": "node/302473945",
        "addr:city": "North York",
        "addr:housenumber": "291",
        "addr:postcode": "M2L 1L3",
        "addr:street": "York Mills Road",
        "brand": "Metro",
        "brand:wikidata": "Q1145669",
        "brand:wikipedia": "en:Metro Inc.",
        "name": "Metro",
        "opening_hours": "Mo-Su 08:00-22:00",
        "phone": "+1 416-444-5809",
        "shop": "supermarket",
        "website": "https://www.metro.ca/en/find-a-grocery/345"
      },
      "geometry": {
        "type": "Point",
        "coordinates": [
          -79.3855761,
          43.7473505
        ]
      },
      "id": "node/302473945"
    },
    {
      "type": "Feature",
      "properties": {
        "@id": "node/308696835",
        "addr:city": "Toronto",
        "addr:housenumber": "55",
        "addr:postcode": "M4W 1A5",
        "addr:province": "ON",
        "addr:street": "Bloor Street West",
        "gst_number": "80598-9258 RT0001",
        "loc_name": "Loblaws",
        "manager": "Maisie Desousa",
        "name": "Citymarket",
        "note": "Signage says \"Bloor Street Market, Home of President's Choice\". Is really a Loblaws.",
        "opening_hours": "Mo-Su 08:00-21:00",
        "payment:cash": "yes",
        "payment:credit_cards": "yes",
        "payment:debit_cards": "yes",
        "phone": "+1-416-923-8831",
        "shop": "supermarket",
        "store_ref": "00479",
        "website": "http://www.bloorstreetmarket.ca/"
      },
      "geometry": {
        "type": "Point",
        "coordinates": [
          -79.3879316,
          43.6687519
        ]
      },
      "id": "node/308696835"
    },
    {
      "type": "Feature",
      "properties": {
        "@id": "node/310146977",
        "addr:city": "Toronto",
        "addr:housenumber": "503",
        "addr:postcode": "M5S 1Y2",
        "addr:street": "Bloor Street West",
        "brand": "Bulk Barn",
        "brand:wikidata": "Q4996466",
        "brand:wikipedia": "en:Bulk Barn",
        "name": "Bulk Barn",
        "opening_hours": "Mo-Sa 08:00-21:00; Su 10:00-19:00",
        "phone": "+1-416-927-7964",
        "shop": "supermarket",
        "source": "#RyersonGEO441",
        "store_name": "Bloor & Bathurst",
        "website": "https://www.bulkbarn.ca/en-ca/locations/on/bulk-food-toronto-25.html",
        "wheelchair": "yes"
      },
      "geometry": {
        "type": "Point",
        "coordinates": [
          -79.4082588,
          43.6655691
        ]
      },
      "id": "node/310146977"
    },
    {
      "type": "Feature",
      "properties": {
        "@id": "way/315222503",
        "building": "retail",
        "name": "Bruno's Foods",
        "shop": "supermarket",
        "wheelchair": "yes",
        "@geometry": "center"
      },
      "geometry": {
        "type": "Point",
        "coordinates": [
          -79.419895,
          43.736598
        ]
      },
      "id": "way/315222503"
    },
    {
      "type": "Feature",
      "properties": {
        "@id": "way/315223345",
        "addr:city": "Toronto",
        "addr:housenumber": "1811",
        "addr:postcode": "M5M 3Z3",
        "addr:province": "ON",
        "addr:street": "Avenue Road",
        "brand": "No Frills",
        "brand:wikidata": "Q3342407",
        "brand:wikipedia": "en:No Frills (grocery store)",
        "building": "retail",
        "building:colour": "white",
        "building:levels": "1",
        "name": "No Frills",
        "opening_hours": "Mo-Su 08:00-21:00",
        "payment:cash": "yes",
        "payment:credit_cards": "yes",
        "payment:debit_cards": "yes",
        "roof:shape": "flat",
        "shop": "supermarket",
        "@geometry": "center"
      },
      "geometry": {
        "type": "Point",
        "coordinates": [
          -79.418582,
          43.730692
        ]
      },
      "id": "way/315223345"
    },
    {
      "type": "Feature",
      "properties": {
        "@id": "node/317428329",
        "alt_name": "Beach FoodLand",
        "brand": "Foodland",
        "brand:wikidata": "Q5465554",
        "brand:wikipedia": "en:Foodland (Canada)",
        "name": "Foodland",
        "opening_hours": "Mo-Fr 08:00-21:00; Sa,Su 08:00-20:30",
        "shop": "supermarket"
      },
      "geometry": {
        "type": "Point",
        "coordinates": [
          -79.2981684,
          43.6705745
        ]
      },
      "id": "node/317428329"
    },
    {
      "type": "Feature",
      "properties": {
        "@id": "node/321552029",
        "addr:city": "Markham",
        "addr:housenumber": "7355",
        "addr:street": "Bayview Avenue",
        "brand": "Longo's",
        "brand:wikidata": "Q6674182",
        "brand:wikipedia": "en:Longo's",
        "check_date": "2024-01-09",
        "name": "Longo's",
        "shop": "supermarket"
      },
      "geometry": {
        "type": "Point",
        "coordinates": [
          -79.3989573,
          43.8137836
        ]
      },
      "id": "node/321552029"
    },
    {
      "type": "Feature",
      "properties": {
        "@id": "way/326292601",
        "addr:city": "Toronto",
        "addr:housenumber": "3132",
        "addr:postcode": "M1J 2H1",
        "addr:street": "Eglinton Avenue East",
        "brand": "Walmart",
        "brand:wikidata": "Q483551",
        "brand:wikipedia": "en:Walmart",
        "building": "retail",
        "name": "Walmart Supercentre",
        "opening_hours": "Mo-Su 07:00-23:00",
        "shop": "supermarket",
        "smoking": "no",
        "website": "https://www.walmart.ca/en/stores-near-me/scarborough-south-1117",
        "website:en": "https://www.walmart.ca/en/stores-near-me/scarborough-south-1117",
        "website:fr": "https://www.walmart.ca/fr/magasins-pres-de-chez-moi/scarborough-south-1117",
        "@geometry": "center"
      },
      "geometry": {
        "type": "Point",
        "coordinates": [
          -79.22362,
          43.7428425
        ]
      },
      "id": "way/326292601"
    },
    {
      "type": "Feature",
      "properties": {
        "@id": "way/339360513",
        "addr:city": "East York",
        "addr:housenumber": "147",
        "addr:street": "Laird Drive",
        "brand": "Farm Boy",
        "brand:wikidata": "Q5435469",
        "building": "retail",
        "building:colour": "beige",
        "building:levels": "2",
        "building:material": "stucco",
        "check_date": "2026-04-26",
        "name": "Farm Boy",
        "shop": "supermarket",
        "@geometry": "center"
      },
      "geometry": {
        "type": "Point",
        "coordinates": [
          -79.3595562,
          43.7096875
        ]
      },
      "id": "way/339360513"
    },
    {
      "type": "Feature",
      "properties": {
        "@id": "node/339530251",
        "addr:city": "North York",
        "addr:housenumber": "600",
        "addr:street": "Sheppard Avenue West",
        "brand": "Metro",
        "brand:wikidata": "Q1145669",
        "brand:wikipedia": "en:Metro Inc.",
        "check_date": "2025-12-13",
        "hst_number": "R105216170",
        "name": "Metro",
        "opening_hours": "Mo-Su 00:00+",
        "phone": "+1-416-636-5136",
        "shop": "supermarket",
        "store_ref": "401"
      },
      "geometry": {
        "type": "Point",
        "coordinates": [
          -79.4399163,
          43.7560351
        ]
      },
      "id": "node/339530251"
    },
    {
      "type": "Feature",
      "properties": {
        "@id": "node/357059431",
        "addr:city": "Toronto",
        "addr:housenumber": "261",
        "addr:postcode": "M1C 2L3",
        "addr:province": "Ontario",
        "addr:street": "Port Union Road",
        "air_conditioning": "yes",
        "branch": "Ravine Park Plaza",
        "brand": "Metro",
        "brand:wikidata": "Q1145669",
        "brand:wikipedia": "en:Metro Inc.",
        "currency:CAD": "yes",
        "diet:gluten_free": "yes",
        "fax": "+1-416-284-6526",
        "name": "Metro",
        "opening_hours": "Mo-Fr 07:00-22:00; Sa-Su 07:00-21:00",
        "payment:apple_pay": "yes",
        "payment:coins": "yes",
        "payment:contactless": "yes",
        "payment:credit_cards": "yes",
        "payment:debit_cards": "yes",
        "payment:google_pay": "yes",
        "payment:interac": "yes",
        "payment:mastercard": "yes",
        "payment:notes": "yes",
        "payment:visa": "yes",
        "phone": "+1-416-284-7792",
        "shop": "supermarket",
        "website": "https://www.metro.ca/en/find-a-grocery/211",
        "wheelchair": "yes"
      },
      "geometry": {
        "type": "Point",
        "coordinates": [
          -79.1395136,
          43.7886557
        ]
      },
      "id": "node/357059431"
    },
    {
      "type": "Feature",
      "properties": {
        "@id": "way/362872976",
        "addr:city": "Toronto",
        "addr:housenumber": "675",
        "addr:postcode": "M6G 1L3",
        "addr:street": "Bloor Street West",
        "building": "retail",
        "building:levels": "2",
        "check_date": "2026-03-07",
        "check_date:opening_hours": "2026-03-07",
        "cuisine": "korean",
        "name": "P.A.T. Central Market",
        "opening_hours": "Mo-Sa 09:00-21:00; Su 09:30-21:00",
        "phone": "+1-416-532-2961",
        "shop": "supermarket",
        "website": "https://www.patmart.ca/",
        "@geometry": "center"
      },
      "geometry": {
        "type": "Point",
        "coordinates": [
          -79.4162583,
          43.6637942
        ]
      },
      "id": "way/362872976"
    },
    {
      "type": "Feature",
      "properties": {
        "@id": "node/367103951",
        "brand": "Metro",
        "brand:wikidata": "Q1145669",
        "brand:wikipedia": "en:Metro Inc.",
        "name": "Metro",
        "opening_hours": "24/7",
        "shop": "supermarket"
      },
      "geometry": {
        "type": "Point",
        "coordinates": [
          -79.2822142,
          43.7708926
        ]
      },
      "id": "node/367103951"
    },
    {
      "type": "Feature",
      "properties": {
        "@id": "node/368385300",
        "atm": "yes",
        "name": "Foodlane",
        "shop": "supermarket"
      },
      "geometry": {
        "type": "Point",
        "coordinates": [
          -79.3916381,
          43.6449069
        ]
      },
      "id": "node/368385300"
    },
    {
      "type": "Feature",
      "properties": {
        "@id": "node/371811938",
        "brand": "Metro",
        "brand:wikidata": "Q1145669",
        "brand:wikipedia": "en:Metro Inc.",
        "floor": "-1",
        "level": "-1",
        "name": "Metro",
        "shop": "supermarket"
      },
      "geometry": {
        "type": "Point",
        "coordinates": [
          -79.3832231,
          43.6608863
        ]
      },
      "id": "node/371811938"
    },
    {
      "type": "Feature",
      "properties": {
        "@id": "node/372345333",
        "addr:city": "Toronto",
        "addr:housenumber": "2",
        "addr:province": "ON",
        "addr:street": "Carlton Street",
        "brand": "Bulk Barn",
        "brand:wikidata": "Q4996466",
        "brand:wikipedia": "en:Bulk Barn",
        "check_date": "2025-12-13",
        "name": "Bulk Barn",
        "old_name": "Tridel Store",
        "opening_hours": "Mo-Fr 08:00-21:00; Sa 09:00-21:00; Su 10:00-20:00",
        "phone": "+1-416-597-0330",
        "shop": "supermarket",
        "wheelchair": "yes"
      },
      "geometry": {
        "type": "Point",
        "coordinates": [
          -79.3825865,
          43.6615267
        ]
      },
      "id": "node/372345333"
    },
    {
      "type": "Feature",
      "properties": {
        "@id": "node/372507286",
        "name": "Wayne's Supermarket",
        "shop": "supermarket"
      },
      "geometry": {
        "type": "Point",
        "coordinates": [
          -79.3294834,
          43.6971263
        ]
      },
      "id": "node/372507286"
    },
    {
      "type": "Feature",
      "properties": {
        "@id": "node/380040874",
        "addr:city": "Toronto",
        "addr:housenumber": "175",
        "addr:street": "Front Street East",
        "atm": "yes",
        "atm:operator": "RBC",
        "brand": "Rabba",
        "brand:wikidata": "Q109659398",
        "check_date": "2026-07-10",
        "name": "Rabba",
        "opening_hours": "24/7",
        "shop": "supermarket",
        "wheelchair": "yes"
      },
      "geometry": {
        "type": "Point",
        "coordinates": [
          -79.3679879,
          43.6502166
        ]
      },
      "id": "node/380040874"
    },
    {
      "type": "Feature",
      "properties": {
        "@id": "node/380199493",
        "brand": "No Frills",
        "brand:wikidata": "Q3342407",
        "brand:wikipedia": "en:No Frills (grocery store)",
        "check_date": "2024-03-30",
        "name": "No Frills",
        "shop": "supermarket"
      },
      "geometry": {
        "type": "Point",
        "coordinates": [
          -79.1868613,
          43.7691082
        ]
      },
      "id": "node/380199493"
    },
    {
      "type": "Feature",
      "properties": {
        "@id": "node/380202725",
        "addr:city": "Scarborough",
        "addr:housenumber": "2650",
        "addr:street": "Lawrence Avenue East",
        "brand": "FreshCo",
        "brand:wikidata": "Q5502915",
        "brand:wikipedia": "en:FreshCo",
        "name": "FreshCo",
        "old_name": "Price Chopper",
        "opening_hours": "Mo-Fr 08:00-22:00; Sa-Su 08:00-21:00; PH off",
        "payment:coins": "yes",
        "payment:credit_cards": "yes",
        "payment:debit_cards": "yes",
        "payment:mastercard": "yes",
        "payment:notes": "yes",
        "payment:visa": "yes",
        "shop": "supermarket"
      },
      "geometry": {
        "type": "Point",
        "coordinates": [
          -79.2635392,
          43.7527128
        ]
      },
      "id": "node/380202725"
    },
    {
      "type": "Feature",
      "properties": {
        "@id": "node/382054433",
        "addr:housenumber": "2040",
        "addr:street": "Dundas Street East",
        "check_date": "2026-04-22",
        "name": "Starsky",
        "name:en": "Starsky",
        "opening_hours": "Mo-Fr 08:00-21:00; Sa 08:00-20:00; Su 09:00-18:00",
        "shop": "supermarket",
        "website": "https://www.starskycanada.com/"
      },
      "geometry": {
        "type": "Point",
        "coordinates": [
          -79.5683852,
          43.6225408
        ]
      },
      "id": "node/382054433"
    },
    {
      "type": "Feature",
      "properties": {
        "@id": "way/382778656",
        "addr:city": "Etobicoke",
        "addr:housenumber": "201",
        "addr:postcode": "M9B 6H6",
        "addr:street": "Lloyd Manor Road",
        "branch": "Lloyd Manor",
        "brand": "Metro",
        "brand:wikidata": "Q1145669",
        "brand:wikipedia": "en:Metro Inc.",
        "building": "retail",
        "building:colour": "brown",
        "building:levels": "1",
        "check_date": "2026-05-03",
        "name": "Metro",
        "opening_hours": "24/7",
        "opening_hours:covid19": "Mo-Su 7:00-22:00",
        "phone": "+1-416-236-3217",
        "shop": "supermarket",
        "source": "http://www.metro.ca/en/on/utilities/locate-store-detail.html?method=searchDetail&noSite=100704",
        "@geometry": "center"
      },
      "geometry": {
        "type": "Point",
        "coordinates": [
          -79.5555307,
          43.6750225
        ]
      },
      "id": "way/382778656"
    },
    {
      "type": "Feature",
      "properties": {
        "@id": "node/383551103",
        "addr:city": "Etobicoke",
        "addr:housenumber": "1701",
        "addr:postcode": "M9V 4N4",
        "addr:street": "Martin Grove Road",
        "addr:unit": "1",
        "check_date": "2026-06-08",
        "name": "Bestco Food Mart",
        "opening_hours": "Mo-Su 08:00-22:00",
        "payment:cash": "yes",
        "payment:credit_cards": "yes",
        "payment:debit_cards": "yes",
        "shop": "supermarket"
      },
      "geometry": {
        "type": "Point",
        "coordinates": [
          -79.5890847,
          43.7330145
        ]
      },
      "id": "node/383551103"
    },
    {
      "type": "Feature",
      "properties": {
        "@id": "node/383629933",
        "name": "ZEMA100 Supermarket",
        "shop": "supermarket"
      },
      "geometry": {
        "type": "Point",
        "coordinates": [
          -79.4743779,
          43.6901345
        ]
      },
      "id": "node/383629933"
    },
    {
      "type": "Feature",
      "properties": {
        "@id": "way/385275191",
        "brand": "Longo's",
        "brand:wikidata": "Q6674182",
        "brand:wikipedia": "en:Longo's",
        "building": "retail",
        "name": "Longo's",
        "opening_hours": "Mo-Fr 07:00-22:00; Sa-Su 07:00-20:00",
        "phone": "+1-905-629-8583",
        "shop": "supermarket",
        "website": "https://www.longos.com/store/ponytrail",
        "@geometry": "center"
      },
      "geometry": {
        "type": "Point",
        "coordinates": [
          -79.595593,
          43.6364252
        ]
      },
      "id": "way/385275191"
    },
    {
      "type": "Feature",
      "properties": {
        "@id": "node/386776792",
        "addr:city": "Toronto",
        "addr:housenumber": "2877",
        "addr:street": "Bayview Avenue",
        "brand": "Loblaws",
        "brand:wikidata": "Q3257626",
        "brand:wikipedia": "en:Loblaws",
        "gst_number": "12223-5922 RT10001",
        "name": "Loblaws",
        "note": "To access by car use multi-level parking (NOT the south side parking, shopping carts cannot go out that way!). To enter by foot, use the mall entrance east of Loblaws and enter via the mall.",
        "old_name": "Loblaws",
        "opening_hours": "08:00-23:00",
        "phone": "+1-416-733-1783",
        "shop": "supermarket",
        "stars": "6.0",
        "stars:system": "10 star rating",
        "store_ref": "1019",
        "website": "https://www.loblaws.ca/"
      },
      "geometry": {
        "type": "Point",
        "coordinates": [
          -79.3872517,
          43.7687732
        ]
      },
      "id": "node/386776792"
    },
    {
      "type": "Feature",
      "properties": {
        "@id": "node/387446824",
        "addr:city": "Toronto",
        "addr:housenumber": "676",
        "addr:street": "Bloor Street West",
        "check_date": "2025-09-26",
        "name": "Bloor Meat & Grocery",
        "opening_hours": "Mo-Sa 09:30-20:00; Su off",
        "phone": "+1-416-536-0052",
        "shop": "supermarket",
        "website": "https://www.bloormeatandgrocery.com"
      },
      "geometry": {
        "type": "Point",
        "coordinates": [
          -79.4166176,
          43.6640904
        ]
      },
      "id": "node/387446824"
    },
    {
      "type": "Feature",
      "properties": {
        "@id": "node/387449941",
        "check_date": "2025-06-17",
        "name": "Bloor Fruit Market",
        "opening_hours": "Mo-Su 09:00-20:00",
        "shop": "supermarket",
        "wheelchair": "no"
      },
      "geometry": {
        "type": "Point",
        "coordinates": [
          -79.415889,
          43.6642503
        ]
      },
      "id": "node/387449941"
    },
    {
      "type": "Feature",
      "properties": {
        "@id": "node/387456107",
        "addr:city": "Toronto",
        "addr:housenumber": "580",
        "addr:street": "Bloor Street West",
        "check_date": "2026-06-06",
        "name": "Village Market",
        "open": "7 days a week",
        "shop": "supermarket",
        "wheelchair": "yes"
      },
      "geometry": {
        "type": "Point",
        "coordinates": [
          -79.4122672,
          43.6650133
        ]
      },
      "id": "node/387456107"
    },
    {
      "type": "Feature",
      "properties": {
        "@id": "node/387772003",
        "addr:city": "Scarborough",
        "addr:housenumber": "3331",
        "addr:street": "Sheppard Avenue East",
        "check_date": "2026-01-17",
        "name": "Food Depot Supermarket",
        "name:zh": "泰锦",
        "phone": "+1-416-756-1880",
        "shop": "supermarket"
      },
      "geometry": {
        "type": "Point",
        "coordinates": [
          -79.3082133,
          43.7775645
        ]
      },
      "id": "node/387772003"
    },
    {
      "type": "Feature",
      "properties": {
        "@id": "node/387792400",
        "brand": "Metro",
        "brand:wikidata": "Q1145669",
        "brand:wikipedia": "en:Metro Inc.",
        "check_date": "2025-12-13",
        "fair_trade": "yes",
        "name": "Metro",
        "opening_hours": "24/7",
        "operator": "Metro Inc.",
        "organic": "yes",
        "shop": "supermarket"
      },
      "geometry": {
        "type": "Point",
        "coordinates": [
          -79.3434239,
          43.7339225
        ]
      },
      "id": "node/387792400"
    },
    {
      "type": "Feature",
      "properties": {
        "@id": "node/391174565",
        "name": "Justins Natural Foods",
        "organic": "only",
        "shop": "supermarket"
      },
      "geometry": {
        "type": "Point",
        "coordinates": [
          -79.3672493,
          43.7911841
        ]
      },
      "id": "node/391174565"
    },
    {
      "type": "Feature",
      "properties": {
        "@id": "node/391180767",
        "addr:city": "Toronto",
        "addr:housenumber": "703",
        "addr:postcode": "M4Y 2B2",
        "addr:province": "ON",
        "addr:street": "Yonge Street",
        "alt_name:ko": "H 마트",
        "brand": "H Mart",
        "brand:wikidata": "Q5636306",
        "brand:wikipedia": "en:H Mart",
        "check_date": "2025-12-13",
        "cuisine": "asian",
        "image": "https://commons.wikimedia.org/wiki/File:IMG_H_Mart.jpg",
        "name": "H Mart",
        "name:en": "H Mart",
        "name:ko": "한아름",
        "name:zh-Hans": "韩亚龙",
        "name:zh-Hant": "韓亞龍",
        "opening_hours": "Mo-Su 09:00-23:00",
        "payment:american_express": "no",
        "payment:cash": "yes",
        "payment:interac": "yes",
        "payment:mastercard": "yes",
        "payment:notes": "yes",
        "payment:visa": "yes",
        "phone": "+1-647-340-3500",
        "shop": "supermarket"
      },
      "geometry": {
        "type": "Point",
        "coordinates": [
          -79.3861953,
          43.6692412
        ]
      },
      "id": "node/391180767"
    },
    {
      "type": "Feature",
      "properties": {
        "@id": "node/392098243",
        "addr:city": "Toronto",
        "addr:housenumber": "1901",
        "addr:postcode": "M4S 1Y8",
        "addr:street": "Yonge Street",
        "addr:unit": "1",
        "check_date": "2026-07-06",
        "name": "Fresh Buy Market",
        "shop": "supermarket"
      },
      "geometry": {
        "type": "Point",
        "coordinates": [
          -79.3963524,
          43.6982286
        ]
      },
      "id": "node/392098243"
    },
    {
      "type": "Feature",
      "properties": {
        "@id": "node/392512380",
        "addr:city": "Toronto",
        "addr:housenumber": "2300",
        "addr:postcode": "M4P 1E4",
        "addr:street": "Yonge Street",
        "brand": "Metro",
        "brand:wikidata": "Q1145669",
        "brand:wikipedia": "en:Metro Inc.",
        "check_date": "2026-07-06",
        "hst_number": "R105216170",
        "level": "0",
        "name": "Metro",
        "old_name": "Dominion",
        "opening_hours": "Mo-Su 8:00-22:00",
        "phone": "+1-416-483-7340",
        "shop": "supermarket",
        "store_ref": "752",
        "wheelchair": "yes"
      },
      "geometry": {
        "type": "Point",
        "coordinates": [
          -79.3994337,
          43.7070475
        ]
      },
      "id": "node/392512380"
    },
    {
      "type": "Feature",
      "properties": {
        "@id": "node/393536004",
        "addr:city": "Toronto",
        "addr:housenumber": "2293",
        "addr:postcode": "M4P 2C6",
        "addr:street": "Yonge Street",
        "check_date": "2026-04-26",
        "name": "Galleria K-Food Express",
        "opening_hours": "08:00-22:00",
        "shop": "supermarket"
      },
      "geometry": {
        "type": "Point",
        "coordinates": [
          -79.398336,
          43.7076137
        ]
      },
      "id": "node/393536004"
    },
    {
      "type": "Feature",
      "properties": {
        "@id": "way/398583836",
        "addr:city": "Woodbridge",
        "addr:housenumber": "8300",
        "addr:postcode": "L4H 0R9",
        "addr:street": "Highway 27",
        "brand": "Walmart",
        "brand:wikidata": "Q483551",
        "brand:wikipedia": "en:Walmart",
        "building": "retail",
        "building:colour": "blue;white",
        "building:levels": "1",
        "building:material": "concrete",
        "internal_ref": "1081",
        "name": "Walmart Supercentre",
        "operator": "Walmart",
        "operator:wikidata": "Q483551",
        "operator:wikipedia": "en:Walmart",
        "phone": "+1 9058514648",
        "roof:colour": "white",
        "roof:shape": "flat",
        "shop": "supermarket",
        "website": "https://www.walmart.ca/en/stores-near-me/vaughan-w-on-1081",
        "website:en": "https://www.walmart.ca/en/stores-near-me/vaughan-w-on-1081",
        "website:fr": "https://www.walmart.ca/fr/magasins-pres-de-chez-moi/vaughan-w-on-1081",
        "@geometry": "center"
      },
      "geometry": {
        "type": "Point",
        "coordinates": [
          -79.6270122,
          43.7863509
        ]
      },
      "id": "way/398583836"
    },
    {
      "type": "Feature",
      "properties": {
        "@id": "way/399345980",
        "building": "retail",
        "name": "Fu Yao Supermarket",
        "opening_hours": "Mo-Fr 09:00-19:00; Sa 10:00-19:00; Su closed",
        "operator": "Fu Yao",
        "phone": "+1-416-850-0063",
        "shop": "supermarket",
        "website": "https://fuyaosupermarket.ca/",
        "@geometry": "center"
      },
      "geometry": {
        "type": "Point",
        "coordinates": [
          -79.2526505,
          43.725079
        ]
      },
      "id": "way/399345980"
    },
    {
      "type": "Feature",
      "properties": {
        "@id": "node/410375809",
        "brand": "No Frills",
        "brand:wikidata": "Q3342407",
        "brand:wikipedia": "en:No Frills (grocery store)",
        "check_date": "2026-03-07",
        "name": "No Frills",
        "shop": "supermarket"
      },
      "geometry": {
        "type": "Point",
        "coordinates": [
          -79.509795,
          43.7198074
        ]
      },
      "id": "node/410375809"
    },
    {
      "type": "Feature",
      "properties": {
        "@id": "node/410376790",
        "check_date": "2026-06-08",
        "name": "Centra Food Market",
        "old_name": "Oriental Food Mart",
        "shop": "supermarket"
      },
      "geometry": {
        "type": "Point",
        "coordinates": [
          -79.5617812,
          43.7485292
        ]
      },
      "id": "node/410376790"
    },
    {
      "type": "Feature",
      "properties": {
        "@id": "node/410801728",
        "check_date": "2023-05-11",
        "level": "-1",
        "name": "Galaxy Fresh Foods",
        "phone": "+1-416-778-8868",
        "shop": "supermarket"
      },
      "geometry": {
        "type": "Point",
        "coordinates": [
          -79.3519535,
          43.6654414
        ]
      },
      "id": "node/410801728"
    },
    {
      "type": "Feature",
      "properties": {
        "@id": "node/411670085",
        "addr:city": "Mississauga",
        "addr:housenumber": "1125",
        "addr:postcode": "L4Y 2N6",
        "addr:province": "Ontario",
        "addr:street": "Bloor Street",
        "brand": "Your Independent Grocer",
        "brand:wikidata": "Q8058833",
        "brand:wikipedia": "en:Your Independent Grocer",
        "check_date": "2025-09-19",
        "name": "Your Independent Grocer",
        "opening_hours": "08:00-21:00",
        "shop": "supermarket"
      },
      "geometry": {
        "type": "Point",
        "coordinates": [
          -79.6006472,
          43.6111843
        ]
      },
      "id": "node/411670085"
    },
    {
      "type": "Feature",
      "properties": {
        "@id": "node/411670118",
        "check_date": "2025-04-24",
        "name": "Grant's Food Mart",
        "shop": "supermarket"
      },
      "geometry": {
        "type": "Point",
        "coordinates": [
          -79.5945101,
          43.6178522
        ]
      },
      "id": "node/411670118"
    },
    {
      "type": "Feature",
      "properties": {
        "@id": "node/414574534",
        "addr:city": "Mississauga",
        "addr:housenumber": "3100",
        "addr:province": "Ontario",
        "addr:street": "Dixie Road",
        "brand": "FreshCo",
        "brand:wikidata": "Q5502915",
        "brand:wikipedia": "en:FreshCo",
        "check_date": "2025-05-24",
        "hst_number": "862903929RT0001",
        "name": "FreshCo",
        "opening_hours": "Mo-Su 07:00-21:00",
        "phone": "+1-905-279-8840",
        "shop": "supermarket",
        "store_name": "Dixie & Dundas",
        "website": "https://freshco.com/"
      },
      "geometry": {
        "type": "Point",
        "coordinates": [
          -79.5858112,
          43.6092143
        ]
      },
      "id": "node/414574534"
    },
    {
      "type": "Feature",
      "properties": {
        "@id": "node/416130760",
        "brand": "Metro",
        "brand:wikidata": "Q1145669",
        "brand:wikipedia": "en:Metro Inc.",
        "check_date": "2026-03-06",
        "name": "Metro",
        "shop": "supermarket"
      },
      "geometry": {
        "type": "Point",
        "coordinates": [
          -79.4769011,
          43.7083728
        ]
      },
      "id": "node/416130760"
    },
    {
      "type": "Feature",
      "properties": {
        "@id": "node/417232563",
        "addr:city": "North York",
        "addr:housenumber": "3090",
        "addr:postcode": "M6A 2A2",
        "addr:province": "Ontario",
        "addr:street": "Bathurst Street",
        "brand": "Metro",
        "brand:wikidata": "Q1145669",
        "brand:wikipedia": "en:Metro Inc.",
        "fax": "+1-416-783-4712",
        "name": "Metro",
        "opening_hours": "Mo-Fr 07:00-00:00; Sa, Su 07:00-23:00",
        "payment:cash": "yes",
        "payment:contactless": "yes",
        "payment:credit_cards": "yes",
        "payment:debit_cards": "yes",
        "phone": "+1-416-783-1227",
        "shop": "supermarket",
        "website": "https://www.metro.ca/",
        "wheelchair": "limited"
      },
      "geometry": {
        "type": "Point",
        "coordinates": [
          -79.430591,
          43.7197433
        ]
      },
      "id": "node/417232563"
    },
    {
      "type": "Feature",
      "properties": {
        "@id": "node/421328735",
        "addr:city": "North York",
        "addr:housenumber": "83",
        "addr:postcode": "M3A 2P5",
        "addr:province": "ON",
        "addr:street": "Underhill Drive",
        "alt_name": "Bruno's Your Independent Grocer Don Mills",
        "brand": "Your Independent Grocer",
        "brand:wikidata": "Q8058833",
        "check_date": "2026-07-01",
        "name": "Your Independent Grocer",
        "opening_hours": "Mo-Su 8:00-21:00",
        "phone": "+1-416-449-2162",
        "shop": "supermarket"
      },
      "geometry": {
        "type": "Point",
        "coordinates": [
          -79.3245982,
          43.7461366
        ]
      },
      "id": "node/421328735"
    },
    {
      "type": "Feature",
      "properties": {
        "@id": "node/431245952",
        "addr:city": "Toronto",
        "addr:housenumber": "40",
        "addr:street": "Asquith Avenue",
        "brand": "Rabba",
        "brand:wikidata": "Q109659398",
        "check_date": "2025-09-04",
        "gst_number": "R105222145",
        "name": "Rabba",
        "note": "main entrance is on Church",
        "opening_hours": "24/7",
        "payment:interac": "yes",
        "phone": "+1-416-967-5326",
        "shop": "supermarket"
      },
      "geometry": {
        "type": "Point",
        "coordinates": [
          -79.3848558,
          43.6720009
        ]
      },
      "id": "node/431245952"
    },
    {
      "type": "Feature",
      "properties": {
        "@id": "node/431299397",
        "brand": "No Frills",
        "brand:wikidata": "Q3342407",
        "brand:wikipedia": "en:No Frills (grocery store)",
        "name": "No Frills",
        "shop": "supermarket",
        "wheelchair": "yes"
      },
      "geometry": {
        "type": "Point",
        "coordinates": [
          -79.24815,
          43.7093804
        ]
      },
      "id": "node/431299397"
    },
    {
      "type": "Feature",
      "properties": {
        "@id": "node/432772912",
        "addr:city": "Etobicoke",
        "addr:housenumber": "1500",
        "addr:postcode": "M9A 3L8",
        "addr:street": "Islington Avenue",
        "brand": "Foodland",
        "brand:wikidata": "Q5465554",
        "brand:wikipedia": "en:Foodland (Canada)",
        "check_date": "2026-06-28",
        "name": "Foodland",
        "old_name": "IGA",
        "shop": "supermarket"
      },
      "geometry": {
        "type": "Point",
        "coordinates": [
          -79.531966,
          43.6629193
        ]
      },
      "id": "node/432772912"
    },
    {
      "type": "Feature",
      "properties": {
        "@id": "node/436015841",
        "addr:city": "Toronto",
        "addr:housenumber": "5661",
        "addr:postcode": "M1V 5P6",
        "addr:street": "Steeles Avenue East",
        "addr:suburb": "Scarborough",
        "check_date": "2024-09-21",
        "name": "Field Fresh Supermarket",
        "shop": "supermarket"
      },
      "geometry": {
        "type": "Point",
        "coordinates": [
          -79.264872,
          43.8317951
        ]
      },
      "id": "node/436015841"
    },
    {
      "type": "Feature",
      "properties": {
        "@id": "way/436615544",
        "addr:city": "Vaughan",
        "addr:housenumber": "3600",
        "addr:postcode": "L4H3T6",
        "addr:province": "Ontario",
        "addr:street": "Major MacKenzie Drive West",
        "brand": "Walmart",
        "brand:wikidata": "Q483551",
        "brand:wikipedia": "en:Walmart",
        "building": "retail",
        "building:colour": "beige",
        "building:levels": "1",
        "building:material": "brick",
        "check_date": "2025-06-08",
        "internal_ref": "1095",
        "name": "Walmart Supercentre",
        "opening_hours": "07:00-23:00",
        "payment:cash": "yes",
        "payment:credit_cards": "yes",
        "payment:debit_cards": "yes",
        "phone": "+1 905-832-4060",
        "roof:colour": "white",
        "roof:shape": "flat",
        "shop": "supermarket",
        "website": "https://www.walmart.ca/en/stores-near-me/vaughan-nw-on-1095",
        "website:en": "https://www.walmart.ca/en/stores-near-me/vaughan-nw-on-1095",
        "website:fr": "https://www.walmart.ca/fr/magasins-pres-de-chez-moi/vaughan-nw-on-1095",
        "@geometry": "center"
      },
      "geometry": {
        "type": "Point",
        "coordinates": [
          -79.5554086,
          43.8482725
        ]
      },
      "id": "way/436615544"
    },
    {
      "type": "Feature",
      "properties": {
        "@id": "node/436893990",
        "addr:city": "Scarborough",
        "addr:housenumber": "2900",
        "addr:province": "ON",
        "addr:street": "Ellesmere Road",
        "amenity": "pharmacy",
        "brand": "Food Basics",
        "brand:wikidata": "Q5465300",
        "brand:wikipedia": "en:Food Basics",
        "name": "Food Basics",
        "opening_hours": "Mo-Fr 08:00-21:00; Sa,Su 08:00-20:00",
        "shop": "supermarket"
      },
      "geometry": {
        "type": "Point",
        "coordinates": [
          -79.2035926,
          43.7841256
        ]
      },
      "id": "node/436893990"
    },
    {
      "type": "Feature",
      "properties": {
        "@id": "way/438819829",
        "addr:city": "Toronto",
        "addr:housenumber": "1625",
        "addr:postcode": "M6N 1H7",
        "addr:street": "St. Clair Avenue West",
        "building": "retail",
        "check_date": "2023-11-09",
        "name": "Tavora Foods",
        "opening_hours": "Mo-Th 08:00-19:30; Fr 08:00-20:00; Sa 08:00-19:00; Su 08:00-16:00",
        "operator": "Tavora Foods",
        "phone": "+1-416-656-1592",
        "shop": "supermarket",
        "website": "https://www.tavora.ca/",
        "@geometry": "center"
      },
      "geometry": {
        "type": "Point",
        "coordinates": [
          -79.4565086,
          43.6746303
        ]
      },
      "id": "way/438819829"
    },
    {
      "type": "Feature",
      "properties": {
        "@id": "way/442980016",
        "addr:city": "Toronto",
        "addr:housenumber": "650",
        "addr:street": "Dupont Street",
        "brand": "Loblaws",
        "brand:wikidata": "Q3257626",
        "brand:wikipedia": "en:Loblaws",
        "building": "retail",
        "building:levels": "2",
        "coinstar": "yes",
        "name": "Loblaws",
        "opendata:type": "113001",
        "opening_hours": "Mo-Su 07:00-22:00",
        "shop": "supermarket",
        "wheelchair": "yes",
        "@geometry": "center"
      },
      "geometry": {
        "type": "Point",
        "coordinates": [
          -79.4209881,
          43.6721301
        ]
      },
      "id": "way/442980016"
    },
    {
      "type": "Feature",
      "properties": {
        "@id": "way/449304526",
        "building": "retail",
        "name": "Panchvati Supermarket",
        "shop": "supermarket",
        "@geometry": "center"
      },
      "geometry": {
        "type": "Point",
        "coordinates": [
          -79.2307295,
          43.776336
        ]
      },
      "id": "way/449304526"
    },
    {
      "type": "Feature",
      "properties": {
        "@id": "way/468025327",
        "addr:city": "Toronto",
        "addr:housenumber": "2939",
        "addr:postcode": "M6B 3S7",
        "addr:street": "Dufferin Street",
        "building": "retail",
        "building:levels": "1",
        "description": "Small scale specialty food grocery store. Specializes in Italian cuisine.",
        "name": "Lady York Foods",
        "opening_hours": "Mo-Fr 08:00-21:00; Sa,Su 08:00-18:00",
        "shop": "supermarket",
        "website": "https://ladyyorkfoods.com/",
        "@geometry": "center"
      },
      "geometry": {
        "type": "Point",
        "coordinates": [
          -79.452993,
          43.709557
        ]
      },
      "id": "way/468025327"
    },
    {
      "type": "Feature",
      "properties": {
        "@id": "node/495307176",
        "addr:city": "North York",
        "addr:housenumber": "38",
        "addr:street": "Karl Fraser Road",
        "name": "McEwan",
        "note": "high end supermarket with free valet parking",
        "phone": "+1-416-444-6262",
        "shop": "supermarket",
        "wheelchair": "yes"
      },
      "geometry": {
        "type": "Point",
        "coordinates": [
          -79.3452638,
          43.7363998
        ]
      },
      "id": "node/495307176"
    },
    {
      "type": "Feature",
      "properties": {
        "@id": "node/495883888",
        "brand": "Your Independent Grocer",
        "brand:wikidata": "Q8058833",
        "brand:wikipedia": "en:Your Independent Grocer",
        "name": "Your Independent Grocer",
        "shop": "supermarket"
      },
      "geometry": {
        "type": "Point",
        "coordinates": [
          -79.2008768,
          43.7465518
        ]
      },
      "id": "node/495883888"
    },
    {
      "type": "Feature",
      "properties": {
        "@id": "node/498680874",
        "addr:city": "Toronto",
        "addr:housenumber": "111",
        "addr:postcode": "M5G 1P7",
        "addr:street": "Elizabeth Street",
        "alt_name": "The Market by Longo's",
        "brand": "Longo's",
        "brand:wikidata": "Q6674182",
        "check_date": "2026-07-05",
        "check_date:opening_hours": "2025-07-30",
        "level": "0",
        "name": "Longo's",
        "note": "Starbucks Coffee inside",
        "opening_hours": "Mo-Fr 08:00-21:00; Sa-Su 08:00-20:00",
        "phone": "+1 4165979005",
        "shop": "supermarket",
        "website": "https://www.longos.com/store-details/Longos%20Elizabeth%20Pickup",
        "wheelchair": "yes"
      },
      "geometry": {
        "type": "Point",
        "coordinates": [
          -79.3849589,
          43.655348
        ]
      },
      "id": "node/498680874"
    },
    {
      "type": "Feature",
      "properties": {
        "@id": "node/501616666",
        "brand": "Food Basics",
        "brand:wikidata": "Q5465300",
        "brand:wikipedia": "en:Food Basics",
        "name": "Food Basics",
        "shop": "supermarket"
      },
      "geometry": {
        "type": "Point",
        "coordinates": [
          -79.4240994,
          43.8235031
        ]
      },
      "id": "node/501616666"
    },
    {
      "type": "Feature",
      "properties": {
        "@id": "node/501985559",
        "addr:housenumber": "173",
        "addr:street": "Harvie Avenue",
        "name": "Sao Miguel Grocery's LTD",
        "shop": "supermarket"
      },
      "geometry": {
        "type": "Point",
        "coordinates": [
          -79.4514226,
          43.6807432
        ]
      },
      "id": "node/501985559"
    },
    {
      "type": "Feature",
      "properties": {
        "@id": "way/504775784",
        "brand": "Walmart",
        "brand:wikidata": "Q483551",
        "brand:wikipedia": "en:Walmart",
        "building": "retail",
        "building:colour": "beige",
        "building:levels": "2",
        "check_date": "2026-05-29",
        "check_date:opening_hours": "2026-05-29",
        "name": "Walmart Supercentre",
        "opening_hours": "Mo-Su 07:00-23:00",
        "shop": "supermarket",
        "store_ref": "01139",
        "website": "https://www.walmart.ca/en/stores-near-me/toronto-downsview-1139",
        "website:en": "https://www.walmart.ca/en/stores-near-me/toronto-downsview-1139",
        "website:fr": "https://www.walmart.ca/fr/magasins-pres-de-chez-moi/toronto-downsview-1139",
        "@geometry": "center"
      },
      "geometry": {
        "type": "Point",
        "coordinates": [
          -79.4886594,
          43.7577513
        ]
      },
      "id": "way/504775784"
    },
    {
      "type": "Feature",
      "properties": {
        "@id": "node/519921378",
        "addr:city": "Toronto",
        "check_date": "2026-03-12",
        "level": "-1",
        "name": "Marché Leo’s",
        "shop": "supermarket"
      },
      "geometry": {
        "type": "Point",
        "coordinates": [
          -79.3819202,
          43.6565962
        ]
      },
      "id": "node/519921378"
    },
    {
      "type": "Feature",
      "properties": {
        "@id": "node/527025586",
        "addr:housenumber": "554",
        "addr:street": "Dufferin Street",
        "check_date": "2026-07-08",
        "name": "HN. Grocery",
        "payment:interac": "yes",
        "shop": "supermarket"
      },
      "geometry": {
        "type": "Point",
        "coordinates": [
          -79.4308159,
          43.6475725
        ]
      },
      "id": "node/527025586"
    },
    {
      "type": "Feature",
      "properties": {
        "@id": "node/527033465",
        "addr:city": "Toronto",
        "addr:housename": "The Kitchen Table",
        "addr:housenumber": "705",
        "addr:place": "The Kitchen Table",
        "addr:postcode": "M5V 2W8",
        "addr:street": "King Street West",
        "check_date": "2026-01-10",
        "name": "Kitchen Table",
        "phone": "+1-416-703-0636",
        "shop": "supermarket",
        "website": "thekitchentable.ca"
      },
      "geometry": {
        "type": "Point",
        "coordinates": [
          -79.4040401,
          43.6434096
        ]
      },
      "id": "node/527033465"
    },
    {
      "type": "Feature",
      "properties": {
        "@id": "way/529701908",
        "brand": "No Frills",
        "brand:wikidata": "Q3342407",
        "brand:wikipedia": "en:No Frills (grocery store)",
        "building:part": "yes",
        "check_date": "2026-03-21",
        "name": "No Frills",
        "shop": "supermarket",
        "@geometry": "center"
      },
      "geometry": {
        "type": "Point",
        "coordinates": [
          -79.2932105,
          43.783167
        ]
      },
      "id": "way/529701908"
    },
    {
      "type": "Feature",
      "properties": {
        "@id": "node/530787073",
        "addr:city": "Toronto",
        "addr:housenumber": "197",
        "addr:street": "Roncesvalles Avenue",
        "brand": "Sobeys",
        "brand:wikidata": "Q1143340",
        "brand:wikipedia": "en:Sobeys",
        "check_date": "2026-06-24",
        "name": "Sobeys Urban Fresh",
        "shop": "supermarket",
        "wheelchair": "yes"
      },
      "geometry": {
        "type": "Point",
        "coordinates": [
          -79.4484512,
          43.6452125
        ]
      },
      "id": "node/530787073"
    },
    {
      "type": "Feature",
      "properties": {
        "@id": "node/534020591",
        "addr:city": "Toronto",
        "addr:housenumber": "9",
        "addr:postcode": "M4Y 1M7",
        "addr:street": "Isabella Street",
        "brand": "Rabba",
        "brand:wikidata": "Q109659398",
        "name": "Rabba",
        "opening_hours": "24/7",
        "shop": "supermarket"
      },
      "geometry": {
        "type": "Point",
        "coordinates": [
          -79.3850416,
          43.6675553
        ]
      },
      "id": "node/534020591"
    },
    {
      "type": "Feature",
      "properties": {
        "@id": "node/534020592",
        "addr:city": "Toronto",
        "addr:housenumber": "37",
        "addr:postcode": "M4Y2R4",
        "addr:province": "Ontario",
        "addr:street": "Charles Street West",
        "brand": "Rabba",
        "brand:wikidata": "Q109659398",
        "image": "https://commons.wikimedia.org/wiki/File:IMG_rabba.jpg",
        "name": "Rabba",
        "opening_hours": "24/7",
        "payment:cash": "yes",
        "payment:credit_cards": "yes",
        "payment:debit_cards": "yes",
        "payment:mastercard": "yes",
        "payment:notes": "yes",
        "shop": "supermarket"
      },
      "geometry": {
        "type": "Point",
        "coordinates": [
          -79.3876367,
          43.6681893
        ]
      },
      "id": "node/534020592"
    },
    {
      "type": "Feature",
      "properties": {
        "@id": "node/537074530",
        "addr:city": "Toronto",
        "addr:housenumber": "12",
        "addr:postcode": "M4T 1L7",
        "addr:province": "ON",
        "addr:street": "St. Clair Avenue East",
        "brand": "Loblaws",
        "brand:wikidata": "Q3257626",
        "brand:wikipedia": "en:Loblaws",
        "check_date": "2026-05-26",
        "gst_number": "12223-5922 RT0001",
        "name": "Loblaws",
        "opening_hours": "07:00-21:00",
        "opening_hours:covid19": "07:00-20:00",
        "payment:american_express": "no",
        "payment:cash": "yes",
        "payment:interac": "yes",
        "payment:mastercard": "yes",
        "payment:visa": "yes",
        "phone": "+1-416-960-8108",
        "shop": "supermarket",
        "store_name": "Loblaws St. Clair",
        "store_ref": "1142"
      },
      "geometry": {
        "type": "Point",
        "coordinates": [
          -79.3940485,
          43.6887263
        ]
      },
      "id": "node/537074530"
    },
    {
      "type": "Feature",
      "properties": {
        "@id": "node/538159522",
        "name": "Kitchen Table",
        "opening_hours": "Mo-Su 07:00-23:00",
        "shop": "supermarket"
      },
      "geometry": {
        "type": "Point",
        "coordinates": [
          -79.4124021,
          43.6884125
        ]
      },
      "id": "node/538159522"
    },
    {
      "type": "Feature",
      "properties": {
        "@id": "node/544651059",
        "building:colour": "beige",
        "fair_trade": "likely",
        "name": "Pusateri's Fine Foods",
        "opening_hours": "Mo-Fr 07:00-20:00; Sa,Su 07:00-19:00",
        "organic": "yes",
        "payment:credit_cards": "yes",
        "payment:debit_cards": "yes",
        "shop": "supermarket",
        "short_name": "Pusateri's",
        "stars": "4.0",
        "stars:system": "10 star rating",
        "wheelchair": "limited",
        "windows": "yes"
      },
      "geometry": {
        "type": "Point",
        "coordinates": [
          -79.4156941,
          43.7232291
        ]
      },
      "id": "node/544651059"
    },
    {
      "type": "Feature",
      "properties": {
        "@id": "node/549033787",
        "addr:city": "Toronto",
        "addr:housenumber": "1435",
        "addr:street": "King Street West",
        "brand": "No Frills",
        "brand:wikidata": "Q3342407",
        "brand:wikipedia": "en:No Frills (grocery store)",
        "check_date": "2026-06-24",
        "gst_number": "82760-4455 RT0001",
        "name": "No Frills",
        "opening_hours": "Mo-Fr 08:00-21:30; Sa-Su 08:00-21:00",
        "payment:cash": "yes",
        "payment:debit_cards": "yes",
        "payment:mastercard": "yes",
        "payment:visa": "yes",
        "ref:vatin": "85314-6645 RT0001",
        "shop": "supermarket",
        "store_name": "Anthony's No Frills",
        "store_ref": "00106",
        "wheelchair": "yes"
      },
      "geometry": {
        "type": "Point",
        "coordinates": [
          -79.436777,
          43.63685
        ]
      },
      "id": "node/549033787"
    },
    {
      "type": "Feature",
      "properties": {
        "@id": "node/551067778",
        "brand": "Bulk Barn",
        "brand:wikidata": "Q4996466",
        "brand:wikipedia": "en:Bulk Barn",
        "name": "Bulk Barn",
        "shop": "supermarket"
      },
      "geometry": {
        "type": "Point",
        "coordinates": [
          -79.250287,
          43.7086133
        ]
      },
      "id": "node/551067778"
    },
    {
      "type": "Feature",
      "properties": {
        "@id": "node/560196725",
        "name": "Zito's Market",
        "shop": "supermarket"
      },
      "geometry": {
        "type": "Point",
        "coordinates": [
          -79.4425168,
          43.7052158
        ]
      },
      "id": "node/560196725"
    },
    {
      "type": "Feature",
      "properties": {
        "@id": "node/560196733",
        "addr:city": "York",
        "addr:housenumber": "145",
        "addr:street": "Marlee Avenue",
        "branch": "Urban Fresh",
        "brand": "Sobeys",
        "brand:wikidata": "Q1143340",
        "brand:wikipedia": "en:Sobeys",
        "diet:halal": "no",
        "diet:kosher": "yes",
        "name": "Sobeys",
        "opening_hours": "Mo-Su 08:00-22:00",
        "phone": "+1-416-781-0145",
        "shop": "supermarket",
        "store_name": "Rosebury Sq. Plaza"
      },
      "geometry": {
        "type": "Point",
        "coordinates": [
          -79.4408534,
          43.7036555
        ]
      },
      "id": "node/560196733"
    },
    {
      "type": "Feature",
      "properties": {
        "@id": "node/561181501",
        "amenity": "pharmacy",
        "brand": "Food Basics",
        "brand:wikidata": "Q5465300",
        "brand:wikipedia": "en:Food Basics",
        "dispensing": "yes",
        "name": "Food Basics",
        "shop": "supermarket"
      },
      "geometry": {
        "type": "Point",
        "coordinates": [
          -79.2879377,
          43.7460309
        ]
      },
      "id": "node/561181501"
    },
    {
      "type": "Feature",
      "properties": {
        "@id": "node/582753955",
        "addr:city": "Toronto",
        "addr:housenumber": "22",
        "addr:postcode": "M4S 1C1",
        "addr:province": "ON",
        "addr:street": "Balliol Street",
        "branch": "Urban Fresh",
        "brand": "Sobeys",
        "check_date": "2026-05-12",
        "gst_number": "895588788 RT0004",
        "internet_access": "wlan",
        "internet_access:fee": "no",
        "level": "0",
        "name": "Sobeys Urban Fresh",
        "not:brand:wikidata": "Q1143340",
        "opening_hours": "24/7",
        "opening_hours:covid19": "Mo-Su 07:00-18:00",
        "payment:american_express": "yes",
        "payment:coins": "yes",
        "payment:interac": "yes",
        "payment:mastercard": "yes",
        "payment:notes": "yes",
        "payment:visa": "yes",
        "phone": "+1-416-485-1022",
        "self_checkout": "yes",
        "shop": "supermarket",
        "source": "approx",
        "store_name": "Yonge & Balliol Sobeys #933",
        "store_ref": "933",
        "wheelchair": "yes"
      },
      "geometry": {
        "type": "Point",
        "coordinates": [
          -79.3955072,
          43.6978473
        ]
      },
      "id": "node/582753955"
    },
    {
      "type": "Feature",
      "properties": {
        "@id": "node/582930392",
        "brand": "Metro",
        "brand:wikidata": "Q1145669",
        "brand:wikipedia": "en:Metro Inc.",
        "check_date": "2023-04-20",
        "name": "Metro",
        "opening_hours": "24/7",
        "shop": "supermarket",
        "toilets:wheelchair": "yes",
        "wheelchair": "yes"
      },
      "geometry": {
        "type": "Point",
        "coordinates": [
          -79.122521,
          43.8298109
        ]
      },
      "id": "node/582930392"
    },
    {
      "type": "Feature",
      "properties": {
        "@id": "node/598103300",
        "brand": "FreshCo",
        "brand:wikidata": "Q5502915",
        "brand:wikipedia": "en:FreshCo",
        "check_date": "2026-05-30",
        "name": "FreshCo",
        "shop": "supermarket",
        "wheelchair": "yes"
      },
      "geometry": {
        "type": "Point",
        "coordinates": [
          -79.4408504,
          43.6675471
        ]
      },
      "id": "node/598103300"
    },
    {
      "type": "Feature",
      "properties": {
        "@id": "node/599896644",
        "brand": "Longo's",
        "brand:wikidata": "Q6674182",
        "name": "Longo's",
        "shop": "supermarket"
      },
      "geometry": {
        "type": "Point",
        "coordinates": [
          -79.6064975,
          43.8143828
        ]
      },
      "id": "node/599896644"
    },
    {
      "type": "Feature",
      "properties": {
        "@id": "node/599896656",
        "addr:city": "Woodbridge",
        "addr:housenumber": "9600",
        "addr:postcode": "L4H 2T1",
        "addr:province": "Ontario",
        "addr:street": "Islington Avenue",
        "brand": "Food Basics",
        "brand:wikidata": "Q5465300",
        "brand:wikipedia": "en:Food Basics",
        "contact:instagram": "foodbasicson",
        "name": "Food Basics",
        "opening_hours": "Mo-Fr 08:00-21:00; Sa-Su 08:00-20:00",
        "phone": "+1-905-893-1618",
        "shop": "supermarket",
        "website": "https://www.foodbasics.ca/"
      },
      "geometry": {
        "type": "Point",
        "coordinates": [
          -79.6092957,
          43.8238612
        ]
      },
      "id": "node/599896656"
    },
    {
      "type": "Feature",
      "properties": {
        "@id": "node/599897446",
        "brand": "FreshCo",
        "brand:wikidata": "Q5502915",
        "brand:wikipedia": "en:FreshCo",
        "name": "FreshCo",
        "shop": "supermarket"
      },
      "geometry": {
        "type": "Point",
        "coordinates": [
          -79.5577728,
          43.8439665
        ]
      },
      "id": "node/599897446"
    },
    {
      "type": "Feature",
      "properties": {
        "@id": "node/599897453",
        "addr:city": "Vaughan",
        "addr:housenumber": "2810",
        "addr:street": "Rutherford Road",
        "brand": "Longo's",
        "brand:wikidata": "Q6674182",
        "brand:wikipedia": "en:Longo's",
        "check_date": "2026-05-10",
        "name": "Longo's",
        "opening_hours": "Mo-Fr 07:30-21:00; Sa-Su 07:30-20:00",
        "phone": "+1 905-417-0207",
        "shop": "supermarket",
        "website": "https://www.longos.com/store-details/Longos%20Maple%20Pickup"
      },
      "geometry": {
        "type": "Point",
        "coordinates": [
          -79.5359902,
          43.8515995
        ]
      },
      "id": "node/599897453"
    },
    {
      "type": "Feature",
      "properties": {
        "@id": "node/615954940",
        "amenity": "pharmacy",
        "brand": "Food Basics",
        "brand:wikidata": "Q5465300",
        "brand:wikipedia": "en:Food Basics",
        "check_date": "2026-01-17",
        "name": "Food Basics",
        "shop": "supermarket",
        "source": "approx"
      },
      "geometry": {
        "type": "Point",
        "coordinates": [
          -79.3248523,
          43.7761811
        ]
      },
      "id": "node/615954940"
    },
    {
      "type": "Feature",
      "properties": {
        "@id": "node/652152144",
        "addr:city": "Mississauga",
        "addr:housenumber": "3445",
        "addr:postcode": "L4X 2J4",
        "addr:street": "Fieldgate Drive",
        "check_date": "2025-10-01",
        "name": "Al-Rahman Foods",
        "opening_hours": "07:00-22:00",
        "shop": "supermarket"
      },
      "geometry": {
        "type": "Point",
        "coordinates": [
          -79.5894387,
          43.6245847
        ]
      },
      "id": "node/652152144"
    },
    {
      "type": "Feature",
      "properties": {
        "@id": "way/657696700",
        "addr:city": "Toronto",
        "addr:housenumber": "36",
        "addr:street": "Scarlett Road",
        "building": "retail",
        "cuisine": "african",
        "name": "Julimay African & Caribbean Continental Groceries",
        "phone": "+1 416-766-8427",
        "shop": "grocery",
        "@geometry": "center"
      },
      "geometry": {
        "type": "Point",
        "coordinates": [
          -79.5005764,
          43.667792
        ]
      },
      "id": "way/657696700"
    },
    {
      "type": "Feature",
      "properties": {
        "@id": "way/659533740",
        "addr:housenumber": "1729",
        "addr:street": "Albion Road",
        "building": "retail",
        "check_date": "2026-06-16",
        "name": "OM India Food Centre",
        "shop": "supermarket",
        "@geometry": "center"
      },
      "geometry": {
        "type": "Point",
        "coordinates": [
          -79.6033125,
          43.7431195
        ]
      },
      "id": "way/659533740"
    },
    {
      "type": "Feature",
      "properties": {
        "@id": "way/659549418",
        "addr:city": "Toronto",
        "addr:housenumber": "5995",
        "addr:street": "Steeles Avenue East",
        "brand": "Walmart",
        "brand:wikidata": "Q483551",
        "brand:wikipedia": "en:Walmart",
        "building": "retail",
        "name": "Walmart Supercentre",
        "old_name": "Wal-Mart",
        "opening_hours": "08:00-22:00",
        "operator": "Walmart",
        "phone": "+1-416-298-1210",
        "shop": "supermarket",
        "source": "Dinesafe",
        "stars": "6.4",
        "stars:system": "10 star rating",
        "store_ref": "1080",
        "website": "https://www.walmart.ca/en/stores-near-me/scarborough-on-1080",
        "website:en": "https://www.walmart.ca/en/stores-near-me/scarborough-on-1080",
        "website:fr": "https://www.walmart.ca/fr/magasins-pres-de-chez-moi/scarborough-on-1080",
        "@geometry": "center"
      },
      "geometry": {
        "type": "Point",
        "coordinates": [
          -79.255405,
          43.8333789
        ]
      },
      "id": "way/659549418"
    },
    {
      "type": "Feature",
      "properties": {
        "@id": "way/659728828",
        "addr:city": "Toronto",
        "brand": "No Frills",
        "brand:wikidata": "Q3342407",
        "brand:wikipedia": "en:No Frills (grocery store)",
        "building": "retail",
        "building:levels": "1",
        "name": "No Frills",
        "shop": "supermarket",
        "@geometry": "center"
      },
      "geometry": {
        "type": "Point",
        "coordinates": [
          -79.2989355,
          43.823829
        ]
      },
      "id": "way/659728828"
    },
    {
      "type": "Feature",
      "properties": {
        "@id": "way/659831222",
        "addr:city": "Toronto",
        "building": "yes",
        "name": "Eraa Supermarket",
        "opening_hours": "Mo-Su 08:00-22:00",
        "shop": "supermarket",
        "@geometry": "center"
      },
      "geometry": {
        "type": "Point",
        "coordinates": [
          -79.223482,
          43.817851
        ]
      },
      "id": "way/659831222"
    },
    {
      "type": "Feature",
      "properties": {
        "@id": "way/659840583",
        "addr:city": "Toronto",
        "addr:housenumber": "300",
        "addr:postcode": "M1S 5B1",
        "addr:province": "ON",
        "addr:street": "Middlefield Road",
        "building": "yes",
        "name": "Surati Sweet Mart",
        "opening_hours": "Mo-Sa 10:00-19:00, Su 10:00-18:00",
        "shop": "supermarket",
        "@geometry": "center"
      },
      "geometry": {
        "type": "Point",
        "coordinates": [
          -79.2564665,
          43.8036175
        ]
      },
      "id": "way/659840583"
    },
    {
      "type": "Feature",
      "properties": {
        "@id": "way/660307239",
        "addr:city": "Toronto",
        "addr:housenumber": "785",
        "addr:postcode": "M1B 3C3",
        "addr:street": "Milner Avenue",
        "brand": "Walmart",
        "brand:wikidata": "Q483551",
        "brand:wikipedia": "en:Walmart",
        "building": "retail",
        "building:levels": "1",
        "name": "Walmart Supercentre",
        "opening_hours": "Mo-Su 07:00-23:00",
        "shop": "supermarket",
        "website": "https://www.walmart.ca/en/stores-near-me/scarborough-east-on-3111",
        "website:en": "https://www.walmart.ca/en/stores-near-me/scarborough-east-on-3111",
        "website:fr": "https://www.walmart.ca/fr/magasins-pres-de-chez-moi/scarborough-east-on-3111",
        "@geometry": "center"
      },
      "geometry": {
        "type": "Point",
        "coordinates": [
          -79.200701,
          43.7979015
        ]
      },
      "id": "way/660307239"
    },
    {
      "type": "Feature",
      "properties": {
        "@id": "way/660584323",
        "building": "yes",
        "name": "Jian Hing Supermarket",
        "shop": "supermarket",
        "@geometry": "center"
      },
      "geometry": {
        "type": "Point",
        "coordinates": [
          -79.227136,
          43.7609625
        ]
      },
      "id": "way/660584323"
    },
    {
      "type": "Feature",
      "properties": {
        "@id": "way/660585990",
        "addr:city": "Toronto",
        "building": "yes",
        "name": "Herat Bazaar",
        "shop": "supermarket",
        "@geometry": "center"
      },
      "geometry": {
        "type": "Point",
        "coordinates": [
          -79.224309,
          43.7586225
        ]
      },
      "id": "way/660585990"
    },
    {
      "type": "Feature",
      "properties": {
        "@id": "way/661330555",
        "addr:city": "Toronto",
        "addr:housenumber": "1755",
        "addr:postcode": "M1P 0A3",
        "addr:province": "ON",
        "addr:street": "Brimley Road",
        "branch": "Scarborough",
        "brand": "Real Canadian Superstore",
        "brand:wikidata": "Q7300856",
        "brand:wikipedia": "en:Real Canadian Superstore",
        "building": "retail",
        "building:colour": "grey",
        "name": "Real Canadian Superstore",
        "opening_hours": "Su-Mo 07:00-23:00",
        "operator": "Loblaws",
        "phone": "+1 416-279-0802",
        "shop": "supermarket",
        "website": "https://www.realcanadiansuperstore.ca/store-locator/details/2809",
        "@geometry": "center"
      },
      "geometry": {
        "type": "Point",
        "coordinates": [
          -79.263211,
          43.7780155
        ]
      },
      "id": "way/661330555"
    },
    {
      "type": "Feature",
      "properties": {
        "@id": "way/662098193",
        "addr:city": "York",
        "addr:housenumber": "3400",
        "addr:street": "Dundas Street West",
        "brand": "FreshCo",
        "brand:wikidata": "Q5502915",
        "brand:wikipedia": "en:FreshCo",
        "building": "retail",
        "check_date": "2026-05-27",
        "name": "FreshCo",
        "shop": "supermarket",
        "@geometry": "center"
      },
      "geometry": {
        "type": "Point",
        "coordinates": [
          -79.4846667,
          43.6662347
        ]
      },
      "id": "way/662098193"
    },
    {
      "type": "Feature",
      "properties": {
        "@id": "way/662150292",
        "building": "retail",
        "name": "Rui Gomes Meats & Food Market",
        "shop": "supermarket",
        "@geometry": "center"
      },
      "geometry": {
        "type": "Point",
        "coordinates": [
          -79.4697853,
          43.6825137
        ]
      },
      "id": "way/662150292"
    },
    {
      "type": "Feature",
      "properties": {
        "@id": "way/662454002",
        "brand": "Fortinos",
        "brand:wikidata": "Q5472662",
        "brand:wikipedia": "en:Fortinos",
        "building": "retail",
        "name": "Fortinos",
        "shop": "supermarket",
        "@geometry": "center"
      },
      "geometry": {
        "type": "Point",
        "coordinates": [
          -79.623687,
          43.792979
        ]
      },
      "id": "way/662454002"
    },
    {
      "type": "Feature",
      "properties": {
        "@id": "way/662727127",
        "addr:city": "Scarborough",
        "addr:housenumber": "1900",
        "addr:postcode": "M1L 2L9",
        "addr:province": "ON",
        "addr:street": "Eglinton Avenue East",
        "brand": "Walmart",
        "brand:wikidata": "Q483551",
        "brand:wikipedia": "en:Walmart",
        "building": "retail",
        "building:levels": "1",
        "check_date": "2026-03-07",
        "name": "Walmart Supercentre",
        "operator": "Walmart",
        "operator:wikidata": "Q483551",
        "operator:wikipedia": "en:Walmart",
        "phone": "+1-416-615-2027",
        "ref": "3159",
        "self_checkout": "yes",
        "shop": "supermarket",
        "website": "https://www.walmart.ca/en/stores-near-me/w-scarborough-on-3159",
        "website:en": "https://www.walmart.ca/en/stores-near-me/w-scarborough-on-3159",
        "website:fr": "https://www.walmart.ca/fr/magasins-pres-de-chez-moi/w-scarborough-on-3159",
        "@geometry": "center"
      },
      "geometry": {
        "type": "Point",
        "coordinates": [
          -79.295457,
          43.728346
        ]
      },
      "id": "way/662727127"
    },
    {
      "type": "Feature",
      "properties": {
        "@id": "way/662727263",
        "brand": "Metro",
        "brand:wikidata": "Q1145669",
        "brand:wikipedia": "en:Metro Inc.",
        "check_date": "2026-03-07",
        "indoor": "room",
        "name": "Metro",
        "shop": "supermarket",
        "@geometry": "center"
      },
      "geometry": {
        "type": "Point",
        "coordinates": [
          -79.2982545,
          43.724199
        ]
      },
      "id": "way/662727263"
    },
    {
      "type": "Feature",
      "properties": {
        "@id": "node/668989553",
        "brand": "Food Basics",
        "brand:wikidata": "Q5465300",
        "brand:wikipedia": "en:Food Basics",
        "check_date": "2025-08-02",
        "name": "Food Basics",
        "shop": "supermarket",
        "wheelchair": "yes"
      },
      "geometry": {
        "type": "Point",
        "coordinates": [
          -79.625912,
          43.6023814
        ]
      },
      "id": "node/668989553"
    },
    {
      "type": "Feature",
      "properties": {
        "@id": "way/673020499",
        "addr:city": "Etobicoke",
        "addr:housenumber": "5230",
        "addr:postcode": "M9B 1A8",
        "addr:province": "ON",
        "addr:street": "Dundas Street West",
        "brand": "Bulk Barn",
        "brand:wikidata": "Q4996466",
        "brand:wikipedia": "en:Bulk Barn",
        "building": "retail",
        "check_date": "2026-06-23",
        "hst_number": "814987285",
        "name": "Bulk Barn",
        "opendata:type": "115001",
        "opening_hours": "Mo-Sa 09:00-21:00; Su 09:30-18:00",
        "phone": "+1-416-236-1020",
        "shop": "supermarket",
        "store_ref": "633",
        "@geometry": "center"
      },
      "geometry": {
        "type": "Point",
        "coordinates": [
          -79.5384074,
          43.6406521
        ]
      },
      "id": "way/673020499"
    },
    {
      "type": "Feature",
      "properties": {
        "@id": "way/673532722",
        "addr:city": "Etobicoke",
        "addr:housenumber": "1500",
        "addr:street": "Royal York Road",
        "brand": "Metro",
        "brand:wikidata": "Q1145669",
        "brand:wikipedia": "en:Metro Inc.",
        "building": "retail",
        "check_date": "2026-04-21",
        "name": "Metro",
        "opendata:type": "115001",
        "shop": "supermarket",
        "@geometry": "center"
      },
      "geometry": {
        "type": "Point",
        "coordinates": [
          -79.5312876,
          43.6911825
        ]
      },
      "id": "way/673532722"
    },
    {
      "type": "Feature",
      "properties": {
        "@id": "way/673995480",
        "addr:housenumber": "270",
        "addr:street": "The Kingsway",
        "brand": "Loblaws",
        "brand:wikidata": "Q3257626",
        "brand:wikipedia": "en:Loblaws",
        "check_date": "2026-05-14",
        "indoor": "room",
        "level": "0",
        "name": "Loblaws",
        "shop": "supermarket",
        "wheelchair": "yes",
        "@geometry": "center"
      },
      "geometry": {
        "type": "Point",
        "coordinates": [
          -79.5199475,
          43.66153
        ]
      },
      "id": "way/673995480"
    },
    {
      "type": "Feature",
      "properties": {
        "@id": "way/673997323",
        "addr:city": "Etobicoke",
        "addr:housenumber": "250",
        "addr:province": "ON",
        "addr:street": "The West Mall",
        "brand": "Metro",
        "brand:wikidata": "Q1145669",
        "brand:wikipedia": "en:Metro Inc.",
        "building": "retail",
        "building:levels": "1",
        "check_date": "2025-06-07",
        "check_date:opening_hours": "2023-12-14",
        "hst_number": "R105216170",
        "indoor": "room",
        "level": "0",
        "name": "Metro",
        "opening_hours": "Mo-Su 07:00-22:00",
        "phone": "+1-416-233-4149",
        "shop": "supermarket",
        "store_ref": "702",
        "wheelchair": "yes",
        "@geometry": "center"
      },
      "geometry": {
        "type": "Point",
        "coordinates": [
          -79.5552669,
          43.6305626
        ]
      },
      "id": "way/673997323"
    },
    {
      "type": "Feature",
      "properties": {
        "@id": "way/676389093",
        "addr:city": "Etobicoke",
        "addr:housenumber": "1530",
        "addr:street": "Albion Road",
        "brand": "No Frills",
        "brand:wikidata": "Q3342407",
        "brand:wikipedia": "en:No Frills (grocery store)",
        "check_date": "2026-06-12",
        "indoor": "room",
        "level": "0",
        "name": "No Frills",
        "opendata:type": "107004",
        "shop": "supermarket",
        "@geometry": "center"
      },
      "geometry": {
        "type": "Point",
        "coordinates": [
          -79.5862025,
          43.7419443
        ]
      },
      "id": "way/676389093"
    },
    {
      "type": "Feature",
      "properties": {
        "@id": "way/676407275",
        "addr:city": "Etobicoke",
        "addr:housenumber": "1620",
        "addr:street": "Albion Road",
        "building": "retail",
        "check_date": "2026-06-08",
        "name": "Sunny Foodmart",
        "opendata:type": "107005",
        "shop": "supermarket",
        "@geometry": "center"
      },
      "geometry": {
        "type": "Point",
        "coordinates": [
          -79.5905338,
          43.7422433
        ]
      },
      "id": "way/676407275"
    },
    {
      "type": "Feature",
      "properties": {
        "@id": "way/676422762",
        "addr:housenumber": "2200",
        "addr:street": "Martin Grove Road",
        "indoor": "room",
        "name": "Danforth Food Market",
        "shop": "supermarket",
        "@geometry": "center"
      },
      "geometry": {
        "type": "Point",
        "coordinates": [
          -79.5994582,
          43.7514822
        ]
      },
      "id": "way/676422762"
    },
    {
      "type": "Feature",
      "properties": {
        "@id": "way/678759778",
        "addr:housenumber": "2200",
        "addr:street": "Jane Street",
        "brand": "Food Basics",
        "brand:wikidata": "Q5465300",
        "brand:wikipedia": "en:Food Basics",
        "check_date": "2026-06-08",
        "indoor": "room",
        "level": "0",
        "name": "Food Basics",
        "shop": "supermarket",
        "@geometry": "center"
      },
      "geometry": {
        "type": "Point",
        "coordinates": [
          -79.510718,
          43.7217257
        ]
      },
      "id": "way/678759778"
    },
    {
      "type": "Feature",
      "properties": {
        "@id": "node/678894444",
        "name": "Farm Fresh Supermarket",
        "shop": "supermarket"
      },
      "geometry": {
        "type": "Point",
        "coordinates": [
          -79.2670092,
          43.7893697
        ]
      },
      "id": "node/678894444"
    },
    {
      "type": "Feature",
      "properties": {
        "@id": "way/680378895",
        "addr:city": "North York",
        "addr:housenumber": "2699",
        "addr:street": "Jane Street",
        "brand": "FreshCo",
        "brand:wikidata": "Q5502915",
        "brand:wikipedia": "en:FreshCo",
        "check_date": "2026-05-31",
        "indoor": "room",
        "level": "0",
        "name": "FreshCo",
        "old_name": "Price Chopper",
        "shop": "supermarket",
        "@geometry": "center"
      },
      "geometry": {
        "type": "Point",
        "coordinates": [
          -79.5164931,
          43.7555098
        ]
      },
      "id": "way/680378895"
    },
    {
      "type": "Feature",
      "properties": {
        "@id": "way/680388211",
        "addr:city": "Toronto",
        "addr:housenumber": "1",
        "addr:postcode": "M3N 3A1",
        "addr:province": "Ontario",
        "addr:street": "York Gate Boulevard",
        "addr:unit": "D8",
        "brand": "No Frills",
        "brand:wikidata": "Q3342407",
        "brand:wikipedia": "en:No Frills (grocery store)",
        "check_date": "2025-05-04",
        "level": "0",
        "name": "No Frills",
        "opening_hours": "Mo-Fr 8:00-21:00; Sa,Su 8:00-19:00",
        "shop": "supermarket",
        "wheelchair": "yes",
        "@geometry": "center"
      },
      "geometry": {
        "type": "Point",
        "coordinates": [
          -79.518805,
          43.7590286
        ]
      },
      "id": "way/680388211"
    },
    {
      "type": "Feature",
      "properties": {
        "@id": "node/682232893",
        "addr:city": "Toronto",
        "addr:housenumber": "100",
        "addr:street": "Bloor Street East",
        "alt_name": "Longo's",
        "brand": "Longo's",
        "brand:wikidata": "Q6674182",
        "check_date": "2026-05-26",
        "check_date:opening_hours": "2025-09-08",
        "gst_number": "R103382529",
        "level": "1",
        "name": "Longo's",
        "opening_hours": "Mo-Fr 08:00-21:00; Sa,Su 08:00-20:00",
        "payment:cash": "yes",
        "payment:interac": "yes",
        "payment:mastercard": "yes",
        "payment:visa": "yes",
        "phone": "+1-416-922-4797",
        "shop": "supermarket",
        "wheelchair": "yes"
      },
      "geometry": {
        "type": "Point",
        "coordinates": [
          -79.3845092,
          43.6708968
        ]
      },
      "id": "node/682232893"
    },
    {
      "type": "Feature",
      "properties": {
        "@id": "node/683617071",
        "addr:city": "Markham",
        "addr:housenumber": "7070",
        "addr:postcode": "L3R 5Y2",
        "addr:province": "Ontario",
        "addr:street": "Warden Avenue",
        "brand": "T&T Supermarket",
        "brand:wikidata": "Q837893",
        "brand:wikipedia": "en:T & T Supermarket",
        "gst_number": "135747137RT",
        "name": "大統華 T&T Supermarket",
        "name:en": "T&T Supermarket",
        "name:zh": "大統華超級市場",
        "name:zh-Hans": "大统华",
        "name:zh-Hant": "大統華",
        "opening_hours": "Mo-Su 08:00-00:00",
        "operator": "Loblaws Inc.",
        "payment:cash": "yes",
        "payment:mastercard": "yes",
        "payment:visa": "yes",
        "phone": "+1-905-470-8113",
        "shop": "supermarket",
        "store_ref": "011",
        "website": "https://www.tntsupermarket.com/",
        "wheelchair": "yes"
      },
      "geometry": {
        "type": "Point",
        "coordinates": [
          -79.3263892,
          43.8220321
        ]
      },
      "id": "node/683617071"
    },
    {
      "type": "Feature",
      "properties": {
        "@id": "way/684783117",
        "addr:housenumber": "15",
        "addr:street": "Jenet Avenue",
        "building": "commercial",
        "check_date": "2025-08-15",
        "cuisine": "portuguese",
        "name": "Távora Foods",
        "opening_hours": "Mo-Sa 08:00-19:00; Su 08:00-16:00",
        "shop": "supermarket",
        "website": "https://www.shop.tavora.ca/",
        "wholesale": "yes",
        "@geometry": "center"
      },
      "geometry": {
        "type": "Point",
        "coordinates": [
          -79.4439839,
          43.6595717
        ]
      },
      "id": "way/684783117"
    },
    {
      "type": "Feature",
      "properties": {
        "@id": "node/691071779",
        "addr:city": "Toronto",
        "addr:housenumber": "325",
        "addr:street": "Parliament Street",
        "brand": "FreshCo",
        "brand:wikidata": "Q5502915",
        "brand:wikipedia": "en:FreshCo",
        "gst_number": "897060158RT0001",
        "name": "FreshCo",
        "phone": "+1-416-955-0717",
        "shop": "supermarket"
      },
      "geometry": {
        "type": "Point",
        "coordinates": [
          -79.3656451,
          43.6597135
        ]
      },
      "id": "node/691071779"
    },
    {
      "type": "Feature",
      "properties": {
        "@id": "way/696247479",
        "addr:city": "North York",
        "addr:housenumber": "700",
        "addr:street": "Lawrence Avenue West",
        "brand": "Fortinos",
        "brand:wikidata": "Q5472662",
        "brand:wikipedia": "en:Fortinos",
        "gst_number": "89867-7133 RT0001",
        "level": "0",
        "name": "Fortinos",
        "phone": "+1-416-785-9843",
        "shop": "supermarket",
        "@geometry": "center"
      },
      "geometry": {
        "type": "Point",
        "coordinates": [
          -79.447174,
          43.7170633
        ]
      },
      "id": "way/696247479"
    },
    {
      "type": "Feature",
      "properties": {
        "@id": "way/696547796",
        "addr:housenumber": "1",
        "addr:postcode": "L4J 4P8",
        "addr:street": "Promenade Circle",
        "brand": "T&T Supermarket",
        "brand:wikidata": "Q837893",
        "brand:wikipedia": "en:T & T Supermarket",
        "indoor": "room",
        "level": "0",
        "name": "大統華 T&T Supermarket",
        "name:en": "T&T Supermarket",
        "name:zh-Hans": "大统华",
        "name:zh-Hant": "大統華",
        "shop": "supermarket",
        "@geometry": "center"
      },
      "geometry": {
        "type": "Point",
        "coordinates": [
          -79.4520816,
          43.8080407
        ]
      },
      "id": "way/696547796"
    },
    {
      "type": "Feature",
      "properties": {
        "@id": "way/696724486",
        "addr:city": "North York",
        "addr:housenumber": "1277",
        "addr:postcode": "M3A 1Z5",
        "addr:street": "York Mills Road",
        "brand": "Food Basics",
        "brand:wikidata": "Q5465300",
        "brand:wikipedia": "en:Food Basics",
        "building": "retail",
        "building:levels": "1",
        "check_date": "2025-11-13",
        "name": "Food Basics",
        "note": "Part of this building (northeast side) has been demolished, bing is out of date.",
        "opendata:type": "107005",
        "opening_hours": "Mo-Fr 08:00-21:00; Sa,Su 08:00-20:00",
        "payment:cash": "yes",
        "payment:credit_cards": "yes",
        "payment:debit_cards": "yes",
        "phone": "+1-416-444-7921",
        "second_hand": "no",
        "shop": "supermarket",
        "website": "https://www.foodbasics.ca/find-a-grocery/100629",
        "wheelchair": "yes",
        "@geometry": "center"
      },
      "geometry": {
        "type": "Point",
        "coordinates": [
          -79.3258055,
          43.7603719
        ]
      },
      "id": "way/696724486"
    },
    {
      "type": "Feature",
      "properties": {
        "@id": "way/696803995",
        "addr:city": "Toronto",
        "addr:housenumber": "1090",
        "addr:postal": "M3K 1G6",
        "addr:province": "Ontario",
        "addr:street": "Wilson Avenue",
        "brand": "Metro",
        "brand:wikidata": "Q1145669",
        "brand:wikipedia": "en:Metro Inc.",
        "building": "retail",
        "building:colour": "beige",
        "building:levels": "1",
        "check_date": "2026-06-08",
        "fax": "+1-416-635-5170",
        "name": "Metro",
        "opening_hours": "Mo-Fr 07:00-22:00; Sa, Su 07:00-20:00",
        "phone": "+1-416-635-0284",
        "shop": "supermarket",
        "website": "https://www.metro.ca/en/find-a-grocery/321",
        "@geometry": "center"
      },
      "geometry": {
        "type": "Point",
        "coordinates": [
          -79.4813209,
          43.7282463
        ]
      },
      "id": "way/696803995"
    },
    {
      "type": "Feature",
      "properties": {
        "@id": "way/696957668",
        "addr:city": "North York",
        "addr:housenumber": "6220",
        "addr:province": "ON",
        "addr:street": "Yonge Street",
        "brand": "No Frills",
        "brand:wikidata": "Q3342407",
        "check_date": "2026-07-01",
        "description": "mall entrance closes 6pm Sat-Sun",
        "indoor": "room",
        "level": "0",
        "name": "No Frills",
        "note": "Sells Kosher food",
        "opening_hours": "Mo-Su 8:00-21:00",
        "phone": "+1-866-987-6453",
        "ref:vatin": "12223-5922 RT0001",
        "shop": "supermarket",
        "store_name": "Carlo's No Frills",
        "store_ref": "03925",
        "website": "https://www.nofrills.ca/en/store-locator/details/3925",
        "@geometry": "center"
      },
      "geometry": {
        "type": "Point",
        "coordinates": [
          -79.4218603,
          43.7947957
        ]
      },
      "id": "way/696957668"
    },
    {
      "type": "Feature",
      "properties": {
        "@id": "way/697173971",
        "addr:city": "Malton",
        "addr:housenumber": "7205",
        "addr:province": "ON",
        "addr:street": "Goreway Drive",
        "branch": "Goreway & Derry Chalo! FreshCo",
        "brand": "FreshCo",
        "brand:wikidata": "Q5502915",
        "brand:wikipedia": "en:FreshCo",
        "indoor": "room",
        "level": "0",
        "name": "Chalo! FreshCo",
        "phone": "+1-905-677-0239",
        "ref:vatin": "769837089RT0001",
        "shop": "supermarket",
        "@geometry": "center"
      },
      "geometry": {
        "type": "Point",
        "coordinates": [
          -79.6352568,
          43.718526
        ]
      },
      "id": "way/697173971"
    },
    {
      "type": "Feature",
      "properties": {
        "@id": "way/697471293",
        "addr:housenumber": "100",
        "addr:postcode": "L5B 2C9",
        "addr:street": "City Centre Drive",
        "brand": "Walmart",
        "brand:wikidata": "Q483551",
        "brand:wikipedia": "en:Walmart",
        "building:levels": "3",
        "building:part": "retail",
        "check_date": "2026-05-02",
        "indoor": "room",
        "internet_access": "wlan",
        "internet_access:fee": "no",
        "internet_access:ssid": "Walmartwifi",
        "level": "0;1",
        "name": "Walmart Supercentre",
        "opening_hours": "Mo-Su 07:00-23:00",
        "operator": "Walmart",
        "operator:wikidata": "Q483551",
        "operator:wikipedia": "en:Walmart",
        "phone": "+1-905-270-9300",
        "ref": "3055",
        "shop": "supermarket",
        "store_name": "Square One",
        "website": "https://www.walmart.ca/en/stores-near-me/square-one-supercentre-3055",
        "website:en": "https://www.walmart.ca/en/stores-near-me/mississauga-square-one-on-3055",
        "website:fr": "https://www.walmart.ca/fr/magasins-pres-de-chez-moi/mississauga-square-one-on-3055",
        "wheelchair": "yes",
        "@geometry": "center"
      },
      "geometry": {
        "type": "Point",
        "coordinates": [
          -79.6409166,
          43.5942968
        ]
      },
      "id": "way/697471293"
    },
    {
      "type": "Feature",
      "properties": {
        "@id": "way/698746838",
        "building": "retail",
        "check_date": "2025-05-04",
        "name": "Nations Fresh Foods",
        "shop": "supermarket",
        "@geometry": "center"
      },
      "geometry": {
        "type": "Point",
        "coordinates": [
          -79.5493234,
          43.7875125
        ]
      },
      "id": "way/698746838"
    },
    {
      "type": "Feature",
      "properties": {
        "@id": "way/699417491",
        "addr:city": "Toronto",
        "addr:housenumber": "900",
        "addr:postcode": "M6H 4A9",
        "addr:street": "Dufferin Street",
        "brand": "Walmart",
        "brand:wikidata": "Q483551",
        "brand:wikipedia": "en:Walmart",
        "building:levels": "2",
        "check_date": "2026-06-10",
        "indoor": "room",
        "level": "0,1",
        "name": "Walmart Supercentre",
        "opening_hours": "06:00-23:00",
        "operator": "Walmart",
        "operator:wikidata": "Q483551",
        "operator:wikipedia": "en:Walmart",
        "phone": "+1-416-537-2561",
        "shop": "supermarket",
        "store_name": "Dufferin",
        "store_ref": "3106",
        "website": "https://www.walmart.ca/en/stores-near-me/toronto-dufferin-mall-3106",
        "website:en": "https://www.walmart.ca/en/stores-near-me/toronto-dufferin-mall-3106",
        "website:fr": "https://www.walmart.ca/fr/magasins-pres-de-chez-moi/toronto-dufferin-mall-3106",
        "@geometry": "center"
      },
      "geometry": {
        "type": "Point",
        "coordinates": [
          -79.4354805,
          43.656254
        ]
      },
      "id": "way/699417491"
    },
    {
      "type": "Feature",
      "properties": {
        "@id": "way/699417492",
        "addr:housenumber": "900",
        "addr:street": "Dufferin Street",
        "brand": "No Frills",
        "brand:wikidata": "Q3342407",
        "brand:wikipedia": "en:No Frills (grocery store)",
        "check_date": "2026-05-30",
        "gst_number": "88789-5134 RT0001",
        "indoor": "room",
        "level": "1",
        "name": "No Frills",
        "shop": "supermarket",
        "@geometry": "center"
      },
      "geometry": {
        "type": "Point",
        "coordinates": [
          -79.4343434,
          43.6553479
        ]
      },
      "id": "way/699417492"
    },
    {
      "type": "Feature",
      "properties": {
        "@id": "node/699619574",
        "addr:city": "Mississauga",
        "addr:housenumber": "3057",
        "addr:street": "Hurontario Street",
        "check_date": "2025-04-24",
        "name": "Charlie's West Indian Food",
        "phone": "+1 9058963663",
        "shop": "supermarket"
      },
      "geometry": {
        "type": "Point",
        "coordinates": [
          -79.6175336,
          43.5816136
        ]
      },
      "id": "node/699619574"
    },
    {
      "type": "Feature",
      "properties": {
        "@id": "node/699619577",
        "addr:city": "Mississauga",
        "addr:housenumber": "3061",
        "addr:street": "Hurontario Street",
        "check_date": "2025-04-24",
        "name": "FH Multi Food",
        "phone": "+1-905-273-7115",
        "shop": "supermarket"
      },
      "geometry": {
        "type": "Point",
        "coordinates": [
          -79.617632,
          43.5816815
        ]
      },
      "id": "node/699619577"
    },
    {
      "type": "Feature",
      "properties": {
        "@id": "node/699619580",
        "addr:city": "Mississauga",
        "addr:housenumber": "3065",
        "addr:street": "Hurontario Street",
        "check_date": "2025-04-24",
        "name": "Charlie’s Meat & Seafood",
        "shop": "supermarket"
      },
      "geometry": {
        "type": "Point",
        "coordinates": [
          -79.6177307,
          43.5817497
        ]
      },
      "id": "node/699619580"
    },
    {
      "type": "Feature",
      "properties": {
        "@id": "node/699619597",
        "addr:city": "Mississauga",
        "addr:housenumber": "3033",
        "addr:street": "Hurontario Street",
        "check_date": "2025-06-28",
        "healthcare": "pharmacy",
        "level": "0",
        "name": "Red Rose",
        "shop": "supermarket"
      },
      "geometry": {
        "type": "Point",
        "coordinates": [
          -79.6170272,
          43.5812385
        ]
      },
      "id": "node/699619597"
    },
    {
      "type": "Feature",
      "properties": {
        "@id": "node/699671366",
        "addr:city": "Mississauga",
        "addr:housenumber": "3085",
        "addr:street": "Hurontario Street",
        "check_date": "2025-06-28",
        "name": "Al Nejimah Fine Foods",
        "opening_hours": "Mo-Sa 9:00-21:00; Su 9:00-20:00",
        "shop": "supermarket"
      },
      "geometry": {
        "type": "Point",
        "coordinates": [
          -79.6183182,
          43.5819776
        ]
      },
      "id": "node/699671366"
    },
    {
      "type": "Feature",
      "properties": {
        "@id": "way/699672302",
        "addr:city": "Scarborough",
        "addr:housenumber": "15",
        "addr:province": "Ontario",
        "addr:street": "Ellesmere Road",
        "air_conditioning": "yes",
        "brand": "Metro",
        "brand:wikidata": "Q1145669",
        "brand:wikipedia": "en:Metro Inc.",
        "building": "commercial",
        "dispensing": "yes",
        "indoor": "room",
        "layer": "1",
        "name": "Metro",
        "opening_hours": "24/7",
        "payment:american_express": "yes",
        "payment:cash": "yes",
        "payment:coins": "yes",
        "payment:credit_cards": "yes",
        "payment:debit_cards": "yes",
        "payment:mastercard": "yes",
        "payment:visa": "yes",
        "shop": "supermarket",
        "@geometry": "center"
      },
      "geometry": {
        "type": "Point",
        "coordinates": [
          -79.3135245,
          43.7565106
        ]
      },
      "id": "way/699672302"
    },
    {
      "type": "Feature",
      "properties": {
        "@id": "way/700576251",
        "addr:city": "East York",
        "addr:housenumber": "45",
        "addr:street": "Overlea Boulevard",
        "brand": "Food Basics",
        "brand:wikidata": "Q5465300",
        "brand:wikipedia": "en:Food Basics",
        "hst_number": "R105216170",
        "indoor": "room",
        "name": "Food Basics",
        "phone": "+1-416-421-1732",
        "shop": "supermarket",
        "store_ref": "672",
        "wheelchair": "yes",
        "@geometry": "center"
      },
      "geometry": {
        "type": "Point",
        "coordinates": [
          -79.3471599,
          43.7050713
        ]
      },
      "id": "way/700576251"
    },
    {
      "type": "Feature",
      "properties": {
        "@id": "way/700585293",
        "addr:city": "Toronto",
        "addr:housenumber": "1000",
        "addr:postcode": "M4M 3G6",
        "addr:street": "Gerrard Street East",
        "brand": "Food Basics",
        "brand:wikidata": "Q5465300",
        "brand:wikipedia": "en:Food Basics",
        "check_date": "2026-01-17",
        "indoor": "room",
        "level": "0",
        "name": "Food Basics",
        "shop": "supermarket",
        "@geometry": "center"
      },
      "geometry": {
        "type": "Point",
        "coordinates": [
          -79.3398636,
          43.6693001
        ]
      },
      "id": "way/700585293"
    },
    {
      "type": "Feature",
      "properties": {
        "@id": "way/700750474",
        "addr:city": "Markham",
        "addr:housenumber": "2900",
        "addr:street": "Steeles Avenue East",
        "brand": "Food Basics",
        "brand:wikidata": "Q5465300",
        "brand:wikipedia": "en:Food Basics",
        "hst_number": "R105216170",
        "name": "Food Basics",
        "opening_hours": "Mo-Fr 08:00-21:00; Sa,Su 08:00-20:00",
        "phone": "+1-905-881-4900",
        "shop": "supermarket",
        "store_ref": "679",
        "@geometry": "center"
      },
      "geometry": {
        "type": "Point",
        "coordinates": [
          -79.357188,
          43.8133985
        ]
      },
      "id": "way/700750474"
    },
    {
      "type": "Feature",
      "properties": {
        "@id": "way/701121025",
        "addr:city": "Scarborough",
        "addr:housenumber": "2900",
        "addr:street": "Warden Avenue",
        "addr:unit": "201",
        "brand": "Yours",
        "check_date": "2025-12-11",
        "fax": "+1 416-492-4888",
        "indoor": "room",
        "level": "1",
        "name": "Yours Food Mart",
        "name:zh": "永鸿超級市場",
        "opening_hours": "Mo-Su 07:00-22:00",
        "phone": "+1 416-492-8828",
        "shop": "supermarket",
        "website": "http://www.yoursfoodmart.com",
        "@geometry": "center"
      },
      "geometry": {
        "type": "Point",
        "coordinates": [
          -79.3179205,
          43.7974605
        ]
      },
      "id": "way/701121025"
    },
    {
      "type": "Feature",
      "properties": {
        "@id": "way/701367401",
        "brand": "Food Basics",
        "brand:wikidata": "Q5465300",
        "brand:wikipedia": "en:Food Basics",
        "indoor": "room",
        "name": "Food Basics",
        "shop": "supermarket",
        "@geometry": "center"
      },
      "geometry": {
        "type": "Point",
        "coordinates": [
          -79.2703349,
          43.8100973
        ]
      },
      "id": "way/701367401"
    },
    {
      "type": "Feature",
      "properties": {
        "@id": "way/701685242",
        "addr:city": "Scarborough",
        "addr:housenumber": "300",
        "addr:street": "Borough Drive",
        "atm": "yes",
        "brand": "Walmart",
        "brand:wikidata": "Q483551",
        "brand:wikipedia": "en:Walmart",
        "changing_table": "yes",
        "check_date": "2026-03-07",
        "hst_number": "137466199RT0001",
        "indoor": "room",
        "internet_access": "wlan",
        "internet_access:fee": "no",
        "level": "0;1",
        "name": "Walmart Supercentre",
        "old_name": "Wal-Mart",
        "opening_hours": "Mo-Su 07:00-23:00",
        "shop": "supermarket",
        "store_ref": "3635",
        "website": "https://www.walmart.ca/en/stores-near-me/c-scarborough-ontario-3635",
        "website:en": "https://www.walmart.ca/en/stores-near-me/c-scarborough-ontario-3635",
        "website:fr": "https://www.walmart.ca/fr/magasins-pres-de-chez-moi/c-scarborough-ontario-3635",
        "@geometry": "center"
      },
      "geometry": {
        "type": "Point",
        "coordinates": [
          -79.2585185,
          43.7771968
        ]
      },
      "id": "way/701685242"
    },
    {
      "type": "Feature",
      "properties": {
        "@id": "way/701945852",
        "addr:city": "Scarborough",
        "addr:housenumber": "3401",
        "addr:postcode": "M1H 1B2",
        "addr:province": "ON",
        "addr:street": "Lawrence Avenue East",
        "branch": "Dave's NOFRILLS Scarborough",
        "brand": "No Frills",
        "brand:wikidata": "Q3342407",
        "brand:wikipedia": "en:No Frills (grocery store)",
        "check_date": "2026-07-01",
        "indoor": "room",
        "name": "No Frills",
        "opening_hours": "Mo-Fr,Su 08:00-22:00; Sa 07:30-22:00",
        "phone": "+1-866-987-6453",
        "shop": "supermarket",
        "website": "https://www.nofrills.ca/en/store-locator/details/3924",
        "@geometry": "center"
      },
      "geometry": {
        "type": "Point",
        "coordinates": [
          -79.230591,
          43.7572265
        ]
      },
      "id": "way/701945852"
    },
    {
      "type": "Feature",
      "properties": {
        "@id": "way/703155025",
        "addr:city": "Toronto",
        "addr:housenumber": "31",
        "addr:postcode": "M1B 4Y7",
        "addr:province": "ON",
        "addr:street": "Tapscott Road",
        "addr:unit": "99",
        "diet:halal": "yes",
        "indoor": "room",
        "internet_access": "no",
        "name": "Freshland Supermarket",
        "opening_hours": "Mo-Su 09:00-21:00",
        "payment:cash": "yes",
        "payment:mastercard": "yes",
        "phone": "+1 647 350 8998",
        "shop": "supermarket",
        "@geometry": "center"
      },
      "geometry": {
        "type": "Point",
        "coordinates": [
          -79.2236525,
          43.8060865
        ]
      },
      "id": "way/703155025"
    },
    {
      "type": "Feature",
      "properties": {
        "@id": "way/706078541",
        "addr:city": "Scarborough",
        "addr:housenumber": "360",
        "addr:postcode": "M1B 0C2",
        "addr:province": "ON",
        "addr:street": "McLevin Avenue",
        "branch": "Vi & Yu Ling's NOFRILLS Scarborough",
        "brand": "No Frills",
        "brand:wikidata": "Q3342407",
        "building": "retail",
        "building:levels": "1",
        "check_date": "2026-07-01",
        "name": "No Frills",
        "opening_hours": "Mo-Su 8:00-22:00",
        "payment:cash": "yes",
        "payment:credit_cards": "yes",
        "payment:debit_cards": "yes",
        "roof:levels": "0",
        "shop": "supermarket",
        "website": "https://www.nofrills.ca/en/store-locator/details/6797",
        "@geometry": "center"
      },
      "geometry": {
        "type": "Point",
        "coordinates": [
          -79.2235787,
          43.8083407
        ]
      },
      "id": "way/706078541"
    },
    {
      "type": "Feature",
      "properties": {
        "@id": "node/726453066",
        "addr:city": "Mississauga",
        "addr:housenumber": "325",
        "addr:street": "Central Parkway West",
        "brand": "No Frills",
        "brand:wikidata": "Q3342407",
        "name": "No Frills",
        "shop": "supermarket"
      },
      "geometry": {
        "type": "Point",
        "coordinates": [
          -79.6383729,
          43.5825997
        ]
      },
      "id": "node/726453066"
    },
    {
      "type": "Feature",
      "properties": {
        "@id": "node/732809379",
        "check_date": "2025-04-27",
        "name": "New Kaveri Supermarket",
        "shop": "supermarket"
      },
      "geometry": {
        "type": "Point",
        "coordinates": [
          -79.6157892,
          43.5813786
        ]
      },
      "id": "node/732809379"
    },
    {
      "type": "Feature",
      "properties": {
        "@id": "node/754637562",
        "addr:city": "Toronto",
        "addr:housenumber": "755",
        "addr:postcode": "M4S 2N4",
        "addr:street": "Mount Pleasant Road",
        "brand": "No Frills",
        "brand:wikidata": "Q3342407",
        "check_date": "2026-05-21",
        "name": "No Frills",
        "opendata:type": "112001",
        "opening_hours": "07:00-22:00",
        "shop": "supermarket"
      },
      "geometry": {
        "type": "Point",
        "coordinates": [
          -79.3895451,
          43.7077154
        ]
      },
      "id": "node/754637562"
    },
    {
      "type": "Feature",
      "properties": {
        "@id": "node/763638337",
        "addr:city": "Toronto",
        "addr:housenumber": "87",
        "addr:postcode": "M5R 3R9",
        "addr:province": "ON",
        "addr:street": "Avenue Road",
        "branch": "Yorkville",
        "brand": "Whole Foods Market",
        "brand:wikidata": "Q1809448",
        "check_date": "2024-10-03",
        "check_date:opening_hours": "2024-10-03",
        "gst_number": "864826995",
        "name": "Whole Foods Market",
        "opening_hours": "Mo-Su 08:00-21:00",
        "organic": "yes",
        "phone": "+1 416-944-0500",
        "ref": "toronto",
        "shop": "supermarket",
        "website": "https://www.wholefoodsmarket.com/stores/toronto"
      },
      "geometry": {
        "type": "Point",
        "coordinates": [
          -79.3951584,
          43.6720244
        ]
      },
      "id": "node/763638337"
    },
    {
      "type": "Feature",
      "properties": {
        "@id": "node/772352280",
        "addr:city": "North York",
        "addr:housenumber": "3259",
        "addr:street": "Bayview Avenue",
        "brand": "Loblaws Your Independent Grocer",
        "name": "Loblaws Your Independent Grocer",
        "opening_hours": "Mo-Su 07:00-21:00",
        "operator": "Mike Tufts",
        "phone": "+1-416-221-6702",
        "shop": "supermarket"
      },
      "geometry": {
        "type": "Point",
        "coordinates": [
          -79.3919898,
          43.7908435
        ]
      },
      "id": "node/772352280"
    },
    {
      "type": "Feature",
      "properties": {
        "@id": "node/775939140",
        "atm": "yes",
        "atm:operator": "CIBC",
        "name": "Kitchen Table",
        "shop": "supermarket",
        "wheelchair": "limited"
      },
      "geometry": {
        "type": "Point",
        "coordinates": [
          -79.3754931,
          43.6419126
        ]
      },
      "id": "node/775939140"
    },
    {
      "type": "Feature",
      "properties": {
        "@id": "way/797144718",
        "addr:city": "Toronto",
        "addr:housenumber": "1014",
        "addr:province": "Ontario",
        "addr:street": "Bathurst Street",
        "building": "commercial",
        "building:levels": "2",
        "name": "Summerhill Market",
        "opening_hours": "Mo-Su 08:00-20:00",
        "organic": "yes",
        "phone": "+1-416-350-1678",
        "roof:shape": "flat",
        "shop": "supermarket",
        "website": "https://www.summerhillmarket.com/",
        "wheelchair": "yes",
        "@geometry": "center"
      },
      "geometry": {
        "type": "Point",
        "coordinates": [
          -79.4138341,
          43.6708623
        ]
      },
      "id": "way/797144718"
    },
    {
      "type": "Feature",
      "properties": {
        "@id": "node/797705352",
        "name": "Best Ever Supermarket",
        "shop": "supermarket"
      },
      "geometry": {
        "type": "Point",
        "coordinates": [
          -79.2685434,
          43.7889824
        ]
      },
      "id": "node/797705352"
    },
    {
      "type": "Feature",
      "properties": {
        "@id": "node/823844709",
        "brand": "Rabba",
        "brand:wikidata": "Q109659398",
        "name": "Rabba",
        "opening_hours": "24/7",
        "shop": "supermarket"
      },
      "geometry": {
        "type": "Point",
        "coordinates": [
          -79.3756754,
          43.6592764
        ]
      },
      "id": "node/823844709"
    },
    {
      "type": "Feature",
      "properties": {
        "@id": "node/828418092",
        "addr:city": "Toronto",
        "addr:housenumber": "55",
        "addr:street": "Bloor Street West",
        "name": "independent City market",
        "opening_hours": "Mo-Su 08:00-21:00",
        "payment:cash": "yes",
        "payment:credit_cards": "yes",
        "payment:debit_cards": "yes",
        "payment:mastercard": "yes",
        "payment:visa_debit": "yes",
        "shop": "supermarket"
      },
      "geometry": {
        "type": "Point",
        "coordinates": [
          -79.3886007,
          43.6696112
        ]
      },
      "id": "node/828418092"
    },
    {
      "type": "Feature",
      "properties": {
        "@id": "node/837041042",
        "addr:housenumber": "731",
        "addr:street": "Kennedy Road",
        "name": "Yogas Meat",
        "shop": "supermarket"
      },
      "geometry": {
        "type": "Point",
        "coordinates": [
          -79.266804,
          43.7305206
        ]
      },
      "id": "node/837041042"
    },
    {
      "type": "Feature",
      "properties": {
        "@id": "node/848372388",
        "name": "Bombay Bazaar Cash & Carry",
        "shop": "supermarket"
      },
      "geometry": {
        "type": "Point",
        "coordinates": [
          -79.3034904,
          43.8408956
        ]
      },
      "id": "node/848372388"
    },
    {
      "type": "Feature",
      "properties": {
        "@id": "node/848374004",
        "cuisine": "chinese",
        "name": "Sunfood Supermarket",
        "old_name": "Oriental Food Mart",
        "shop": "supermarket"
      },
      "geometry": {
        "type": "Point",
        "coordinates": [
          -79.3073258,
          43.8334875
        ]
      },
      "id": "node/848374004"
    },
    {
      "type": "Feature",
      "properties": {
        "@id": "way/878880037",
        "addr:city": "Vaughan",
        "addr:housenumber": "670",
        "addr:province": "Ontario",
        "addr:street": "Applewood Crescent",
        "brand": "Walmart",
        "brand:wikidata": "Q483551",
        "brand:wikipedia": "en:Walmart",
        "building": "yes",
        "building:colour": "blue;white;orange",
        "building:levels": "1",
        "building:material": "plaster",
        "internal_ref": "3174",
        "name": "Walmart Supercentre",
        "roof:colour": "white",
        "roof:shape": "flat",
        "shop": "supermarket",
        "website": "https://www.walmart.ca/en/stores-near-me/vaughan-on-3174",
        "website:en": "https://www.walmart.ca/en/stores-near-me/vaughan-on-3174",
        "website:fr": "https://www.walmart.ca/fr/magasins-pres-de-chez-moi/vaughan-on-3174",
        "@geometry": "center"
      },
      "geometry": {
        "type": "Point",
        "coordinates": [
          -79.5386535,
          43.7979771
        ]
      },
      "id": "way/878880037"
    },
    {
      "type": "Feature",
      "properties": {
        "@id": "node/891977606",
        "name": "India Town Food Centre",
        "shop": "supermarket"
      },
      "geometry": {
        "type": "Point",
        "coordinates": [
          -79.6138776,
          43.5811631
        ]
      },
      "id": "node/891977606"
    },
    {
      "type": "Feature",
      "properties": {
        "@id": "node/895259355",
        "addr:city": "Toronto",
        "addr:housenumber": "100",
        "addr:street": "King Street West",
        "brand": "Longo's",
        "brand:wikidata": "Q6674182",
        "check_date": "2025-12-17",
        "full_name": "The Market by Longo's",
        "hst_number": "R103382529",
        "level": "-1",
        "name": "Longo's",
        "note": "grocery store & take out food",
        "phone": "+1-416-304-1147",
        "shop": "supermarket"
      },
      "geometry": {
        "type": "Point",
        "coordinates": [
          -79.3821859,
          43.6484877
        ]
      },
      "id": "node/895259355"
    },
    {
      "type": "Feature",
      "properties": {
        "@id": "node/911632130",
        "addr:city": "Mississauga",
        "addr:housenumber": "4141",
        "addr:postcode": "L4W 1V5",
        "addr:province": "Ontario",
        "addr:street": "Dixie Road",
        "brand": "Food Basics",
        "brand:wikidata": "Q5465300",
        "brand:wikipedia": "en:Food Basics",
        "check_date": "2025-05-24",
        "name": "Food Basics",
        "opening_hours": "Mo-Su 08:00-21:00",
        "shop": "supermarket"
      },
      "geometry": {
        "type": "Point",
        "coordinates": [
          -79.6056548,
          43.6259583
        ]
      },
      "id": "node/911632130"
    },
    {
      "type": "Feature",
      "properties": {
        "@id": "node/1023701329",
        "name": "Sankar International",
        "shop": "supermarket"
      },
      "geometry": {
        "type": "Point",
        "coordinates": [
          -79.2669376,
          43.7321897
        ]
      },
      "id": "node/1023701329"
    },
    {
      "type": "Feature",
      "properties": {
        "@id": "way/1042084198",
        "brand": "FreshCo",
        "brand:wikidata": "Q5502915",
        "brand:wikipedia": "en:Foodland",
        "building:levels": "9",
        "building:part": "yes",
        "name": "FreshCo",
        "shop": "supermarket",
        "@geometry": "center"
      },
      "geometry": {
        "type": "Point",
        "coordinates": [
          -79.3458384,
          43.7720528
        ]
      },
      "id": "way/1042084198"
    },
    {
      "type": "Feature",
      "properties": {
        "@id": "node/1064555104",
        "addr:city": "Maple",
        "addr:housenumber": "9306",
        "addr:postcode": "L6A 4N9",
        "addr:province": "Ontario",
        "addr:street": "Bathurst Street",
        "brand": "Longo's",
        "brand:wikidata": "Q6674182",
        "name": "Longo's",
        "opening_hours": "Mo-Fr 07:00-22:00; Sa-Su 07:00-20:00",
        "shop": "supermarket",
        "website": "https://longos.com"
      },
      "geometry": {
        "type": "Point",
        "coordinates": [
          -79.4614137,
          43.8477955
        ]
      },
      "id": "node/1064555104"
    },
    {
      "type": "Feature",
      "properties": {
        "@id": "node/1071837751",
        "addr:city": "Vaughan",
        "addr:housenumber": "9200",
        "addr:postcode": "L4J 8W1",
        "addr:province": "Ontario",
        "addr:street": "Bathurst Street",
        "addr:unit": "1",
        "brand": "Sobeys",
        "brand:wikidata": "Q1143340",
        "brand:wikipedia": "en:Sobeys",
        "name": "Sobeys",
        "shop": "supermarket"
      },
      "geometry": {
        "type": "Point",
        "coordinates": [
          -79.4607236,
          43.8460835
        ]
      },
      "id": "node/1071837751"
    },
    {
      "type": "Feature",
      "properties": {
        "@id": "node/1073627085",
        "addr:city": "Richmond Hill",
        "addr:housenumber": "9019",
        "addr:postcode": "L4B 3M6",
        "addr:province": "Ontario",
        "addr:street": "Bayview Avenue",
        "addr:unit": "28",
        "email": "cs@btrust.ca",
        "name": "Btrust",
        "opening_hours": "Mo-Su,PH 09:00-22:00",
        "payment:cash": "yes",
        "payment:credit_cards": "yes",
        "payment:debit_cards": "yes",
        "phone": "+1-905-886-6699",
        "shop": "supermarket",
        "wheelchair": "yes"
      },
      "geometry": {
        "type": "Point",
        "coordinates": [
          -79.4082462,
          43.8502882
        ]
      },
      "id": "node/1073627085"
    },
    {
      "type": "Feature",
      "properties": {
        "@id": "node/1125194004",
        "alt_name:ko": "H 마트",
        "brand": "H Mart",
        "brand:wikidata": "Q5636306",
        "check_date": "2025-12-13",
        "cuisine": "asian",
        "name": "H Mart",
        "name:en": "H Mart",
        "name:ko": "한아름",
        "name:zh-Hans": "韩亚龙",
        "name:zh-Hant": "韓亞龍",
        "shop": "supermarket"
      },
      "geometry": {
        "type": "Point",
        "coordinates": [
          -79.4111469,
          43.7635305
        ]
      },
      "id": "node/1125194004"
    },
    {
      "type": "Feature",
      "properties": {
        "@id": "node/1131532988",
        "brand": "FreshCo",
        "brand:wikidata": "Q5502915",
        "brand:wikipedia": "en:FreshCo",
        "name": "FreshCo",
        "shop": "supermarket"
      },
      "geometry": {
        "type": "Point",
        "coordinates": [
          -79.4483646,
          43.793037
        ]
      },
      "id": "node/1131532988"
    },
    {
      "type": "Feature",
      "properties": {
        "@id": "node/1141372978",
        "addr:city": "Toronto",
        "layer": "-1",
        "level": "-1",
        "name": "Marketplace",
        "shop": "supermarket"
      },
      "geometry": {
        "type": "Point",
        "coordinates": [
          -79.386915,
          43.644779
        ]
      },
      "id": "node/1141372978"
    },
    {
      "type": "Feature",
      "properties": {
        "@id": "node/1141383055",
        "name": "Whole Health",
        "organic": "only",
        "shop": "supermarket"
      },
      "geometry": {
        "type": "Point",
        "coordinates": [
          -79.3871543,
          43.6446455
        ]
      },
      "id": "node/1141383055"
    },
    {
      "type": "Feature",
      "properties": {
        "@id": "way/1147510134",
        "brand": "Metro",
        "brand:wikidata": "Q1145669",
        "building": "retail",
        "check_date": "2024-06-09",
        "indoor": "room",
        "level": "0",
        "name": "Metro",
        "shop": "supermarket",
        "wheelchair": "yes",
        "@geometry": "center"
      },
      "geometry": {
        "type": "Point",
        "coordinates": [
          -79.3179205,
          43.7974605
        ]
      },
      "id": "way/1147510134"
    },
    {
      "type": "Feature",
      "properties": {
        "@id": "node/1250411699",
        "brand": "Metro",
        "brand:wikidata": "Q1145669",
        "name": "Metro",
        "note": "lower level",
        "shop": "supermarket",
        "wheelchair": "yes"
      },
      "geometry": {
        "type": "Point",
        "coordinates": [
          -79.3834231,
          43.6606723
        ]
      },
      "id": "node/1250411699"
    },
    {
      "type": "Feature",
      "properties": {
        "@id": "node/1267432262",
        "name": "Harbour Green Farms",
        "shop": "supermarket"
      },
      "geometry": {
        "type": "Point",
        "coordinates": [
          -79.3987636,
          43.6356761
        ]
      },
      "id": "node/1267432262"
    },
    {
      "type": "Feature",
      "properties": {
        "@id": "node/1291264958",
        "name": "Red Mulberry Natural Health Store",
        "shop": "supermarket"
      },
      "geometry": {
        "type": "Point",
        "coordinates": [
          -79.3655124,
          43.7083614
        ]
      },
      "id": "node/1291264958"
    },
    {
      "type": "Feature",
      "properties": {
        "@id": "node/1309639627",
        "name": "Town & Country Market",
        "shop": "supermarket"
      },
      "geometry": {
        "type": "Point",
        "coordinates": [
          -79.625597,
          43.587535
        ]
      },
      "id": "node/1309639627"
    },
    {
      "type": "Feature",
      "properties": {
        "@id": "node/1309646535",
        "alt_name": "Jerry's No Frills",
        "brand": "No Frills",
        "brand:wikidata": "Q3342407",
        "brand:wikipedia": "en:No Frills (grocery store)",
        "name": "No Frills",
        "shop": "supermarket"
      },
      "geometry": {
        "type": "Point",
        "coordinates": [
          -79.602825,
          43.595577
        ]
      },
      "id": "node/1309646535"
    },
    {
      "type": "Feature",
      "properties": {
        "@id": "way/1317201934",
        "addr:city": "Toronto",
        "addr:housenumber": "2150",
        "addr:postcode": "M1V 0E3",
        "addr:province": "ON",
        "addr:street": "McNicoll Avenue",
        "addr:unit": "1",
        "building": "yes",
        "name": "Asia Foodmart",
        "opening_hours": "24/7",
        "phone": "+1 416-293-7788",
        "shop": "supermarket",
        "website": "https://www.asiafmt.com/",
        "@geometry": "center"
      },
      "geometry": {
        "type": "Point",
        "coordinates": [
          -79.2960759,
          43.8140709
        ]
      },
      "id": "way/1317201934"
    },
    {
      "type": "Feature",
      "properties": {
        "@id": "node/1375337634",
        "brand": "Rabba",
        "brand:wikidata": "Q109659398",
        "name": "Rabba",
        "shop": "supermarket",
        "wheelchair": "no"
      },
      "geometry": {
        "type": "Point",
        "coordinates": [
          -79.376233,
          43.666606
        ]
      },
      "id": "node/1375337634"
    },
    {
      "type": "Feature",
      "properties": {
        "@id": "node/1387968035",
        "check_date": "2026-02-16",
        "name": "Yonge Fresh Market",
        "shop": "supermarket"
      },
      "geometry": {
        "type": "Point",
        "coordinates": [
          -79.389795,
          43.708209
        ]
      },
      "id": "node/1387968035"
    },
    {
      "type": "Feature",
      "properties": {
        "@id": "node/1396611494",
        "check_date": "2026-03-29",
        "name": "Olive Oil Emporium",
        "shop": "supermarket"
      },
      "geometry": {
        "type": "Point",
        "coordinates": [
          -79.3885781,
          43.7039222
        ]
      },
      "id": "node/1396611494"
    },
    {
      "type": "Feature",
      "properties": {
        "@id": "node/1421538657",
        "addr:city": "North York",
        "addr:housenumber": "4750",
        "addr:postcode": "M3H 5S7",
        "addr:street": "Dufferin Street",
        "name": "Coppa's Fresh Market",
        "phone": "+1-416-736-6606",
        "shop": "supermarket",
        "website": "https://www.coppas.com/locations"
      },
      "geometry": {
        "type": "Point",
        "coordinates": [
          -79.4696515,
          43.7766394
        ]
      },
      "id": "node/1421538657"
    },
    {
      "type": "Feature",
      "properties": {
        "@id": "node/1422601222",
        "name": "Taj Supermarket",
        "shop": "supermarket"
      },
      "geometry": {
        "type": "Point",
        "coordinates": [
          -79.2108073,
          43.8169644
        ]
      },
      "id": "node/1422601222"
    },
    {
      "type": "Feature",
      "properties": {
        "@id": "node/1422601336",
        "name": "Sunrise Mark",
        "shop": "supermarket"
      },
      "geometry": {
        "type": "Point",
        "coordinates": [
          -79.2112195,
          43.8172129
        ]
      },
      "id": "node/1422601336"
    },
    {
      "type": "Feature",
      "properties": {
        "@id": "node/1444959257",
        "addr:housenumber": "441",
        "addr:postcode": "L4J6W7",
        "addr:street": "Clark Avenue West",
        "branch": "Kosher Market",
        "brand": "Sobeys",
        "brand:wikidata": "Q1143340",
        "brand:wikipedia": "en:Sobeys",
        "fixme": "is this a kosher market or a sobeys",
        "name": "Sobeys",
        "note": "Do not change name back to Sobeys",
        "opening_hours": "Mo-Su 07:00-22:00; Jul 1 off",
        "phone": "+1 905 764 3770;+1 905 764 1475",
        "shop": "supermarket",
        "website": "https://www.sobeys.com/stores/sobeys-clark-hilda"
      },
      "geometry": {
        "type": "Point",
        "coordinates": [
          -79.438491,
          43.804731
        ]
      },
      "id": "node/1444959257"
    },
    {
      "type": "Feature",
      "properties": {
        "@id": "node/1459289096",
        "name": "Market Village Grocery",
        "opening_hours": "Mo-Su 09:00-21:00",
        "payment:credit_cards": "yes",
        "payment:debit_cards": "yes",
        "phone": "+1-416-293-0188",
        "shop": "supermarket",
        "wheelchair": "yes"
      },
      "geometry": {
        "type": "Point",
        "coordinates": [
          -79.292776,
          43.803458
        ]
      },
      "id": "node/1459289096"
    },
    {
      "type": "Feature",
      "properties": {
        "@id": "node/1471253919",
        "addr:city": "Toronto",
        "addr:housenumber": "777",
        "addr:street": "Bay Street",
        "addr:unit": "C209",
        "brand": "Farm Boy",
        "brand:wikidata": "Q5435469",
        "brand:wikipedia": "en:Farm Boy",
        "level": "0",
        "name": "Farm Boy",
        "opening_hours": "Mo-Fr 08:00-21:00; Sa, Su 08:00-20:00",
        "shop": "supermarket",
        "website": "https://www.farmboy.ca/college-bay",
        "wheelchair": "yes"
      },
      "geometry": {
        "type": "Point",
        "coordinates": [
          -79.3844864,
          43.6603152
        ]
      },
      "id": "node/1471253919"
    },
    {
      "type": "Feature",
      "properties": {
        "@id": "node/1500853555",
        "brand": "FreshCo",
        "brand:wikidata": "Q5502915",
        "brand:wikipedia": "en:FreshCo",
        "name": "FreshCo",
        "shop": "supermarket"
      },
      "geometry": {
        "type": "Point",
        "coordinates": [
          -79.4657378,
          43.6926868
        ]
      },
      "id": "node/1500853555"
    },
    {
      "type": "Feature",
      "properties": {
        "@id": "node/1502222352",
        "name": "Kingston Grocery",
        "shop": "supermarket"
      },
      "geometry": {
        "type": "Point",
        "coordinates": [
          -79.172206,
          43.7821024
        ]
      },
      "id": "node/1502222352"
    },
    {
      "type": "Feature",
      "properties": {
        "@id": "node/1518406892",
        "addr:city": "Toronto",
        "addr:housenumber": "585",
        "addr:postcode": "M5V 2B7",
        "addr:province": "Ontario",
        "addr:street": "Queen Street West",
        "brand": "Loblaws",
        "brand:wikidata": "Q3257626",
        "brand:wikipedia": "en:Loblaws",
        "check_date": "2025-12-06",
        "level": "1",
        "name": "Loblaws",
        "opening_hours": "Mo-Su 07:00-22:00",
        "phone": "+1 416 703 3419",
        "shop": "supermarket",
        "website": "https://www.loblaws.ca/store-locator/details/1000",
        "wheelchair": "yes"
      },
      "geometry": {
        "type": "Point",
        "coordinates": [
          -79.4015723,
          43.6474912
        ]
      },
      "id": "node/1518406892"
    },
    {
      "type": "Feature",
      "properties": {
        "@id": "node/1569579009",
        "addr:city": "Mississauga",
        "addr:housenumber": "1250",
        "addr:postcode": "L5E 1V4",
        "addr:province": "Ontario",
        "addr:street": "South Service Road",
        "brand": "No Frills",
        "brand:wikidata": "Q3342407",
        "brand:wikipedia": "en:No Frills (grocery store)",
        "check_date": "2026-02-28",
        "name": "No Frills",
        "opening_hours": "Mo-Su 08:00-21:00",
        "shop": "supermarket",
        "website": "https://www.nofrills.ca/store-locator/details/7415"
      },
      "geometry": {
        "type": "Point",
        "coordinates": [
          -79.5662959,
          43.5927264
        ]
      },
      "id": "node/1569579009"
    },
    {
      "type": "Feature",
      "properties": {
        "@id": "node/1639866940",
        "addr:housenumber": "200",
        "addr:street": "Front Street East",
        "brand": "No Frills",
        "brand:wikidata": "Q3342407",
        "brand:wikipedia": "en:No Frills (grocery store)",
        "name": "No Frills",
        "opening_hours": "Mo-Fr 08:00-21:00; Sa 10:00-17:00; Su 11:00-17:00",
        "shop": "supermarket",
        "wheelchair": "yes"
      },
      "geometry": {
        "type": "Point",
        "coordinates": [
          -79.3663593,
          43.6511181
        ]
      },
      "id": "node/1639866940"
    },
    {
      "type": "Feature",
      "properties": {
        "@id": "node/1685297716",
        "addr:city": "Etobicoke",
        "addr:housenumber": "1020",
        "addr:province": "ON",
        "addr:street": "Islington Avenue",
        "alt_name": "Jim & Maria's No Frills",
        "brand": "No Frills",
        "brand:wikidata": "Q3342407",
        "brand:wikipedia": "en:No Frills (grocery store)",
        "check_date": "2026-06-21",
        "gst_number": "85595-2958 RT0001",
        "name": "No Frills",
        "payment:mastercard": "yes",
        "shop": "supermarket",
        "website": "https://www.nofrills.ca/"
      },
      "geometry": {
        "type": "Point",
        "coordinates": [
          -79.5191103,
          43.6319159
        ]
      },
      "id": "node/1685297716"
    },
    {
      "type": "Feature",
      "properties": {
        "@id": "node/1727168611",
        "name": "Michael Angelo's",
        "shop": "supermarket"
      },
      "geometry": {
        "type": "Point",
        "coordinates": [
          -79.3565829,
          43.8510793
        ]
      },
      "id": "node/1727168611"
    },
    {
      "type": "Feature",
      "properties": {
        "@id": "node/1861805904",
        "addr:city": "Toronto",
        "addr:housenumber": "2863",
        "addr:street": "Lake Shore Boulevard West",
        "check_date": "2025-08-31",
        "name": "Star Lake Fine Foods",
        "shop": "supermarket"
      },
      "geometry": {
        "type": "Point",
        "coordinates": [
          -79.5025284,
          43.6012071
        ]
      },
      "id": "node/1861805904"
    },
    {
      "type": "Feature",
      "properties": {
        "@id": "node/1948589745",
        "addr:city": "East York",
        "addr:housenumber": "93",
        "addr:street": "Laird Drive",
        "brand": "Longo's",
        "brand:wikidata": "Q6674182",
        "brand:wikipedia": "en:Longo's",
        "check_date": "2026-04-26",
        "name": "Longo's",
        "shop": "supermarket"
      },
      "geometry": {
        "type": "Point",
        "coordinates": [
          -79.3596014,
          43.7064574
        ]
      },
      "id": "node/1948589745"
    },
    {
      "type": "Feature",
      "properties": {
        "@id": "node/1962183135",
        "check_date": "2025-06-20",
        "created_by": "iLOE 1.9",
        "name": "Khorak Supermarket",
        "shop": "supermarket"
      },
      "geometry": {
        "type": "Point",
        "coordinates": [
          -79.418013,
          43.792073
        ]
      },
      "id": "node/1962183135"
    },
    {
      "type": "Feature",
      "properties": {
        "@id": "node/2132778188",
        "addr:city": "East York",
        "addr:housenumber": "91",
        "addr:street": "Laird Drive",
        "brand": "Bulk Barn",
        "brand:wikidata": "Q4996466",
        "brand:wikipedia": "en:Bulk Barn",
        "check_date": "2026-04-26",
        "name": "Bulk Barn",
        "opening_hours": "Mo-Fr 09:00-20:30; Sa 09:00-20:00; Su 10:00-18:00",
        "shop": "supermarket",
        "wheelchair": "yes"
      },
      "geometry": {
        "type": "Point",
        "coordinates": [
          -79.3605436,
          43.7062466
        ]
      },
      "id": "node/2132778188"
    },
    {
      "type": "Feature",
      "properties": {
        "@id": "node/2203975940",
        "name": "Concord Food Centre",
        "shop": "supermarket"
      },
      "geometry": {
        "type": "Point",
        "coordinates": [
          -79.4726545,
          43.8067792
        ]
      },
      "id": "node/2203975940"
    },
    {
      "type": "Feature",
      "properties": {
        "@id": "node/2243470928",
        "brand": "Bulk Barn",
        "brand:wikidata": "Q4996466",
        "brand:wikipedia": "en:Bulk Barn",
        "name": "Bulk Barn",
        "shop": "supermarket"
      },
      "geometry": {
        "type": "Point",
        "coordinates": [
          -79.3002277,
          43.72674
        ]
      },
      "id": "node/2243470928"
    },
    {
      "type": "Feature",
      "properties": {
        "@id": "node/2266244980",
        "addr:housenumber": "853",
        "addr:street": "Jane Street",
        "brand": "Food Basics",
        "brand:wikidata": "Q5465300",
        "brand:wikipedia": "en:Food Basics",
        "check_date": "2026-07-06",
        "name": "Food Basics",
        "shop": "supermarket"
      },
      "geometry": {
        "type": "Point",
        "coordinates": [
          -79.4941913,
          43.6768789
        ]
      },
      "id": "node/2266244980"
    },
    {
      "type": "Feature",
      "properties": {
        "@id": "node/2354348584",
        "addr:city": "North York",
        "addr:housenumber": "107",
        "addr:street": "Parkway Forest Drive",
        "brand": "Foodland",
        "brand:wikidata": "Q5465554",
        "brand:wikipedia": "en:Foodland (Canada)",
        "name": "Foodland",
        "opendata:type": "112001",
        "opening_hours": "24/7",
        "shop": "supermarket"
      },
      "geometry": {
        "type": "Point",
        "coordinates": [
          -79.3401694,
          43.773964
        ]
      },
      "id": "node/2354348584"
    },
    {
      "type": "Feature",
      "properties": {
        "@id": "node/2366714885",
        "addr:city": "Etobicoke",
        "addr:housenumber": "2267",
        "addr:postcode": "M9W 3W7",
        "addr:street": "Islington Avenue",
        "check_date": "2026-03-22",
        "name": "Fresh Value",
        "opendata:type": "112001",
        "opening_hours": "Mo-Th 09:30-21:00; Fr 09:30-21:30; Sa 09:00-21:30; Su 09:30-20:30",
        "phone": "+1-416-743-6699",
        "shop": "supermarket",
        "website": "http://freshvalue.ca/"
      },
      "geometry": {
        "type": "Point",
        "coordinates": [
          -79.5545106,
          43.7166344
        ]
      },
      "id": "node/2366714885"
    },
    {
      "type": "Feature",
      "properties": {
        "@id": "node/2369253779",
        "addr:city": "Markham",
        "addr:housenumber": "8339",
        "addr:postcode": "L3R 5T5",
        "addr:province": "Ontario",
        "addr:street": "Kennedy Road",
        "addr:unit": "Building C",
        "air_conditioning": "yes",
        "brand": "T&T Supermarket",
        "brand:wikidata": "Q837893",
        "brand:wikipedia": "en:T & T Supermarket",
        "check_date": "2025-09-14",
        "name": "大統華 T&T Supermarket",
        "name:en": "T&T Supermarket",
        "name:zh-Hans": "大统华",
        "name:zh-Hant": "大統華",
        "opening_hours": "Mo-Su 09:00-22:00",
        "payment:cash": "yes",
        "payment:credit_cards": "yes",
        "phone": "+1 905 470 9113",
        "shop": "supermarket",
        "website": "https://tntsupermarket.com"
      },
      "geometry": {
        "type": "Point",
        "coordinates": [
          -79.303517,
          43.8572775
        ]
      },
      "id": "node/2369253779"
    },
    {
      "type": "Feature",
      "properties": {
        "@id": "node/2410396937",
        "addr:housenumber": "2443",
        "addr:street": "Yonge Street",
        "check_date": "2026-04-26",
        "internet_access": "no",
        "level": "0",
        "name": "Green Valley Products",
        "opening_hours": "08:30-20:00",
        "payment:mastercard": "yes",
        "payment:visa": "yes",
        "phone": "+1 4164631862",
        "shop": "supermarket",
        "wheelchair": "yes"
      },
      "geometry": {
        "type": "Point",
        "coordinates": [
          -79.3990474,
          43.710897
        ]
      },
      "id": "node/2410396937"
    },
    {
      "type": "Feature",
      "properties": {
        "@id": "node/2437943980",
        "brand": "Metro",
        "brand:wikidata": "Q1145669",
        "brand:wikipedia": "en:Metro Inc.",
        "check_date": "2025-08-30",
        "name": "Metro",
        "note": "Not FreshCo",
        "shop": "supermarket"
      },
      "geometry": {
        "type": "Point",
        "coordinates": [
          -79.4443171,
          43.7913073
        ]
      },
      "id": "node/2437943980"
    },
    {
      "type": "Feature",
      "properties": {
        "@id": "node/2454878864",
        "addr:city": "Toronto",
        "addr:housenumber": "22",
        "addr:street": "Fort York Boulevard",
        "brand": "Sobeys",
        "brand:wikidata": "Q1143340",
        "brand:wikipedia": "en:Sobeys",
        "name": "Sobeys",
        "opening_hours": "Mo-Su 07:00-22:00",
        "phone": "+1-416-623-5111",
        "shop": "supermarket",
        "wheelchair": "yes"
      },
      "geometry": {
        "type": "Point",
        "coordinates": [
          -79.3942463,
          43.6404855
        ]
      },
      "id": "node/2454878864"
    },
    {
      "type": "Feature",
      "properties": {
        "@id": "node/2470509496",
        "addr:city": "Etobicoke",
        "addr:housenumber": "841",
        "addr:street": "Brown's Line",
        "brand": "Farm Boy",
        "brand:wikidata": "Q5435469",
        "brand:wikipedia": "en:Farm Boy",
        "check_date": "2026-03-28",
        "name": "Farm Boy",
        "phone": "+1-416-253-9379",
        "shop": "supermarket",
        "website": "https://www.farmboy.ca/locations/etobicoke-shoppes-alderwood/"
      },
      "geometry": {
        "type": "Point",
        "coordinates": [
          -79.5475302,
          43.6100852
        ]
      },
      "id": "node/2470509496"
    },
    {
      "type": "Feature",
      "properties": {
        "@id": "node/2541753704",
        "addr:city": "Scarborough",
        "addr:housenumber": "3715",
        "addr:postcode": "M1G 1P7",
        "addr:street": "Lawrence Avenue East",
        "fax": "+1-416-431-3389",
        "name": "Skyland Food Mart",
        "opendata:type": "115001",
        "phone": "+1-416-431-3388",
        "shop": "supermarket"
      },
      "geometry": {
        "type": "Point",
        "coordinates": [
          -79.2184152,
          43.7606262
        ]
      },
      "id": "node/2541753704"
    },
    {
      "type": "Feature",
      "properties": {
        "@id": "node/2558957633",
        "check_date": "2026-06-15",
        "check_date:opening_hours": "2026-04-11",
        "email": "ayal@riseup.net",
        "level": "0",
        "name": "Rise Up Foods",
        "opening_hours": "Mo 10:00-19:00; Tu-Sa 10:00-20:00; Su 11:00-18:00",
        "organic": "only",
        "phone": "+1 647-348-1226",
        "shop": "supermarket",
        "website": "https://riseupfoods.ca/"
      },
      "geometry": {
        "type": "Point",
        "coordinates": [
          -79.4333624,
          43.6495869
        ]
      },
      "id": "node/2558957633"
    },
    {
      "type": "Feature",
      "properties": {
        "@id": "node/2564794500",
        "check_date": "2026-05-25",
        "name": "Danforth Food Market",
        "shop": "supermarket",
        "website": "http://danforthfoodmarket.com/"
      },
      "geometry": {
        "type": "Point",
        "coordinates": [
          -79.5884763,
          43.6060622
        ]
      },
      "id": "node/2564794500"
    },
    {
      "type": "Feature",
      "properties": {
        "@id": "node/2585172861",
        "check_date": "2026-04-30",
        "name": "Carload on Yonge",
        "shop": "supermarket",
        "website": "https://www.carload.ca"
      },
      "geometry": {
        "type": "Point",
        "coordinates": [
          -79.399287,
          43.7121108
        ]
      },
      "id": "node/2585172861"
    },
    {
      "type": "Feature",
      "properties": {
        "@id": "node/2613031993",
        "addr:city": "Scarborough",
        "addr:housenumber": "250",
        "addr:postcode": "M1V 3Z4",
        "addr:street": "Alton Towers Circle",
        "name": "AI Premium Food Mart",
        "note": "RIP Taiko Supermarket. Your shopping carts have lived on.",
        "opening_hours": "Mo-Su 09:00-21:30",
        "payment:cash": "yes",
        "payment:credit_cards": "yes",
        "phone": "+1 416 298 6228",
        "shop": "supermarket"
      },
      "geometry": {
        "type": "Point",
        "coordinates": [
          -79.2771774,
          43.8254466
        ]
      },
      "id": "node/2613031993"
    },
    {
      "type": "Feature",
      "properties": {
        "@id": "node/2702058047",
        "addr:city": "North York",
        "addr:housenumber": "865",
        "addr:postcode": "M3B 1Y5",
        "addr:street": "York Mills Road",
        "cuisine": "korean",
        "name": "Galleria Marketplace",
        "phone": "+1-647-352-5004",
        "shop": "supermarket",
        "website": "http://www.galleriasm.com/"
      },
      "geometry": {
        "type": "Point",
        "coordinates": [
          -79.3493647,
          43.7536755
        ]
      },
      "id": "node/2702058047"
    },
    {
      "type": "Feature",
      "properties": {
        "@id": "node/2704255396",
        "addr:city": "North York",
        "addr:housenumber": "3500",
        "addr:province": "ON",
        "addr:street": "Bathurst Street",
        "diet:kosher": "yes",
        "name": "Savours Fresh Market",
        "shop": "supermarket"
      },
      "geometry": {
        "type": "Point",
        "coordinates": [
          -79.4291486,
          43.7178304
        ]
      },
      "id": "node/2704255396"
    },
    {
      "type": "Feature",
      "properties": {
        "@id": "node/2767158186",
        "name": "Tindahan",
        "shop": "supermarket"
      },
      "geometry": {
        "type": "Point",
        "coordinates": [
          -79.420862,
          43.7981542
        ]
      },
      "id": "node/2767158186"
    },
    {
      "type": "Feature",
      "properties": {
        "@id": "node/2781439872",
        "addr:city": "Toronto",
        "addr:housenumber": "1555",
        "addr:street": "Dundas Street West",
        "check_date": "2026-06-15",
        "name": "Fairprice Supermarket",
        "shop": "supermarket"
      },
      "geometry": {
        "type": "Point",
        "coordinates": [
          -79.4338009,
          43.6496835
        ]
      },
      "id": "node/2781439872"
    },
    {
      "type": "Feature",
      "properties": {
        "@id": "node/2799797419",
        "addr:housenumber": "1054",
        "addr:postcode": "L4J 3M8",
        "addr:street": "Centre Street",
        "brand": "No Frills",
        "brand:wikidata": "Q3342407",
        "brand:wikipedia": "en:No Frills (grocery store)",
        "check_date": "2025-05-25",
        "name": "No Frills",
        "opening_hours": "Mo-Fr 08:00-22:00; Sa-Su 08:00-21:00",
        "phone": "+1 866 987 6453",
        "shop": "supermarket",
        "website": "https://www.nofrills.ca/en/store-locator/details/3660"
      },
      "geometry": {
        "type": "Point",
        "coordinates": [
          -79.4603891,
          43.8100467
        ]
      },
      "id": "node/2799797419"
    },
    {
      "type": "Feature",
      "properties": {
        "@id": "node/2833168699",
        "name": "BJ Supermarket",
        "shop": "supermarket",
        "wheelchair": "no"
      },
      "geometry": {
        "type": "Point",
        "coordinates": [
          -79.3214231,
          43.6722464
        ]
      },
      "id": "node/2833168699"
    },
    {
      "type": "Feature",
      "properties": {
        "@id": "node/2840298401",
        "addr:city": "Torono",
        "addr:housenumber": "20",
        "addr:postcode": "M1L4V9",
        "addr:province": "Ontario",
        "addr:street": "Lebovic Avenue",
        "addr:unit": "E1",
        "check_date": "2026-03-21",
        "name": "Seafood City",
        "note": "former Home Outfitters",
        "phone": "+1 647-847-5382",
        "shop": "supermarket",
        "website": "https://www.seafoodcity.com/"
      },
      "geometry": {
        "type": "Point",
        "coordinates": [
          -79.2907226,
          43.7224912
        ]
      },
      "id": "node/2840298401"
    },
    {
      "type": "Feature",
      "properties": {
        "@id": "node/2850469552",
        "addr:city": "Toronto",
        "addr:housenumber": "1980",
        "addr:street": "St. Clair Avenue West",
        "addr:unit": "A201",
        "check_date": "2026-04-09",
        "name": "Nations Fresh Foods",
        "old_name": "Target",
        "shop": "supermarket",
        "website": "https://www.nationsfreshfoods.ca"
      },
      "geometry": {
        "type": "Point",
        "coordinates": [
          -79.4707764,
          43.6727316
        ]
      },
      "id": "node/2850469552"
    },
    {
      "type": "Feature",
      "properties": {
        "@id": "node/2853037158",
        "addr:city": "Mississauga",
        "addr:housenumber": "1030",
        "addr:postcode": "L4Y 2B8",
        "addr:street": "Dundas Street East",
        "check_date": "2025-07-12",
        "name": "Távora Foods",
        "phone": "+1-905-949-1592",
        "shop": "supermarket",
        "website": "https://www.tavora.ca/"
      },
      "geometry": {
        "type": "Point",
        "coordinates": [
          -79.5917235,
          43.6016325
        ]
      },
      "id": "node/2853037158"
    },
    {
      "type": "Feature",
      "properties": {
        "@id": "node/2901438692",
        "addr:housenumber": "4242",
        "addr:street": "Dundas Street West",
        "check_date": "2026-06-28",
        "name": "Bruno's Foods",
        "opening_hours": "08:00-20:00",
        "shop": "supermarket",
        "website": "http://www.brunosfinefoods.ca/"
      },
      "geometry": {
        "type": "Point",
        "coordinates": [
          -79.514901,
          43.659336
        ]
      },
      "id": "node/2901438692"
    },
    {
      "type": "Feature",
      "properties": {
        "@id": "node/2908425808",
        "addr:city": "Markham",
        "addr:housenumber": "7700",
        "addr:postcode": "L3S 4S1",
        "addr:street": "Markham Road",
        "fax": "+1-905-201-2980",
        "name": "Sunny Foodmart",
        "phone": "+1-905-201-2988",
        "shop": "supermarket",
        "website": "http://www.sunnysupermarket.com/Markham/homee.html",
        "wheelchair": "yes"
      },
      "geometry": {
        "type": "Point",
        "coordinates": [
          -79.2573986,
          43.8542115
        ]
      },
      "id": "node/2908425808"
    },
    {
      "type": "Feature",
      "properties": {
        "@id": "node/2909423024",
        "addr:city": "Markham",
        "addr:housenumber": "8601",
        "addr:postcode": "L3R 0B5",
        "addr:province": "ON",
        "addr:street": "Warden Avenue",
        "brand": "No Frills",
        "brand:wikidata": "Q3342407",
        "brand:wikipedia": "en:No Frills (grocery store)",
        "contact:facebook": "https://www.facebook.com/nofrillsCA/",
        "contact:twitter": "https://twitter.com/nofrillsCA",
        "description": "Store ID: 3620",
        "level": "0",
        "name": "No Frills",
        "name:fr": "Sans Fioritures",
        "opening_hours": "Mo-Su 08:00-21:00",
        "operator": "Richard & Ruth;Loblaws Inc.",
        "payment:coins": "yes",
        "payment:credit_cards": "yes",
        "payment:debit_cards": "yes",
        "payment:interac": "yes",
        "payment:mastercard": "yes",
        "payment:notes": "yes",
        "phone": "+1-866-987-6453",
        "shop": "supermarket",
        "website": "https://www.nofrills.ca//store-locator/Richard%20&%20Ruth's%20NOFRILLS%20Markham/3620?storeId=3620",
        "wheelchair": "yes"
      },
      "geometry": {
        "type": "Point",
        "coordinates": [
          -79.3335982,
          43.8583353
        ]
      },
      "id": "node/2909423024"
    },
    {
      "type": "Feature",
      "properties": {
        "@id": "node/2916190281",
        "addr:city": "Markham",
        "addr:housenumber": "3085",
        "addr:postcode": "L3R 0J5",
        "addr:street": "Highway 7",
        "brand": "Longo's",
        "brand:wikidata": "Q6674182",
        "name": "Longo's",
        "opening_hours": "Mo-Fr 07:30-21:00; Sa,Su 07:30-20:00",
        "shop": "supermarket",
        "wheelchair": "yes"
      },
      "geometry": {
        "type": "Point",
        "coordinates": [
          -79.3551471,
          43.8496309
        ]
      },
      "id": "node/2916190281"
    },
    {
      "type": "Feature",
      "properties": {
        "@id": "node/2916217446",
        "addr:city": "Markham",
        "addr:housenumber": "3997",
        "addr:postcode": "L3R 5M6",
        "addr:province": "ON",
        "addr:street": "Highway 7",
        "branch": "Unionville",
        "brand": "Whole Foods Market",
        "brand:wikidata": "Q1809448",
        "check_date": "2025-09-14",
        "check_date:opening_hours": "2024-10-03",
        "name": "Whole Foods Market",
        "opening_hours": "Mo-Su 08:00-21:00",
        "phone": "+1 905-474-4900",
        "ref": "unionville",
        "shop": "supermarket",
        "website": "https://www.wholefoodsmarket.com/stores/unionville"
      },
      "geometry": {
        "type": "Point",
        "coordinates": [
          -79.322606,
          43.857888
        ]
      },
      "id": "node/2916217446"
    },
    {
      "type": "Feature",
      "properties": {
        "@id": "node/2926787703",
        "addr:city": "Scarborough",
        "addr:housenumber": "20",
        "addr:street": "Ashtonbee Road",
        "brand": "Marché Adonis",
        "brand:wikidata": "Q20707426",
        "check_date": "2026-03-07",
        "name": "Marché Adonis",
        "payment:visa": "yes",
        "phone": "+1-416-642-1515",
        "shop": "supermarket"
      },
      "geometry": {
        "type": "Point",
        "coordinates": [
          -79.2905685,
          43.7291495
        ]
      },
      "id": "node/2926787703"
    },
    {
      "type": "Feature",
      "properties": {
        "@id": "node/2926805701",
        "addr:city": "Scarborough",
        "addr:housenumber": "1970",
        "addr:postcode": "M1L 2M6",
        "addr:street": "Eglinton Avenue East",
        "check_date": "2026-03-07",
        "hst_number": "12345-5140",
        "name": "Al Premium Food Mart",
        "opening_hours": "Mo-Fr 08:00-24:00",
        "phone": "+1-416-751-3666",
        "shop": "supermarket",
        "website": "https://alpremium.ca/"
      },
      "geometry": {
        "type": "Point",
        "coordinates": [
          -79.2849601,
          43.7305937
        ]
      },
      "id": "node/2926805701"
    },
    {
      "type": "Feature",
      "properties": {
        "@id": "node/2967604370",
        "brand": "Bulk Barn",
        "brand:wikidata": "Q4996466",
        "brand:wikipedia": "en:Bulk Barn",
        "name": "Bulk Barn",
        "shop": "supermarket",
        "wheelchair": "yes"
      },
      "geometry": {
        "type": "Point",
        "coordinates": [
          -79.3699913,
          43.6500767
        ]
      },
      "id": "node/2967604370"
    },
    {
      "type": "Feature",
      "properties": {
        "@id": "node/3016336373",
        "addr:housenumber": "335",
        "addr:postcode": "M1W 3Y1",
        "addr:street": "Bamburgh Circle",
        "name": "Foody Mart",
        "name:zh": "丰泰超市",
        "opening_hours": "09:00-12:00",
        "phone": "+1-416-490-9890",
        "shop": "supermarket",
        "website": "https://www.foodymart.com/",
        "wheelchair": "yes"
      },
      "geometry": {
        "type": "Point",
        "coordinates": [
          -79.3224323,
          43.81502
        ]
      },
      "id": "node/3016336373"
    },
    {
      "type": "Feature",
      "properties": {
        "@id": "node/3032299219",
        "brand": "Food Basics",
        "brand:wikidata": "Q5465300",
        "brand:wikipedia": "en:Food Basics",
        "name": "Food Basics",
        "shop": "supermarket"
      },
      "geometry": {
        "type": "Point",
        "coordinates": [
          -79.3986858,
          43.8210226
        ]
      },
      "id": "node/3032299219"
    },
    {
      "type": "Feature",
      "properties": {
        "@id": "node/3096244077",
        "alt_name:ko": "H 마트",
        "brand": "H Mart",
        "brand:wikidata": "Q5636306",
        "brand:wikipedia": "en:Dollarama",
        "cuisine": "asian",
        "name": "H Mart",
        "name:en": "H Mart",
        "name:ko": "한아름",
        "name:zh-Hans": "韩亚龙",
        "name:zh-Hant": "韓亞龍",
        "shop": "supermarket"
      },
      "geometry": {
        "type": "Point",
        "coordinates": [
          -79.4336165,
          43.7962084
        ]
      },
      "id": "node/3096244077"
    },
    {
      "type": "Feature",
      "properties": {
        "@id": "node/3144748975",
        "addr:city": "Toronto",
        "addr:housenumber": "690",
        "addr:postcode": "M6C 1B1",
        "addr:street": "St. Clair Avenue West",
        "check_date": "2024-07-30",
        "internet_access": "no",
        "name": "Moberly Natural Foods",
        "payment:cash": "yes",
        "payment:interac": "yes",
        "payment:mastercard": "yes",
        "payment:visa": "yes",
        "shop": "supermarket"
      },
      "geometry": {
        "type": "Point",
        "coordinates": [
          -79.4259043,
          43.6818241
        ]
      },
      "id": "node/3144748975"
    },
    {
      "type": "Feature",
      "properties": {
        "@id": "node/3229188764",
        "brand": "Bulk Barn",
        "brand:wikidata": "Q4996466",
        "brand:wikipedia": "en:Bulk Barn",
        "check_date": "2025-05-02",
        "name": "Bulk Barn",
        "shop": "supermarket"
      },
      "geometry": {
        "type": "Point",
        "coordinates": [
          -79.3936809,
          43.6455958
        ]
      },
      "id": "node/3229188764"
    },
    {
      "type": "Feature",
      "properties": {
        "@id": "node/3245334360",
        "name": "Bestco Food Mart",
        "name:zh": "鴻華超市",
        "opening_hours": "Mo-Su 09:00-22:00",
        "shop": "supermarket"
      },
      "geometry": {
        "type": "Point",
        "coordinates": [
          -79.2710304,
          43.7962796
        ]
      },
      "id": "node/3245334360"
    },
    {
      "type": "Feature",
      "properties": {
        "@id": "node/3283163145",
        "brand": "Bulk Barn",
        "brand:wikidata": "Q4996466",
        "brand:wikipedia": "en:Bulk Barn",
        "name": "Bulk Barn",
        "shop": "supermarket"
      },
      "geometry": {
        "type": "Point",
        "coordinates": [
          -79.4737629,
          43.7854533
        ]
      },
      "id": "node/3283163145"
    },
    {
      "type": "Feature",
      "properties": {
        "@id": "node/3288802961",
        "addr:city": "Toronto",
        "addr:housenumber": "345",
        "addr:postcode": "M4W 3J6",
        "addr:street": "Bloor Street East",
        "alt_name": "Rob's No Frills",
        "brand": "No Frills",
        "brand:wikidata": "Q3342407",
        "brand:wikipedia": "en:No Frills (grocery store)",
        "check_date": "2026-06-24",
        "name": "No Frills",
        "opening_hours": "Mo-Fr 08:00-21:30; Sa-Su 08:00-20:00",
        "shop": "supermarket"
      },
      "geometry": {
        "type": "Point",
        "coordinates": [
          -79.3781127,
          43.6716106
        ]
      },
      "id": "node/3288802961"
    },
    {
      "type": "Feature",
      "properties": {
        "@id": "node/3302606183",
        "addr:housenumber": "747",
        "addr:postcode": "M3C 1T2",
        "addr:street": "Don Mills Road",
        "name": "Sunny Foodmart",
        "opening_hours": "Su-Th 08:00-22:00; Fr-Sa 08:00-23:00",
        "phone": "+1-416-900-1699",
        "shop": "supermarket",
        "wheelchair": "yes"
      },
      "geometry": {
        "type": "Point",
        "coordinates": [
          -79.3331597,
          43.7144362
        ]
      },
      "id": "node/3302606183"
    },
    {
      "type": "Feature",
      "properties": {
        "@id": "node/3306493403",
        "addr:city": "North York",
        "addr:housenumber": "3685",
        "addr:postcode": "M3J 3H6",
        "addr:street": "Keele Street",
        "alt_name": "Vito's No Frills",
        "brand": "No Frills",
        "brand:wikidata": "Q3342407",
        "brand:wikipedia": "en:No Frills (grocery store)",
        "name": "No Frills",
        "opening_hours": "Mo-Su 08:00-21:00",
        "shop": "supermarket"
      },
      "geometry": {
        "type": "Point",
        "coordinates": [
          -79.4876884,
          43.7541597
        ]
      },
      "id": "node/3306493403"
    },
    {
      "type": "Feature",
      "properties": {
        "@id": "node/3306518480",
        "addr:city": "North York",
        "addr:housenumber": "3701",
        "addr:postcode": "M3J 1N1",
        "addr:street": "Keele Street",
        "name": "Danforth Food Mart",
        "opening_hours": "Mo-Su 08:00-21:00",
        "operator": "Mr. Soow",
        "shop": "supermarket"
      },
      "geometry": {
        "type": "Point",
        "coordinates": [
          -79.4883549,
          43.7551773
        ]
      },
      "id": "node/3306518480"
    },
    {
      "type": "Feature",
      "properties": {
        "@id": "node/3313337535",
        "addr:city": "Scarborough",
        "addr:housenumber": "1150",
        "addr:postcode": "M1B 3A4",
        "addr:street": "Morningside Avenue",
        "check_date": "2025-12-11",
        "name": "Fusion Supermarket",
        "opening_hours": "Mo-Su 08:30-21:00",
        "shop": "supermarket"
      },
      "geometry": {
        "type": "Point",
        "coordinates": [
          -79.2003631,
          43.8004902
        ]
      },
      "id": "node/3313337535"
    },
    {
      "type": "Feature",
      "properties": {
        "@id": "node/3318025983",
        "addr:city": "Scarborough",
        "addr:housenumber": "1145",
        "addr:street": "Morningside Avenue",
        "name": "Gunams Supermarket",
        "note": "Sri Lankan, Indian and Western Groceries",
        "shop": "supermarket"
      },
      "geometry": {
        "type": "Point",
        "coordinates": [
          -79.1984187,
          43.8008914
        ]
      },
      "id": "node/3318025983"
    },
    {
      "type": "Feature",
      "properties": {
        "@id": "node/3326486318",
        "check_date": "2025-05-04",
        "name": "Golden Fresh Market",
        "shop": "supermarket"
      },
      "geometry": {
        "type": "Point",
        "coordinates": [
          -79.512093,
          43.7400242
        ]
      },
      "id": "node/3326486318"
    },
    {
      "type": "Feature",
      "properties": {
        "@id": "node/3396318852",
        "addr:housenumber": "1030",
        "addr:street": "King Street West",
        "brand": "No Frills",
        "brand:wikidata": "Q3342407",
        "check_date": "2026-06-25",
        "name": "No Frills",
        "old_name": "Independent CityMarket",
        "opening_hours": "Mo-Su 07:00-22:00",
        "shop": "supermarket"
      },
      "geometry": {
        "type": "Point",
        "coordinates": [
          -79.4152848,
          43.6415625
        ]
      },
      "id": "node/3396318852"
    },
    {
      "type": "Feature",
      "properties": {
        "@id": "node/3418915694",
        "branch": "Humber Bay Park",
        "brand": "Metro",
        "brand:wikidata": "Q1145669",
        "brand:wikipedia": "en:Metro Inc.",
        "check_date": "2025-07-21",
        "name": "Metro",
        "shop": "supermarket",
        "start_date": "2015-03-26"
      },
      "geometry": {
        "type": "Point",
        "coordinates": [
          -79.4827082,
          43.6231048
        ]
      },
      "id": "node/3418915694"
    },
    {
      "type": "Feature",
      "properties": {
        "@id": "node/3427101092",
        "addr:city": "Toronto",
        "addr:floor": "G",
        "addr:housenumber": "5",
        "addr:postcode": "M5V 1A4",
        "addr:province": "Ontario",
        "addr:street": "Bastion Street",
        "air_conditioning": "yes",
        "building:levels": "1",
        "check_date": "2023-10-11",
        "currency:CAD": "yes",
        "diet:fresh": "yes",
        "diet:meat": "yes",
        "diet:non-vegetarian": "yes",
        "diet:omnivore": "yes",
        "diet:vegan": "yes",
        "diet:vegetarian": "yes",
        "internet_access": "no",
        "level": "0",
        "name": "Navs Grocery",
        "opening_hours": "Mo-Su 08:00-21:00",
        "payment:app": "yes",
        "payment:apple_pay": "yes",
        "payment:bills": "yes",
        "payment:cash": "yes",
        "payment:cheque": "yes",
        "payment:coins": "yes",
        "payment:contactless": "yes",
        "payment:credit_cards": "yes",
        "payment:debit_cards": "yes",
        "payment:google_pay": "yes",
        "payment:interac": "yes",
        "payment:mastercard": "yes",
        "payment:mastercard_contactless": "yes",
        "payment:mastercard_debit": "yes",
        "payment:mobile_phone": "yes",
        "payment:nfc": "yes",
        "payment:notes": "yes",
        "payment:samsung_pay": "yes",
        "payment:visa": "yes",
        "payment:visa_contactless": "yes",
        "payment:visa_debit": "yes",
        "second_hand": "no",
        "shop": "supermarket",
        "source": "survey;local knowledge",
        "stroller": "limited",
        "toilets": "no",
        "toilets:wheelchair": "no",
        "wheelchair": "limited"
      },
      "geometry": {
        "type": "Point",
        "coordinates": [
          -79.4033993,
          43.6361578
        ]
      },
      "id": "node/3427101092"
    },
    {
      "type": "Feature",
      "properties": {
        "@id": "node/3435068090",
        "check_date": "2026-04-21",
        "name": "Aigoo Food Mart",
        "shop": "supermarket"
      },
      "geometry": {
        "type": "Point",
        "coordinates": [
          -79.5312595,
          43.7122309
        ]
      },
      "id": "node/3435068090"
    },
    {
      "type": "Feature",
      "properties": {
        "@id": "node/3445656550",
        "addr:city": "Scarborough",
        "addr:housenumber": "255",
        "addr:province": "ON",
        "addr:street": "Morningside Avenue",
        "brand": "Food Basics",
        "brand:wikidata": "Q5465300",
        "brand:wikipedia": "en:Food Basics",
        "check_date": "2026-07-01",
        "fax": "+1-416-284-7345",
        "name": "Food Basics",
        "opening_hours": "Mo-Fr 8:00-21:00; Sa-Su 8:00-20:00",
        "phone": "+1-416-284-2158",
        "shop": "supermarket",
        "website": "https://www.foodbasics.ca/en/find-a-grocery/100990",
        "wheelchair": "yes"
      },
      "geometry": {
        "type": "Point",
        "coordinates": [
          -79.1845116,
          43.770121
        ]
      },
      "id": "node/3445656550"
    },
    {
      "type": "Feature",
      "properties": {
        "@id": "node/3561927415",
        "check_date": "2026-06-07",
        "level": "-1",
        "name": "The Market by Longo's",
        "shop": "supermarket",
        "wheelchair": "yes"
      },
      "geometry": {
        "type": "Point",
        "coordinates": [
          -79.3789097,
          43.6470368
        ]
      },
      "id": "node/3561927415"
    },
    {
      "type": "Feature",
      "properties": {
        "@id": "node/3594694567",
        "name": "AyaSofya Super Market",
        "shop": "supermarket"
      },
      "geometry": {
        "type": "Point",
        "coordinates": [
          -79.4873984,
          43.7461503
        ]
      },
      "id": "node/3594694567"
    },
    {
      "type": "Feature",
      "properties": {
        "@id": "node/3594724685",
        "check_date": "2025-05-04",
        "name": "Wonder Food Mart",
        "shop": "supermarket"
      },
      "geometry": {
        "type": "Point",
        "coordinates": [
          -79.5117315,
          43.7388424
        ]
      },
      "id": "node/3594724685"
    },
    {
      "type": "Feature",
      "properties": {
        "@id": "node/3620992885",
        "name": "Pat Mart Supermarket",
        "shop": "supermarket"
      },
      "geometry": {
        "type": "Point",
        "coordinates": [
          -79.4196225,
          43.8051165
        ]
      },
      "id": "node/3620992885"
    },
    {
      "type": "Feature",
      "properties": {
        "@id": "node/3648172014",
        "addr:housenumber": "2879",
        "addr:postcode": "M1M 1N3",
        "addr:street": "Kingston Road",
        "name": "El Rincón Guerrerense",
        "shop": "supermarket"
      },
      "geometry": {
        "type": "Point",
        "coordinates": [
          -79.2353624,
          43.7223025
        ]
      },
      "id": "node/3648172014"
    },
    {
      "type": "Feature",
      "properties": {
        "@id": "node/3654403517",
        "alt_name": "Quallity Dixie Grocers",
        "diet:halal": "yes",
        "name": "Dixie Grocers",
        "shop": "supermarket"
      },
      "geometry": {
        "type": "Point",
        "coordinates": [
          -79.606083,
          43.6239316
        ]
      },
      "id": "node/3654403517"
    },
    {
      "type": "Feature",
      "properties": {
        "@id": "node/3698533565",
        "check_date": "2025-05-09",
        "level": "-1",
        "name": "Nutrition House",
        "shop": "supermarket"
      },
      "geometry": {
        "type": "Point",
        "coordinates": [
          -79.3810245,
          43.6475091
        ]
      },
      "id": "node/3698533565"
    },
    {
      "type": "Feature",
      "properties": {
        "@id": "node/3740334280",
        "name": "Nanak Grocers",
        "shop": "supermarket"
      },
      "geometry": {
        "type": "Point",
        "coordinates": [
          -79.6346329,
          43.7331594
        ]
      },
      "id": "node/3740334280"
    },
    {
      "type": "Feature",
      "properties": {
        "@id": "node/3740787162",
        "brand": "Bulk Barn",
        "brand:wikidata": "Q4996466",
        "check_date": "2026-01-17",
        "name": "Bulk Barn",
        "shop": "supermarket"
      },
      "geometry": {
        "type": "Point",
        "coordinates": [
          -79.2922658,
          43.7819453
        ]
      },
      "id": "node/3740787162"
    },
    {
      "type": "Feature",
      "properties": {
        "@id": "node/3741392546",
        "addr:city": "Toronto",
        "addr:housenumber": "111",
        "addr:street": "St. Clair Avenue West",
        "brand": "Longo's",
        "brand:wikidata": "Q6674182",
        "name": "Longo's",
        "opening_hours": "Mo-Fr 07:00-22:00; Sa-Su 07:00-20:00",
        "operator": "Longo's",
        "phone": "+1-416-921-6108",
        "shop": "supermarket"
      },
      "geometry": {
        "type": "Point",
        "coordinates": [
          -79.3999134,
          43.6866521
        ]
      },
      "id": "node/3741392546"
    },
    {
      "type": "Feature",
      "properties": {
        "@id": "node/3755181758",
        "check_date": "2026-05-09",
        "name": "Tienda Movil Latin Supermarket",
        "phone": "+1-416-255-2222",
        "shop": "supermarket"
      },
      "geometry": {
        "type": "Point",
        "coordinates": [
          -79.5491042,
          43.6095576
        ]
      },
      "id": "node/3755181758"
    },
    {
      "type": "Feature",
      "properties": {
        "@id": "node/3767279731",
        "brand": "Food Basics",
        "brand:wikidata": "Q5465300",
        "brand:wikipedia": "en:Food Basics",
        "name": "Food Basics",
        "shop": "supermarket",
        "wheelchair": "yes"
      },
      "geometry": {
        "type": "Point",
        "coordinates": [
          -79.2404418,
          43.7924324
        ]
      },
      "id": "node/3767279731"
    },
    {
      "type": "Feature",
      "properties": {
        "@id": "node/3796212747",
        "check_date": "2026-06-21",
        "fax": "+1-416-351-8689",
        "level": "0",
        "name": "Lucky Moose Food Mart",
        "name:en": "Lucky Moose Food Mart",
        "name:zh-Hans": "金牛城超市",
        "opening_hours": "Mo-Su 09:00-22:00",
        "phone": "+1-416-351-8688",
        "shop": "supermarket",
        "website": "http://www.lmfoodmart.com",
        "wheelchair": "yes"
      },
      "geometry": {
        "type": "Point",
        "coordinates": [
          -79.3943835,
          43.6535606
        ]
      },
      "id": "node/3796212747"
    },
    {
      "type": "Feature",
      "properties": {
        "@id": "node/3894314045",
        "addr:housenumber": "100",
        "addr:street": "The East Mall",
        "addr:unit": "15",
        "check_date": "2025-05-10",
        "name": "Blossom Pure Organic",
        "phone": "+1-905-891-2005",
        "shop": "supermarket",
        "website": "https://blossompure.wordpress.com/"
      },
      "geometry": {
        "type": "Point",
        "coordinates": [
          -79.5509007,
          43.6196015
        ]
      },
      "id": "node/3894314045"
    },
    {
      "type": "Feature",
      "properties": {
        "@id": "node/4004435203",
        "name": "Coconut Grove Foods",
        "note": "Indian Groceries, Spices, Vegetable",
        "phone": "+1-905-238-9100",
        "shop": "supermarket",
        "website": "http://www.coconutgrovefood.com/",
        "wheelchair": "yes"
      },
      "geometry": {
        "type": "Point",
        "coordinates": [
          -79.622526,
          43.6355186
        ]
      },
      "id": "node/4004435203"
    },
    {
      "type": "Feature",
      "properties": {
        "@id": "node/4013809949",
        "addr:city": "Toronto",
        "addr:housenumber": "638",
        "addr:postcode": "M4C 1K9",
        "addr:street": "Danforth Avenue",
        "check_date": "2026-01-10",
        "name": "Strictly Bulk",
        "opening_hours": "10:00-19:00",
        "shop": "supermarket"
      },
      "geometry": {
        "type": "Point",
        "coordinates": [
          -79.3454826,
          43.678977
        ]
      },
      "id": "node/4013809949"
    },
    {
      "type": "Feature",
      "properties": {
        "@id": "node/4015549348",
        "addr:city": "Toronto",
        "addr:housenumber": "591",
        "addr:postcode": "M4X 1P9",
        "addr:street": "Parliament Street",
        "name": "Ambal Trading",
        "phone": "+1-416-928-6665",
        "shop": "supermarket",
        "wheelchair": "yes"
      },
      "geometry": {
        "type": "Point",
        "coordinates": [
          -79.3691508,
          43.667561
        ]
      },
      "id": "node/4015549348"
    },
    {
      "type": "Feature",
      "properties": {
        "@id": "node/4020625321",
        "brand": "Bulk Barn",
        "brand:wikidata": "Q4996466",
        "brand:wikipedia": "en:Bulk Barn",
        "name": "Bulk Barn",
        "shop": "supermarket",
        "wheelchair": "yes"
      },
      "geometry": {
        "type": "Point",
        "coordinates": [
          -79.6171617,
          43.615788
        ]
      },
      "id": "node/4020625321"
    },
    {
      "type": "Feature",
      "properties": {
        "@id": "node/4023857905",
        "addr:city": "Toronto",
        "addr:housenumber": "60",
        "addr:postcode": "M5B 1J2",
        "addr:street": "Carlton Street",
        "brand": "Loblaws",
        "brand:wikidata": "Q3257626",
        "brand:wikipedia": "en:Loblaws",
        "description": "Formerly Maple Leaf Gardens. Loblaws occupying retail space on the lower floors and an arena for Toronto's Ryerson University, known as Mattamy Athletic Centre at the Gardens, occupying the top levels.",
        "level": "0",
        "name": "Loblaws",
        "opening_hours": "Mo-Su 07:00-22:00",
        "shop": "supermarket",
        "toilets:wheelchair": "yes",
        "website": "https://www.loblaws.ca/en/store-locator/details/1007",
        "wheelchair": "yes"
      },
      "geometry": {
        "type": "Point",
        "coordinates": [
          -79.3797482,
          43.6620174
        ]
      },
      "id": "node/4023857905"
    },
    {
      "type": "Feature",
      "properties": {
        "@id": "node/4113103820",
        "check_date": "2025-06-20",
        "name": "Tavazo Dried Nuts & Fruits",
        "shop": "grocery"
      },
      "geometry": {
        "type": "Point",
        "coordinates": [
          -79.4217827,
          43.8066146
        ]
      },
      "id": "node/4113103820"
    },
    {
      "type": "Feature",
      "properties": {
        "@id": "node/4228616955",
        "name": "Yummy Market",
        "shop": "supermarket",
        "website": "https://yummymarket.com/"
      },
      "geometry": {
        "type": "Point",
        "coordinates": [
          -79.4678185,
          43.7645439
        ]
      },
      "id": "node/4228616955"
    },
    {
      "type": "Feature",
      "properties": {
        "@id": "node/4236615849",
        "brand": "No Frills",
        "brand:wikidata": "Q3342407",
        "brand:wikipedia": "en:No Frills (grocery store)",
        "check_date": "2025-05-04",
        "name": "No Frills",
        "shop": "supermarket"
      },
      "geometry": {
        "type": "Point",
        "coordinates": [
          -79.6124974,
          43.7737154
        ]
      },
      "id": "node/4236615849"
    },
    {
      "type": "Feature",
      "properties": {
        "@id": "node/4253506981",
        "addr:city": "Toronto",
        "addr:housenumber": "449",
        "addr:street": "Parliament Street",
        "alt_name": "Cosimo's No Frills",
        "brand": "No Frills",
        "brand:wikidata": "Q3342407",
        "brand:wikipedia": "en:No Frills (grocery store)",
        "name": "No Frills",
        "opening_hours": "Mo-Fr 08:00-09:00, Sa,Su 08:00-08:00",
        "shop": "supermarket"
      },
      "geometry": {
        "type": "Point",
        "coordinates": [
          -79.3673859,
          43.6634152
        ]
      },
      "id": "node/4253506981"
    },
    {
      "type": "Feature",
      "properties": {
        "@id": "node/4253525773",
        "addr:housenumber": "230",
        "addr:street": "Parliament Street",
        "name": "Kabul Farms Supermarket",
        "shop": "supermarket",
        "wheelchair": "no"
      },
      "geometry": {
        "type": "Point",
        "coordinates": [
          -79.3652881,
          43.6572506
        ]
      },
      "id": "node/4253525773"
    },
    {
      "type": "Feature",
      "properties": {
        "@id": "node/4318305056",
        "addr:city": "North York",
        "addr:housenumber": "1448",
        "addr:province": "ON",
        "addr:street": "Lawrence Avenue East",
        "brand": "Bulk Barn",
        "brand:wikidata": "Q4996466",
        "check_date": "2025-06-08",
        "name": "Bulk Barn",
        "shop": "supermarket"
      },
      "geometry": {
        "type": "Point",
        "coordinates": [
          -79.3125036,
          43.7432316
        ]
      },
      "id": "node/4318305056"
    },
    {
      "type": "Feature",
      "properties": {
        "@id": "node/4320427326",
        "brand": "Bulk Barn",
        "brand:wikidata": "Q4996466",
        "brand:wikipedia": "en:Bulk Barn",
        "name": "Bulk Barn",
        "shop": "supermarket"
      },
      "geometry": {
        "type": "Point",
        "coordinates": [
          -79.4524606,
          43.8108293
        ]
      },
      "id": "node/4320427326"
    },
    {
      "type": "Feature",
      "properties": {
        "@id": "node/4378209726",
        "brand": "Bulk Barn",
        "brand:wikidata": "Q4996466",
        "brand:wikipedia": "en:Bulk Barn",
        "check_date": "2026-01-10",
        "level": "0",
        "name": "Bulk Barn",
        "opening_hours": "Mo-Fr 09:30-20:30; Sa 09:30-20:00; Su 10:00-18:00",
        "shop": "supermarket",
        "wheelchair": "yes"
      },
      "geometry": {
        "type": "Point",
        "coordinates": [
          -79.3557694,
          43.6766139
        ]
      },
      "id": "node/4378209726"
    },
    {
      "type": "Feature",
      "properties": {
        "@id": "node/4379889589",
        "addr:city": "Toronto",
        "addr:housenumber": "2192",
        "addr:postcode": "M6R 1X3",
        "addr:street": "Dundas Street West",
        "check_date": "2026-06-15",
        "diet:halal": "yes",
        "name": "Baraka Halal Food",
        "phone": "+1-416-538-3516",
        "shop": "supermarket"
      },
      "geometry": {
        "type": "Point",
        "coordinates": [
          -79.4510183,
          43.6536038
        ]
      },
      "id": "node/4379889589"
    },
    {
      "type": "Feature",
      "properties": {
        "@id": "node/4420814201",
        "name": "Top Food Fresh Mart",
        "shop": "supermarket"
      },
      "geometry": {
        "type": "Point",
        "coordinates": [
          -79.2601508,
          43.7521097
        ]
      },
      "id": "node/4420814201"
    },
    {
      "type": "Feature",
      "properties": {
        "@id": "node/4425187036",
        "addr:city": "Toronto",
        "addr:housenumber": "171",
        "addr:street": "East Liberty Street",
        "addr:unit": "110",
        "brand": "Bulk Barn",
        "brand:wikidata": "Q4996466",
        "brand:wikipedia": "en:Bulk Barn",
        "check_date": "2026-06-06",
        "name": "Bulk Barn",
        "opening_hours": "Mo-Fr 09:30-20:30; Sa 09:30-20:00; Su 10:00-17:00",
        "shop": "supermarket",
        "wheelchair": "yes"
      },
      "geometry": {
        "type": "Point",
        "coordinates": [
          -79.4190063,
          43.6380551
        ]
      },
      "id": "node/4425187036"
    },
    {
      "type": "Feature",
      "properties": {
        "@id": "node/4435701086",
        "addr:city": "Toronto",
        "addr:housenumber": "1429-1433",
        "addr:postcode": "M6K 1M3",
        "addr:street": "Queen Street West",
        "check_date": "2026-06-21",
        "name": "Queen Supermarket Convenience",
        "phone": "+1-416-534-0077",
        "shop": "supermarket",
        "website": "https://www.queensupermarket.net/"
      },
      "geometry": {
        "type": "Point",
        "coordinates": [
          -79.4370233,
          43.640373
        ]
      },
      "id": "node/4435701086"
    },
    {
      "type": "Feature",
      "properties": {
        "@id": "node/4460800873",
        "brand": "Bulk Barn",
        "brand:wikidata": "Q4996466",
        "brand:wikipedia": "en:Bulk Barn",
        "name": "Bulk Barn",
        "shop": "supermarket"
      },
      "geometry": {
        "type": "Point",
        "coordinates": [
          -79.1843991,
          43.7712351
        ]
      },
      "id": "node/4460800873"
    },
    {
      "type": "Feature",
      "properties": {
        "@id": "node/4461076612",
        "addr:city": "Toronto",
        "addr:housenumber": "101",
        "addr:street": "Eglinton Avenue East",
        "addr:unit": "1",
        "branch": "Eglinton Avenue",
        "brand": "Loblaws",
        "brand:wikidata": "Q3257626",
        "brand:wikipedia": "en:Loblaws",
        "check_date": "2026-07-06",
        "name": "Loblaws",
        "opening_hours": "07:00-22:00",
        "payment:cash": "yes",
        "payment:credit_cards": "yes",
        "payment:debit_cards": "yes",
        "phone": "+1-416-489-7653",
        "shop": "supermarket",
        "toilets:wheelchair": "yes",
        "website": "https://www.loblaws.ca/store-locator/details/1020",
        "wheelchair": "yes"
      },
      "geometry": {
        "type": "Point",
        "coordinates": [
          -79.3947061,
          43.7073339
        ]
      },
      "id": "node/4461076612"
    },
    {
      "type": "Feature",
      "properties": {
        "@id": "node/4462701574",
        "brand": "Bulk Barn",
        "brand:wikidata": "Q4996466",
        "check_date": "2026-01-17",
        "name": "Bulk Barn",
        "shop": "supermarket"
      },
      "geometry": {
        "type": "Point",
        "coordinates": [
          -79.2629281,
          43.7764623
        ]
      },
      "id": "node/4462701574"
    },
    {
      "type": "Feature",
      "properties": {
        "@id": "node/4463416712",
        "name": "India Town",
        "shop": "supermarket"
      },
      "geometry": {
        "type": "Point",
        "coordinates": [
          -79.2241678,
          43.7610083
        ]
      },
      "id": "node/4463416712"
    },
    {
      "type": "Feature",
      "properties": {
        "@id": "node/4483873691",
        "addr:housenumber": "7181",
        "addr:street": "Yonge Street",
        "internet_access": "wlan",
        "name": "Seasons Foodmart",
        "name:en": "Seasons Foodmart",
        "shop": "supermarket"
      },
      "geometry": {
        "type": "Point",
        "coordinates": [
          -79.4194239,
          43.8035224
        ]
      },
      "id": "node/4483873691"
    },
    {
      "type": "Feature",
      "properties": {
        "@id": "node/4602942588",
        "addr:city": "Markham",
        "addr:housenumber": "3155",
        "addr:postcode": "L3R 0T9",
        "addr:province": "Ontario",
        "addr:street": "Highway 7 East",
        "addr:unit": "9",
        "check_date:opening_hours": "2024-07-16",
        "name": "Winco Food Mart",
        "opening_hours": "Mo-Su 09:00-21:00",
        "payment:credit_cards": "yes",
        "payment:debit_cards": "yes",
        "phone": "+1 905 305 0887",
        "shop": "supermarket",
        "website": "http://wincofoodmart.com/",
        "wheelchair": "limited"
      },
      "geometry": {
        "type": "Point",
        "coordinates": [
          -79.3512936,
          43.8481945
        ]
      },
      "id": "node/4602942588"
    },
    {
      "type": "Feature",
      "properties": {
        "@id": "node/4625687051",
        "addr:floor": "2",
        "addr:housenumber": "301",
        "addr:postcode": "M5T 1S2;M5T 0C2",
        "addr:street": "College Street",
        "brand": "T&T Supermarket",
        "brand:wikidata": "Q837893",
        "check_date": "2025-05-25",
        "check_date:opening_hours": "2024-03-22",
        "level": "1",
        "name": "大統華 T&T Supermarket",
        "name:en": "T&T Supermarket",
        "name:zh-Hans": "大统华",
        "name:zh-Hant": "大統華",
        "note:addr:postcode": "Receipt lists two different postal codes - M5T 1S2 at the top and M5T 0C2 at payment record",
        "opening_hours": "Mo-Su 09:00-22:00",
        "phone": "+1 416-413-1113",
        "shop": "supermarket"
      },
      "geometry": {
        "type": "Point",
        "coordinates": [
          -79.4015575,
          43.657462
        ]
      },
      "id": "node/4625687051"
    },
    {
      "type": "Feature",
      "properties": {
        "@id": "node/4643369998",
        "check_date": "2026-01-10",
        "name": "Marhaba Super Market",
        "shop": "supermarket"
      },
      "geometry": {
        "type": "Point",
        "coordinates": [
          -79.2906968,
          43.6908474
        ]
      },
      "id": "node/4643369998"
    },
    {
      "type": "Feature",
      "properties": {
        "@id": "node/4869906504",
        "name": "Bombay Foods Cash \"N\" Carry",
        "shop": "supermarket"
      },
      "geometry": {
        "type": "Point",
        "coordinates": [
          -79.253342,
          43.7534673
        ]
      },
      "id": "node/4869906504"
    },
    {
      "type": "Feature",
      "properties": {
        "@id": "node/4951853433",
        "name": "Shorebazaar Supermarket",
        "shop": "supermarket"
      },
      "geometry": {
        "type": "Point",
        "coordinates": [
          -79.2331517,
          43.7404061
        ]
      },
      "id": "node/4951853433"
    },
    {
      "type": "Feature",
      "properties": {
        "@id": "node/4953740624",
        "addr:city": "Toronto",
        "addr:housenumber": "1230",
        "addr:street": "Queen Street West",
        "brand": "Metro",
        "brand:wikidata": "Q1145669",
        "brand:wikipedia": "en:Metro Inc.",
        "check_date": "2026-06-13",
        "level": "1",
        "name": "Metro",
        "opening_hours": "Mo-Su 08:00-22:00",
        "shop": "supermarket"
      },
      "geometry": {
        "type": "Point",
        "coordinates": [
          -79.4276789,
          43.6427402
        ]
      },
      "id": "node/4953740624"
    },
    {
      "type": "Feature",
      "properties": {
        "@id": "node/5061254768",
        "addr:housenumber": "888",
        "addr:postcode": "L4Y 4G6",
        "addr:street": "Dundas Street East",
        "addr:unit": "E5",
        "alt_name": "Oriental Food Centre",
        "check_date": "2026-01-31",
        "name": "Al Premium Foodmart",
        "phone": "+1 905-803-9088",
        "shop": "supermarket"
      },
      "geometry": {
        "type": "Point",
        "coordinates": [
          -79.5950875,
          43.5974765
        ]
      },
      "id": "node/5061254768"
    },
    {
      "type": "Feature",
      "properties": {
        "@id": "node/5090693670",
        "addr:housenumber": "272 1/2",
        "addr:street": "Coxwell Avenue",
        "name": "B.K. Natural Foods",
        "organic": "only",
        "phone": "+1-647-748-3663",
        "shop": "supermarket",
        "website": "https://whitenorthinc.stylezworld.net/"
      },
      "geometry": {
        "type": "Point",
        "coordinates": [
          -79.3195333,
          43.6731455
        ]
      },
      "id": "node/5090693670"
    },
    {
      "type": "Feature",
      "properties": {
        "@id": "node/5120659721",
        "addr:city": "Toronto",
        "addr:housename": "Qi Natural Food",
        "addr:housenumber": "506",
        "addr:place": "Qi Natural Food",
        "addr:postcode": "M5V 2B3",
        "addr:street": "Queen Street West",
        "name": "Natural Foods",
        "phone": "+1-416-539-0459",
        "shop": "supermarket",
        "website": "qinaturalfood.com",
        "wheelchair": "yes"
      },
      "geometry": {
        "type": "Point",
        "coordinates": [
          -79.4013857,
          43.6478463
        ]
      },
      "id": "node/5120659721"
    },
    {
      "type": "Feature",
      "properties": {
        "@id": "node/5127412877",
        "name": "Independent CityMarket",
        "shop": "supermarket"
      },
      "geometry": {
        "type": "Point",
        "coordinates": [
          -79.392845,
          43.6480134
        ]
      },
      "id": "node/5127412877"
    },
    {
      "type": "Feature",
      "properties": {
        "@id": "node/5154126004",
        "addr:housenumber": "1725",
        "addr:postcode": "M5M 3Y5",
        "addr:street": "Avenue Road",
        "email": "avenue@ambrosia.ca",
        "name": "Ambrosia Natural Foods",
        "opening_hours": "Mo-Fr 09:00-21:00; Sa 09:00-18:00; Su 10:00-18:00",
        "phone": "+1 647-748-1725",
        "shop": "supermarket"
      },
      "geometry": {
        "type": "Point",
        "coordinates": [
          -79.4179249,
          43.7287448
        ]
      },
      "id": "node/5154126004"
    },
    {
      "type": "Feature",
      "properties": {
        "@id": "node/5241595921",
        "addr:housenumber": "1335",
        "addr:postcode": "M3A 1C6",
        "addr:street": "Lawrence Avenue East",
        "name": "Mak European Delicatessens",
        "opening_hours": "Mo-Fr 10:00-19:00; Sa 09:00-18:00; Su 10:00-17:00",
        "phone": "+1-416-444-0719",
        "shop": "supermarket",
        "website": "http://cevapi.org"
      },
      "geometry": {
        "type": "Point",
        "coordinates": [
          -79.3207066,
          43.7406777
        ]
      },
      "id": "node/5241595921"
    },
    {
      "type": "Feature",
      "properties": {
        "@id": "node/5262869935",
        "brand": "Bulk Barn",
        "brand:wikidata": "Q4996466",
        "brand:wikipedia": "en:Bulk Barn",
        "name": "Bulk Barn",
        "shop": "supermarket"
      },
      "geometry": {
        "type": "Point",
        "coordinates": [
          -79.2571588,
          43.8549827
        ]
      },
      "id": "node/5262869935"
    },
    {
      "type": "Feature",
      "properties": {
        "@id": "node/5267154723",
        "name": "Spice Town",
        "phone": "+1-905-471-9444",
        "shop": "supermarket"
      },
      "geometry": {
        "type": "Point",
        "coordinates": [
          -79.2533742,
          43.8405775
        ]
      },
      "id": "node/5267154723"
    },
    {
      "type": "Feature",
      "properties": {
        "@id": "node/5359367316",
        "name": "Farmers Market",
        "opening_hours": "Mo-Sa 08:00-18:00",
        "payment:debit_cards": "yes",
        "shop": "supermarket"
      },
      "geometry": {
        "type": "Point",
        "coordinates": [
          -79.5600043,
          43.8467336
        ]
      },
      "id": "node/5359367316"
    },
    {
      "type": "Feature",
      "properties": {
        "@id": "node/5368647056",
        "name": "Santo Fine Meat & Deli",
        "shop": "supermarket"
      },
      "geometry": {
        "type": "Point",
        "coordinates": [
          -79.4980559,
          43.7227468
        ]
      },
      "id": "node/5368647056"
    },
    {
      "type": "Feature",
      "properties": {
        "@id": "node/5368656861",
        "addr:city": "Toronto",
        "addr:housenumber": "1611",
        "addr:postcode": "M3L 1A5",
        "addr:province": "ON",
        "addr:street": "Wilson Avenue",
        "check_date": "2025-06-08",
        "diet:halal": "yes",
        "email": "service@blueskysupermarket.com",
        "name": "Blue Sky Supermarket",
        "opening_hours": "Mo-Su 09:00-20:50",
        "phone": "+1 416-241-8889",
        "shop": "supermarket",
        "website": "https://blueskysupermarket.com"
      },
      "geometry": {
        "type": "Point",
        "coordinates": [
          -79.5115035,
          43.7195884
        ]
      },
      "id": "node/5368656861"
    },
    {
      "type": "Feature",
      "properties": {
        "@id": "node/5368912117",
        "name": "Ava Esfahan Food Market",
        "shop": "supermarket"
      },
      "geometry": {
        "type": "Point",
        "coordinates": [
          -79.3990762,
          43.7639064
        ]
      },
      "id": "node/5368912117"
    },
    {
      "type": "Feature",
      "properties": {
        "@id": "node/5379390971",
        "addr:city": "North York",
        "addr:housenumber": "12",
        "addr:postcode": "M2N 7G4",
        "addr:street": "Harrison Garden Boulevard",
        "brand": "Rabba",
        "brand:wikidata": "Q109659398",
        "name": "Rabba",
        "opening_hours": "24/7",
        "phone": "+1-416-250-0005",
        "shop": "supermarket"
      },
      "geometry": {
        "type": "Point",
        "coordinates": [
          -79.4089167,
          43.7577803
        ]
      },
      "id": "node/5379390971"
    },
    {
      "type": "Feature",
      "properties": {
        "@id": "node/5440678721",
        "addr:city": "Toronto",
        "addr:housenumber": "1227",
        "addr:street": "Dundas Street West",
        "name": "Flora Universal Health Foods",
        "organic": "only",
        "phone": "+1-416-533-8907",
        "shop": "supermarket",
        "wheelchair": "yes",
        "wheelchair:description": "StopGap ramp"
      },
      "geometry": {
        "type": "Point",
        "coordinates": [
          -79.4233859,
          43.6492676
        ]
      },
      "id": "node/5440678721"
    },
    {
      "type": "Feature",
      "properties": {
        "@id": "node/5445582027",
        "addr:city": "Toronto",
        "addr:housenumber": "1033",
        "addr:street": "Gerrard Street East",
        "name": "Philippine Oriental Food Market",
        "phone": "+1-416-466-6938",
        "shop": "supermarket",
        "wheelchair": "yes",
        "wheelchair:description": "StopGap ramp"
      },
      "geometry": {
        "type": "Point",
        "coordinates": [
          -79.3369563,
          43.6688092
        ]
      },
      "id": "node/5445582027"
    },
    {
      "type": "Feature",
      "properties": {
        "@id": "node/5473806721",
        "addr:city": "Toronto",
        "addr:housenumber": "147",
        "addr:postcode": "M6P 3W5",
        "addr:street": "Symington Avenue",
        "name": "Wallace Market",
        "phone": "+1-416-532-6858",
        "shop": "supermarket",
        "wheelchair": "yes",
        "wheelchair:description": "StopGap ramp"
      },
      "geometry": {
        "type": "Point",
        "coordinates": [
          -79.4492733,
          43.6614997
        ]
      },
      "id": "node/5473806721"
    },
    {
      "type": "Feature",
      "properties": {
        "@id": "node/5706274321",
        "addr:city": "Etobicoke",
        "addr:housenumber": "1007",
        "addr:postcode": "M9V 1A6",
        "addr:street": "Albion Road",
        "check_date": "2026-03-24",
        "name": "Blessing African Food Market",
        "phone": "+1-647-745-3859",
        "shop": "supermarket",
        "wheelchair": "no"
      },
      "geometry": {
        "type": "Point",
        "coordinates": [
          -79.5642682,
          43.7364011
        ]
      },
      "id": "node/5706274321"
    },
    {
      "type": "Feature",
      "properties": {
        "@id": "node/5708784925",
        "addr:city": "Etobicoke",
        "addr:housenumber": "977",
        "addr:postcode": "M9V 1A6",
        "addr:street": "Albion Road",
        "check_date": "2026-03-24",
        "name": "Samirmis Supermarket",
        "phone": "+1-416-741-4729",
        "shop": "supermarket",
        "toilets:wheelchair": "no",
        "wheelchair": "no"
      },
      "geometry": {
        "type": "Point",
        "coordinates": [
          -79.5636656,
          43.7360856
        ]
      },
      "id": "node/5708784925"
    },
    {
      "type": "Feature",
      "properties": {
        "@id": "node/5709566322",
        "addr:city": "Etobicoke",
        "addr:housenumber": "1176",
        "addr:postcode": "M9V 1A8",
        "addr:street": "Albion Road",
        "check_date": "2026-06-16",
        "name": "Caribbean Groceries Meat and Fish",
        "phone": "+1-416-748-9822",
        "shop": "supermarket",
        "toilets:wheelchair": "no",
        "wheelchair": "no"
      },
      "geometry": {
        "type": "Point",
        "coordinates": [
          -79.5682343,
          43.7380972
        ]
      },
      "id": "node/5709566322"
    },
    {
      "type": "Feature",
      "properties": {
        "@id": "node/5825318248",
        "check_date": "2026-04-30",
        "name": "Loblaws CityMarket",
        "shop": "supermarket"
      },
      "geometry": {
        "type": "Point",
        "coordinates": [
          -79.402611,
          43.7252902
        ]
      },
      "id": "node/5825318248"
    },
    {
      "type": "Feature",
      "properties": {
        "@id": "node/5954609385",
        "addr:housenumber": "588",
        "addr:street": "Yonge Street",
        "check_date": "2025-12-13",
        "name": "Galleria Supermarket Express",
        "phone": "+1-647- 925-4200",
        "shop": "supermarket"
      },
      "geometry": {
        "type": "Point",
        "coordinates": [
          -79.3845907,
          43.6645896
        ]
      },
      "id": "node/5954609385"
    },
    {
      "type": "Feature",
      "properties": {
        "@id": "node/5986863973",
        "addr:city": "North York",
        "addr:housenumber": "15",
        "addr:postcode": "M2N 7K4",
        "addr:street": "Finch Avenue West",
        "addr:unit": "B",
        "check_date": "2025-12-11",
        "name": "Joy Mart",
        "opening_hours": "Mo-Su 08:00-02:00",
        "shop": "supermarket"
      },
      "geometry": {
        "type": "Point",
        "coordinates": [
          -79.4170341,
          43.7792385
        ]
      },
      "id": "node/5986863973"
    },
    {
      "type": "Feature",
      "properties": {
        "@id": "node/6096959395",
        "addr:city": "Toronto",
        "addr:housenumber": "42",
        "addr:province": "Ontario",
        "addr:street": "Hanna Avenue",
        "brand": "No Frills",
        "brand:wikidata": "Q3342407",
        "name": "No Frills",
        "shop": "supermarket"
      },
      "geometry": {
        "type": "Point",
        "coordinates": [
          -79.4200024,
          43.6392664
        ]
      },
      "id": "node/6096959395"
    },
    {
      "type": "Feature",
      "properties": {
        "@id": "node/6205041786",
        "addr:city": "Toronto",
        "addr:housenumber": "253",
        "addr:street": "Spadina Avenue",
        "check_date": "2026-03-16",
        "level": "0",
        "name": "Kai Wei Supermarket",
        "name:en": "Kai Wei Supermarket",
        "name:zh": "華隆超級市場",
        "note": "Sign on building has address as 253-259 Spadina. DineSafe has 253 Spadina. The Chinese name on the sign transcribes to \"Hua Long\" but the sign has \"Kai Wei\" as English name.",
        "phone": "+1-416-977-8597",
        "shop": "supermarket"
      },
      "geometry": {
        "type": "Point",
        "coordinates": [
          -79.3973987,
          43.6521389
        ]
      },
      "id": "node/6205041786"
    },
    {
      "type": "Feature",
      "properties": {
        "@id": "node/6240360530",
        "addr:city": "Toronto",
        "addr:housenumber": "111",
        "addr:street": "Ossington Avenue",
        "name": "Fresh City Farms",
        "organic": "yes",
        "shop": "supermarket"
      },
      "geometry": {
        "type": "Point",
        "coordinates": [
          -79.4194975,
          43.6464772
        ]
      },
      "id": "node/6240360530"
    },
    {
      "type": "Feature",
      "properties": {
        "@id": "node/6310065821",
        "addr:city": "Toronto",
        "addr:housenumber": "5559",
        "addr:province": "ON",
        "addr:street": "Dundas Street West",
        "brand": "Food Basics",
        "brand:wikidata": "Q5465300",
        "brand:wikipedia": "en:Food Basics",
        "check_date": "2025-04-18",
        "hst_number": "R105216170",
        "name": "Food Basics",
        "note": "mixed use building, retail, office and warehouse",
        "opening_hours": "Mo-Fr 08:00-21:00; Sa,Su 08:00-20:00",
        "payment:cash": "yes",
        "payment:credit_cards": "yes",
        "payment:debit_cards": "yes",
        "phone": "+1-416-231-5475",
        "shop": "supermarket",
        "store_ref": "928"
      },
      "geometry": {
        "type": "Point",
        "coordinates": [
          -79.5505171,
          43.6294312
        ]
      },
      "id": "node/6310065821"
    },
    {
      "type": "Feature",
      "properties": {
        "@id": "node/6324061450",
        "check_date": "2026-06-12",
        "name": "Starfish Caribbean Market",
        "shop": "supermarket"
      },
      "geometry": {
        "type": "Point",
        "coordinates": [
          -79.5651728,
          43.6832916
        ]
      },
      "id": "node/6324061450"
    },
    {
      "type": "Feature",
      "properties": {
        "@id": "node/6325960670",
        "addr:city": "Toronto",
        "addr:housenumber": "135",
        "addr:postcode": "M6R 2L2",
        "addr:street": "Roncesvalles Avenue",
        "alt_name": "Bennas",
        "check_date": "2026-03-21",
        "name": "Benna's Bakery & Deli",
        "opening_hours": "Mo-Sa 09:00-18:00; Su off",
        "origin": "polish",
        "payment:debit_cards": "yes",
        "shop": "supermarket",
        "wheelchair": "limited",
        "wheelchair:description": "Level entrance and floor inside, but no automatic door and narrow aisles"
      },
      "geometry": {
        "type": "Point",
        "coordinates": [
          -79.4476667,
          43.6432145
        ]
      },
      "id": "node/6325960670"
    },
    {
      "type": "Feature",
      "properties": {
        "@id": "node/6332343076",
        "addr:housenumber": "500",
        "addr:street": "Rexdale Boulevard",
        "brand": "Bulk Barn",
        "brand:wikidata": "Q4996466",
        "brand:wikipedia": "en:Bulk Barn",
        "level": "1",
        "name": "Bulk Barn",
        "shop": "supermarket"
      },
      "geometry": {
        "type": "Point",
        "coordinates": [
          -79.600824,
          43.7203441
        ]
      },
      "id": "node/6332343076"
    },
    {
      "type": "Feature",
      "properties": {
        "@id": "node/6334392494",
        "addr:city": "Etobicoke",
        "addr:housenumber": "2700",
        "addr:postcode": "M9V 4P2",
        "addr:province": "Ontario",
        "addr:street": "Kipling Avenue",
        "addr:unit": "1",
        "description": "Indian grocery store",
        "name": "FreshChoice Indian Supermarket",
        "opening_hours": "Mo-Su 09:00-21:00",
        "payment:cash": "yes",
        "payment:coins": "yes",
        "payment:contactless": "yes",
        "payment:credit_cards": "yes",
        "payment:debit_cards": "yes",
        "payment:mastercard": "yes",
        "payment:visa": "yes",
        "phone": "+1-416-742-6210",
        "shop": "supermarket",
        "start_date": "2021-01-11",
        "website": "https://www.fcsupermarket.com/"
      },
      "geometry": {
        "type": "Point",
        "coordinates": [
          -79.5894495,
          43.7564221
        ]
      },
      "id": "node/6334392494"
    },
    {
      "type": "Feature",
      "properties": {
        "@id": "node/6334466318",
        "addr:housenumber": "6600",
        "addr:street": "Finch Avenue West",
        "addr:unit": "10",
        "check_date": "2026-06-16",
        "name": "Babel Fine Foods",
        "phone": "+1-416-741-2021",
        "shop": "supermarket",
        "website": "https://babelfinefoods.com/"
      },
      "geometry": {
        "type": "Point",
        "coordinates": [
          -79.6016992,
          43.7351705
        ]
      },
      "id": "node/6334466318"
    },
    {
      "type": "Feature",
      "properties": {
        "@id": "node/6342130677",
        "name": "Jola African Food Market",
        "shop": "supermarket"
      },
      "geometry": {
        "type": "Point",
        "coordinates": [
          -79.4995396,
          43.6904087
        ]
      },
      "id": "node/6342130677"
    },
    {
      "type": "Feature",
      "properties": {
        "@id": "node/6347654890",
        "brand": "Food Basics",
        "brand:wikidata": "Q5465300",
        "brand:wikipedia": "en:Food Basics",
        "check_date": "2026-05-08",
        "name": "Food Basics",
        "shop": "supermarket"
      },
      "geometry": {
        "type": "Point",
        "coordinates": [
          -79.4468996,
          43.6667909
        ]
      },
      "id": "node/6347654890"
    },
    {
      "type": "Feature",
      "properties": {
        "@id": "node/6349884749",
        "check_date": "2026-06-08",
        "description": "African groceries and beauty supplies",
        "name": "Afro Shoprite",
        "phone": "+1-416-741-2604",
        "shop": "supermarket"
      },
      "geometry": {
        "type": "Point",
        "coordinates": [
          -79.5489527,
          43.7511121
        ]
      },
      "id": "node/6349884749"
    },
    {
      "type": "Feature",
      "properties": {
        "@id": "node/6349884755",
        "check_date": "2026-06-08",
        "name": "African Market",
        "shop": "supermarket"
      },
      "geometry": {
        "type": "Point",
        "coordinates": [
          -79.5484009,
          43.7512645
        ]
      },
      "id": "node/6349884755"
    },
    {
      "type": "Feature",
      "properties": {
        "@id": "node/6359437300",
        "addr:housenumber": "415",
        "addr:street": "Jane Street",
        "check_date": "2026-03-08",
        "name": "Terra Brazil",
        "shop": "supermarket"
      },
      "geometry": {
        "type": "Point",
        "coordinates": [
          -79.4882035,
          43.6588171
        ]
      },
      "id": "node/6359437300"
    },
    {
      "type": "Feature",
      "properties": {
        "@id": "node/6363116933",
        "addr:housenumber": "335",
        "addr:street": "Jane Street",
        "check_date": "2026-03-08",
        "name": "Salt N Mustard",
        "opening_hours": "Mo-Tu,Su off; We-Fr 12:00-18:00; Sa 10:00-18:00",
        "shop": "supermarket",
        "website": "https://saltnmustard.com/"
      },
      "geometry": {
        "type": "Point",
        "coordinates": [
          -79.4875258,
          43.6571892
        ]
      },
      "id": "node/6363116933"
    },
    {
      "type": "Feature",
      "properties": {
        "@id": "node/6369148099",
        "brand": "FreshCo",
        "brand:wikidata": "Q5502915",
        "brand:wikipedia": "en:FreshCo",
        "level": "1",
        "name": "FreshCo",
        "opening_hours": "Mo-Su 07:00-24:00",
        "shop": "supermarket"
      },
      "geometry": {
        "type": "Point",
        "coordinates": [
          -79.407364,
          43.6546542
        ]
      },
      "id": "node/6369148099"
    },
    {
      "type": "Feature",
      "properties": {
        "@id": "node/6371122436",
        "brand": "FreshCo",
        "brand:wikidata": "Q5502915",
        "brand:wikipedia": "en:FreshCo",
        "name": "FreshCo",
        "shop": "supermarket",
        "wheelchair": "yes"
      },
      "geometry": {
        "type": "Point",
        "coordinates": [
          -79.375322,
          43.6692698
        ]
      },
      "id": "node/6371122436"
    },
    {
      "type": "Feature",
      "properties": {
        "@id": "node/6371265844",
        "name": "Pacific Fresh Food Mart",
        "shop": "supermarket"
      },
      "geometry": {
        "type": "Point",
        "coordinates": [
          -79.5218462,
          43.7692767
        ]
      },
      "id": "node/6371265844"
    },
    {
      "type": "Feature",
      "properties": {
        "@id": "node/6373324122",
        "addr:city": "Toronto",
        "addr:housenumber": "1415",
        "addr:street": "Bloor Street West",
        "check_date": "2026-06-06",
        "name": "Kibo Market",
        "phone": "+1-416-536-0469",
        "shop": "supermarket"
      },
      "geometry": {
        "type": "Point",
        "coordinates": [
          -79.4476761,
          43.6572025
        ]
      },
      "id": "node/6373324122"
    },
    {
      "type": "Feature",
      "properties": {
        "@id": "node/6382259855",
        "level": "0",
        "name": "Domino's Fine Foods",
        "shop": "supermarket"
      },
      "geometry": {
        "type": "Point",
        "coordinates": [
          -79.3718909,
          43.6489999
        ]
      },
      "id": "node/6382259855"
    },
    {
      "type": "Feature",
      "properties": {
        "@id": "node/6399214625",
        "addr:housenumber": "125",
        "addr:postcode": "M4E 0B8",
        "addr:street": "Southwood Drive",
        "name": "The Big Carrot",
        "shop": "supermarket"
      },
      "geometry": {
        "type": "Point",
        "coordinates": [
          -79.2976521,
          43.6788016
        ]
      },
      "id": "node/6399214625"
    },
    {
      "type": "Feature",
      "properties": {
        "@id": "node/6475614458",
        "name": "Al-Basir Halal Meat & Grocery",
        "shop": "supermarket"
      },
      "geometry": {
        "type": "Point",
        "coordinates": [
          -79.6129364,
          43.5840553
        ]
      },
      "id": "node/6475614458"
    },
    {
      "type": "Feature",
      "properties": {
        "@id": "node/6483209308",
        "addr:city": "Toronto",
        "addr:housenumber": "293-299",
        "addr:postcode": "M5T 2E6",
        "addr:street": "Spadina Avenue",
        "check_date": "2026-03-29",
        "level": "0",
        "name": "Hua Sheng Supermarket",
        "name:en": "Hua Sheng Supermarket",
        "name:zh": "華盛超級市場",
        "note": "Both receipt and sign on building have address as 293-299 Spadina. DineSafe has 293 Spadina.",
        "phone": "+1-416-263-9883",
        "shop": "supermarket"
      },
      "geometry": {
        "type": "Point",
        "coordinates": [
          -79.3979955,
          43.6535654
        ]
      },
      "id": "node/6483209308"
    },
    {
      "type": "Feature",
      "properties": {
        "@id": "node/6512005429",
        "addr:city": "Toronto",
        "addr:housenumber": "3300",
        "addr:postcode": "M8X 2X9",
        "addr:province": "ON",
        "addr:street": "Bloor Street West",
        "branch": "Bloor & Islington Sobeys",
        "brand": "Sobeys",
        "brand:wikidata": "Q1143340",
        "brand:wikipedia": "en:Sobeys",
        "check_date": "2026-05-13",
        "hst_number": "895588788 RT0004",
        "name": "Sobeys Urban Fresh",
        "opening_hours": "Mo-Fr 07:00-22:00; Sa-Su 08:00-22:00",
        "payment:mastercard": "yes",
        "phone": "+1 416-233-3058",
        "shop": "supermarket",
        "store_ref": "4743",
        "website": "https://www.sobeys.com/stores/sobeys-bloor-and-islington/"
      },
      "geometry": {
        "type": "Point",
        "coordinates": [
          -79.5231736,
          43.645222
        ]
      },
      "id": "node/6512005429"
    },
    {
      "type": "Feature",
      "properties": {
        "@id": "node/6538318458",
        "addr:housenumber": "700",
        "addr:street": "Lawrence Avenue West",
        "level": "1",
        "name": "Bulk Villa",
        "shop": "supermarket"
      },
      "geometry": {
        "type": "Point",
        "coordinates": [
          -79.4472351,
          43.716871
        ]
      },
      "id": "node/6538318458"
    },
    {
      "type": "Feature",
      "properties": {
        "@id": "node/6538687892",
        "check_date": "2026-06-08",
        "name": "Btrust Supermarket",
        "shop": "supermarket"
      },
      "geometry": {
        "type": "Point",
        "coordinates": [
          -79.4830184,
          43.7258148
        ]
      },
      "id": "node/6538687892"
    },
    {
      "type": "Feature",
      "properties": {
        "@id": "node/6542536245",
        "addr:housenumber": "1",
        "addr:street": "Promenade Circle",
        "level": "0",
        "name": "Nortown Foods",
        "shop": "supermarket"
      },
      "geometry": {
        "type": "Point",
        "coordinates": [
          -79.4527561,
          43.8055324
        ]
      },
      "id": "node/6542536245"
    },
    {
      "type": "Feature",
      "properties": {
        "@id": "node/6545539574",
        "check_date": "2026-06-08",
        "name": "Correct African Food Market",
        "shop": "supermarket"
      },
      "geometry": {
        "type": "Point",
        "coordinates": [
          -79.4684317,
          43.7304962
        ]
      },
      "id": "node/6545539574"
    },
    {
      "type": "Feature",
      "properties": {
        "@id": "node/6548307606",
        "name": "Marche Istanbul",
        "shop": "supermarket"
      },
      "geometry": {
        "type": "Point",
        "coordinates": [
          -79.457862,
          43.7191271
        ]
      },
      "id": "node/6548307606"
    },
    {
      "type": "Feature",
      "properties": {
        "@id": "node/6548329622",
        "check_date": "2026-06-08",
        "name": "Matthieu’s Food Shoppe",
        "shop": "supermarket"
      },
      "geometry": {
        "type": "Point",
        "coordinates": [
          -79.4553896,
          43.7186263
        ]
      },
      "id": "node/6548329622"
    },
    {
      "type": "Feature",
      "properties": {
        "@id": "node/6549810560",
        "check_date": "2026-04-08",
        "name": "Sublime Market & Produce",
        "shop": "supermarket"
      },
      "geometry": {
        "type": "Point",
        "coordinates": [
          -79.4445657,
          43.6970739
        ]
      },
      "id": "node/6549810560"
    },
    {
      "type": "Feature",
      "properties": {
        "@id": "node/6554593065",
        "check_date": "2026-06-16",
        "name": "Asian Food Centre",
        "shop": "supermarket"
      },
      "geometry": {
        "type": "Point",
        "coordinates": [
          -79.6049514,
          43.741536
        ]
      },
      "id": "node/6554593065"
    },
    {
      "type": "Feature",
      "properties": {
        "@id": "node/6554677046",
        "check_date": "2026-06-16",
        "name": "Sommer Market",
        "shop": "supermarket"
      },
      "geometry": {
        "type": "Point",
        "coordinates": [
          -79.6053819,
          43.7434176
        ]
      },
      "id": "node/6554677046"
    },
    {
      "type": "Feature",
      "properties": {
        "@id": "node/6559074173",
        "name": "Cataldi Fresh Market",
        "shop": "supermarket"
      },
      "geometry": {
        "type": "Point",
        "coordinates": [
          -79.5931766,
          43.7857132
        ]
      },
      "id": "node/6559074173"
    },
    {
      "type": "Feature",
      "properties": {
        "@id": "node/6562153132",
        "addr:housenumber": "57",
        "addr:postcode": "L4L 8X9",
        "addr:street": "Northview Boulevard",
        "email": "vaughan@ambrosia.ca",
        "name": "Ambrosia Natural Foods",
        "opening_hours": "Mo-Fr 09:00-21:00; Sa 09:00-18:00; Su 10:00-18:00",
        "phone": "+1 905-264-2510",
        "shop": "supermarket"
      },
      "geometry": {
        "type": "Point",
        "coordinates": [
          -79.5442101,
          43.7910826
        ]
      },
      "id": "node/6562153132"
    },
    {
      "type": "Feature",
      "properties": {
        "@id": "node/6621310461",
        "addr:city": "Maple",
        "addr:housenumber": "9940",
        "addr:postcode": "L6A 4K5",
        "addr:province": "Ontario",
        "addr:street": "Dufferin Street",
        "name": "Highland Farms",
        "shop": "supermarket"
      },
      "geometry": {
        "type": "Point",
        "coordinates": [
          -79.4885682,
          43.8589231
        ]
      },
      "id": "node/6621310461"
    },
    {
      "type": "Feature",
      "properties": {
        "@id": "node/6680665671",
        "brand": "Longo's",
        "brand:wikidata": "Q6674182",
        "brand:wikipedia": "en:Longo's",
        "level": "1",
        "name": "Longo's",
        "shop": "supermarket"
      },
      "geometry": {
        "type": "Point",
        "coordinates": [
          -79.4106361,
          43.762572
        ]
      },
      "id": "node/6680665671"
    },
    {
      "type": "Feature",
      "properties": {
        "@id": "node/6685669994",
        "addr:housenumber": "639-643",
        "addr:street": "Gerrard Street East",
        "name": "Yao Hua Supermarket",
        "phone": "+1-416-778-1920",
        "shop": "supermarket",
        "website": "https://fuyaosupermarket.ca/"
      },
      "geometry": {
        "type": "Point",
        "coordinates": [
          -79.3504475,
          43.665795
        ]
      },
      "id": "node/6685669994"
    },
    {
      "type": "Feature",
      "properties": {
        "@id": "node/6685670208",
        "name": "Rowe Farms",
        "shop": "supermarket"
      },
      "geometry": {
        "type": "Point",
        "coordinates": [
          -79.3421379,
          43.6604732
        ]
      },
      "id": "node/6685670208"
    },
    {
      "type": "Feature",
      "properties": {
        "@id": "node/6709004403",
        "brand": "The Grocery Outlet",
        "brand:wikidata": "Q16062155",
        "brand:wikipedia": "en:The Grocery Outlet",
        "name": "The Grocery Outlet",
        "shop": "supermarket"
      },
      "geometry": {
        "type": "Point",
        "coordinates": [
          -79.4685692,
          43.7540623
        ]
      },
      "id": "node/6709004403"
    },
    {
      "type": "Feature",
      "properties": {
        "@id": "node/6766650052",
        "addr:housenumber": "1",
        "addr:postcode": "M5J 0B6",
        "addr:street": "York Street",
        "brand:wikidata": "Q55138358",
        "brand:wikipedia": "Coppa's Fresh Market",
        "level": "2",
        "name": "Coppa's Fresh Market",
        "opening_hours": "Mo-Su 07:00-22:00",
        "phone": "+1-416-777-0496",
        "shop": "supermarket",
        "website": "https://coppas.com",
        "wheelchair": "yes"
      },
      "geometry": {
        "type": "Point",
        "coordinates": [
          -79.3796955,
          43.6419635
        ]
      },
      "id": "node/6766650052"
    },
    {
      "type": "Feature",
      "properties": {
        "@id": "node/6808438735",
        "addr:housenumber": "1326",
        "addr:street": "Dundas Street West",
        "butcher": "yes",
        "check_date": "2026-07-05",
        "name": "Our Butcher Shop",
        "name:en": "Our Butcher Shop",
        "name:pt": "O Nosso Talho",
        "opening_hours": "Mo 09:00-18:00; Tu-Sa 09:00-19:00; Su 09:00-16:00",
        "shop": "supermarket",
        "source:addr": "DineSafe certificate in store"
      },
      "geometry": {
        "type": "Point",
        "coordinates": [
          -79.426483,
          43.6496049
        ]
      },
      "id": "node/6808438735"
    },
    {
      "type": "Feature",
      "properties": {
        "@id": "node/6874103129",
        "name": "Orchards Marketplace",
        "opening_hours": "Mo-Fr 8:00-20:00; Sa 9:00-18:00; Su 10:00-17:00",
        "shop": "supermarket"
      },
      "geometry": {
        "type": "Point",
        "coordinates": [
          -79.3873332,
          43.6709811
        ]
      },
      "id": "node/6874103129"
    },
    {
      "type": "Feature",
      "properties": {
        "@id": "node/6917300939",
        "name": "Rowe Beach Market",
        "shop": "supermarket"
      },
      "geometry": {
        "type": "Point",
        "coordinates": [
          -79.2946044,
          43.6713124
        ]
      },
      "id": "node/6917300939"
    },
    {
      "type": "Feature",
      "properties": {
        "@id": "node/6994152432",
        "addr:housenumber": "1100",
        "addr:street": "King Street West",
        "brand": "Longo's",
        "brand:wikidata": "Q6674182",
        "brand:wikipedia": "en:Longo's",
        "check_date": "2026-06-25",
        "hst_number": "R103382529",
        "level": "0",
        "name": "Longo's",
        "opening_hours": "07:30-22:00",
        "phone": "+1-416-538-1300",
        "shop": "supermarket",
        "website": "https://www.longos.com/store/liberty-village"
      },
      "geometry": {
        "type": "Point",
        "coordinates": [
          -79.4233369,
          43.6399598
        ]
      },
      "id": "node/6994152432"
    },
    {
      "type": "Feature",
      "properties": {
        "@id": "node/7084246550",
        "addr:city": "Toronto",
        "addr:housenumber": "55",
        "addr:postcode": "M4W 1A6",
        "addr:province": "Ontario",
        "addr:street": "Bloor Street West",
        "air_conditioning": "yes",
        "amenity": "restaurant",
        "bar": "yes",
        "brewery": "yes;various",
        "cuisine": "italian",
        "image": "https://commons.wikimedia.org/wiki/File:IMG_eataly.jpg",
        "indoor_seating": "yes",
        "level": "1",
        "microbrewery": "yes",
        "name": "Eataly Toronto",
        "opening_hours": "Mo-Th 07:00-22:00, Fr 07:00-23:00, Sa 08:00-23:00, Su 08:00-22:00",
        "outdoor_seating": "no",
        "phone": "+1 437 374 0250",
        "reservation": "recommended",
        "shop": "grocery",
        "smoking": "no",
        "website": "https://www.eataly.ca",
        "wikidata": "Q7131510",
        "wikipedia": "en:AP Restaurant"
      },
      "geometry": {
        "type": "Point",
        "coordinates": [
          -79.3887524,
          43.6696714
        ]
      },
      "id": "node/7084246550"
    },
    {
      "type": "Feature",
      "properties": {
        "@id": "node/7099942514",
        "check_date": "2025-05-25",
        "name": "Nature's Emporium",
        "opening_hours": "Mo-Fr 09:00-20:00; Sa,Su 09:00-19:00",
        "shop": "supermarket"
      },
      "geometry": {
        "type": "Point",
        "coordinates": [
          -79.5215787,
          43.8520341
        ]
      },
      "id": "node/7099942514"
    },
    {
      "type": "Feature",
      "properties": {
        "@id": "node/7178328454",
        "addr:city": "Toronto",
        "addr:housenumber": "108",
        "addr:street": "Vine Avenue",
        "email": "info@thesweetpotato.ca",
        "fax": "+1-416-762-4849",
        "name": "The Sweet Potato",
        "opening_hours": "Mo-Sa 09:00-21:00, Su 10:00-20:00",
        "payment:cash": "yes",
        "payment:credit_cards": "yes",
        "payment:debit_cards": "yes",
        "phone": "+1-416-762-4848",
        "shop": "supermarket",
        "source": "local knowledge;https://thesweetpotato.ca/contact-us/",
        "website": "https://thesweetpotato.ca"
      },
      "geometry": {
        "type": "Point",
        "coordinates": [
          -79.4685209,
          43.6667283
        ]
      },
      "id": "node/7178328454"
    },
    {
      "type": "Feature",
      "properties": {
        "@id": "node/7195257538",
        "brand": "Bulk Barn",
        "brand:wikidata": "Q4996466",
        "brand:wikipedia": "en:Bulk Barn",
        "check_date": "2026-05-10",
        "name": "Bulk Barn",
        "opening_hours": "Mo-Fr 09:30-21:00; Sa 09:30-19:00; Su 10:00-17:00",
        "phone": "+1 289 304 7667",
        "shop": "supermarket"
      },
      "geometry": {
        "type": "Point",
        "coordinates": [
          -79.5351617,
          43.8517937
        ]
      },
      "id": "node/7195257538"
    },
    {
      "type": "Feature",
      "properties": {
        "@id": "node/7195302656",
        "name": "B&T Food Centre",
        "shop": "supermarket"
      },
      "geometry": {
        "type": "Point",
        "coordinates": [
          -79.5419689,
          43.8274605
        ]
      },
      "id": "node/7195302656"
    },
    {
      "type": "Feature",
      "properties": {
        "@id": "node/7195380403",
        "brand": "Longo's",
        "brand:wikidata": "Q6674182",
        "name": "Longo's",
        "shop": "supermarket",
        "source": "yahoo"
      },
      "geometry": {
        "type": "Point",
        "coordinates": [
          -79.5584928,
          43.8270082
        ]
      },
      "id": "node/7195380403"
    },
    {
      "type": "Feature",
      "properties": {
        "@id": "node/7553017339",
        "name": "Kosher City Plus",
        "shop": "supermarket"
      },
      "geometry": {
        "type": "Point",
        "coordinates": [
          -79.4321435,
          43.7284568
        ]
      },
      "id": "node/7553017339"
    },
    {
      "type": "Feature",
      "properties": {
        "@id": "node/7553017345",
        "name": "Savours Fresh Market - Hartmans Signature",
        "shop": "supermarket"
      },
      "geometry": {
        "type": "Point",
        "coordinates": [
          -79.4323771,
          43.7289977
        ]
      },
      "id": "node/7553017345"
    },
    {
      "type": "Feature",
      "properties": {
        "@id": "node/7553522081",
        "name": "Superking Supermarket",
        "shop": "supermarket"
      },
      "geometry": {
        "type": "Point",
        "coordinates": [
          -79.4922878,
          43.7043536
        ]
      },
      "id": "node/7553522081"
    },
    {
      "type": "Feature",
      "properties": {
        "@id": "node/7553790776",
        "name": "International Delicatessen Foods",
        "shop": "supermarket"
      },
      "geometry": {
        "type": "Point",
        "coordinates": [
          -79.4901462,
          43.7815083
        ]
      },
      "id": "node/7553790776"
    },
    {
      "type": "Feature",
      "properties": {
        "@id": "node/7557332742",
        "addr:housenumber": "892",
        "addr:street": "Eglinton Avenue West",
        "check_date": "2026-04-08",
        "name": "Nortown Foods",
        "opening_hours": "Mo-Fr 08:00-19:00; Sa closed; Su 08:00-18:00",
        "phone": "+1 416-789-2921",
        "shop": "supermarket",
        "website": "https://www.nortownfoods.com/"
      },
      "geometry": {
        "type": "Point",
        "coordinates": [
          -79.4271017,
          43.7008184
        ]
      },
      "id": "node/7557332742"
    },
    {
      "type": "Feature",
      "properties": {
        "@id": "node/7571813650",
        "addr:unit": "C113",
        "brand": "Bulk Barn",
        "brand:wikidata": "Q4996466",
        "brand:wikipedia": "en:Bulk Barn",
        "check_date": "2026-04-09",
        "level": "0",
        "name": "Bulk Barn",
        "opening_hours": "Mo-Fr 09:30-20:30; Sa 09:30-21:00; Su 09:00-18:00",
        "shop": "supermarket"
      },
      "geometry": {
        "type": "Point",
        "coordinates": [
          -79.4689731,
          43.6732978
        ]
      },
      "id": "node/7571813650"
    },
    {
      "type": "Feature",
      "properties": {
        "@id": "node/7734505030",
        "name": "Spiceland Super Market",
        "shop": "supermarket"
      },
      "geometry": {
        "type": "Point",
        "coordinates": [
          -79.2315488,
          43.7957595
        ]
      },
      "id": "node/7734505030"
    },
    {
      "type": "Feature",
      "properties": {
        "@id": "node/7745266374",
        "name": "Eraa Supermarket",
        "shop": "supermarket"
      },
      "geometry": {
        "type": "Point",
        "coordinates": [
          -79.2527434,
          43.7352192
        ]
      },
      "id": "node/7745266374"
    },
    {
      "type": "Feature",
      "properties": {
        "@id": "node/7759217325",
        "name": "Lone Tai Supermarket",
        "shop": "supermarket"
      },
      "geometry": {
        "type": "Point",
        "coordinates": [
          -79.2775351,
          43.7501438
        ]
      },
      "id": "node/7759217325"
    },
    {
      "type": "Feature",
      "properties": {
        "@id": "node/7781394310",
        "name": "Fleets Food",
        "shop": "supermarket"
      },
      "geometry": {
        "type": "Point",
        "coordinates": [
          -79.3786869,
          43.6608768
        ]
      },
      "id": "node/7781394310"
    },
    {
      "type": "Feature",
      "properties": {
        "@id": "node/7859245720",
        "description:en": "Butcher Shop – Bakery – Beef – Latin Products",
        "description:es": "Carnicería – Panadería – Beef – Productos Latinos",
        "name": "El Gaucho",
        "shop": "supermarket"
      },
      "geometry": {
        "type": "Point",
        "coordinates": [
          -79.5118741,
          43.7189345
        ]
      },
      "id": "node/7859245720"
    },
    {
      "type": "Feature",
      "properties": {
        "@id": "node/7899974042",
        "addr:city": "Toronto",
        "addr:postcode": "M5V 2V9",
        "addr:province": "Ontario",
        "addr:street": "Bathurst Street",
        "brand": "Loblaws",
        "brand:wikidata": "Q3257626",
        "brand:wikipedia": "en:Loblaws",
        "name": "Loblaws",
        "opening_hours": "Mo-Su 07:00-22:00",
        "payment:bills": "yes",
        "payment:cash": "yes",
        "payment:coins": "yes",
        "payment:credit_cards": "yes",
        "payment:debit_cards": "yes",
        "payment:interac": "yes",
        "payment:mastercard": "yes",
        "payment:notes": "yes",
        "payment:visa": "yes",
        "shop": "supermarket",
        "wheelchair": "yes"
      },
      "geometry": {
        "type": "Point",
        "coordinates": [
          -79.3991607,
          43.637136
        ]
      },
      "id": "node/7899974042"
    },
    {
      "type": "Feature",
      "properties": {
        "@id": "node/8023696432",
        "addr:city": "Vaughan",
        "addr:housenumber": "5100",
        "addr:postcode": "L4H 2J2",
        "addr:province": "ontario",
        "addr:street": "Rutherford Road",
        "name": "George's Convinience",
        "payment:american_express": "yes",
        "payment:cash": "yes",
        "payment:credit_cards": "yes",
        "payment:debit_cards": "yes",
        "payment:mastercard": "yes",
        "shop": "supermarket"
      },
      "geometry": {
        "type": "Point",
        "coordinates": [
          -79.6021946,
          43.8171274
        ]
      },
      "id": "node/8023696432"
    },
    {
      "type": "Feature",
      "properties": {
        "@id": "node/8024345886",
        "addr:city": "Markham",
        "addr:housenumber": "3275",
        "addr:postcode": "L3R 3P9",
        "addr:province": "ON",
        "addr:street": "Highway 7",
        "check_date": "2025-09-14",
        "name": "FreshWay Foodmart",
        "opening_hours": "Mo-Su 09:00-23:00",
        "phone": "+1 905 305 7776",
        "shop": "supermarket",
        "website": "https://www.freshwayfoodmart.com/index.html"
      },
      "geometry": {
        "type": "Point",
        "coordinates": [
          -79.3502505,
          43.8506489
        ]
      },
      "id": "node/8024345886"
    },
    {
      "type": "Feature",
      "properties": {
        "@id": "node/8040515388",
        "brand": "Farm Boy",
        "brand:wikidata": "Q5435469",
        "brand:wikipedia": "en:Farm Boy",
        "check_date": "2026-07-06",
        "name": "Farm Boy",
        "shop": "supermarket"
      },
      "geometry": {
        "type": "Point",
        "coordinates": [
          -79.3972232,
          43.7042642
        ]
      },
      "id": "node/8040515388"
    },
    {
      "type": "Feature",
      "properties": {
        "@id": "node/8151600398",
        "addr:city": "Toronto",
        "addr:housenumber": "2054",
        "addr:province": "ON",
        "addr:street": "Queen Street East",
        "name": "Carload on the Beach",
        "shop": "supermarket",
        "website": "www.carload.ca"
      },
      "geometry": {
        "type": "Point",
        "coordinates": [
          -79.2974817,
          43.6706924
        ]
      },
      "id": "node/8151600398"
    },
    {
      "type": "Feature",
      "properties": {
        "@id": "node/8288458152",
        "entrance": "shop",
        "level": "0",
        "ref": "T&T",
        "shop": "supermarket"
      },
      "geometry": {
        "type": "Point",
        "coordinates": [
          -79.4526939,
          43.8081208
        ]
      },
      "id": "node/8288458152"
    },
    {
      "type": "Feature",
      "properties": {
        "@id": "node/8568139850",
        "check_date": "2026-04-03",
        "name": "Summerhill Market",
        "shop": "supermarket"
      },
      "geometry": {
        "type": "Point",
        "coordinates": [
          -79.4128033,
          43.7038297
        ]
      },
      "id": "node/8568139850"
    },
    {
      "type": "Feature",
      "properties": {
        "@id": "node/8818248357",
        "brand": "Farm Boy",
        "brand:wikidata": "Q5435469",
        "brand:wikipedia": "en:Farm Boy",
        "name": "Farm Boy",
        "shop": "supermarket"
      },
      "geometry": {
        "type": "Point",
        "coordinates": [
          -79.3303826,
          43.6578398
        ]
      },
      "id": "node/8818248357"
    },
    {
      "type": "Feature",
      "properties": {
        "@id": "node/8888742984",
        "addr:city": "Etobicoke",
        "addr:country": "CA",
        "addr:housenumber": "5245",
        "addr:postcode": "M9B 1A5",
        "addr:province": "ON",
        "addr:street": "Dundas Street West",
        "branch": "Aukland",
        "brand": "Farm Boy",
        "brand:wikidata": "Q5435469",
        "brand:wikipedia": "en:Farm Boy",
        "check_date": "2026-06-23",
        "hst_number": "84179 7046 RT0001",
        "level": "1",
        "name": "Farm Boy",
        "opening_hours": "Mo-Fr 8:00-21:00; Sa-Su 8:00-20:00",
        "operator": "Chris Angelou",
        "payment:cash": "yes",
        "payment:interac": "yes",
        "payment:mastercard": "yes",
        "payment:visa": "yes",
        "phone": "+1-416-231-0602",
        "shop": "supermarket"
      },
      "geometry": {
        "type": "Point",
        "coordinates": [
          -79.537566,
          43.6385451
        ]
      },
      "id": "node/8888742984"
    },
    {
      "type": "Feature",
      "properties": {
        "@id": "node/8912057527",
        "check_date": "2026-04-22",
        "name": "Al Emaan",
        "phone": "+1 905 276 9191",
        "shop": "supermarket"
      },
      "geometry": {
        "type": "Point",
        "coordinates": [
          -79.5842676,
          43.6085899
        ]
      },
      "id": "node/8912057527"
    },
    {
      "type": "Feature",
      "properties": {
        "@id": "node/9062393606",
        "addr:city": "North York",
        "addr:housenumber": "22",
        "addr:province": "ON",
        "addr:street": "Poyntz Avenue",
        "brand": "Food Basics",
        "brand:wikidata": "Q5465300",
        "brand:wikipedia": "en:Food Basics",
        "check_date": "2026-01-17",
        "name": "Food Basics",
        "shop": "supermarket"
      },
      "geometry": {
        "type": "Point",
        "coordinates": [
          -79.4113055,
          43.7602981
        ]
      },
      "id": "node/9062393606"
    },
    {
      "type": "Feature",
      "properties": {
        "@id": "node/9104480072",
        "addr:housenumber": "213",
        "addr:street": "Roncesvalles Avenue",
        "brand": "The Source Bulk Foods",
        "brand:wikidata": "Q113771168",
        "check_date": "2025-06-04",
        "name": "The Source Bulk Foods",
        "shop": "supermarket",
        "zero_waste": "only"
      },
      "geometry": {
        "type": "Point",
        "coordinates": [
          -79.4486289,
          43.6456533
        ]
      },
      "id": "node/9104480072"
    },
    {
      "type": "Feature",
      "properties": {
        "@id": "node/9139127804",
        "addr:city": "Toronto",
        "addr:province": "Ontario",
        "brand": "Farm Boy",
        "brand:wikidata": "Q5435469",
        "brand:wikipedia": "en:Farm Boy",
        "check_date": "2025-07-12",
        "name": "Farm Boy",
        "opening_hours": "Mo-Su 08:00-22:00",
        "payment:bills": "yes",
        "payment:cash": "yes",
        "payment:coins": "yes",
        "payment:credit_cards": "yes",
        "payment:debit_cards": "yes",
        "payment:mastercard": "yes",
        "payment:visa": "yes",
        "shop": "supermarket"
      },
      "geometry": {
        "type": "Point",
        "coordinates": [
          -79.4012969,
          43.6412027
        ]
      },
      "id": "node/9139127804"
    },
    {
      "type": "Feature",
      "properties": {
        "@id": "node/9159058105",
        "name": "oomomo",
        "operator": "convenience store",
        "shop": "supermarket"
      },
      "geometry": {
        "type": "Point",
        "coordinates": [
          -79.3428599,
          43.7267707
        ]
      },
      "id": "node/9159058105"
    },
    {
      "type": "Feature",
      "properties": {
        "@id": "node/9353851055",
        "addr:city": "Toronto",
        "addr:housenumber": "906",
        "addr:postcode": "M4J 1L9",
        "addr:province": "Ontario",
        "addr:street": "Danforth Avenue",
        "check_date": "2026-01-10",
        "name": "Masellis Supermarket",
        "opening_hours": "Mo-We, Sa 08:30-18:00; Th-Fr 08:30-19:00",
        "payment:cash": "yes",
        "payment:coins": "yes",
        "payment:credit_cards": "yes",
        "payment:debit_cards": "yes",
        "payment:mastercard": "yes",
        "payment:visa": "yes",
        "phone": "+1-416-465-7901",
        "shop": "supermarket",
        "website": "https://masellissupermarket.com"
      },
      "geometry": {
        "type": "Point",
        "coordinates": [
          -79.3390338,
          43.6802397
        ]
      },
      "id": "node/9353851055"
    },
    {
      "type": "Feature",
      "properties": {
        "@id": "node/9353873624",
        "addr:city": "Toronto",
        "addr:housenumber": "350",
        "addr:postcode": "M4J 3S1",
        "addr:province": "Ontario",
        "addr:street": "Donlands Avenue",
        "name": "Fresh From The Farm",
        "organic": "yes",
        "payment:cash": "yes",
        "payment:coins": "yes",
        "payment:credit_cards": "yes",
        "payment:debit_cards": "yes",
        "payment:mastercard": "yes",
        "payment:visa": "yes",
        "phone": "+1-416-422-3276",
        "shop": "supermarket",
        "website": "https://freshfromthefarm.ca"
      },
      "geometry": {
        "type": "Point",
        "coordinates": [
          -79.3427256,
          43.6933051
        ]
      },
      "id": "node/9353873624"
    },
    {
      "type": "Feature",
      "properties": {
        "@id": "node/9512647975",
        "addr:city": "Toronto",
        "addr:housenumber": "744",
        "addr:postcode": "M6G 1Z6",
        "addr:province": "ON",
        "addr:street": "Dupont Street",
        "brand": "Farm Boy",
        "brand:wikidata": "Q5435469",
        "brand:wikipedia": "en:Farm Boy",
        "check_date:opening_hours": "2025-08-06",
        "name": "Farm Boy",
        "opening_hours": "Mo-Fr 08:00-21:00; Sa-Su 08:00-20:00",
        "operator": "Farm Boy",
        "phone": "+1 416-533-9856",
        "shop": "supermarket",
        "website": "https://www.farmboy.ca/stores/dupont/"
      },
      "geometry": {
        "type": "Point",
        "coordinates": [
          -79.4235408,
          43.6714265
        ]
      },
      "id": "node/9512647975"
    },
    {
      "type": "Feature",
      "properties": {
        "@id": "node/9525954007",
        "addr:city": "Toronto",
        "addr:housenumber": "699",
        "addr:postcode": "M5A 1X6",
        "addr:province": "Ontario",
        "addr:street": "Dundas Street East",
        "brand": "Rabba",
        "brand:wikidata": "Q109659398",
        "name": "Rabba",
        "opening_hours": "24/7",
        "payment:cash": "yes",
        "payment:contactless": "yes",
        "payment:debit_cards": "yes",
        "phone": "+1-416-306-0187",
        "shop": "supermarket",
        "website": "https://rabba.com"
      },
      "geometry": {
        "type": "Point",
        "coordinates": [
          -79.3584052,
          43.6609394
        ]
      },
      "id": "node/9525954007"
    },
    {
      "type": "Feature",
      "properties": {
        "@id": "node/9626932418",
        "addr:city": "Toronto",
        "addr:housenumber": "695",
        "addr:postcode": "M5G 0C3",
        "addr:province": "Ontario",
        "addr:street": "Bay Street",
        "brand": "Rabba",
        "brand:wikidata": "Q109659398",
        "name": "Rabba",
        "opening_hours": "24/7",
        "outdoor_seating": "no",
        "shop": "supermarket",
        "wheelchair": "yes"
      },
      "geometry": {
        "type": "Point",
        "coordinates": [
          -79.3845993,
          43.6584064
        ]
      },
      "id": "node/9626932418"
    },
    {
      "type": "Feature",
      "properties": {
        "@id": "node/9697406933",
        "addr:housenumber": "751",
        "addr:street": "Warden Avenue",
        "name": "Hung-Wang Foods Inc",
        "shop": "supermarket"
      },
      "geometry": {
        "type": "Point",
        "coordinates": [
          -79.2835706,
          43.7190753
        ]
      },
      "id": "node/9697406933"
    },
    {
      "type": "Feature",
      "properties": {
        "@id": "node/9780603117",
        "addr:city": "Etobicoke",
        "addr:country": "CA",
        "addr:postcode": "M9P 1B2",
        "addr:province": "ON",
        "addr:street": "140 La Rose Ave, #15A",
        "name": "Euro Deli Ltd",
        "opening_hours": "Mo-Fr 09:30-19:00; Sa 09:30-18:00, Su 09:30-15:00",
        "operator": "Owner",
        "payment:cash": "yes",
        "payment:mastercard": "yes",
        "payment:visa": "yes",
        "phone": "+1 416-572-2610",
        "shop": "supermarket",
        "website": "https://eurodeli-ltd.com"
      },
      "geometry": {
        "type": "Point",
        "coordinates": [
          -79.5235516,
          43.6856746
        ]
      },
      "id": "node/9780603117"
    },
    {
      "type": "Feature",
      "properties": {
        "@id": "node/10078563189",
        "check_date": "2025-06-26",
        "name": "Grace Tropical Foods",
        "shop": "supermarket"
      },
      "geometry": {
        "type": "Point",
        "coordinates": [
          -79.6277993,
          43.6298822
        ]
      },
      "id": "node/10078563189"
    },
    {
      "type": "Feature",
      "properties": {
        "@id": "node/10087926795",
        "addr:floor": "G",
        "addr:housenumber": "3120",
        "addr:street": "Rutherford Road",
        "check_date": "2025-06-07",
        "level": "0",
        "name": "Kabul Farms",
        "shop": "supermarket"
      },
      "geometry": {
        "type": "Point",
        "coordinates": [
          -79.5338184,
          43.8318528
        ]
      },
      "id": "node/10087926795"
    },
    {
      "type": "Feature",
      "properties": {
        "@id": "node/10172428580",
        "name": "Nature's Emporium",
        "organic": "only",
        "shop": "supermarket"
      },
      "geometry": {
        "type": "Point",
        "coordinates": [
          -79.5504833,
          43.8071998
        ]
      },
      "id": "node/10172428580"
    },
    {
      "type": "Feature",
      "properties": {
        "@id": "node/10236495200",
        "addr:city": "Toronto",
        "addr:housenumber": "15",
        "addr:postcode": "M5J 0A3",
        "addr:province": "ON",
        "addr:street": "York Street",
        "brand": "Longo's",
        "brand:wikidata": "Q6674182",
        "check_date": "2025-07-21",
        "name": "Longo's",
        "shop": "supermarket",
        "website": "https://www.longos.com/"
      },
      "geometry": {
        "type": "Point",
        "coordinates": [
          -79.380761,
          43.6424718
        ]
      },
      "id": "node/10236495200"
    },
    {
      "type": "Feature",
      "properties": {
        "@id": "node/10816749843",
        "name": "Herbal Pathway",
        "shop": "supermarket"
      },
      "geometry": {
        "type": "Point",
        "coordinates": [
          -79.1227466,
          43.8306855
        ]
      },
      "id": "node/10816749843"
    },
    {
      "type": "Feature",
      "properties": {
        "@id": "node/10820481470",
        "check_date": "2026-06-16",
        "name": "Food World Supermarket",
        "shop": "supermarket"
      },
      "geometry": {
        "type": "Point",
        "coordinates": [
          -79.6047123,
          43.7343715
        ]
      },
      "id": "node/10820481470"
    },
    {
      "type": "Feature",
      "properties": {
        "@id": "node/10845293439",
        "addr:housenumber": "45",
        "addr:street": "Four Winds Drive",
        "name": "Your Community Grocer",
        "opening_hours": "Mo-Sa 09:00-22:00; Su 08:00-23:00",
        "phone": "+1 416-663-6000",
        "shop": "supermarket",
        "website": "https://ycgrocer.com/"
      },
      "geometry": {
        "type": "Point",
        "coordinates": [
          -79.4994666,
          43.7634154
        ]
      },
      "id": "node/10845293439"
    },
    {
      "type": "Feature",
      "properties": {
        "@id": "node/10875495069",
        "addr:housenumber": "1500",
        "addr:street": "Jane Street",
        "brand": "FreshCo",
        "brand:wikidata": "Q5502915",
        "name": "FreshCo",
        "shop": "supermarket"
      },
      "geometry": {
        "type": "Point",
        "coordinates": [
          -79.5039216,
          43.6967696
        ]
      },
      "id": "node/10875495069"
    },
    {
      "type": "Feature",
      "properties": {
        "@id": "node/10893291926",
        "check_date": "2026-04-09",
        "name": "Apna Food Bazaar",
        "opening_hours": "Mo,Su 08:00-20:00; Tu-Fr 08:00-21:00; Sa 09:00-21:00",
        "shop": "supermarket"
      },
      "geometry": {
        "type": "Point",
        "coordinates": [
          -79.528495,
          43.6493176
        ]
      },
      "id": "node/10893291926"
    },
    {
      "type": "Feature",
      "properties": {
        "@id": "node/10910006403",
        "addr:city": "North York",
        "addr:housenumber": "1800",
        "addr:postcode": "M2J 5A7",
        "addr:province": "ON",
        "addr:street": "Sheppard Avenue East",
        "addr:unit": "1115",
        "brand": "T&T Supermarket",
        "brand:wikidata": "Q837893",
        "level": "0",
        "name": "大統華 T&T Supermarket",
        "name:en": "T&T Supermarket",
        "name:zh-Hans": "大统华",
        "name:zh-Hant": "大統華",
        "opening_hours": "Mo-Su 09:00-23:00",
        "phone": "+1-416-493-8113",
        "shop": "supermarket",
        "store_ref": "035"
      },
      "geometry": {
        "type": "Point",
        "coordinates": [
          -79.3458512,
          43.776859
        ]
      },
      "id": "node/10910006403"
    },
    {
      "type": "Feature",
      "properties": {
        "@id": "node/11143641027",
        "addr:housename": "Unit 5",
        "addr:housenumber": "2002",
        "addr:street": "Middlefield Road",
        "description": "Groceries, Fresh Vegetables, Fruits and more",
        "name": "Pasumai Market",
        "opening_hours": "Mo-Su 08:00-22:00",
        "phone": "+19054725525",
        "shop": "supermarket"
      },
      "geometry": {
        "type": "Point",
        "coordinates": [
          -79.269105,
          43.8330065
        ]
      },
      "id": "node/11143641027"
    },
    {
      "type": "Feature",
      "properties": {
        "@id": "node/11229155922",
        "name": "Vida",
        "shop": "supermarket"
      },
      "geometry": {
        "type": "Point",
        "coordinates": [
          -79.4013737,
          43.6545596
        ]
      },
      "id": "node/11229155922"
    },
    {
      "type": "Feature",
      "properties": {
        "@id": "node/11415784175",
        "brand": "Eataly",
        "brand:wikidata": "Q3046645",
        "check_date": "2026-06-14",
        "name": "Eataly",
        "shop": "supermarket"
      },
      "geometry": {
        "type": "Point",
        "coordinates": [
          -79.5551095,
          43.6117623
        ]
      },
      "id": "node/11415784175"
    },
    {
      "type": "Feature",
      "properties": {
        "@id": "node/11550138057",
        "addr:housenumber": "85",
        "addr:street": "Victoria Street",
        "atm": "yes",
        "atm:operator": "RBC",
        "brand": "Rabba",
        "brand:wikidata": "Q109659398",
        "check_date": "2026-07-05",
        "name": "Rabba",
        "opening_hours": "24/7",
        "shop": "supermarket"
      },
      "geometry": {
        "type": "Point",
        "coordinates": [
          -79.3775222,
          43.6518799
        ]
      },
      "id": "node/11550138057"
    },
    {
      "type": "Feature",
      "properties": {
        "@id": "node/11554580359",
        "addr:city": "Mississauga",
        "addr:housenumber": "2800",
        "addr:street": "Skymark Avenue",
        "addr:unit": "10",
        "check_date": "2025-10-06",
        "name": "Tosh's Food House",
        "opening_hours": "Mo-Sa 08:00-21:00; Su 10:00-17:00",
        "phone": "+1-905-212-1011",
        "shop": "supermarket",
        "website": "https://www.toshsfoodhouse.ca"
      },
      "geometry": {
        "type": "Point",
        "coordinates": [
          -79.5932402,
          43.6619752
        ]
      },
      "id": "node/11554580359"
    },
    {
      "type": "Feature",
      "properties": {
        "@id": "node/11582657744",
        "name": "Terra Brazil Market",
        "shop": "supermarket"
      },
      "geometry": {
        "type": "Point",
        "coordinates": [
          -79.4578761,
          43.6941927
        ]
      },
      "id": "node/11582657744"
    },
    {
      "type": "Feature",
      "properties": {
        "@id": "node/11582725856",
        "name": "G&J West Indian Grocery & Kitchen",
        "shop": "supermarket"
      },
      "geometry": {
        "type": "Point",
        "coordinates": [
          -79.4702819,
          43.6913936
        ]
      },
      "id": "node/11582725856"
    },
    {
      "type": "Feature",
      "properties": {
        "@id": "node/11582798793",
        "addr:housenumber": "75",
        "addr:street": "Eglinton Avenue East",
        "brand": "Bulk Barn",
        "brand:wikidata": "Q4996466",
        "check_date": "2025-04-20",
        "name": "Bulk Barn",
        "opening_hours": "Mo-Fr 08:30-20:30; Sa 08:30-20:00; Su 10:00-17:00",
        "shop": "supermarket",
        "wheelchair": "yes"
      },
      "geometry": {
        "type": "Point",
        "coordinates": [
          -79.395634,
          43.7071424
        ]
      },
      "id": "node/11582798793"
    },
    {
      "type": "Feature",
      "properties": {
        "@id": "node/11609761766",
        "addr:city": "Markham",
        "addr:housenumber": "365",
        "addr:postcode": "L3T 5W5",
        "addr:province": "Ontario",
        "addr:street": "John Street",
        "addr:unit": "5",
        "check_date": "2024-02-10",
        "name": "Pars Food",
        "phone": "+1-416-318-1920",
        "shop": "supermarket",
        "website": "https://www.parsfood.ca"
      },
      "geometry": {
        "type": "Point",
        "coordinates": [
          -79.3903813,
          43.8195707
        ]
      },
      "id": "node/11609761766"
    },
    {
      "type": "Feature",
      "properties": {
        "@id": "node/11609834477",
        "addr:city": "Markham",
        "addr:housenumber": "385",
        "addr:postcode": "L3T 5W5",
        "addr:province": "Ontario",
        "addr:street": "John Street",
        "addr:unit": "2",
        "check_date": "2024-02-10",
        "contact:facebook": "https://www.facebook.com/sedosnax",
        "contact:instagram": "sedosnax",
        "contact:pinterest": "SedoSnax",
        "contact:twitter": "SedoSnax",
        "name": "Sedo Snax",
        "opening_hours": "Mo-Sa 10:00-19:00; Su 11:00-19:00; PH 11:00-17:00",
        "phone": "+1-905-731-1779",
        "shop": "supermarket",
        "website": "https://www.sedosnax.com"
      },
      "geometry": {
        "type": "Point",
        "coordinates": [
          -79.3892607,
          43.8200196
        ]
      },
      "id": "node/11609834477"
    },
    {
      "type": "Feature",
      "properties": {
        "@id": "node/11612201947",
        "name": "Sababa Mid-Eastern Groceries",
        "shop": "supermarket"
      },
      "geometry": {
        "type": "Point",
        "coordinates": [
          -79.4340091,
          43.7959872
        ]
      },
      "id": "node/11612201947"
    },
    {
      "type": "Feature",
      "properties": {
        "@id": "node/11642275879",
        "check_date": "2025-12-13",
        "name": "Galleria Supermarket",
        "shop": "supermarket"
      },
      "geometry": {
        "type": "Point",
        "coordinates": [
          -79.4121214,
          43.7649247
        ]
      },
      "id": "node/11642275879"
    },
    {
      "type": "Feature",
      "properties": {
        "@id": "node/11663544527",
        "addr:city": "Toronto",
        "addr:province": "Ontario",
        "brand": "Farm Boy",
        "brand:wikidata": "Q5435469",
        "name": "Farm Boy",
        "payment:coins": "yes",
        "payment:contactless": "yes",
        "payment:credit_cards": "yes",
        "payment:debit_cards": "yes",
        "payment:mastercard": "yes",
        "payment:mastercard_contactless": "yes",
        "payment:notes": "yes",
        "payment:visa": "yes",
        "payment:visa_debit": "yes",
        "shop": "supermarket"
      },
      "geometry": {
        "type": "Point",
        "coordinates": [
          -79.3715081,
          43.6438906
        ]
      },
      "id": "node/11663544527"
    },
    {
      "type": "Feature",
      "properties": {
        "@id": "node/11773643400",
        "check_date": "2026-07-08",
        "name": "A Lota Seafoods",
        "shop": "supermarket"
      },
      "geometry": {
        "type": "Point",
        "coordinates": [
          -79.4319221,
          43.6497704
        ]
      },
      "id": "node/11773643400"
    },
    {
      "type": "Feature",
      "properties": {
        "@id": "node/11774800150",
        "check_date": "2024-03-30",
        "name": "West Indian Store",
        "shop": "supermarket"
      },
      "geometry": {
        "type": "Point",
        "coordinates": [
          -79.1913396,
          43.7650999
        ]
      },
      "id": "node/11774800150"
    },
    {
      "type": "Feature",
      "properties": {
        "@id": "node/11974058317",
        "name": "Naomi Foods",
        "shop": "supermarket"
      },
      "geometry": {
        "type": "Point",
        "coordinates": [
          -79.58334,
          43.6085457
        ]
      },
      "id": "node/11974058317"
    },
    {
      "type": "Feature",
      "properties": {
        "@id": "node/12212047807",
        "addr:housenumber": "2873",
        "addr:postcode": "M1M 1N3",
        "addr:street": "Kingston Road",
        "name": "Ebeano African Caribbean Grocery",
        "shop": "supermarket"
      },
      "geometry": {
        "type": "Point",
        "coordinates": [
          -79.2354061,
          43.7222075
        ]
      },
      "id": "node/12212047807"
    },
    {
      "type": "Feature",
      "properties": {
        "@id": "node/12245054117",
        "addr:housenumber": "2290",
        "addr:postcode": "M6S 1N9",
        "addr:street": "Bloor Street West",
        "brand": "Bulk Barn",
        "brand:wikidata": "Q4996466",
        "check_date": "2026-04-07",
        "level": "0",
        "name": "Bulk Barn",
        "phone": "+1-416-769-0527",
        "shop": "supermarket"
      },
      "geometry": {
        "type": "Point",
        "coordinates": [
          -79.4788153,
          43.6507177
        ]
      },
      "id": "node/12245054117"
    },
    {
      "type": "Feature",
      "properties": {
        "@id": "node/12250879245",
        "name": "Al Mina Halal Meat & Grocery",
        "shop": "supermarket"
      },
      "geometry": {
        "type": "Point",
        "coordinates": [
          -79.3497844,
          43.7045095
        ]
      },
      "id": "node/12250879245"
    },
    {
      "type": "Feature",
      "properties": {
        "@id": "node/12344862008",
        "brand": "No Frills",
        "brand:wikidata": "Q3342407",
        "name": "No Frills",
        "shop": "supermarket"
      },
      "geometry": {
        "type": "Point",
        "coordinates": [
          -79.3915521,
          43.6487628
        ]
      },
      "id": "node/12344862008"
    },
    {
      "type": "Feature",
      "properties": {
        "@id": "node/12371962590",
        "addr:housenumber": "55",
        "addr:postcode": "L3T 1L7",
        "addr:street": "Doncaster Avenue",
        "email": "thornhill@ambrosia.ca",
        "name": "Ambrosia",
        "opening_hours": "Mo-Fr 09:00-21:00; Sa 09:00-18:00; Su 10:00-18:00",
        "phone": "+1 905-881-7811",
        "shop": "supermarket"
      },
      "geometry": {
        "type": "Point",
        "coordinates": [
          -79.4168543,
          43.8032699
        ]
      },
      "id": "node/12371962590"
    },
    {
      "type": "Feature",
      "properties": {
        "@id": "node/12512826096",
        "addr:city": "York",
        "addr:housenumber": "605",
        "addr:postcode": "M6M 1B9",
        "addr:street": "Rogers Road",
        "addr:unit": "A2",
        "name": "Ample Food Market",
        "opening_hours": "Mo-Su 09:00-21:00",
        "phone": "+14163951693",
        "shop": "supermarket",
        "website": "http://www.amplefood.ca/"
      },
      "geometry": {
        "type": "Point",
        "coordinates": [
          -79.4718683,
          43.6809
        ]
      },
      "id": "node/12512826096"
    },
    {
      "type": "Feature",
      "properties": {
        "@id": "node/12560884956",
        "name": "Rexall",
        "shop": "supermarket"
      },
      "geometry": {
        "type": "Point",
        "coordinates": [
          -79.3848052,
          43.6606706
        ]
      },
      "id": "node/12560884956"
    },
    {
      "type": "Feature",
      "properties": {
        "@id": "node/12566554506",
        "brand": "Loblaws",
        "brand:wikidata": "Q3257626",
        "check_date": "2025-02-07",
        "internet_access": "no",
        "name": "Loblaws",
        "opening_hours": "07:00-22:00",
        "payment:cash": "yes",
        "payment:credit_cards": "yes",
        "payment:debit_cards": "yes",
        "shop": "supermarket",
        "wheelchair": "yes"
      },
      "geometry": {
        "type": "Point",
        "coordinates": [
          -79.415837,
          43.6838553
        ]
      },
      "id": "node/12566554506"
    },
    {
      "type": "Feature",
      "properties": {
        "@id": "node/12629050879",
        "check_date": "2026-03-07",
        "name": "DV African Food Market",
        "shop": "supermarket"
      },
      "geometry": {
        "type": "Point",
        "coordinates": [
          -79.4939842,
          43.7243355
        ]
      },
      "id": "node/12629050879"
    },
    {
      "type": "Feature",
      "properties": {
        "@id": "node/12657124901",
        "addr:city": "North York",
        "addr:housenumber": "150",
        "addr:postcode": "M3C 1K6",
        "addr:province": "ON",
        "addr:street": "Wynford Drive",
        "check_date": "2026-04-03",
        "name": "Marché Leo’s",
        "opening_hours": "Mo-Fr 08:00-20:00; Sa 09:00-19:00; Su 10:00-18:00",
        "phone": "+1 416 384 0100",
        "shop": "supermarket",
        "website": "https://www.marcheleos.com/"
      },
      "geometry": {
        "type": "Point",
        "coordinates": [
          -79.326286,
          43.7272519
        ]
      },
      "id": "node/12657124901"
    },
    {
      "type": "Feature",
      "properties": {
        "@id": "node/12662433401",
        "addr:housenumber": "3418",
        "addr:street": "Bathurst Street",
        "contact:facebook": "tropafilipino.ca",
        "contact:instagram": "tropa.ca",
        "email": "tropafilipino@gmail.com",
        "name": "Tropa Filipino Variety Store & Takeout",
        "opening_hours": "Tu-Th 11:00-20:00; Fr-Su 11:00-21:00",
        "phone": "+1-437-987-6722",
        "shop": "grocery"
      },
      "geometry": {
        "type": "Point",
        "coordinates": [
          -79.4317711,
          43.7271109
        ]
      },
      "id": "node/12662433401"
    },
    {
      "type": "Feature",
      "properties": {
        "@id": "node/12673700500",
        "addr:city": "Toronto",
        "addr:housenumber": "808",
        "addr:postcode": "M4K 3S7",
        "addr:province": "ON",
        "addr:street": "Pape Avenue",
        "name": "Laz Bakkal Toronto",
        "opening_hours": "Mo-Su 10:00-20:00",
        "payment:american_express": "yes",
        "payment:apple_pay": "yes",
        "payment:cash": "yes",
        "payment:credit_cards": "yes",
        "payment:debit_cards": "yes",
        "payment:google_pay": "yes",
        "payment:mastercard": "yes",
        "payment:visa": "yes",
        "payment:visa_debit": "yes",
        "phone": "+1 416 998-8438",
        "shop": "supermarket"
      },
      "geometry": {
        "type": "Point",
        "coordinates": [
          -79.3462701,
          43.6822375
        ]
      },
      "id": "node/12673700500"
    },
    {
      "type": "Feature",
      "properties": {
        "@id": "node/12691389528",
        "addr:city": "Toronto",
        "addr:housenumber": "152",
        "addr:street": "Queen Street East",
        "cuisine": "persian",
        "name": "Parsian Fine Foods",
        "opening_hours": "Mo-Su 11:00-21:00",
        "phone": "+1-647-368-7737",
        "shop": "supermarket",
        "source": "survey"
      },
      "geometry": {
        "type": "Point",
        "coordinates": [
          -79.3738173,
          43.6534643
        ]
      },
      "id": "node/12691389528"
    },
    {
      "type": "Feature",
      "properties": {
        "@id": "node/12691612463",
        "addr:housenumber": "450",
        "addr:street": "Dupont Street",
        "name": "Creeds",
        "phone": "+1 416-923-2500",
        "shop": "supermarket",
        "website": "https://creeds.com/"
      },
      "geometry": {
        "type": "Point",
        "coordinates": [
          -79.4132064,
          43.6735557
        ]
      },
      "id": "node/12691612463"
    },
    {
      "type": "Feature",
      "properties": {
        "@id": "node/12742161531",
        "addr:housenumber": "899",
        "addr:street": "College Street",
        "brand": "No Frills",
        "brand:wikidata": "Q3342407",
        "check_date": "2025-04-12",
        "name": "No Frills",
        "shop": "supermarket"
      },
      "geometry": {
        "type": "Point",
        "coordinates": [
          -79.4244704,
          43.653819
        ]
      },
      "id": "node/12742161531"
    },
    {
      "type": "Feature",
      "properties": {
        "@id": "node/12770989432",
        "addr:housenumber": "2085",
        "addr:street": "Yonge Street",
        "check_date": "2026-07-06",
        "name": "Super Unique",
        "opening_hours": "09:30-21:30",
        "shop": "supermarket"
      },
      "geometry": {
        "type": "Point",
        "coordinates": [
          -79.3973338,
          43.7028333
        ]
      },
      "id": "node/12770989432"
    },
    {
      "type": "Feature",
      "properties": {
        "@id": "node/12782691799",
        "addr:housenumber": "678",
        "addr:street": "Kennedy Road",
        "diet:halal": "yes",
        "name": "Al Baaqi",
        "phone": "+1-416-551-6780",
        "shop": "supermarket"
      },
      "geometry": {
        "type": "Point",
        "coordinates": [
          -79.2660626,
          43.7266048
        ]
      },
      "id": "node/12782691799"
    },
    {
      "type": "Feature",
      "properties": {
        "@id": "node/12804897888",
        "addr:city": "Toronto",
        "addr:housenumber": "575",
        "addr:postcode": "M4X 1N4",
        "addr:province": "Ontario",
        "addr:street": "Bloor Street East",
        "name": "Wan2 supermarket",
        "opening_hours": "Mo-Su 09:00-21:00",
        "payment:contactless": "yes",
        "shop": "supermarket"
      },
      "geometry": {
        "type": "Point",
        "coordinates": [
          -79.3717073,
          43.6717603
        ]
      },
      "id": "node/12804897888"
    },
    {
      "type": "Feature",
      "properties": {
        "@id": "node/12859338392",
        "check_date": "2025-05-23",
        "level": "-1",
        "name": "McEwan",
        "shop": "supermarket"
      },
      "geometry": {
        "type": "Point",
        "coordinates": [
          -79.3811094,
          43.6474287
        ]
      },
      "id": "node/12859338392"
    },
    {
      "type": "Feature",
      "properties": {
        "@id": "node/12877912223",
        "addr:housenumber": "1",
        "addr:street": "Promenade Circle",
        "diet": "kosher",
        "name": "Olive Branch",
        "opening_hours": "Mo-We 08:00-22:00; Th 08:00-23:00; Fr 07:00-16:00; Su 08:00-20:00",
        "shop": "supermarket",
        "website": "https://olivebranchthornhill.ca/"
      },
      "geometry": {
        "type": "Point",
        "coordinates": [
          -79.4519688,
          43.8053724
        ]
      },
      "id": "node/12877912223"
    },
    {
      "type": "Feature",
      "properties": {
        "@id": "node/12895338447",
        "addr:housenumber": "9699",
        "addr:street": "Jane Street",
        "check_date": "2025-06-07",
        "name": "Can-Asia Grocers",
        "phone": "+1 9054172226",
        "shop": "supermarket"
      },
      "geometry": {
        "type": "Point",
        "coordinates": [
          -79.5353539,
          43.8458455
        ]
      },
      "id": "node/12895338447"
    },
    {
      "type": "Feature",
      "properties": {
        "@id": "node/12895338448",
        "addr:housenumber": "9699",
        "addr:street": "Jane Street",
        "check_date": "2025-06-07",
        "name": "Mi Tiendita En Maple",
        "shop": "supermarket"
      },
      "geometry": {
        "type": "Point",
        "coordinates": [
          -79.5354724,
          43.8458316
        ]
      },
      "id": "node/12895338448"
    },
    {
      "type": "Feature",
      "properties": {
        "@id": "node/12895734362",
        "addr:floor": "G",
        "addr:housenumber": "9699",
        "addr:street": "Jane Street",
        "check_date": "2025-06-07",
        "level": "0",
        "name": "Al-Madina Halal Meat & Groceries",
        "phone": "+1 9054173799",
        "shop": "supermarket"
      },
      "geometry": {
        "type": "Point",
        "coordinates": [
          -79.5348836,
          43.8452766
        ]
      },
      "id": "node/12895734362"
    },
    {
      "type": "Feature",
      "properties": {
        "@id": "node/12895734365",
        "addr:floor": "G",
        "addr:housenumber": "9699",
        "addr:street": "Jane Street",
        "check_date": "2025-06-07",
        "level": "0",
        "name": "Mr. Halal Meat & Grocers",
        "phone": "+1 9054175100",
        "shop": "supermarket"
      },
      "geometry": {
        "type": "Point",
        "coordinates": [
          -79.5348485,
          43.8451298
        ]
      },
      "id": "node/12895734365"
    },
    {
      "type": "Feature",
      "properties": {
        "@id": "node/12895734367",
        "addr:floor": "G",
        "addr:housenumber": "9699",
        "addr:street": "Jane Street",
        "check_date": "2025-06-07",
        "level": "0",
        "name": "Maple Groceries",
        "phone": "+1 9054176069",
        "shop": "supermarket",
        "website": "https://www.maplegroceries.ca"
      },
      "geometry": {
        "type": "Point",
        "coordinates": [
          -79.5351388,
          43.844806
        ]
      },
      "id": "node/12895734367"
    },
    {
      "type": "Feature",
      "properties": {
        "@id": "node/12895817528",
        "check_date": "2025-06-07",
        "name": "Esma Fine Foods",
        "shop": "supermarket"
      },
      "geometry": {
        "type": "Point",
        "coordinates": [
          -79.5349454,
          43.8287643
        ]
      },
      "id": "node/12895817528"
    },
    {
      "type": "Feature",
      "properties": {
        "@id": "node/12895849665",
        "check_date": "2025-06-07",
        "name": "Fruit Of The Land Culinary Market",
        "shop": "supermarket"
      },
      "geometry": {
        "type": "Point",
        "coordinates": [
          -79.5357974,
          43.8259217
        ]
      },
      "id": "node/12895849665"
    },
    {
      "type": "Feature",
      "properties": {
        "@id": "node/12968478960",
        "name": "Iqbal Foods",
        "shop": "supermarket"
      },
      "geometry": {
        "type": "Point",
        "coordinates": [
          -79.2699488,
          43.7074101
        ]
      },
      "id": "node/12968478960"
    },
    {
      "type": "Feature",
      "properties": {
        "@id": "node/12968478981",
        "name": "Red Rose",
        "shop": "supermarket"
      },
      "geometry": {
        "type": "Point",
        "coordinates": [
          -79.2688443,
          43.7066472
        ]
      },
      "id": "node/12968478981"
    },
    {
      "type": "Feature",
      "properties": {
        "@id": "node/12980299782",
        "brand": "Longo's",
        "brand:wikidata": "Q6674182",
        "name": "Longo's",
        "shop": "supermarket"
      },
      "geometry": {
        "type": "Point",
        "coordinates": [
          -79.5425022,
          43.7843535
        ]
      },
      "id": "node/12980299782"
    },
    {
      "type": "Feature",
      "properties": {
        "@id": "node/12986755358",
        "name": "Vincenzo Supermarket",
        "shop": "supermarket"
      },
      "geometry": {
        "type": "Point",
        "coordinates": [
          -79.3054609,
          43.6875638
        ]
      },
      "id": "node/12986755358"
    },
    {
      "type": "Feature",
      "properties": {
        "@id": "node/12996545664",
        "check_date": "2025-07-12",
        "name": "San Jose Mexican Foods",
        "shop": "supermarket"
      },
      "geometry": {
        "type": "Point",
        "coordinates": [
          -79.4813,
          43.6693105
        ]
      },
      "id": "node/12996545664"
    },
    {
      "type": "Feature",
      "properties": {
        "@id": "node/12997929579",
        "addr:street": "Danforth Avenue",
        "check_date": "2026-01-10",
        "delivery": "yes",
        "name": "Dragon Supermarket",
        "phone": "+1-416-461-3378",
        "shop": "supermarket"
      },
      "geometry": {
        "type": "Point",
        "coordinates": [
          -79.3283748,
          43.6821651
        ]
      },
      "id": "node/12997929579"
    },
    {
      "type": "Feature",
      "properties": {
        "@id": "node/13010520119",
        "addr:housenumber": "1067",
        "addr:street": "Danforth Avenue",
        "description": "Grocery and halal meat store",
        "halal": "yes",
        "name": "New Al-Madina Grocery & Halal Meat Store",
        "phone": "+1-647-720-3809",
        "phone_1": "+1-416-469-9959",
        "shop": "supermarket"
      },
      "geometry": {
        "type": "Point",
        "coordinates": [
          -79.3356706,
          43.6805996
        ]
      },
      "id": "node/13010520119"
    },
    {
      "type": "Feature",
      "properties": {
        "@id": "node/13010520120",
        "addr:city": "Toronto",
        "addr:housenumber": "1069",
        "addr:province": "ON",
        "addr:street": "Danforth Avenue",
        "description": "Fresh fruits and vegetables; halal meat",
        "halal": "yes",
        "name": "Mumtaz Groceries",
        "phone": "+1-416-778-1010",
        "shop": "supermarket"
      },
      "geometry": {
        "type": "Point",
        "coordinates": [
          -79.3356041,
          43.6806124
        ]
      },
      "id": "node/13010520120"
    },
    {
      "type": "Feature",
      "properties": {
        "@id": "node/13048988257",
        "name": "Kourosh Supermarket",
        "shop": "supermarket"
      },
      "geometry": {
        "type": "Point",
        "coordinates": [
          -79.3759396,
          43.7698168
        ]
      },
      "id": "node/13048988257"
    },
    {
      "type": "Feature",
      "properties": {
        "@id": "node/13062092001",
        "name": "Longos",
        "shop": "grocery"
      },
      "geometry": {
        "type": "Point",
        "coordinates": [
          -79.5745321,
          43.5921611
        ]
      },
      "id": "node/13062092001"
    },
    {
      "type": "Feature",
      "properties": {
        "@id": "node/13084968727",
        "addr:housenumber": "26",
        "addr:postcode": "M5G 0C5",
        "addr:street": "Edward Street",
        "branch": "Downtown Toronto Store",
        "brand": "T&T Supermarket",
        "brand:wikidata": "Q837893",
        "check_date": "2026-04-22",
        "level": "1",
        "name": "大統華 T&T Supermarket",
        "name:en": "T&T Supermarket",
        "name:zh-Hans": "大统华",
        "name:zh-Hant": "大統華",
        "opening_hours": "09:00-23:00",
        "phone": "+1-416-251-8113",
        "self_checkout": "yes",
        "shop": "supermarket"
      },
      "geometry": {
        "type": "Point",
        "coordinates": [
          -79.3824002,
          43.6569266
        ]
      },
      "id": "node/13084968727"
    },
    {
      "type": "Feature",
      "properties": {
        "@id": "node/13107676346",
        "brand": "Metro",
        "brand:wikidata": "Q1145669",
        "check_date": "2025-08-29",
        "name": "Metro",
        "shop": "supermarket"
      },
      "geometry": {
        "type": "Point",
        "coordinates": [
          -79.3179792,
          43.7975614
        ]
      },
      "id": "node/13107676346"
    },
    {
      "type": "Feature",
      "properties": {
        "@id": "node/13113385862",
        "check_date": "2025-09-01",
        "name": "Hong Tai Supermarket",
        "shop": "supermarket"
      },
      "geometry": {
        "type": "Point",
        "coordinates": [
          -79.3210673,
          43.7729956
        ]
      },
      "id": "node/13113385862"
    },
    {
      "type": "Feature",
      "properties": {
        "@id": "node/13166897476",
        "name": "Sango Market",
        "shop": "supermarket"
      },
      "geometry": {
        "type": "Point",
        "coordinates": [
          -79.479742,
          43.7151594
        ]
      },
      "id": "node/13166897476"
    },
    {
      "type": "Feature",
      "properties": {
        "@id": "node/13166915241",
        "addr:housenumber": "2871",
        "addr:postcode": "m3m2g7",
        "addr:street": "Keele Street",
        "check_date": "2026-05-29",
        "check_date:opening_hours": "2026-05-29",
        "name": "Selam Convenience and Grocery Store",
        "opening_hours": "Mo-Su 08:00-00:00",
        "shop": "supermarket"
      },
      "geometry": {
        "type": "Point",
        "coordinates": [
          -79.4831833,
          43.7329031
        ]
      },
      "id": "node/13166915241"
    },
    {
      "type": "Feature",
      "properties": {
        "@id": "node/13180560840",
        "addr:housenumber": "75",
        "addr:street": "Shuter Street",
        "alt_name": "Felice's No Frills",
        "brand": "No Frills",
        "brand:wikidata": "Q3342407",
        "name": "No Frills",
        "shop": "supermarket"
      },
      "geometry": {
        "type": "Point",
        "coordinates": [
          -79.3755837,
          43.654854
        ]
      },
      "id": "node/13180560840"
    },
    {
      "type": "Feature",
      "properties": {
        "@id": "node/13226969368",
        "addr:housenumber": "346",
        "addr:street": "Broadview Avenue",
        "name": "Yong Xing Fruits & Vegatables",
        "phone": "+1-416-710-9892",
        "shop": "supermarket"
      },
      "geometry": {
        "type": "Point",
        "coordinates": [
          -79.3525414,
          43.6648777
        ]
      },
      "id": "node/13226969368"
    },
    {
      "type": "Feature",
      "properties": {
        "@id": "node/13231530851",
        "brand": "T&T Supermarket",
        "brand:wikidata": "Q837893",
        "name": "大統華 T&T Supermarket",
        "name:en": "T&T Supermarket",
        "name:zh-Hans": "大统华",
        "name:zh-Hant": "大統華",
        "shop": "supermarket"
      },
      "geometry": {
        "type": "Point",
        "coordinates": [
          -79.3463819,
          43.7771388
        ]
      },
      "id": "node/13231530851"
    },
    {
      "type": "Feature",
      "properties": {
        "@id": "node/13276774156",
        "addr:housenumber": "1164",
        "addr:street": "Queen Street East",
        "name": "Raise the Root",
        "organic": "only",
        "phone": "+1-416- 466-7668",
        "shop": "supermarket",
        "website": "https://www.raisetheroot.ca/"
      },
      "geometry": {
        "type": "Point",
        "coordinates": [
          -79.3325219,
          43.662859
        ]
      },
      "id": "node/13276774156"
    },
    {
      "type": "Feature",
      "properties": {
        "@id": "node/13286388056",
        "addr:housenumber": "901",
        "addr:street": "Queen Street East",
        "name": "The Source Bulk Foods",
        "opening_hours": "Mo-Fr 09:00-19:00; Sa-Su 10:00-19:00",
        "phone": "+1-416-551-6782",
        "shop": "supermarket",
        "website": "https://www.thesourcebulkfoods.ca/"
      },
      "geometry": {
        "type": "Point",
        "coordinates": [
          -79.3420165,
          43.660473
        ]
      },
      "id": "node/13286388056"
    },
    {
      "type": "Feature",
      "properties": {
        "@id": "node/13296550346",
        "Category": "Plumber",
        "addr:city": "North York",
        "addr:housenumber": "67",
        "addr:postcode": "M3A 2P8",
        "addr:province": "Ontario",
        "addr:street": "Curlew Drive",
        "addr:unit": "#182",
        "email": "northyork@johntheplumber.ca",
        "name": "John The Plumber",
        "opening_hours": "24/7",
        "phone": "+1-416-304-6851",
        "shop": "supermarket",
        "website": "https://johntheplumber.ca/north-york-plumber/"
      },
      "geometry": {
        "type": "Point",
        "coordinates": [
          -79.3150975,
          43.7431833
        ]
      },
      "id": "node/13296550346"
    },
    {
      "type": "Feature",
      "properties": {
        "@id": "node/13343382113",
        "brand": "Eataly",
        "brand:wikidata": "Q3046645",
        "name": "Eataly",
        "shop": "supermarket"
      },
      "geometry": {
        "type": "Point",
        "coordinates": [
          -79.3807251,
          43.6548994
        ]
      },
      "id": "node/13343382113"
    },
    {
      "type": "Feature",
      "properties": {
        "@id": "node/13370653859",
        "check_date": "2025-12-11",
        "name": "Saravana Supermarket",
        "shop": "supermarket"
      },
      "geometry": {
        "type": "Point",
        "coordinates": [
          -79.1760332,
          43.8074947
        ]
      },
      "id": "node/13370653859"
    },
    {
      "type": "Feature",
      "properties": {
        "@id": "node/13526992885",
        "addr:floor": "2",
        "check_date": "2026-02-05",
        "level": "1",
        "name": "Nature's Emporium",
        "shop": "supermarket"
      },
      "geometry": {
        "type": "Point",
        "coordinates": [
          -79.3804068,
          43.6416175
        ]
      },
      "id": "node/13526992885"
    },
    {
      "type": "Feature",
      "properties": {
        "@id": "node/13537314229",
        "addr:housenumber": "1190",
        "addr:street": "Woodbine Avenue",
        "check_date": "2026-02-09",
        "name": "Tienda Movil Latin Supermarket",
        "opening_hours": "Tu-Sa 10:00-20:00; Su 11:00-18:00",
        "shop": "supermarket"
      },
      "geometry": {
        "type": "Point",
        "coordinates": [
          -79.3155437,
          43.691647
        ]
      },
      "id": "node/13537314229"
    },
    {
      "type": "Feature",
      "properties": {
        "@id": "node/13568233450",
        "brand": "Longo's",
        "brand:wikidata": "Q6674182",
        "check_date": "2026-06-23",
        "name": "Longo's",
        "shop": "supermarket"
      },
      "geometry": {
        "type": "Point",
        "coordinates": [
          -79.5193476,
          43.6222316
        ]
      },
      "id": "node/13568233450"
    },
    {
      "type": "Feature",
      "properties": {
        "@id": "node/13570710055",
        "check_date": "2026-02-16",
        "name": "Abeni African Food Inc.",
        "shop": "supermarket"
      },
      "geometry": {
        "type": "Point",
        "coordinates": [
          -79.4906959,
          43.6875846
        ]
      },
      "id": "node/13570710055"
    },
    {
      "type": "Feature",
      "properties": {
        "@id": "node/13570764587",
        "addr:city": "Toronto",
        "addr:housenumber": "1192",
        "addr:street": "Weston Road",
        "check_date": "2026-05-28",
        "name": "Erica Fresh Meat African Market & Beauty Supply",
        "phone": "+1-647-702-0024",
        "shop": "supermarket"
      },
      "geometry": {
        "type": "Point",
        "coordinates": [
          -79.4914215,
          43.6875326
        ]
      },
      "id": "node/13570764587"
    },
    {
      "type": "Feature",
      "properties": {
        "@id": "node/13609833523",
        "addr:city": "Toronto",
        "addr:housenumber": "1",
        "addr:province": "ON",
        "addr:street": "Edgewater Drive",
        "name": "Marché Leo's",
        "note": "Approximate location",
        "shop": "supermarket",
        "website": "https://www.marcheleos.com/"
      },
      "geometry": {
        "type": "Point",
        "coordinates": [
          -79.3635892,
          43.6449291
        ]
      },
      "id": "node/13609833523"
    },
    {
      "type": "Feature",
      "properties": {
        "@id": "node/13628614076",
        "check_date": "2026-03-08",
        "name": "Summerhill Market",
        "shop": "supermarket"
      },
      "geometry": {
        "type": "Point",
        "coordinates": [
          -79.4941811,
          43.6656019
        ]
      },
      "id": "node/13628614076"
    },
    {
      "type": "Feature",
      "properties": {
        "@id": "node/13628639946",
        "addr:city": "Etobicoke",
        "addr:housenumber": "4216",
        "addr:province": "ON",
        "addr:street": "Dundas Street West",
        "check_date": "2026-05-27",
        "name": "Marché Leo’s",
        "shop": "supermarket",
        "website": "https://ww.marcheleos.com/"
      },
      "geometry": {
        "type": "Point",
        "coordinates": [
          -79.5120273,
          43.6603038
        ]
      },
      "id": "node/13628639946"
    },
    {
      "type": "Feature",
      "properties": {
        "@id": "node/13663530620",
        "brand": "No Frills",
        "brand:wikidata": "Q3342407",
        "check_date": "2026-03-19",
        "name": "No Frills",
        "shop": "supermarket"
      },
      "geometry": {
        "type": "Point",
        "coordinates": [
          -79.3765359,
          43.708444
        ]
      },
      "id": "node/13663530620"
    },
    {
      "type": "Feature",
      "properties": {
        "@id": "node/13667303557",
        "name": "West Indian Food Market",
        "shop": "supermarket"
      },
      "geometry": {
        "type": "Point",
        "coordinates": [
          -79.244383,
          43.7439179
        ]
      },
      "id": "node/13667303557"
    },
    {
      "type": "Feature",
      "properties": {
        "@id": "node/13667336279",
        "brand": "Bulk Barn",
        "brand:wikidata": "Q4996466",
        "check_date": "2026-03-21",
        "name": "Bulk Barn",
        "shop": "supermarket"
      },
      "geometry": {
        "type": "Point",
        "coordinates": [
          -79.2913597,
          43.725299
        ]
      },
      "id": "node/13667336279"
    },
    {
      "type": "Feature",
      "properties": {
        "@id": "node/13676218286",
        "addr:housenumber": "1040",
        "addr:street": "Albion Road",
        "check_date": "2026-03-24",
        "name": "A-Z African & West Indian Market",
        "phone": "+1 647-436-2550",
        "shop": "supermarket"
      },
      "geometry": {
        "type": "Point",
        "coordinates": [
          -79.5639395,
          43.7369428
        ]
      },
      "id": "node/13676218286"
    },
    {
      "type": "Feature",
      "properties": {
        "@id": "node/13676252466",
        "check_date": "2026-03-24",
        "name": "Okaishe Supermarket",
        "shop": "supermarket"
      },
      "geometry": {
        "type": "Point",
        "coordinates": [
          -79.5593398,
          43.7341902
        ]
      },
      "id": "node/13676252466"
    },
    {
      "type": "Feature",
      "properties": {
        "@id": "node/13717362832",
        "check_date": "2026-04-08",
        "name": "A Grocery Store",
        "shop": "supermarket"
      },
      "geometry": {
        "type": "Point",
        "coordinates": [
          -79.4489732,
          43.6958091
        ]
      },
      "id": "node/13717362832"
    },
    {
      "type": "Feature",
      "properties": {
        "@id": "node/13717374339",
        "check_date": "2026-04-08",
        "name": "Caribbean Farm Fresh",
        "shop": "supermarket"
      },
      "geometry": {
        "type": "Point",
        "coordinates": [
          -79.4433517,
          43.6973188
        ]
      },
      "id": "node/13717374339"
    },
    {
      "type": "Feature",
      "properties": {
        "@id": "node/13717376571",
        "check_date": "2026-04-08",
        "name": "Chakula Tamu",
        "shop": "supermarket"
      },
      "geometry": {
        "type": "Point",
        "coordinates": [
          -79.4459543,
          43.6968224
        ]
      },
      "id": "node/13717376571"
    },
    {
      "type": "Feature",
      "properties": {
        "@id": "node/13717405033",
        "check_date": "2026-04-08",
        "name": "Mr. Chaskeros",
        "shop": "supermarket"
      },
      "geometry": {
        "type": "Point",
        "coordinates": [
          -79.4411615,
          43.6977737
        ]
      },
      "id": "node/13717405033"
    },
    {
      "type": "Feature",
      "properties": {
        "@id": "node/13746851402",
        "brand": "Bulk Barn",
        "brand:wikidata": "Q4996466",
        "check_date": "2026-04-20",
        "name": "Bulk Barn",
        "shop": "supermarket"
      },
      "geometry": {
        "type": "Point",
        "coordinates": [
          -79.5574389,
          43.7122458
        ]
      },
      "id": "node/13746851402"
    },
    {
      "type": "Feature",
      "properties": {
        "@id": "node/13753677668",
        "check_date": "2026-04-22",
        "name": "The 3MS African Caribbean Market",
        "shop": "supermarket"
      },
      "geometry": {
        "type": "Point",
        "coordinates": [
          -79.5720722,
          43.6210166
        ]
      },
      "id": "node/13753677668"
    },
    {
      "type": "Feature",
      "properties": {
        "@id": "node/13764036877",
        "check_date": "2026-04-26",
        "name": "Fresh Fruits House",
        "shop": "supermarket"
      },
      "geometry": {
        "type": "Point",
        "coordinates": [
          -79.4003953,
          43.7153317
        ]
      },
      "id": "node/13764036877"
    },
    {
      "type": "Feature",
      "properties": {
        "@id": "node/13785744102",
        "addr:housenumber": "63",
        "addr:street": "Spring Garden Avenue",
        "check_date": "2026-05-01",
        "check_date:opening_hours": "2026-05-01",
        "name": "Pat Spring Garden Mart",
        "opening_hours": "Mo-Su 09:00-21:00",
        "shop": "supermarket"
      },
      "geometry": {
        "type": "Point",
        "coordinates": [
          -79.4097267,
          43.7645867
        ]
      },
      "id": "node/13785744102"
    },
    {
      "type": "Feature",
      "properties": {
        "@id": "node/13837909201",
        "check_date": "2026-01-10",
        "name": "Bangla Town Grocery",
        "shop": "supermarket"
      },
      "geometry": {
        "type": "Point",
        "coordinates": [
          -79.2890624,
          43.6913051
        ]
      },
      "id": "node/13837909201"
    },
    {
      "type": "Feature",
      "properties": {
        "@id": "node/13863858425",
        "addr:housenumber": "475",
        "addr:postcode": "M5A 1H7",
        "addr:street": "Front Street East",
        "check_date": "2026-05-20",
        "name": "Marché Leo’s",
        "shop": "supermarket"
      },
      "geometry": {
        "type": "Point",
        "coordinates": [
          -79.3554812,
          43.6529628
        ]
      },
      "id": "node/13863858425"
    },
    {
      "type": "Feature",
      "properties": {
        "@id": "node/13892683281",
        "check_date": "2026-05-28",
        "name": "Bonnick’s West Indian Grocery",
        "shop": "supermarket"
      },
      "geometry": {
        "type": "Point",
        "coordinates": [
          -79.4996075,
          43.6905841
        ]
      },
      "id": "node/13892683281"
    },
    {
      "type": "Feature",
      "properties": {
        "@id": "node/13921346833",
        "check_date": "2026-06-08",
        "name": "Anatolian Fine Foods",
        "shop": "supermarket"
      },
      "geometry": {
        "type": "Point",
        "coordinates": [
          -79.5502029,
          43.7497127
        ]
      },
      "id": "node/13921346833"
    },
    {
      "type": "Feature",
      "properties": {
        "@id": "node/13921552861",
        "addr:housenumber": "102",
        "addr:street": "Peter Street",
        "name": "Bestco",
        "shop": "supermarket",
        "website": "https://www.bestco.shop/"
      },
      "geometry": {
        "type": "Point",
        "coordinates": [
          -79.3931481,
          43.6476034
        ]
      },
      "id": "node/13921552861"
    },
    {
      "type": "Feature",
      "properties": {
        "@id": "node/13924345421",
        "check_date": "2026-06-08",
        "description": "African & West Indian foods",
        "name": "Makola Tropical Foods",
        "shop": "supermarket"
      },
      "geometry": {
        "type": "Point",
        "coordinates": [
          -79.5486888,
          43.7511603
        ]
      },
      "id": "node/13924345421"
    },
    {
      "type": "Feature",
      "properties": {
        "@id": "node/13948804379",
        "check_date": "2026-01-10",
        "name": "Yummy Fine Foods",
        "phone": "+1-416-699-7049",
        "shop": "supermarket"
      },
      "geometry": {
        "type": "Point",
        "coordinates": [
          -79.2939654,
          43.690103
        ]
      },
      "id": "node/13948804379"
    },
    {
      "type": "Feature",
      "properties": {
        "@id": "node/13951193862",
        "addr:housenumber": "1385",
        "addr:street": "Danforth Avenue",
        "check_date": "2026-01-10",
        "name": "Forbes Wild Foods",
        "shop": "supermarket",
        "website": "https://wildfoods.ca/"
      },
      "geometry": {
        "type": "Point",
        "coordinates": [
          -79.3279014,
          43.6822603
        ]
      },
      "id": "node/13951193862"
    },
    {
      "type": "Feature",
      "properties": {
        "@id": "node/13971407109",
        "addr:housenumber": "412",
        "addr:street": "Dundas Street",
        "check_date": "2026-06-27",
        "level": "0",
        "name": "Sun Ming Hong",
        "shop": "supermarket"
      },
      "geometry": {
        "type": "Point",
        "coordinates": [
          -79.3949667,
          43.6536949
        ]
      },
      "id": "node/13971407109"
    },
    {
      "type": "Feature",
      "properties": {
        "@id": "node/13993866465",
        "check_date": "2026-07-06",
        "name": "Patel Supermart",
        "shop": "supermarket"
      },
      "geometry": {
        "type": "Point",
        "coordinates": [
          -79.3948433,
          43.707607
        ]
      },
      "id": "node/13993866465"
    },
    {
      "type": "Feature",
      "properties": {
        "@id": "node/14000722409",
        "addr:housenumber": "2979 & 2985",
        "addr:postcode": "M1M 1P1",
        "addr:street": "Kingston Road",
        "brand": "No Frills",
        "brand:wikidata": "Q3342407",
        "name": "Michael's No Frills",
        "note": "address is \"2979 & 2985 Kingston Road\" in the signs and permits displayed inside the store, but the NoFrills website has 2999 Kingston Road, which would put them east of Cliffcrest Dental",
        "shop": "supermarket"
      },
      "geometry": {
        "type": "Point",
        "coordinates": [
          -79.2311188,
          43.7250774
        ]
      },
      "id": "node/14000722409"
    }
  ]
}